{
  "type": "FeatureCollection",
  "generator": "overpass-turbo",
  "copyright": "The data included in this document is from www.openstreetmap.org. The data is made available under ODbL.",
  "timestamp": "2026-03-19T10:50:45Z",
  "features": [
    {
      "type": "Feature",
      "properties": {
        "@id": "way/4904026",
        "leisure": "park",
        "name": "Central Gardens Nature Reserve",
        "website": "https://www.cumberland.nsw.gov.au/central-gardens-nature-reserve",
        "@geometry": "center"
      },
      "geometry": {
        "type": "Point",
        "coordinates": [
          150.9621636,
          -33.8322103
        ]
      },
      "id": "way/4904026"
    },
    {
      "type": "Feature",
      "properties": {
        "@id": "way/7673205",
        "leisure": "park",
        "name": "Lytton Street Park",
        "source": "bing",
        "@geometry": "center"
      },
      "geometry": {
        "type": "Point",
        "coordinates": [
          150.9734911,
          -33.8117489
        ]
      },
      "id": "way/7673205"
    },
    {
      "type": "Feature",
      "properties": {
        "@id": "way/7997131",
        "leisure": "park",
        "name": "Gallard Reserve",
        "source:name": "survey",
        "@geometry": "center"
      },
      "geometry": {
        "type": "Point",
        "coordinates": [
          150.9598551,
          -33.8240689
        ]
      },
      "id": "way/7997131"
    },
    {
      "type": "Feature",
      "properties": {
        "@id": "way/7997137",
        "leisure": "park",
        "name": "Adler Parade Reserve",
        "@geometry": "center"
      },
      "geometry": {
        "type": "Point",
        "coordinates": [
          150.9599664,
          -33.8287116
        ]
      },
      "id": "way/7997137"
    },
    {
      "type": "Feature",
      "properties": {
        "@id": "way/7997138",
        "layer": "-1",
        "leisure": "park",
        "name": "Hanbury Street Park",
        "@geometry": "center"
      },
      "geometry": {
        "type": "Point",
        "coordinates": [
          150.956957,
          -33.8250877
        ]
      },
      "id": "way/7997138"
    },
    {
      "type": "Feature",
      "properties": {
        "@id": "way/7997148",
        "leisure": "park",
        "name": "Brighton Reserve",
        "@geometry": "center"
      },
      "geometry": {
        "type": "Point",
        "coordinates": [
          150.9544129,
          -33.828384
        ]
      },
      "id": "way/7997148"
    },
    {
      "type": "Feature",
      "properties": {
        "@id": "way/8030259",
        "leisure": "park",
        "name": "Daniel Street Park",
        "@geometry": "center"
      },
      "geometry": {
        "type": "Point",
        "coordinates": [
          150.9516496,
          -33.8239124
        ]
      },
      "id": "way/8030259"
    },
    {
      "type": "Feature",
      "properties": {
        "@id": "way/8064552",
        "landuse": "recreation_ground",
        "leisure": "park",
        "name": "Bathurst Street Park",
        "wikidata": "Q21925466",
        "@geometry": "center"
      },
      "geometry": {
        "type": "Point",
        "coordinates": [
          150.9381483,
          -33.8151874
        ]
      },
      "id": "way/8064552"
    },
    {
      "type": "Feature",
      "properties": {
        "@id": "way/10041808",
        "leisure": "park",
        "name": "Ted Burge Sports Ground",
        "@geometry": "center"
      },
      "geometry": {
        "type": "Point",
        "coordinates": [
          150.9704804,
          -33.8256641
        ]
      },
      "id": "way/10041808"
    },
    {
      "type": "Feature",
      "properties": {
        "@id": "way/10596574",
        "leisure": "park",
        "name": "Pearce Reserve",
        "source": "yahoo_imagery",
        "@geometry": "center"
      },
      "geometry": {
        "type": "Point",
        "coordinates": [
          150.9422859,
          -33.7485389
        ]
      },
      "id": "way/10596574"
    },
    {
      "type": "Feature",
      "properties": {
        "@id": "way/14270793",
        "leisure": "park",
        "name": "Merrylands Park",
        "source": "NSW LPI Base Map",
        "source:date": "2015-12",
        "source:name": "sign at Merrylands Road",
        "wikidata": "Q21931530",
        "@geometry": "center"
      },
      "geometry": {
        "type": "Point",
        "coordinates": [
          150.9789573,
          -33.8319051
        ]
      },
      "id": "way/14270793"
    },
    {
      "type": "Feature",
      "properties": {
        "@id": "way/22567034",
        "layer": "-1",
        "leisure": "park",
        "name": "Max Ruddock Reserve",
        "@geometry": "center"
      },
      "geometry": {
        "type": "Point",
        "coordinates": [
          150.9742202,
          -33.774527
        ]
      },
      "id": "way/22567034"
    },
    {
      "type": "Feature",
      "properties": {
        "@id": "way/23531213",
        "leisure": "park",
        "name": "Kimberley Park",
        "source": "Yahoo Imagery",
        "wikidata": "Q21930878",
        "@geometry": "center"
      },
      "geometry": {
        "type": "Point",
        "coordinates": [
          150.8364792,
          -33.7648685
        ]
      },
      "id": "way/23531213"
    },
    {
      "type": "Feature",
      "properties": {
        "@id": "way/23533982",
        "landuse": "recreation_ground",
        "name": "Rooty Hill Tennis Club",
        "source": "Yahoo Imagery",
        "sport": "tennis",
        "@geometry": "center"
      },
      "geometry": {
        "type": "Point",
        "coordinates": [
          150.8430928,
          -33.7761134
        ]
      },
      "id": "way/23533982"
    },
    {
      "type": "Feature",
      "properties": {
        "@id": "way/23630246",
        "leisure": "park",
        "name": "Reserve 621",
        "source": "survey",
        "@geometry": "center"
      },
      "geometry": {
        "type": "Point",
        "coordinates": [
          150.8380378,
          -33.7797612
        ]
      },
      "id": "way/23630246"
    },
    {
      "type": "Feature",
      "properties": {
        "@id": "way/23750505",
        "leisure": "park",
        "name": "Reserve 612",
        "@geometry": "center"
      },
      "geometry": {
        "type": "Point",
        "coordinates": [
          150.8323967,
          -33.7738457
        ]
      },
      "id": "way/23750505"
    },
    {
      "type": "Feature",
      "properties": {
        "@id": "way/32056912",
        "leisure": "park",
        "name": "Corbin Reserve",
        "@geometry": "center"
      },
      "geometry": {
        "type": "Point",
        "coordinates": [
          150.9007797,
          -33.7316275
        ]
      },
      "id": "way/32056912"
    },
    {
      "type": "Feature",
      "properties": {
        "@id": "way/34628156",
        "leisure": "park",
        "name": "Lawson Square",
        "source:name": "sign at Desmond Street",
        "@geometry": "center"
      },
      "geometry": {
        "type": "Point",
        "coordinates": [
          150.9789033,
          -33.838069
        ]
      },
      "id": "way/34628156"
    },
    {
      "type": "Feature",
      "properties": {
        "@id": "way/37699163",
        "access": "yes",
        "leisure": "playground",
        "@geometry": "center"
      },
      "geometry": {
        "type": "Point",
        "coordinates": [
          150.9134137,
          -33.717119
        ]
      },
      "id": "way/37699163"
    },
    {
      "type": "Feature",
      "properties": {
        "@id": "way/39734861",
        "landuse": "recreation_ground",
        "name": "Bruce Purser Reserve",
        "source:geometry": "LPI Base Map Jan 2018",
        "wikidata": "Q16255645",
        "@geometry": "center"
      },
      "geometry": {
        "type": "Point",
        "coordinates": [
          150.9298634,
          -33.68559
        ]
      },
      "id": "way/39734861"
    },
    {
      "type": "Feature",
      "properties": {
        "@id": "way/41024965",
        "leisure": "playground",
        "@geometry": "center"
      },
      "geometry": {
        "type": "Point",
        "coordinates": [
          150.9722782,
          -33.7451416
        ]
      },
      "id": "way/41024965"
    },
    {
      "type": "Feature",
      "properties": {
        "@id": "way/44707185",
        "leisure": "park",
        "name": "Stuart Mould Park",
        "source": "Bing",
        "source:name": "sign at Gilmore Road",
        "@geometry": "center"
      },
      "geometry": {
        "type": "Point",
        "coordinates": [
          150.9284743,
          -33.7582638
        ]
      },
      "id": "way/44707185"
    },
    {
      "type": "Feature",
      "properties": {
        "@id": "way/44707789",
        "leisure": "park",
        "source": "nearmap",
        "@geometry": "center"
      },
      "geometry": {
        "type": "Point",
        "coordinates": [
          150.9575441,
          -33.7596758
        ]
      },
      "id": "way/44707789"
    },
    {
      "type": "Feature",
      "properties": {
        "@id": "way/45304571",
        "leisure": "playground",
        "source": "nearmap",
        "@geometry": "center"
      },
      "geometry": {
        "type": "Point",
        "coordinates": [
          150.8875812,
          -33.7840848
        ]
      },
      "id": "way/45304571"
    },
    {
      "type": "Feature",
      "properties": {
        "@id": "way/45840011",
        "leisure": "park",
        "source": "nearmap",
        "@geometry": "center"
      },
      "geometry": {
        "type": "Point",
        "coordinates": [
          150.8082028,
          -33.7953794
        ]
      },
      "id": "way/45840011"
    },
    {
      "type": "Feature",
      "properties": {
        "@id": "way/45840187",
        "leisure": "park",
        "source": "nearmap",
        "@geometry": "center"
      },
      "geometry": {
        "type": "Point",
        "coordinates": [
          150.7978136,
          -33.8064126
        ]
      },
      "id": "way/45840187"
    },
    {
      "type": "Feature",
      "properties": {
        "@id": "way/45840524",
        "leisure": "park",
        "name": "Timesweep Drive Reserve",
        "source": "nearmap",
        "@geometry": "center"
      },
      "geometry": {
        "type": "Point",
        "coordinates": [
          150.7874192,
          -33.7985812
        ]
      },
      "id": "way/45840524"
    },
    {
      "type": "Feature",
      "properties": {
        "@id": "way/45840736",
        "leisure": "park",
        "name": "Kestrel Crescent Reserve",
        "source": "nearmap",
        "@geometry": "center"
      },
      "geometry": {
        "type": "Point",
        "coordinates": [
          150.8081957,
          -33.7967335
        ]
      },
      "id": "way/45840736"
    },
    {
      "type": "Feature",
      "properties": {
        "@id": "way/45841086",
        "leisure": "park",
        "name": "Marlene Sewell Park",
        "source": "nearmap",
        "@geometry": "center"
      },
      "geometry": {
        "type": "Point",
        "coordinates": [
          150.8508438,
          -33.7851642
        ]
      },
      "id": "way/45841086"
    },
    {
      "type": "Feature",
      "properties": {
        "@id": "way/45841087",
        "leisure": "playground",
        "source": "nearmap",
        "@geometry": "center"
      },
      "geometry": {
        "type": "Point",
        "coordinates": [
          150.8507256,
          -33.7852153
        ]
      },
      "id": "way/45841087"
    },
    {
      "type": "Feature",
      "properties": {
        "@id": "way/46414775",
        "leisure": "park",
        "source": "nearmap",
        "@geometry": "center"
      },
      "geometry": {
        "type": "Point",
        "coordinates": [
          150.8965826,
          -33.7170824
        ]
      },
      "id": "way/46414775"
    },
    {
      "type": "Feature",
      "properties": {
        "@id": "way/46414782",
        "leisure": "park",
        "source": "nearmap",
        "@geometry": "center"
      },
      "geometry": {
        "type": "Point",
        "coordinates": [
          150.9026304,
          -33.7265506
        ]
      },
      "id": "way/46414782"
    },
    {
      "type": "Feature",
      "properties": {
        "@id": "way/46414784",
        "leisure": "park",
        "name": "Peridot Park A",
        "operator": "Blacktown City  Council",
        "source": "survey",
        "@geometry": "center"
      },
      "geometry": {
        "type": "Point",
        "coordinates": [
          150.9086888,
          -33.7267205
        ]
      },
      "id": "way/46414784"
    },
    {
      "type": "Feature",
      "properties": {
        "@id": "way/46414792",
        "leisure": "park",
        "source": "nearmap",
        "@geometry": "center"
      },
      "geometry": {
        "type": "Point",
        "coordinates": [
          150.902181,
          -33.7163213
        ]
      },
      "id": "way/46414792"
    },
    {
      "type": "Feature",
      "properties": {
        "@id": "way/46502780",
        "leisure": "playground",
        "source": "nearmap",
        "@geometry": "center"
      },
      "geometry": {
        "type": "Point",
        "coordinates": [
          150.7995649,
          -33.7921145
        ]
      },
      "id": "way/46502780"
    },
    {
      "type": "Feature",
      "properties": {
        "@id": "way/47641610",
        "leisure": "park",
        "name": "Vernon Street Park",
        "@geometry": "center"
      },
      "geometry": {
        "type": "Point",
        "coordinates": [
          150.9471052,
          -33.8257963
        ]
      },
      "id": "way/47641610"
    },
    {
      "type": "Feature",
      "properties": {
        "@id": "way/48490966",
        "leisure": "park",
        "name": "Gooden Reserve",
        "@geometry": "center"
      },
      "geometry": {
        "type": "Point",
        "coordinates": [
          150.9737794,
          -33.7712391
        ]
      },
      "id": "way/48490966"
    },
    {
      "type": "Feature",
      "properties": {
        "@id": "way/48623406",
        "leisure": "park",
        "source": "nearmap",
        "@geometry": "center"
      },
      "geometry": {
        "type": "Point",
        "coordinates": [
          150.7891046,
          -33.8002105
        ]
      },
      "id": "way/48623406"
    },
    {
      "type": "Feature",
      "properties": {
        "@id": "way/48623407",
        "leisure": "park",
        "source": "nearmap",
        "@geometry": "center"
      },
      "geometry": {
        "type": "Point",
        "coordinates": [
          150.7917178,
          -33.801288
        ]
      },
      "id": "way/48623407"
    },
    {
      "type": "Feature",
      "properties": {
        "@id": "way/48623408",
        "leisure": "park",
        "source": "nearmap",
        "@geometry": "center"
      },
      "geometry": {
        "type": "Point",
        "coordinates": [
          150.8015803,
          -33.7975895
        ]
      },
      "id": "way/48623408"
    },
    {
      "type": "Feature",
      "properties": {
        "@id": "way/53149058",
        "leisure": "park",
        "name": "Vineyard Park",
        "source": "nearmap",
        "@geometry": "center"
      },
      "geometry": {
        "type": "Point",
        "coordinates": [
          150.8430687,
          -33.6330869
        ]
      },
      "id": "way/53149058"
    },
    {
      "type": "Feature",
      "properties": {
        "@id": "way/55224184",
        "leisure": "park",
        "source": "nearmap",
        "@geometry": "center"
      },
      "geometry": {
        "type": "Point",
        "coordinates": [
          150.8993301,
          -33.7793449
        ]
      },
      "id": "way/55224184"
    },
    {
      "type": "Feature",
      "properties": {
        "@id": "way/55224185",
        "leisure": "park",
        "name": "Brewongle Walkway",
        "source": "nearmap",
        "wikidata": "Q21925753",
        "@geometry": "center"
      },
      "geometry": {
        "type": "Point",
        "coordinates": [
          150.8985022,
          -33.7775424
        ]
      },
      "id": "way/55224185"
    },
    {
      "type": "Feature",
      "properties": {
        "@id": "way/55224614",
        "leisure": "park",
        "source": "nearmap",
        "@geometry": "center"
      },
      "geometry": {
        "type": "Point",
        "coordinates": [
          150.8990068,
          -33.782779
        ]
      },
      "id": "way/55224614"
    },
    {
      "type": "Feature",
      "properties": {
        "@id": "way/55224615",
        "leisure": "park",
        "source": "nearmap",
        "@geometry": "center"
      },
      "geometry": {
        "type": "Point",
        "coordinates": [
          150.8988554,
          -33.783632
        ]
      },
      "id": "way/55224615"
    },
    {
      "type": "Feature",
      "properties": {
        "@id": "way/55224616",
        "leisure": "park",
        "source": "nearmap",
        "@geometry": "center"
      },
      "geometry": {
        "type": "Point",
        "coordinates": [
          150.8993626,
          -33.7815171
        ]
      },
      "id": "way/55224616"
    },
    {
      "type": "Feature",
      "properties": {
        "@id": "way/55224617",
        "leisure": "park",
        "source": "nearmap",
        "@geometry": "center"
      },
      "geometry": {
        "type": "Point",
        "coordinates": [
          150.8998286,
          -33.7803083
        ]
      },
      "id": "way/55224617"
    },
    {
      "type": "Feature",
      "properties": {
        "@id": "way/55225525",
        "leisure": "park",
        "name": "Tuabilli Park",
        "source": "nearmap",
        "source:name": "LPI NSW Basemap",
        "wikidata": "Q21937817",
        "@geometry": "center"
      },
      "geometry": {
        "type": "Point",
        "coordinates": [
          150.8943769,
          -33.7738887
        ]
      },
      "id": "way/55225525"
    },
    {
      "type": "Feature",
      "properties": {
        "@id": "way/55304842",
        "leisure": "park",
        "source": "nearmap",
        "@geometry": "center"
      },
      "geometry": {
        "type": "Point",
        "coordinates": [
          150.8870122,
          -33.7195066
        ]
      },
      "id": "way/55304842"
    },
    {
      "type": "Feature",
      "properties": {
        "@id": "way/55304843",
        "landuse": "grass",
        "leisure": "park",
        "source": "nearmap",
        "@geometry": "center"
      },
      "geometry": {
        "type": "Point",
        "coordinates": [
          150.885174,
          -33.7152264
        ]
      },
      "id": "way/55304843"
    },
    {
      "type": "Feature",
      "properties": {
        "@id": "way/55491331",
        "landuse": "recreation_ground",
        "name": "Borrowdale Park",
        "@geometry": "center"
      },
      "geometry": {
        "type": "Point",
        "coordinates": [
          150.9384012,
          -33.7475458
        ]
      },
      "id": "way/55491331"
    },
    {
      "type": "Feature",
      "properties": {
        "@id": "way/70080998",
        "leisure": "park",
        "name": "Balcombe Heights Estate",
        "source:name": "sign at entrance at Seven Hills Road",
        "@geometry": "center"
      },
      "geometry": {
        "type": "Point",
        "coordinates": [
          150.9826042,
          -33.7655895
        ]
      },
      "id": "way/70080998"
    },
    {
      "type": "Feature",
      "properties": {
        "@id": "way/74950892",
        "leisure": "park",
        "source": "nearmap",
        "@geometry": "center"
      },
      "geometry": {
        "type": "Point",
        "coordinates": [
          150.8010153,
          -33.7890444
        ]
      },
      "id": "way/74950892"
    },
    {
      "type": "Feature",
      "properties": {
        "@id": "way/74951178",
        "leisure": "park",
        "source": "nearmap",
        "@geometry": "center"
      },
      "geometry": {
        "type": "Point",
        "coordinates": [
          150.8009603,
          -33.783098
        ]
      },
      "id": "way/74951178"
    },
    {
      "type": "Feature",
      "properties": {
        "@id": "way/74951227",
        "leisure": "park",
        "name": "Paperbark Reserve",
        "source": "nearmap",
        "@geometry": "center"
      },
      "geometry": {
        "type": "Point",
        "coordinates": [
          150.8009216,
          -33.7837894
        ]
      },
      "id": "way/74951227"
    },
    {
      "type": "Feature",
      "properties": {
        "@id": "way/74951354",
        "leisure": "park",
        "name": "Iron Bark Way Reserve",
        "source": "nearmap",
        "@geometry": "center"
      },
      "geometry": {
        "type": "Point",
        "coordinates": [
          150.8023543,
          -33.7819535
        ]
      },
      "id": "way/74951354"
    },
    {
      "type": "Feature",
      "properties": {
        "@id": "way/74951359",
        "leisure": "park",
        "source": "nearmap",
        "@geometry": "center"
      },
      "geometry": {
        "type": "Point",
        "coordinates": [
          150.803802,
          -33.7820082
        ]
      },
      "id": "way/74951359"
    },
    {
      "type": "Feature",
      "properties": {
        "@id": "way/74951565",
        "leisure": "playground",
        "source": "nearmap",
        "@geometry": "center"
      },
      "geometry": {
        "type": "Point",
        "coordinates": [
          150.8039553,
          -33.7797132
        ]
      },
      "id": "way/74951565"
    },
    {
      "type": "Feature",
      "properties": {
        "@id": "way/74953456",
        "leisure": "park",
        "source": "nearmap",
        "@geometry": "center"
      },
      "geometry": {
        "type": "Point",
        "coordinates": [
          150.8026609,
          -33.7610369
        ]
      },
      "id": "way/74953456"
    },
    {
      "type": "Feature",
      "properties": {
        "@id": "way/74955236",
        "landuse": "recreation_ground",
        "sport": "rc_car",
        "@geometry": "center"
      },
      "geometry": {
        "type": "Point",
        "coordinates": [
          150.7962242,
          -33.7581827
        ]
      },
      "id": "way/74955236"
    },
    {
      "type": "Feature",
      "properties": {
        "@id": "way/74955763",
        "leisure": "park",
        "source": "nearmap",
        "@geometry": "center"
      },
      "geometry": {
        "type": "Point",
        "coordinates": [
          150.7960863,
          -33.7455954
        ]
      },
      "id": "way/74955763"
    },
    {
      "type": "Feature",
      "properties": {
        "@id": "way/75928466",
        "leisure": "park",
        "name": "Amphitheatre Circuit Reserve",
        "source": "nearmap",
        "source:name": "sign at Amphitheatre Circuit",
        "@geometry": "center"
      },
      "geometry": {
        "type": "Point",
        "coordinates": [
          150.9593955,
          -33.7584976
        ]
      },
      "id": "way/75928466"
    },
    {
      "type": "Feature",
      "properties": {
        "@id": "way/90086539",
        "leisure": "park",
        "@geometry": "center"
      },
      "geometry": {
        "type": "Point",
        "coordinates": [
          150.9300139,
          -33.6874892
        ]
      },
      "id": "way/90086539"
    },
    {
      "type": "Feature",
      "properties": {
        "@id": "way/114397055",
        "area": "yes",
        "foot": "yes",
        "leisure": "park",
        "motor_vehicle": "no",
        "name": "Village Green",
        "@geometry": "center"
      },
      "geometry": {
        "type": "Point",
        "coordinates": [
          150.9089426,
          -33.7713198
        ]
      },
      "id": "way/114397055"
    },
    {
      "type": "Feature",
      "properties": {
        "@id": "way/114412274",
        "leisure": "park",
        "name": "Reserve 142",
        "operator": "Blacktown City Council",
        "ref": "142",
        "website": "https://www.blacktown.nsw.gov.au/Sport-and-recreation/Parks-and-recreation-directory/Reserve-142",
        "@geometry": "center"
      },
      "geometry": {
        "type": "Point",
        "coordinates": [
          150.9007312,
          -33.7835436
        ]
      },
      "id": "way/114412274"
    },
    {
      "type": "Feature",
      "properties": {
        "@id": "way/114412276",
        "leisure": "park",
        "@geometry": "center"
      },
      "geometry": {
        "type": "Point",
        "coordinates": [
          150.8996169,
          -33.7843301
        ]
      },
      "id": "way/114412276"
    },
    {
      "type": "Feature",
      "properties": {
        "@id": "way/114412280",
        "addr:housenumber": "36",
        "addr:street": "Joseph Street",
        "leisure": "park",
        "name": "Reserve 211",
        "operator": "Blacktown City Council",
        "ref": "211",
        "website": "https://www.blacktown.nsw.gov.au/Sport-and-recreation/Parks-and-recreation/Reserve-211",
        "@geometry": "center"
      },
      "geometry": {
        "type": "Point",
        "coordinates": [
          150.9023955,
          -33.7817369
        ]
      },
      "id": "way/114412280"
    },
    {
      "type": "Feature",
      "properties": {
        "@id": "way/114412286",
        "leisure": "park",
        "name": "Mujar Bija Reserve",
        "@geometry": "center"
      },
      "geometry": {
        "type": "Point",
        "coordinates": [
          150.9171594,
          -33.7794617
        ]
      },
      "id": "way/114412286"
    },
    {
      "type": "Feature",
      "properties": {
        "@id": "way/115512018",
        "leisure": "park",
        "@geometry": "center"
      },
      "geometry": {
        "type": "Point",
        "coordinates": [
          150.9053339,
          -33.7675387
        ]
      },
      "id": "way/115512018"
    },
    {
      "type": "Feature",
      "properties": {
        "@id": "way/125267469",
        "leisure": "park",
        "name": "Rosford Street Reserve",
        "@geometry": "center"
      },
      "geometry": {
        "type": "Point",
        "coordinates": [
          150.9286997,
          -33.843659
        ]
      },
      "id": "way/125267469"
    },
    {
      "type": "Feature",
      "properties": {
        "@id": "way/134165049",
        "leisure": "playground",
        "@geometry": "center"
      },
      "geometry": {
        "type": "Point",
        "coordinates": [
          150.9541028,
          -33.7513605
        ]
      },
      "id": "way/134165049"
    },
    {
      "type": "Feature",
      "properties": {
        "@id": "way/134732542",
        "leisure": "park",
        "name": "Luxford Gardens",
        "@geometry": "center"
      },
      "geometry": {
        "type": "Point",
        "coordinates": [
          150.8033577,
          -33.7536384
        ]
      },
      "id": "way/134732542"
    },
    {
      "type": "Feature",
      "properties": {
        "@id": "way/138877258",
        "leisure": "park",
        "name": "Robyn Wiles Park",
        "@geometry": "center"
      },
      "geometry": {
        "type": "Point",
        "coordinates": [
          150.7850312,
          -33.7512036
        ]
      },
      "id": "way/138877258"
    },
    {
      "type": "Feature",
      "properties": {
        "@id": "way/174372993",
        "leisure": "park",
        "name": "Dr Charles McKay Reserve",
        "@geometry": "center"
      },
      "geometry": {
        "type": "Point",
        "coordinates": [
          150.8271982,
          -33.7750688
        ]
      },
      "id": "way/174372993"
    },
    {
      "type": "Feature",
      "properties": {
        "@id": "way/181224076",
        "leisure": "park",
        "@geometry": "center"
      },
      "geometry": {
        "type": "Point",
        "coordinates": [
          150.972608,
          -33.815241
        ]
      },
      "id": "way/181224076"
    },
    {
      "type": "Feature",
      "properties": {
        "@id": "way/203423998",
        "leisure": "park",
        "name": "Chopin Park",
        "@geometry": "center"
      },
      "geometry": {
        "type": "Point",
        "coordinates": [
          150.9524495,
          -33.7656133
        ]
      },
      "id": "way/203423998"
    },
    {
      "type": "Feature",
      "properties": {
        "@id": "way/203840811",
        "leisure": "park",
        "name": "Mount Saint Francis Reserve",
        "@geometry": "center"
      },
      "geometry": {
        "type": "Point",
        "coordinates": [
          150.9508042,
          -33.7052135
        ]
      },
      "id": "way/203840811"
    },
    {
      "type": "Feature",
      "properties": {
        "@id": "way/203965449",
        "leisure": "park",
        "name": "River Oak Circuit Reserve",
        "@geometry": "center"
      },
      "geometry": {
        "type": "Point",
        "coordinates": [
          150.9457691,
          -33.7076357
        ]
      },
      "id": "way/203965449"
    },
    {
      "type": "Feature",
      "properties": {
        "@id": "way/206614019",
        "leisure": "park",
        "surface": "grass",
        "@geometry": "center"
      },
      "geometry": {
        "type": "Point",
        "coordinates": [
          150.8823996,
          -33.7833411
        ]
      },
      "id": "way/206614019"
    },
    {
      "type": "Feature",
      "properties": {
        "@id": "way/206614020",
        "leisure": "playground",
        "surface": "rubber mulch",
        "@geometry": "center"
      },
      "geometry": {
        "type": "Point",
        "coordinates": [
          150.8822744,
          -33.7833866
        ]
      },
      "id": "way/206614020"
    },
    {
      "type": "Feature",
      "properties": {
        "@id": "way/206779976",
        "leisure": "park",
        "name": "Himalaya Park",
        "source": "bing;NSW LPI",
        "wikidata": "Q21928951",
        "@geometry": "center"
      },
      "geometry": {
        "type": "Point",
        "coordinates": [
          150.9212822,
          -33.7906621
        ]
      },
      "id": "way/206779976"
    },
    {
      "type": "Feature",
      "properties": {
        "@id": "way/206786457",
        "landuse": "recreation_ground",
        "leisure": "park",
        "name": "Maureen Caird Reserve",
        "source": "bing",
        "@geometry": "center"
      },
      "geometry": {
        "type": "Point",
        "coordinates": [
          150.9249517,
          -33.7869625
        ]
      },
      "id": "way/206786457"
    },
    {
      "type": "Feature",
      "properties": {
        "@id": "way/206786458",
        "leisure": "playground",
        "@geometry": "center"
      },
      "geometry": {
        "type": "Point",
        "coordinates": [
          150.9252882,
          -33.7869818
        ]
      },
      "id": "way/206786458"
    },
    {
      "type": "Feature",
      "properties": {
        "@id": "way/208509676",
        "leisure": "park",
        "name": "RAAF Memorial Park",
        "source": "bing",
        "wikidata": "Q21934995",
        "@geometry": "center"
      },
      "geometry": {
        "type": "Point",
        "coordinates": [
          150.8167396,
          -33.7561703
        ]
      },
      "id": "way/208509676"
    },
    {
      "type": "Feature",
      "properties": {
        "@id": "way/208829200",
        "addr:postcode": "2148",
        "addr:street": "Auto Place",
        "addr:suburb": "Prospect",
        "amenity": "traffic_park",
        "barrier": "fence",
        "fence_type": "wire",
        "leisure": "park",
        "name": "Community And Road Education Scheme",
        "operator": "Blacktown City Council",
        "@geometry": "center"
      },
      "geometry": {
        "type": "Point",
        "coordinates": [
          150.8891458,
          -33.8039759
        ]
      },
      "id": "way/208829200"
    },
    {
      "type": "Feature",
      "properties": {
        "@id": "way/208925634",
        "leisure": "park",
        "name": "Mount Druitt Park",
        "wikidata": "Q21933025",
        "@geometry": "center"
      },
      "geometry": {
        "type": "Point",
        "coordinates": [
          150.808653,
          -33.7748936
        ]
      },
      "id": "way/208925634"
    },
    {
      "type": "Feature",
      "properties": {
        "@id": "way/208932450",
        "leisure": "park",
        "name": "Anita Cobby Park",
        "source": "bing",
        "source:name": "local_knowledge",
        "@geometry": "center"
      },
      "geometry": {
        "type": "Point",
        "coordinates": [
          150.8895251,
          -33.7814341
        ]
      },
      "id": "way/208932450"
    },
    {
      "type": "Feature",
      "properties": {
        "@id": "way/208932451",
        "leisure": "park",
        "name": "Weeronga Park",
        "source": "bing",
        "wikidata": "Q21935963",
        "@geometry": "center"
      },
      "geometry": {
        "type": "Point",
        "coordinates": [
          150.8885088,
          -33.7804266
        ]
      },
      "id": "way/208932451"
    },
    {
      "type": "Feature",
      "properties": {
        "@id": "way/208932921",
        "leisure": "park",
        "source": "bing",
        "@geometry": "center"
      },
      "geometry": {
        "type": "Point",
        "coordinates": [
          150.884438,
          -33.7763178
        ]
      },
      "id": "way/208932921"
    },
    {
      "type": "Feature",
      "properties": {
        "@id": "way/208932922",
        "leisure": "park",
        "source": "bing",
        "@geometry": "center"
      },
      "geometry": {
        "type": "Point",
        "coordinates": [
          150.8860851,
          -33.7778416
        ]
      },
      "id": "way/208932922"
    },
    {
      "type": "Feature",
      "properties": {
        "@id": "way/208932923",
        "leisure": "park",
        "source": "bing",
        "@geometry": "center"
      },
      "geometry": {
        "type": "Point",
        "coordinates": [
          150.8875078,
          -33.7793218
        ]
      },
      "id": "way/208932923"
    },
    {
      "type": "Feature",
      "properties": {
        "@id": "way/208932924",
        "leisure": "park",
        "source": "bing",
        "@geometry": "center"
      },
      "geometry": {
        "type": "Point",
        "coordinates": [
          150.8850971,
          -33.7768011
        ]
      },
      "id": "way/208932924"
    },
    {
      "type": "Feature",
      "properties": {
        "@id": "way/210887617",
        "landuse": "recreation_ground",
        "name": "Bill Swift Reserve",
        "source": "bing",
        "source:name": "sign",
        "@geometry": "center"
      },
      "geometry": {
        "type": "Point",
        "coordinates": [
          150.9152088,
          -33.7635111
        ]
      },
      "id": "way/210887617"
    },
    {
      "type": "Feature",
      "properties": {
        "@id": "way/210887619",
        "leisure": "park",
        "name": "Billy Goat Hill Reserve",
        "@geometry": "center"
      },
      "geometry": {
        "type": "Point",
        "coordinates": [
          150.9165248,
          -33.767108
        ]
      },
      "id": "way/210887619"
    },
    {
      "type": "Feature",
      "properties": {
        "@id": "way/210887620",
        "leisure": "park",
        "source": "bing",
        "@geometry": "center"
      },
      "geometry": {
        "type": "Point",
        "coordinates": [
          150.9223887,
          -33.7649032
        ]
      },
      "id": "way/210887620"
    },
    {
      "type": "Feature",
      "properties": {
        "@id": "way/217632717",
        "leisure": "park",
        "@geometry": "center"
      },
      "geometry": {
        "type": "Point",
        "coordinates": [
          150.850277,
          -33.7389924
        ]
      },
      "id": "way/217632717"
    },
    {
      "type": "Feature",
      "properties": {
        "@id": "way/217632720",
        "leisure": "park",
        "@geometry": "center"
      },
      "geometry": {
        "type": "Point",
        "coordinates": [
          150.8418563,
          -33.7299145
        ]
      },
      "id": "way/217632720"
    },
    {
      "type": "Feature",
      "properties": {
        "@id": "way/217632724",
        "leisure": "park",
        "name": "Merric Circle",
        "@geometry": "center"
      },
      "geometry": {
        "type": "Point",
        "coordinates": [
          150.8379245,
          -33.742354
        ]
      },
      "id": "way/217632724"
    },
    {
      "type": "Feature",
      "properties": {
        "@id": "way/217632727",
        "leisure": "park",
        "name": "Bidwill Reserve",
        "@geometry": "center"
      },
      "geometry": {
        "type": "Point",
        "coordinates": [
          150.8260406,
          -33.7315768
        ]
      },
      "id": "way/217632727"
    },
    {
      "type": "Feature",
      "properties": {
        "@id": "way/217632728",
        "leisure": "park",
        "name": "Sir Douglas Mawson Reserve",
        "source:name": "NSW LPI Base Map",
        "source:name:date": "2015-12",
        "@geometry": "center"
      },
      "geometry": {
        "type": "Point",
        "coordinates": [
          150.8386525,
          -33.7401663
        ]
      },
      "id": "way/217632728"
    },
    {
      "type": "Feature",
      "properties": {
        "@id": "way/217632729",
        "leisure": "park",
        "@geometry": "center"
      },
      "geometry": {
        "type": "Point",
        "coordinates": [
          150.8377282,
          -33.7300202
        ]
      },
      "id": "way/217632729"
    },
    {
      "type": "Feature",
      "properties": {
        "@id": "way/217632730",
        "leisure": "park",
        "@geometry": "center"
      },
      "geometry": {
        "type": "Point",
        "coordinates": [
          150.8330184,
          -33.7283998
        ]
      },
      "id": "way/217632730"
    },
    {
      "type": "Feature",
      "properties": {
        "@id": "way/217632732",
        "leisure": "park",
        "@geometry": "center"
      },
      "geometry": {
        "type": "Point",
        "coordinates": [
          150.848747,
          -33.7432426
        ]
      },
      "id": "way/217632732"
    },
    {
      "type": "Feature",
      "properties": {
        "@id": "way/217632733",
        "leisure": "park",
        "@geometry": "center"
      },
      "geometry": {
        "type": "Point",
        "coordinates": [
          150.8463671,
          -33.7429863
        ]
      },
      "id": "way/217632733"
    },
    {
      "type": "Feature",
      "properties": {
        "@id": "way/217632734",
        "leisure": "park",
        "name": "Hanna Reserve",
        "source": "lpi nsw basemap",
        "@geometry": "center"
      },
      "geometry": {
        "type": "Point",
        "coordinates": [
          150.8322856,
          -33.739007
        ]
      },
      "id": "way/217632734"
    },
    {
      "type": "Feature",
      "properties": {
        "@id": "way/217632737",
        "leisure": "park",
        "@geometry": "center"
      },
      "geometry": {
        "type": "Point",
        "coordinates": [
          150.8520019,
          -33.7411761
        ]
      },
      "id": "way/217632737"
    },
    {
      "type": "Feature",
      "properties": {
        "@id": "way/220217703",
        "leisure": "park",
        "name": "Waite Reserve",
        "source": "bing",
        "source:name": "sign at Tamarind Drive",
        "@geometry": "center"
      },
      "geometry": {
        "type": "Point",
        "coordinates": [
          150.9169407,
          -33.7329252
        ]
      },
      "id": "way/220217703"
    },
    {
      "type": "Feature",
      "properties": {
        "@id": "way/223478768",
        "leisure": "park",
        "name": "Rochester Grove Reserve",
        "source": "bing",
        "source:name": "sign at Rochester Grove",
        "@geometry": "center"
      },
      "geometry": {
        "type": "Point",
        "coordinates": [
          150.9763272,
          -33.720927
        ]
      },
      "id": "way/223478768"
    },
    {
      "type": "Feature",
      "properties": {
        "@id": "way/225905689",
        "leisure": "park",
        "name": "Davison Reserve",
        "operator": "City of Blacktown",
        "source:location": "bing",
        "source:name": "sign",
        "@geometry": "center"
      },
      "geometry": {
        "type": "Point",
        "coordinates": [
          150.9207809,
          -33.727633
        ]
      },
      "id": "way/225905689"
    },
    {
      "type": "Feature",
      "properties": {
        "@id": "way/226823894",
        "leisure": "playground",
        "source": "bing",
        "@geometry": "center"
      },
      "geometry": {
        "type": "Point",
        "coordinates": [
          150.9047367,
          -33.7207106
        ]
      },
      "id": "way/226823894"
    },
    {
      "type": "Feature",
      "properties": {
        "@id": "way/226825174",
        "leisure": "park",
        "name": "Kalina Park",
        "source": "bing",
        "@geometry": "center"
      },
      "geometry": {
        "type": "Point",
        "coordinates": [
          150.9044507,
          -33.6983097
        ]
      },
      "id": "way/226825174"
    },
    {
      "type": "Feature",
      "properties": {
        "@id": "way/226826050",
        "leisure": "park",
        "name": "Lorius Park",
        "wikidata": "Q21968271",
        "@geometry": "center"
      },
      "geometry": {
        "type": "Point",
        "coordinates": [
          150.903688,
          -33.7143406
        ]
      },
      "id": "way/226826050"
    },
    {
      "type": "Feature",
      "properties": {
        "@id": "way/234069639",
        "leisure": "park",
        "name": "Stuart Road Playground",
        "@geometry": "center"
      },
      "geometry": {
        "type": "Point",
        "coordinates": [
          150.8151602,
          -33.7472597
        ]
      },
      "id": "way/234069639"
    },
    {
      "type": "Feature",
      "properties": {
        "@id": "way/234069642",
        "leisure": "park",
        "@geometry": "center"
      },
      "geometry": {
        "type": "Point",
        "coordinates": [
          150.8142937,
          -33.7375858
        ]
      },
      "id": "way/234069642"
    },
    {
      "type": "Feature",
      "properties": {
        "@id": "way/234069650",
        "leisure": "park",
        "@geometry": "center"
      },
      "geometry": {
        "type": "Point",
        "coordinates": [
          150.8127523,
          -33.7441992
        ]
      },
      "id": "way/234069650"
    },
    {
      "type": "Feature",
      "properties": {
        "@id": "way/234069664",
        "leisure": "park",
        "@geometry": "center"
      },
      "geometry": {
        "type": "Point",
        "coordinates": [
          150.8184238,
          -33.7401254
        ]
      },
      "id": "way/234069664"
    },
    {
      "type": "Feature",
      "properties": {
        "@id": "way/234072668",
        "leisure": "park",
        "@geometry": "center"
      },
      "geometry": {
        "type": "Point",
        "coordinates": [
          150.8311429,
          -33.752562
        ]
      },
      "id": "way/234072668"
    },
    {
      "type": "Feature",
      "properties": {
        "@id": "way/234072672",
        "leisure": "park",
        "@geometry": "center"
      },
      "geometry": {
        "type": "Point",
        "coordinates": [
          150.8307758,
          -33.7495026
        ]
      },
      "id": "way/234072672"
    },
    {
      "type": "Feature",
      "properties": {
        "@id": "way/234094715",
        "leisure": "park",
        "@geometry": "center"
      },
      "geometry": {
        "type": "Point",
        "coordinates": [
          150.8224331,
          -33.7538085
        ]
      },
      "id": "way/234094715"
    },
    {
      "type": "Feature",
      "properties": {
        "@id": "way/234094717",
        "leisure": "park",
        "@geometry": "center"
      },
      "geometry": {
        "type": "Point",
        "coordinates": [
          150.7932679,
          -33.7279295
        ]
      },
      "id": "way/234094717"
    },
    {
      "type": "Feature",
      "properties": {
        "@id": "way/234094718",
        "leisure": "park",
        "name": "Willmot Reserve",
        "wikidata": "Q97454939",
        "@geometry": "center"
      },
      "geometry": {
        "type": "Point",
        "coordinates": [
          150.7940311,
          -33.7243373
        ]
      },
      "id": "way/234094718"
    },
    {
      "type": "Feature",
      "properties": {
        "@id": "way/234094720",
        "leisure": "park",
        "@geometry": "center"
      },
      "geometry": {
        "type": "Point",
        "coordinates": [
          150.8249164,
          -33.749964
        ]
      },
      "id": "way/234094720"
    },
    {
      "type": "Feature",
      "properties": {
        "@id": "way/234094721",
        "leisure": "park",
        "name": "Elizabeth Jonsson Reserve",
        "@geometry": "center"
      },
      "geometry": {
        "type": "Point",
        "coordinates": [
          150.8241651,
          -33.7576853
        ]
      },
      "id": "way/234094721"
    },
    {
      "type": "Feature",
      "properties": {
        "@id": "way/234094724",
        "leisure": "park",
        "name": "Van Diemen Park",
        "wikidata": "Q21937726",
        "@geometry": "center"
      },
      "geometry": {
        "type": "Point",
        "coordinates": [
          150.7867863,
          -33.7221967
        ]
      },
      "id": "way/234094724"
    },
    {
      "type": "Feature",
      "properties": {
        "@id": "way/234094727",
        "leisure": "park",
        "@geometry": "center"
      },
      "geometry": {
        "type": "Point",
        "coordinates": [
          150.8272574,
          -33.7569298
        ]
      },
      "id": "way/234094727"
    },
    {
      "type": "Feature",
      "properties": {
        "@id": "way/234094729",
        "leisure": "park",
        "@geometry": "center"
      },
      "geometry": {
        "type": "Point",
        "coordinates": [
          150.8223843,
          -33.7479624
        ]
      },
      "id": "way/234094729"
    },
    {
      "type": "Feature",
      "properties": {
        "@id": "way/234094730",
        "leisure": "park",
        "@geometry": "center"
      },
      "geometry": {
        "type": "Point",
        "coordinates": [
          150.8216995,
          -33.751107
        ]
      },
      "id": "way/234094730"
    },
    {
      "type": "Feature",
      "properties": {
        "@id": "way/234094731",
        "leisure": "park",
        "@geometry": "center"
      },
      "geometry": {
        "type": "Point",
        "coordinates": [
          150.830853,
          -33.736162
        ]
      },
      "id": "way/234094731"
    },
    {
      "type": "Feature",
      "properties": {
        "@id": "way/234094733",
        "leisure": "park",
        "@geometry": "center"
      },
      "geometry": {
        "type": "Point",
        "coordinates": [
          150.8251042,
          -33.7282087
        ]
      },
      "id": "way/234094733"
    },
    {
      "type": "Feature",
      "properties": {
        "@id": "way/234094734",
        "leisure": "park",
        "name": "Tandarra Park",
        "wikidata": "Q21937845",
        "@geometry": "center"
      },
      "geometry": {
        "type": "Point",
        "coordinates": [
          150.8074955,
          -33.7265534
        ]
      },
      "id": "way/234094734"
    },
    {
      "type": "Feature",
      "properties": {
        "@id": "way/234094735",
        "leisure": "park",
        "name": "Charlotte Carne Park",
        "@geometry": "center"
      },
      "geometry": {
        "type": "Point",
        "coordinates": [
          150.8289723,
          -33.7274621
        ]
      },
      "id": "way/234094735"
    },
    {
      "type": "Feature",
      "properties": {
        "@id": "way/234094736",
        "leisure": "park",
        "@geometry": "center"
      },
      "geometry": {
        "type": "Point",
        "coordinates": [
          150.8099844,
          -33.731722
        ]
      },
      "id": "way/234094736"
    },
    {
      "type": "Feature",
      "properties": {
        "@id": "way/234094737",
        "leisure": "park",
        "@geometry": "center"
      },
      "geometry": {
        "type": "Point",
        "coordinates": [
          150.832987,
          -33.7415448
        ]
      },
      "id": "way/234094737"
    },
    {
      "type": "Feature",
      "properties": {
        "@id": "way/234094738",
        "leisure": "park",
        "@geometry": "center"
      },
      "geometry": {
        "type": "Point",
        "coordinates": [
          150.8279467,
          -33.728826
        ]
      },
      "id": "way/234094738"
    },
    {
      "type": "Feature",
      "properties": {
        "@id": "way/234094739",
        "leisure": "park",
        "@geometry": "center"
      },
      "geometry": {
        "type": "Point",
        "coordinates": [
          150.8033464,
          -33.7286069
        ]
      },
      "id": "way/234094739"
    },
    {
      "type": "Feature",
      "properties": {
        "@id": "way/234094740",
        "leisure": "park",
        "name": "Cooke Reserve",
        "@geometry": "center"
      },
      "geometry": {
        "type": "Point",
        "coordinates": [
          150.8304908,
          -33.7560708
        ]
      },
      "id": "way/234094740"
    },
    {
      "type": "Feature",
      "properties": {
        "@id": "way/234094743",
        "leisure": "park",
        "name": "Plumpton Park",
        "source:name": "NSW LPI Base Map",
        "source:name:date": "2015-12",
        "wikidata": "Q21934792",
        "@geometry": "center"
      },
      "geometry": {
        "type": "Point",
        "coordinates": [
          150.8365348,
          -33.7532476
        ]
      },
      "id": "way/234094743"
    },
    {
      "type": "Feature",
      "properties": {
        "@id": "way/234094746",
        "leisure": "park",
        "@geometry": "center"
      },
      "geometry": {
        "type": "Point",
        "coordinates": [
          150.826475,
          -33.7267111
        ]
      },
      "id": "way/234094746"
    },
    {
      "type": "Feature",
      "properties": {
        "@id": "way/234094749",
        "leisure": "park",
        "source:name": "NSW LPI Base Map",
        "source:name:date": "2015-12",
        "@geometry": "center"
      },
      "geometry": {
        "type": "Point",
        "coordinates": [
          150.8381855,
          -33.7579154
        ]
      },
      "id": "way/234094749"
    },
    {
      "type": "Feature",
      "properties": {
        "@id": "way/236349185",
        "leisure": "park",
        "name": "Aberdour Village Reserve",
        "@geometry": "center"
      },
      "geometry": {
        "type": "Point",
        "coordinates": [
          150.9192616,
          -33.6809744
        ]
      },
      "id": "way/236349185"
    },
    {
      "type": "Feature",
      "properties": {
        "@id": "way/236507905",
        "leisure": "park",
        "@geometry": "center"
      },
      "geometry": {
        "type": "Point",
        "coordinates": [
          150.9798092,
          -33.8491383
        ]
      },
      "id": "way/236507905"
    },
    {
      "type": "Feature",
      "properties": {
        "@id": "way/237275028",
        "landuse": "recreation_ground",
        "leisure": "park",
        "name": "Wright Reserve",
        "source": "Bing",
        "@geometry": "center"
      },
      "geometry": {
        "type": "Point",
        "coordinates": [
          150.8935301,
          -33.7334174
        ]
      },
      "id": "way/237275028"
    },
    {
      "type": "Feature",
      "properties": {
        "@id": "way/243055789",
        "leisure": "park",
        "name": "Tom Uren Park",
        "operator": "Cumberland City Council",
        "operator:type": "government",
        "website": "https://www.cumberland.nsw.gov.au/tom-uren-park",
        "@geometry": "center"
      },
      "geometry": {
        "type": "Point",
        "coordinates": [
          150.9602241,
          -33.8479545
        ]
      },
      "id": "way/243055789"
    },
    {
      "type": "Feature",
      "properties": {
        "@id": "way/248141743",
        "leisure": "park",
        "name": "Owl Park",
        "wikidata": "Q21968264",
        "@geometry": "center"
      },
      "geometry": {
        "type": "Point",
        "coordinates": [
          150.9127742,
          -33.7172605
        ]
      },
      "id": "way/248141743"
    },
    {
      "type": "Feature",
      "properties": {
        "@id": "way/256262017",
        "leisure": "park",
        "name": "Banks Reserve",
        "source": "Bing",
        "source:name": "sign at Vardys Road",
        "@geometry": "center"
      },
      "geometry": {
        "type": "Point",
        "coordinates": [
          150.9404804,
          -33.7555781
        ]
      },
      "id": "way/256262017"
    },
    {
      "type": "Feature",
      "properties": {
        "@id": "way/256265094",
        "leisure": "park",
        "name": "Endeavour Park",
        "source": "Bing",
        "source:name": "sign at James Cook Drive",
        "@geometry": "center"
      },
      "geometry": {
        "type": "Point",
        "coordinates": [
          150.9323966,
          -33.7469643
        ]
      },
      "id": "way/256265094"
    },
    {
      "type": "Feature",
      "properties": {
        "@id": "way/256265095",
        "leisure": "park",
        "name": "Discovery Park",
        "source": "Bing",
        "source:name": "sign at James Cook Drive",
        "wikidata": "Q21929604",
        "@geometry": "center"
      },
      "geometry": {
        "type": "Point",
        "coordinates": [
          150.9282142,
          -33.7439944
        ]
      },
      "id": "way/256265095"
    },
    {
      "type": "Feature",
      "properties": {
        "@id": "way/260223833",
        "leisure": "park",
        "@geometry": "center"
      },
      "geometry": {
        "type": "Point",
        "coordinates": [
          150.9140506,
          -33.7015816
        ]
      },
      "id": "way/260223833"
    },
    {
      "type": "Feature",
      "properties": {
        "@id": "way/263577054",
        "leisure": "park",
        "source": "Bing",
        "@geometry": "center"
      },
      "geometry": {
        "type": "Point",
        "coordinates": [
          150.9733242,
          -33.7118791
        ]
      },
      "id": "way/263577054"
    },
    {
      "type": "Feature",
      "properties": {
        "@id": "way/263577074",
        "addr:street": "Wrights Road",
        "leisure": "park",
        "name": "Centenary of Anzac Reserve",
        "source:name": "Castle Hill",
        "@geometry": "center"
      },
      "geometry": {
        "type": "Point",
        "coordinates": [
          150.9737867,
          -33.7157524
        ]
      },
      "id": "way/263577074"
    },
    {
      "type": "Feature",
      "properties": {
        "@id": "way/263577082",
        "addr:postcode": "2155",
        "addr:street": "Greenwood Road",
        "addr:suburb": "Kellyville",
        "leisure": "park",
        "name": "Martin Knight Reserve",
        "@geometry": "center"
      },
      "geometry": {
        "type": "Point",
        "coordinates": [
          150.9596288,
          -33.7064199
        ]
      },
      "id": "way/263577082"
    },
    {
      "type": "Feature",
      "properties": {
        "@id": "way/263727226",
        "leisure": "park",
        "name": "Edgewood Park",
        "@geometry": "center"
      },
      "geometry": {
        "type": "Point",
        "coordinates": [
          150.9253877,
          -33.7154061
        ]
      },
      "id": "way/263727226"
    },
    {
      "type": "Feature",
      "properties": {
        "@id": "way/263727227",
        "leisure": "park",
        "name": "Reserve 620",
        "@geometry": "center"
      },
      "geometry": {
        "type": "Point",
        "coordinates": [
          150.9211278,
          -33.7165543
        ]
      },
      "id": "way/263727227"
    },
    {
      "type": "Feature",
      "properties": {
        "@id": "way/263745061",
        "leisure": "park",
        "@geometry": "center"
      },
      "geometry": {
        "type": "Point",
        "coordinates": [
          150.976162,
          -33.7043441
        ]
      },
      "id": "way/263745061"
    },
    {
      "type": "Feature",
      "properties": {
        "@id": "way/264237724",
        "addr:postcode": "2763",
        "addr:street": "Maslin Crescent",
        "leisure": "park",
        "name": "Mihkelson Reserve",
        "@geometry": "center"
      },
      "geometry": {
        "type": "Point",
        "coordinates": [
          150.8938396,
          -33.7223002
        ]
      },
      "id": "way/264237724"
    },
    {
      "type": "Feature",
      "properties": {
        "@id": "way/264253071",
        "leisure": "park",
        "name": "Lukes Lane Reserve",
        "@geometry": "center"
      },
      "geometry": {
        "type": "Point",
        "coordinates": [
          150.7798136,
          -33.8027438
        ]
      },
      "id": "way/264253071"
    },
    {
      "type": "Feature",
      "properties": {
        "@id": "way/269763439",
        "leisure": "park",
        "name": "Portico Park",
        "@geometry": "center"
      },
      "geometry": {
        "type": "Point",
        "coordinates": [
          150.9507382,
          -33.7875078
        ]
      },
      "id": "way/269763439"
    },
    {
      "type": "Feature",
      "properties": {
        "@id": "way/273224396",
        "leisure": "park",
        "@geometry": "center"
      },
      "geometry": {
        "type": "Point",
        "coordinates": [
          150.9710217,
          -33.6987079
        ]
      },
      "id": "way/273224396"
    },
    {
      "type": "Feature",
      "properties": {
        "@id": "way/273638204",
        "leisure": "park",
        "name": "Milford Drive Reserve",
        "source:name": "sign at Milford Drive",
        "@geometry": "center"
      },
      "geometry": {
        "type": "Point",
        "coordinates": [
          150.9316335,
          -33.6719591
        ]
      },
      "id": "way/273638204"
    },
    {
      "type": "Feature",
      "properties": {
        "@id": "way/273891261",
        "leisure": "park",
        "name": "Glenwood Reserve",
        "name:zh": "体育公园",
        "source": "Bing",
        "source:name": "sign at Forman Avenue",
        "@geometry": "center"
      },
      "geometry": {
        "type": "Point",
        "coordinates": [
          150.9348462,
          -33.7300058
        ]
      },
      "id": "way/273891261"
    },
    {
      "type": "Feature",
      "properties": {
        "@id": "way/275171193",
        "leisure": "park",
        "name": "Melody Gardens",
        "@geometry": "center"
      },
      "geometry": {
        "type": "Point",
        "coordinates": [
          150.955206,
          -33.7621818
        ]
      },
      "id": "way/275171193"
    },
    {
      "type": "Feature",
      "properties": {
        "@id": "way/275192225",
        "leisure": "park",
        "source": "Bing",
        "@geometry": "center"
      },
      "geometry": {
        "type": "Point",
        "coordinates": [
          150.9424548,
          -33.7519681
        ]
      },
      "id": "way/275192225"
    },
    {
      "type": "Feature",
      "properties": {
        "@id": "way/275610163",
        "leisure": "park",
        "name": "Melaleuca Park",
        "source": "Bing",
        "source:name": "survey",
        "@geometry": "center"
      },
      "geometry": {
        "type": "Point",
        "coordinates": [
          150.9320278,
          -33.6954654
        ]
      },
      "id": "way/275610163"
    },
    {
      "type": "Feature",
      "properties": {
        "@id": "way/275612558",
        "leisure": "park",
        "name": "Roy Dudley Park",
        "source": "Bing",
        "source:name": "survey",
        "@geometry": "center"
      },
      "geometry": {
        "type": "Point",
        "coordinates": [
          150.9403661,
          -33.6930584
        ]
      },
      "id": "way/275612558"
    },
    {
      "type": "Feature",
      "properties": {
        "@id": "way/275620450",
        "leisure": "park",
        "name": "Turkeys Nest Reserve",
        "source": "https://www.thehills.nsw.gov.au/Venues/Parks-Recreation/Parks-Recreation-Directory/Turkeys-Nest-Recreation-Park",
        "@geometry": "center"
      },
      "geometry": {
        "type": "Point",
        "coordinates": [
          150.9424686,
          -33.7007629
        ]
      },
      "id": "way/275620450"
    },
    {
      "type": "Feature",
      "properties": {
        "@id": "way/275632571",
        "leisure": "park",
        "source": "Bing",
        "@geometry": "center"
      },
      "geometry": {
        "type": "Point",
        "coordinates": [
          150.9501801,
          -33.6995239
        ]
      },
      "id": "way/275632571"
    },
    {
      "type": "Feature",
      "properties": {
        "@id": "way/276909591",
        "leisure": "park",
        "name": "Wetherill Park Reserve",
        "source": "Bing",
        "source:name": "sign at Victoria Street",
        "wikidata": "Q28220289",
        "wikipedia": "en:Wetherill Park Nature Reserve",
        "@geometry": "center"
      },
      "geometry": {
        "type": "Point",
        "coordinates": [
          150.9083298,
          -33.8486235
        ]
      },
      "id": "way/276909591"
    },
    {
      "type": "Feature",
      "properties": {
        "@id": "way/277440884",
        "leisure": "park",
        "name": "Lynwood Park",
        "source": "Bing",
        "source:name": "sign at Stephen Street",
        "@geometry": "center"
      },
      "geometry": {
        "type": "Point",
        "coordinates": [
          150.9201169,
          -33.7564719
        ]
      },
      "id": "way/277440884"
    },
    {
      "type": "Feature",
      "properties": {
        "@id": "way/277446337",
        "leisure": "park",
        "name": "Cavanagh Reserve",
        "source": "Bing",
        "source:name": "sign at Venn Avenue",
        "@geometry": "center"
      },
      "geometry": {
        "type": "Point",
        "coordinates": [
          150.9243174,
          -33.7603486
        ]
      },
      "id": "way/277446337"
    },
    {
      "type": "Feature",
      "properties": {
        "@id": "way/277456717",
        "leisure": "park",
        "name": "Noakes Park",
        "@geometry": "center"
      },
      "geometry": {
        "type": "Point",
        "coordinates": [
          150.9352302,
          -33.7628159
        ]
      },
      "id": "way/277456717"
    },
    {
      "type": "Feature",
      "properties": {
        "@id": "way/277476804",
        "leisure": "park",
        "name": "Enid Chalker Reserve",
        "source": "Bing",
        "source:name": "sign at Veronica Street",
        "@geometry": "center"
      },
      "geometry": {
        "type": "Point",
        "coordinates": [
          150.9454604,
          -33.759578
        ]
      },
      "id": "way/277476804"
    },
    {
      "type": "Feature",
      "properties": {
        "@id": "way/277476805",
        "leisure": "park",
        "source": "Bing",
        "@geometry": "center"
      },
      "geometry": {
        "type": "Point",
        "coordinates": [
          150.9341881,
          -33.7553883
        ]
      },
      "id": "way/277476805"
    },
    {
      "type": "Feature",
      "properties": {
        "@id": "way/277476807",
        "leisure": "park",
        "name": "Twin Gums Reserve",
        "source:name": "sign at Northcott Road",
        "@geometry": "center"
      },
      "geometry": {
        "type": "Point",
        "coordinates": [
          150.9391634,
          -33.759219
        ]
      },
      "id": "way/277476807"
    },
    {
      "type": "Feature",
      "properties": {
        "@id": "way/277496756",
        "leisure": "park",
        "@geometry": "center"
      },
      "geometry": {
        "type": "Point",
        "coordinates": [
          150.9488637,
          -33.7046201
        ]
      },
      "id": "way/277496756"
    },
    {
      "type": "Feature",
      "properties": {
        "@id": "way/280418166",
        "leisure": "park",
        "@geometry": "center"
      },
      "geometry": {
        "type": "Point",
        "coordinates": [
          150.9425322,
          -33.7636397
        ]
      },
      "id": "way/280418166"
    },
    {
      "type": "Feature",
      "properties": {
        "@id": "way/280418167",
        "leisure": "park",
        "name": "Ashley Brown Reserve",
        "@geometry": "center"
      },
      "geometry": {
        "type": "Point",
        "coordinates": [
          150.9400328,
          -33.764282
        ]
      },
      "id": "way/280418167"
    },
    {
      "type": "Feature",
      "properties": {
        "@id": "way/280418917",
        "leisure": "park",
        "name": "Wheeler Park",
        "@geometry": "center"
      },
      "geometry": {
        "type": "Point",
        "coordinates": [
          150.9262829,
          -33.7647271
        ]
      },
      "id": "way/280418917"
    },
    {
      "type": "Feature",
      "properties": {
        "@id": "way/280418918",
        "leisure": "park",
        "name": "Chifley Park",
        "source": "Bing",
        "source:name": "sign at Freeman Street",
        "@geometry": "center"
      },
      "geometry": {
        "type": "Point",
        "coordinates": [
          150.931847,
          -33.7622846
        ]
      },
      "id": "way/280418918"
    },
    {
      "type": "Feature",
      "properties": {
        "@id": "way/280421398",
        "leisure": "park",
        "name": "Cornucopia Reserve",
        "source": "Bing",
        "source:name": "signs at Bellenden Close and Cantwell Street",
        "@geometry": "center"
      },
      "geometry": {
        "type": "Point",
        "coordinates": [
          150.924041,
          -33.7311532
        ]
      },
      "id": "way/280421398"
    },
    {
      "type": "Feature",
      "properties": {
        "@id": "way/280421399",
        "landuse": "recreation_ground",
        "source": "Bing",
        "@geometry": "center"
      },
      "geometry": {
        "type": "Point",
        "coordinates": [
          150.9251607,
          -33.7318976
        ]
      },
      "id": "way/280421399"
    },
    {
      "type": "Feature",
      "properties": {
        "@id": "way/280421440",
        "leisure": "park",
        "@geometry": "center"
      },
      "geometry": {
        "type": "Point",
        "coordinates": [
          150.9267851,
          -33.7280451
        ]
      },
      "id": "way/280421440"
    },
    {
      "type": "Feature",
      "properties": {
        "@id": "way/280437577",
        "leisure": "park",
        "source": "Bing",
        "@geometry": "center"
      },
      "geometry": {
        "type": "Point",
        "coordinates": [
          150.9329603,
          -33.7272981
        ]
      },
      "id": "way/280437577"
    },
    {
      "type": "Feature",
      "properties": {
        "@id": "way/280439959",
        "leisure": "park",
        "@geometry": "center"
      },
      "geometry": {
        "type": "Point",
        "coordinates": [
          150.9358106,
          -33.7258558
        ]
      },
      "id": "way/280439959"
    },
    {
      "type": "Feature",
      "properties": {
        "@id": "way/280441502",
        "leisure": "park",
        "@geometry": "center"
      },
      "geometry": {
        "type": "Point",
        "coordinates": [
          150.9347548,
          -33.7224274
        ]
      },
      "id": "way/280441502"
    },
    {
      "type": "Feature",
      "properties": {
        "@id": "way/280672039",
        "leisure": "park",
        "source": "Bing",
        "@geometry": "center"
      },
      "geometry": {
        "type": "Point",
        "coordinates": [
          150.9310646,
          -33.7356326
        ]
      },
      "id": "way/280672039"
    },
    {
      "type": "Feature",
      "properties": {
        "@id": "way/280672041",
        "landuse": "recreation_ground",
        "source": "Bing",
        "@geometry": "center"
      },
      "geometry": {
        "type": "Point",
        "coordinates": [
          150.9312003,
          -33.7401506
        ]
      },
      "id": "way/280672041"
    },
    {
      "type": "Feature",
      "properties": {
        "@id": "way/280673025",
        "access": "private",
        "barrier": "fence",
        "leisure": "park",
        "@geometry": "center"
      },
      "geometry": {
        "type": "Point",
        "coordinates": [
          150.9366351,
          -33.7349127
        ]
      },
      "id": "way/280673025"
    },
    {
      "type": "Feature",
      "properties": {
        "@id": "way/280673764",
        "leisure": "park",
        "name": "Exeter Farm Reserve",
        "source": "Bing",
        "@geometry": "center"
      },
      "geometry": {
        "type": "Point",
        "coordinates": [
          150.9339849,
          -33.7404021
        ]
      },
      "id": "way/280673764"
    },
    {
      "type": "Feature",
      "properties": {
        "@id": "way/280673766",
        "addr:street": "Meurants Lane",
        "landuse": "recreation_ground",
        "name": "Valentine Sports Park",
        "source": "Bing",
        "source:name": "knowledge",
        "website": "http://www2.soccernsw.com/index.php?id=156",
        "@geometry": "center"
      },
      "geometry": {
        "type": "Point",
        "coordinates": [
          150.9433212,
          -33.7389444
        ]
      },
      "id": "way/280673766"
    },
    {
      "type": "Feature",
      "properties": {
        "@id": "way/280674120",
        "leisure": "park",
        "name": "Alwyn Lindfield Reserve",
        "source": "Bing",
        "source:name": "sign at Glenwood Park Drive",
        "@geometry": "center"
      },
      "geometry": {
        "type": "Point",
        "coordinates": [
          150.9292957,
          -33.7361358
        ]
      },
      "id": "way/280674120"
    },
    {
      "type": "Feature",
      "properties": {
        "@id": "way/280676050",
        "leisure": "park",
        "name": "Ernie Ireland Reserve",
        "source": "Bing",
        "@geometry": "center"
      },
      "geometry": {
        "type": "Point",
        "coordinates": [
          150.9236564,
          -33.7352789
        ]
      },
      "id": "way/280676050"
    },
    {
      "type": "Feature",
      "properties": {
        "@id": "way/282461512",
        "leisure": "park",
        "name": "Sandra Street Park",
        "source": "Bing",
        "source:name": "sign at Fairfield Road",
        "@geometry": "center"
      },
      "geometry": {
        "type": "Point",
        "coordinates": [
          150.962515,
          -33.8436376
        ]
      },
      "id": "way/282461512"
    },
    {
      "type": "Feature",
      "properties": {
        "@id": "way/283346125",
        "leisure": "park",
        "name": "Rotaract Hill",
        "source": "Bing",
        "source:name": "survey",
        "@geometry": "center"
      },
      "geometry": {
        "type": "Point",
        "coordinates": [
          150.9342971,
          -33.7734595
        ]
      },
      "id": "way/283346125"
    },
    {
      "type": "Feature",
      "properties": {
        "@id": "way/283346126",
        "leisure": "park",
        "source": "Bing",
        "@geometry": "center"
      },
      "geometry": {
        "type": "Point",
        "coordinates": [
          150.9350512,
          -33.7727362
        ]
      },
      "id": "way/283346126"
    },
    {
      "type": "Feature",
      "properties": {
        "@id": "way/283346128",
        "leisure": "park",
        "name": "International Peace Park",
        "source": "Bing",
        "source:name": "survey",
        "@geometry": "center"
      },
      "geometry": {
        "type": "Point",
        "coordinates": [
          150.9260865,
          -33.7727766
        ]
      },
      "id": "way/283346128"
    },
    {
      "type": "Feature",
      "properties": {
        "@id": "way/283346129",
        "leisure": "park",
        "source": "Bing",
        "@geometry": "center"
      },
      "geometry": {
        "type": "Point",
        "coordinates": [
          150.9333977,
          -33.7732039
        ]
      },
      "id": "way/283346129"
    },
    {
      "type": "Feature",
      "properties": {
        "@id": "way/283373887",
        "leisure": "park",
        "name": "Pioneer Park",
        "source": "Bing",
        "source:name": "survey",
        "wikidata": "Q21934764",
        "@geometry": "center"
      },
      "geometry": {
        "type": "Point",
        "coordinates": [
          150.9302593,
          -33.7692096
        ]
      },
      "id": "way/283373887"
    },
    {
      "type": "Feature",
      "properties": {
        "@id": "way/283373891",
        "leisure": "park",
        "source": "Bing",
        "@geometry": "center"
      },
      "geometry": {
        "type": "Point",
        "coordinates": [
          150.9234588,
          -33.7705995
        ]
      },
      "id": "way/283373891"
    },
    {
      "type": "Feature",
      "properties": {
        "@id": "way/283380990",
        "landuse": "recreation_ground",
        "name": "Allen Robertson Reserve",
        "source": "Bing",
        "source:name": "sign at Vardys Road",
        "@geometry": "center"
      },
      "geometry": {
        "type": "Point",
        "coordinates": [
          150.9195112,
          -33.7463498
        ]
      },
      "id": "way/283380990"
    },
    {
      "type": "Feature",
      "properties": {
        "@id": "way/283380991",
        "landuse": "recreation_ground",
        "name": "Morgan Power Reserve",
        "source": "Bing",
        "source:name": "sign at Vardys Road",
        "@geometry": "center"
      },
      "geometry": {
        "type": "Point",
        "coordinates": [
          150.9224155,
          -33.7475271
        ]
      },
      "id": "way/283380991"
    },
    {
      "type": "Feature",
      "properties": {
        "@id": "way/286016836",
        "leisure": "park",
        "@geometry": "center"
      },
      "geometry": {
        "type": "Point",
        "coordinates": [
          150.9409208,
          -33.7335161
        ]
      },
      "id": "way/286016836"
    },
    {
      "type": "Feature",
      "properties": {
        "@id": "way/286017798",
        "leisure": "park",
        "@geometry": "center"
      },
      "geometry": {
        "type": "Point",
        "coordinates": [
          150.9412241,
          -33.7365307
        ]
      },
      "id": "way/286017798"
    },
    {
      "type": "Feature",
      "properties": {
        "@id": "way/286033804",
        "leisure": "park",
        "name": "The Outlook",
        "@geometry": "center"
      },
      "geometry": {
        "type": "Point",
        "coordinates": [
          150.9399317,
          -33.7046155
        ]
      },
      "id": "way/286033804"
    },
    {
      "type": "Feature",
      "properties": {
        "@id": "way/286363405",
        "leisure": "park",
        "source": "Bing",
        "@geometry": "center"
      },
      "geometry": {
        "type": "Point",
        "coordinates": [
          150.9304666,
          -33.710845
        ]
      },
      "id": "way/286363405"
    },
    {
      "type": "Feature",
      "properties": {
        "@id": "way/286363406",
        "leisure": "park",
        "source": "Bing",
        "@geometry": "center"
      },
      "geometry": {
        "type": "Point",
        "coordinates": [
          150.9307599,
          -33.717253
        ]
      },
      "id": "way/286363406"
    },
    {
      "type": "Feature",
      "properties": {
        "@id": "way/286363407",
        "leisure": "park",
        "@geometry": "center"
      },
      "geometry": {
        "type": "Point",
        "coordinates": [
          150.9336397,
          -33.7156667
        ]
      },
      "id": "way/286363407"
    },
    {
      "type": "Feature",
      "properties": {
        "@id": "way/286363958",
        "access": "private",
        "landuse": "recreation_ground",
        "name": "Club Fairholme East",
        "source": "Bing",
        "@geometry": "center"
      },
      "geometry": {
        "type": "Point",
        "coordinates": [
          150.9304226,
          -33.7144834
        ]
      },
      "id": "way/286363958"
    },
    {
      "type": "Feature",
      "properties": {
        "@id": "way/286366812",
        "leisure": "park",
        "source": "Bing",
        "@geometry": "center"
      },
      "geometry": {
        "type": "Point",
        "coordinates": [
          150.9240921,
          -33.7136414
        ]
      },
      "id": "way/286366812"
    },
    {
      "type": "Feature",
      "properties": {
        "@id": "way/286366820",
        "access": "private",
        "barrier": "fence",
        "landuse": "recreation_ground",
        "name": "Club Fairholme North",
        "source": "Bing",
        "@geometry": "center"
      },
      "geometry": {
        "type": "Point",
        "coordinates": [
          150.9273581,
          -33.7137994
        ]
      },
      "id": "way/286366820"
    },
    {
      "type": "Feature",
      "properties": {
        "@id": "way/286368908",
        "leisure": "park",
        "name": "Reserve 809",
        "source": "Bing",
        "@geometry": "center"
      },
      "geometry": {
        "type": "Point",
        "coordinates": [
          150.9216762,
          -33.7108271
        ]
      },
      "id": "way/286368908"
    },
    {
      "type": "Feature",
      "properties": {
        "@id": "way/286368913",
        "access": "private",
        "barrier": "fence",
        "landuse": "recreation_ground",
        "name": "Club Thornbury",
        "source": "Bing",
        "source:name": "survey",
        "@geometry": "center"
      },
      "geometry": {
        "type": "Point",
        "coordinates": [
          150.9226448,
          -33.7126562
        ]
      },
      "id": "way/286368913"
    },
    {
      "type": "Feature",
      "properties": {
        "@id": "way/286371104",
        "landuse": "recreation_ground",
        "name": "Connor Greasby Reserve",
        "source": "Bing",
        "source:name": "sign at Perfection Avenue",
        "@geometry": "center"
      },
      "geometry": {
        "type": "Point",
        "coordinates": [
          150.9249541,
          -33.705858
        ]
      },
      "id": "way/286371104"
    },
    {
      "type": "Feature",
      "properties": {
        "@id": "way/286373294",
        "leisure": "park",
        "name": "Fairholme Reserve",
        "source": "Bing",
        "@geometry": "center"
      },
      "geometry": {
        "type": "Point",
        "coordinates": [
          150.928982,
          -33.7138087
        ]
      },
      "id": "way/286373294"
    },
    {
      "type": "Feature",
      "properties": {
        "@id": "way/286416268",
        "landuse": "recreation_ground",
        "name": "Stanhope Gardens Reserve",
        "source": "Bing",
        "source:name": "survey",
        "@geometry": "center"
      },
      "geometry": {
        "type": "Point",
        "coordinates": [
          150.9297588,
          -33.7181641
        ]
      },
      "id": "way/286416268"
    },
    {
      "type": "Feature",
      "properties": {
        "@id": "way/286416270",
        "dog": "leashed",
        "leisure": "park",
        "name": "Holstein Park",
        "operator": "Blacktown City Council",
        "operator:type": "government",
        "source": "Bing",
        "website": "https://www.blacktown.nsw.gov.au/Sport-recreation/Parks-and-recreation-directory/Holstein-Park",
        "@geometry": "center"
      },
      "geometry": {
        "type": "Point",
        "coordinates": [
          150.9309266,
          -33.7207138
        ]
      },
      "id": "way/286416270"
    },
    {
      "type": "Feature",
      "properties": {
        "@id": "way/286419365",
        "leisure": "park",
        "name": "Ridgeline Park",
        "@geometry": "center"
      },
      "geometry": {
        "type": "Point",
        "coordinates": [
          150.9007582,
          -33.7100986
        ]
      },
      "id": "way/286419365"
    },
    {
      "type": "Feature",
      "properties": {
        "@id": "way/286555345",
        "leisure": "park",
        "name": "Mill Street Reserve",
        "source": "Bing",
        "source:name": "survey",
        "@geometry": "center"
      },
      "geometry": {
        "type": "Point",
        "coordinates": [
          150.8599741,
          -33.6757955
        ]
      },
      "id": "way/286555345"
    },
    {
      "type": "Feature",
      "properties": {
        "@id": "way/286832944",
        "leisure": "park",
        "name": "Kellyville Rotary Park",
        "source": "Bing",
        "source:name": "sign at Glenrowan Avenue",
        "wikidata": "Q21931020",
        "@geometry": "center"
      },
      "geometry": {
        "type": "Point",
        "coordinates": [
          150.9617579,
          -33.714351
        ]
      },
      "id": "way/286832944"
    },
    {
      "type": "Feature",
      "properties": {
        "@id": "way/286834008",
        "leisure": "park",
        "source": "Bing",
        "@geometry": "center"
      },
      "geometry": {
        "type": "Point",
        "coordinates": [
          150.9143791,
          -33.7348676
        ]
      },
      "id": "way/286834008"
    },
    {
      "type": "Feature",
      "properties": {
        "@id": "way/287000657",
        "access": "private",
        "barrier": "fence",
        "landuse": "recreation_ground",
        "name": "Club Kentwell",
        "source": "Bing",
        "source:name": "survey",
        "@geometry": "center"
      },
      "geometry": {
        "type": "Point",
        "coordinates": [
          150.9268459,
          -33.7087908
        ]
      },
      "id": "way/287000657"
    },
    {
      "type": "Feature",
      "properties": {
        "@id": "way/287000661",
        "leisure": "park",
        "source": "Bing",
        "@geometry": "center"
      },
      "geometry": {
        "type": "Point",
        "coordinates": [
          150.9287865,
          -33.7079545
        ]
      },
      "id": "way/287000661"
    },
    {
      "type": "Feature",
      "properties": {
        "@id": "way/287001561",
        "leisure": "park",
        "name": "Vinegar Hill Reserve",
        "source": "Bing",
        "@geometry": "center"
      },
      "geometry": {
        "type": "Point",
        "coordinates": [
          150.9249711,
          -33.6969047
        ]
      },
      "id": "way/287001561"
    },
    {
      "type": "Feature",
      "properties": {
        "@id": "way/287003961",
        "leisure": "park",
        "name": "Lakes Edge Park",
        "@geometry": "center"
      },
      "geometry": {
        "type": "Point",
        "coordinates": [
          150.9153466,
          -33.6959156
        ]
      },
      "id": "way/287003961"
    },
    {
      "type": "Feature",
      "properties": {
        "@id": "way/287005389",
        "leisure": "park",
        "source": "Bing",
        "@geometry": "center"
      },
      "geometry": {
        "type": "Point",
        "coordinates": [
          150.9093118,
          -33.6965297
        ]
      },
      "id": "way/287005389"
    },
    {
      "type": "Feature",
      "properties": {
        "@id": "way/287005393",
        "landuse": "recreation_ground",
        "source": "Bing",
        "@geometry": "center"
      },
      "geometry": {
        "type": "Point",
        "coordinates": [
          150.9103204,
          -33.6962046
        ]
      },
      "id": "way/287005393"
    },
    {
      "type": "Feature",
      "properties": {
        "@id": "way/287013887",
        "leisure": "park",
        "name": "Stoddart Park",
        "@geometry": "center"
      },
      "geometry": {
        "type": "Point",
        "coordinates": [
          150.9170127,
          -33.7080776
        ]
      },
      "id": "way/287013887"
    },
    {
      "type": "Feature",
      "properties": {
        "@id": "way/287016647",
        "access": "private",
        "barrier": "fence",
        "landuse": "recreation_ground",
        "name": "Club Roseville",
        "source": "Bing",
        "source:name": "survey",
        "@geometry": "center"
      },
      "geometry": {
        "type": "Point",
        "coordinates": [
          150.9234764,
          -33.7077121
        ]
      },
      "id": "way/287016647"
    },
    {
      "type": "Feature",
      "properties": {
        "@id": "way/287018911",
        "access": "private",
        "barrier": "fence",
        "landuse": "recreation_ground",
        "name": "The Cascades Pavilion",
        "source": "Bing",
        "source:name": "survey",
        "@geometry": "center"
      },
      "geometry": {
        "type": "Point",
        "coordinates": [
          150.9182611,
          -33.7053874
        ]
      },
      "id": "way/287018911"
    },
    {
      "type": "Feature",
      "properties": {
        "@id": "way/287850966",
        "leisure": "park",
        "name": "Greyfair Place Reserve",
        "@geometry": "center"
      },
      "geometry": {
        "type": "Point",
        "coordinates": [
          150.9505529,
          -33.7100566
        ]
      },
      "id": "way/287850966"
    },
    {
      "type": "Feature",
      "properties": {
        "@id": "way/288286723",
        "leisure": "park",
        "name": "Quakers Hill Park",
        "source": "Bing",
        "source:name": "sign at Hambeldon Road and Quakers Hill Parkway",
        "@geometry": "center"
      },
      "geometry": {
        "type": "Point",
        "coordinates": [
          150.888593,
          -33.7224147
        ]
      },
      "id": "way/288286723"
    },
    {
      "type": "Feature",
      "properties": {
        "@id": "way/288290824",
        "leisure": "park",
        "name": "Henry Mitchell Reserve",
        "natural": "wood",
        "source": "Bing",
        "@geometry": "center"
      },
      "geometry": {
        "type": "Point",
        "coordinates": [
          150.9062988,
          -33.7334148
        ]
      },
      "id": "way/288290824"
    },
    {
      "type": "Feature",
      "properties": {
        "@id": "way/288290825",
        "landuse": "recreation_ground",
        "source": "Bing",
        "@geometry": "center"
      },
      "geometry": {
        "type": "Point",
        "coordinates": [
          150.9070578,
          -33.7324985
        ]
      },
      "id": "way/288290825"
    },
    {
      "type": "Feature",
      "properties": {
        "@id": "way/288414084",
        "leisure": "park",
        "name": "Silverleaf Park",
        "source": "Bing",
        "@geometry": "center"
      },
      "geometry": {
        "type": "Point",
        "coordinates": [
          150.9042692,
          -33.7054887
        ]
      },
      "id": "way/288414084"
    },
    {
      "type": "Feature",
      "properties": {
        "@id": "way/288416956",
        "leisure": "park",
        "name": "Waterfall Park",
        "@geometry": "center"
      },
      "geometry": {
        "type": "Point",
        "coordinates": [
          150.9050395,
          -33.7086694
        ]
      },
      "id": "way/288416956"
    },
    {
      "type": "Feature",
      "properties": {
        "@id": "way/288423417",
        "leisure": "park",
        "@geometry": "center"
      },
      "geometry": {
        "type": "Point",
        "coordinates": [
          150.9055834,
          -33.7110952
        ]
      },
      "id": "way/288423417"
    },
    {
      "type": "Feature",
      "properties": {
        "@id": "way/288423419",
        "leisure": "park",
        "name": "The Gathering Park",
        "wikidata": "Q21968266",
        "@geometry": "center"
      },
      "geometry": {
        "type": "Point",
        "coordinates": [
          150.907765,
          -33.71037
        ]
      },
      "id": "way/288423419"
    },
    {
      "type": "Feature",
      "properties": {
        "@id": "way/288425905",
        "leisure": "park",
        "name": "Oppy Reserve",
        "source": "LPI NSW Base map",
        "@geometry": "center"
      },
      "geometry": {
        "type": "Point",
        "coordinates": [
          150.8839775,
          -33.7223359
        ]
      },
      "id": "way/288425905"
    },
    {
      "type": "Feature",
      "properties": {
        "@id": "way/288448375",
        "leisure": "park",
        "@geometry": "center"
      },
      "geometry": {
        "type": "Point",
        "coordinates": [
          150.8911974,
          -33.7390809
        ]
      },
      "id": "way/288448375"
    },
    {
      "type": "Feature",
      "properties": {
        "@id": "way/288578246",
        "leisure": "park",
        "name": "Marayong Park",
        "source": "Bing",
        "source:name": "sign at Davis Road",
        "wikidata": "Q21932751",
        "@geometry": "center"
      },
      "geometry": {
        "type": "Point",
        "coordinates": [
          150.8954089,
          -33.7490078
        ]
      },
      "id": "way/288578246"
    },
    {
      "type": "Feature",
      "properties": {
        "@id": "way/288578247",
        "leisure": "park",
        "@geometry": "center"
      },
      "geometry": {
        "type": "Point",
        "coordinates": [
          150.899541,
          -33.75227
        ]
      },
      "id": "way/288578247"
    },
    {
      "type": "Feature",
      "properties": {
        "@id": "way/288593412",
        "leisure": "park",
        "name": "Evans Reserve",
        "source": "Bing",
        "source:name": "sign at Kennington Avenue",
        "@geometry": "center"
      },
      "geometry": {
        "type": "Point",
        "coordinates": [
          150.8972832,
          -33.725183
        ]
      },
      "id": "way/288593412"
    },
    {
      "type": "Feature",
      "properties": {
        "@id": "way/299404079",
        "leisure": "park",
        "name": "Brian King Park",
        "source": "NSW LPI Map",
        "wikidata": "Q21925686",
        "@geometry": "center"
      },
      "geometry": {
        "type": "Point",
        "coordinates": [
          150.7926242,
          -33.7672241
        ]
      },
      "id": "way/299404079"
    },
    {
      "type": "Feature",
      "properties": {
        "@id": "way/299482930",
        "landuse": "recreation_ground",
        "@geometry": "center"
      },
      "geometry": {
        "type": "Point",
        "coordinates": [
          150.8824178,
          -33.7652256
        ]
      },
      "id": "way/299482930"
    },
    {
      "type": "Feature",
      "properties": {
        "@id": "way/300747861",
        "leisure": "park",
        "name": "William Mason Reserve",
        "@geometry": "center"
      },
      "geometry": {
        "type": "Point",
        "coordinates": [
          150.8219826,
          -33.7610409
        ]
      },
      "id": "way/300747861"
    },
    {
      "type": "Feature",
      "properties": {
        "@id": "way/303278940",
        "leisure": "park",
        "name": "Potter Field",
        "source:name": "signpost",
        "@geometry": "center"
      },
      "geometry": {
        "type": "Point",
        "coordinates": [
          150.7883817,
          -33.7861783
        ]
      },
      "id": "way/303278940"
    },
    {
      "type": "Feature",
      "properties": {
        "@id": "way/305837657",
        "leisure": "park",
        "name": "Paterson Reserve",
        "source:name": "NSW LPI Base Map",
        "source:name:date": "2015-12",
        "@geometry": "center"
      },
      "geometry": {
        "type": "Point",
        "coordinates": [
          150.9060457,
          -33.7211069
        ]
      },
      "id": "way/305837657"
    },
    {
      "type": "Feature",
      "properties": {
        "@id": "way/305837658",
        "leisure": "park",
        "@geometry": "center"
      },
      "geometry": {
        "type": "Point",
        "coordinates": [
          150.8988251,
          -33.7202717
        ]
      },
      "id": "way/305837658"
    },
    {
      "type": "Feature",
      "properties": {
        "@id": "way/305837684",
        "leisure": "park",
        "@geometry": "center"
      },
      "geometry": {
        "type": "Point",
        "coordinates": [
          150.8912145,
          -33.7160542
        ]
      },
      "id": "way/305837684"
    },
    {
      "type": "Feature",
      "properties": {
        "@id": "way/305837693",
        "leisure": "park",
        "@geometry": "center"
      },
      "geometry": {
        "type": "Point",
        "coordinates": [
          150.9019778,
          -33.7185062
        ]
      },
      "id": "way/305837693"
    },
    {
      "type": "Feature",
      "properties": {
        "@id": "way/305959261",
        "landuse": "recreation_ground",
        "@geometry": "center"
      },
      "geometry": {
        "type": "Point",
        "coordinates": [
          150.911226,
          -33.6796862
        ]
      },
      "id": "way/305959261"
    },
    {
      "type": "Feature",
      "properties": {
        "@id": "way/305959264",
        "leisure": "park",
        "@geometry": "center"
      },
      "geometry": {
        "type": "Point",
        "coordinates": [
          150.9274098,
          -33.6762448
        ]
      },
      "id": "way/305959264"
    },
    {
      "type": "Feature",
      "properties": {
        "@id": "way/305959268",
        "leisure": "park",
        "name": "William Harvey Reserve",
        "source": "LPI Base Map Jan 2018",
        "@geometry": "center"
      },
      "geometry": {
        "type": "Point",
        "coordinates": [
          150.9247825,
          -33.6795484
        ]
      },
      "id": "way/305959268"
    },
    {
      "type": "Feature",
      "properties": {
        "@id": "way/305959273",
        "leisure": "park",
        "@geometry": "center"
      },
      "geometry": {
        "type": "Point",
        "coordinates": [
          150.9213403,
          -33.6804993
        ]
      },
      "id": "way/305959273"
    },
    {
      "type": "Feature",
      "properties": {
        "@id": "way/308858312",
        "leisure": "park",
        "@geometry": "center"
      },
      "geometry": {
        "type": "Point",
        "coordinates": [
          150.7815945,
          -33.7923679
        ]
      },
      "id": "way/308858312"
    },
    {
      "type": "Feature",
      "properties": {
        "@id": "way/309851133",
        "landuse": "recreation_ground",
        "@geometry": "center"
      },
      "geometry": {
        "type": "Point",
        "coordinates": [
          150.914247,
          -33.7002721
        ]
      },
      "id": "way/309851133"
    },
    {
      "type": "Feature",
      "properties": {
        "@id": "way/309851134",
        "leisure": "park",
        "name": "Maria Iori Park",
        "source": "LPI Base Map Jan 2018 was bing",
        "source:name": "sign at Harvard Circuit",
        "wikidata": "Q21932783",
        "@geometry": "center"
      },
      "geometry": {
        "type": "Point",
        "coordinates": [
          150.9294122,
          -33.6718313
        ]
      },
      "id": "way/309851134"
    },
    {
      "type": "Feature",
      "properties": {
        "@id": "way/309851137",
        "leisure": "playground",
        "@geometry": "center"
      },
      "geometry": {
        "type": "Point",
        "coordinates": [
          150.9272351,
          -33.6761457
        ]
      },
      "id": "way/309851137"
    },
    {
      "type": "Feature",
      "properties": {
        "@id": "way/309851138",
        "leisure": "playground",
        "@geometry": "center"
      },
      "geometry": {
        "type": "Point",
        "coordinates": [
          150.9273764,
          -33.676018
        ]
      },
      "id": "way/309851138"
    },
    {
      "type": "Feature",
      "properties": {
        "@id": "way/309851141",
        "leisure": "playground",
        "@geometry": "center"
      },
      "geometry": {
        "type": "Point",
        "coordinates": [
          150.8881468,
          -33.7103028
        ]
      },
      "id": "way/309851141"
    },
    {
      "type": "Feature",
      "properties": {
        "@id": "way/309851151",
        "leisure": "park",
        "@geometry": "center"
      },
      "geometry": {
        "type": "Point",
        "coordinates": [
          150.8883591,
          -33.7103546
        ]
      },
      "id": "way/309851151"
    },
    {
      "type": "Feature",
      "properties": {
        "@id": "way/309851156",
        "leisure": "park",
        "@geometry": "center"
      },
      "geometry": {
        "type": "Point",
        "coordinates": [
          150.9291613,
          -33.6754686
        ]
      },
      "id": "way/309851156"
    },
    {
      "type": "Feature",
      "properties": {
        "@id": "way/309851187",
        "landuse": "recreation_ground",
        "name": "Jonas Bradley Oval",
        "@geometry": "center"
      },
      "geometry": {
        "type": "Point",
        "coordinates": [
          150.911723,
          -33.7021212
        ]
      },
      "id": "way/309851187"
    },
    {
      "type": "Feature",
      "properties": {
        "@id": "way/311099873",
        "leisure": "park",
        "name": "Gilmour Park",
        "@geometry": "center"
      },
      "geometry": {
        "type": "Point",
        "coordinates": [
          150.8016543,
          -33.7866338
        ]
      },
      "id": "way/311099873"
    },
    {
      "type": "Feature",
      "properties": {
        "@id": "way/311099874",
        "leisure": "park",
        "name": "Gunning Park",
        "source": "Bing",
        "wikidata": "Q21931100",
        "@geometry": "center"
      },
      "geometry": {
        "type": "Point",
        "coordinates": [
          150.7838269,
          -33.7829132
        ]
      },
      "id": "way/311099874"
    },
    {
      "type": "Feature",
      "properties": {
        "@id": "way/311099875",
        "leisure": "park",
        "source": "Bing",
        "@geometry": "center"
      },
      "geometry": {
        "type": "Point",
        "coordinates": [
          150.795303,
          -33.7850221
        ]
      },
      "id": "way/311099875"
    },
    {
      "type": "Feature",
      "properties": {
        "@id": "way/311099917",
        "leisure": "park",
        "name": "Kevin Maley Park",
        "source": "Bing",
        "wikidata": "Q21931079",
        "@geometry": "center"
      },
      "geometry": {
        "type": "Point",
        "coordinates": [
          150.7881202,
          -33.7779764
        ]
      },
      "id": "way/311099917"
    },
    {
      "type": "Feature",
      "properties": {
        "@id": "way/311215941",
        "leisure": "park",
        "name": "Bristol Circuit Reserve",
        "source:land": "LPI NSW Basemap",
        "source:name": "Photograph",
        "@geometry": "center"
      },
      "geometry": {
        "type": "Point",
        "coordinates": [
          150.8944626,
          -33.7866755
        ]
      },
      "id": "way/311215941"
    },
    {
      "type": "Feature",
      "properties": {
        "@id": "way/312180738",
        "leisure": "park",
        "source": "Bing",
        "@geometry": "center"
      },
      "geometry": {
        "type": "Point",
        "coordinates": [
          150.8939833,
          -33.7264317
        ]
      },
      "id": "way/312180738"
    },
    {
      "type": "Feature",
      "properties": {
        "@id": "way/312721399",
        "landuse": "recreation_ground",
        "source": "Bing",
        "@geometry": "center"
      },
      "geometry": {
        "type": "Point",
        "coordinates": [
          150.9163698,
          -33.7373824
        ]
      },
      "id": "way/312721399"
    },
    {
      "type": "Feature",
      "properties": {
        "@id": "way/312864430",
        "access": "private",
        "barrier": "fence",
        "landuse": "recreation_ground",
        "source": "Bing",
        "@geometry": "center"
      },
      "geometry": {
        "type": "Point",
        "coordinates": [
          150.9195335,
          -33.7329598
        ]
      },
      "id": "way/312864430"
    },
    {
      "type": "Feature",
      "properties": {
        "@id": "way/312866852",
        "leisure": "park",
        "name": "George Alder Reserve",
        "source": "Bing",
        "source:name": "sign at Lalor Road",
        "@geometry": "center"
      },
      "geometry": {
        "type": "Point",
        "coordinates": [
          150.8927885,
          -33.7278058
        ]
      },
      "id": "way/312866852"
    },
    {
      "type": "Feature",
      "properties": {
        "@id": "way/313363627",
        "leisure": "park",
        "@geometry": "center"
      },
      "geometry": {
        "type": "Point",
        "coordinates": [
          150.922004,
          -33.7058222
        ]
      },
      "id": "way/313363627"
    },
    {
      "type": "Feature",
      "properties": {
        "@id": "way/313526427",
        "leisure": "park",
        "@geometry": "center"
      },
      "geometry": {
        "type": "Point",
        "coordinates": [
          150.9250896,
          -33.7263394
        ]
      },
      "id": "way/313526427"
    },
    {
      "type": "Feature",
      "properties": {
        "@id": "way/313526434",
        "leisure": "park",
        "@geometry": "center"
      },
      "geometry": {
        "type": "Point",
        "coordinates": [
          150.9200856,
          -33.6990589
        ]
      },
      "id": "way/313526434"
    },
    {
      "type": "Feature",
      "properties": {
        "@id": "way/313532372",
        "leisure": "park",
        "@geometry": "center"
      },
      "geometry": {
        "type": "Point",
        "coordinates": [
          150.8268346,
          -33.7397591
        ]
      },
      "id": "way/313532372"
    },
    {
      "type": "Feature",
      "properties": {
        "@id": "way/313532390",
        "leisure": "park",
        "@geometry": "center"
      },
      "geometry": {
        "type": "Point",
        "coordinates": [
          150.8510726,
          -33.7447531
        ]
      },
      "id": "way/313532390"
    },
    {
      "type": "Feature",
      "properties": {
        "@id": "way/313532403",
        "leisure": "park",
        "name": "Glendenning Reserve",
        "source:name": "NSW LPI Base Map",
        "source:name:date": "2015-12",
        "@geometry": "center"
      },
      "geometry": {
        "type": "Point",
        "coordinates": [
          150.8575565,
          -33.7398032
        ]
      },
      "id": "way/313532403"
    },
    {
      "type": "Feature",
      "properties": {
        "@id": "way/313532410",
        "landuse": "recreation_ground",
        "name": "Joe McAleer Park",
        "operator": "Blacktown City Council",
        "website": "https://www.blacktown.nsw.gov.au/Sport-and-recreation/Parks-and-recreation/Joe-McAleer-Park",
        "@geometry": "center"
      },
      "geometry": {
        "type": "Point",
        "coordinates": [
          150.8601668,
          -33.744492
        ]
      },
      "id": "way/313532410"
    },
    {
      "type": "Feature",
      "properties": {
        "@id": "way/313532416",
        "leisure": "park",
        "name": "Frank Flores Park",
        "source:name": "NSW LPI Base Map",
        "source:name:date": "2015-12",
        "wikidata": "Q21928771",
        "@geometry": "center"
      },
      "geometry": {
        "type": "Point",
        "coordinates": [
          150.8583943,
          -33.7369162
        ]
      },
      "id": "way/313532416"
    },
    {
      "type": "Feature",
      "properties": {
        "@id": "way/313532436",
        "leisure": "park",
        "@geometry": "center"
      },
      "geometry": {
        "type": "Point",
        "coordinates": [
          150.82853,
          -33.7405447
        ]
      },
      "id": "way/313532436"
    },
    {
      "type": "Feature",
      "properties": {
        "@id": "way/313532448",
        "leisure": "park",
        "name": "Durawi Park",
        "source:name": "NSW LPI Base Map",
        "source:name:date": "2015-12",
        "wikidata": "Q21929590",
        "@geometry": "center"
      },
      "geometry": {
        "type": "Point",
        "coordinates": [
          150.8575323,
          -33.7417037
        ]
      },
      "id": "way/313532448"
    },
    {
      "type": "Feature",
      "properties": {
        "@id": "way/313532450",
        "leisure": "park",
        "@geometry": "center"
      },
      "geometry": {
        "type": "Point",
        "coordinates": [
          150.8630338,
          -33.7349907
        ]
      },
      "id": "way/313532450"
    },
    {
      "type": "Feature",
      "properties": {
        "@id": "way/313532473",
        "leisure": "park",
        "name": "Hillview Park",
        "source:name": "NSW LPI Base Map",
        "source:name:date": "2015-12",
        "wikidata": "Q21931223",
        "@geometry": "center"
      },
      "geometry": {
        "type": "Point",
        "coordinates": [
          150.8562912,
          -33.7442173
        ]
      },
      "id": "way/313532473"
    },
    {
      "type": "Feature",
      "properties": {
        "@id": "way/313532474",
        "leisure": "park",
        "@geometry": "center"
      },
      "geometry": {
        "type": "Point",
        "coordinates": [
          150.8540086,
          -33.7445369
        ]
      },
      "id": "way/313532474"
    },
    {
      "type": "Feature",
      "properties": {
        "@id": "way/313535290",
        "leisure": "park",
        "@geometry": "center"
      },
      "geometry": {
        "type": "Point",
        "coordinates": [
          150.8424757,
          -33.7571798
        ]
      },
      "id": "way/313535290"
    },
    {
      "type": "Feature",
      "properties": {
        "@id": "way/313535291",
        "leisure": "park",
        "name": "Harry Dennison Park",
        "@geometry": "center"
      },
      "geometry": {
        "type": "Point",
        "coordinates": [
          150.8427414,
          -33.7660831
        ]
      },
      "id": "way/313535291"
    },
    {
      "type": "Feature",
      "properties": {
        "@id": "way/313535292",
        "leisure": "park",
        "@geometry": "center"
      },
      "geometry": {
        "type": "Point",
        "coordinates": [
          150.8415339,
          -33.7576987
        ]
      },
      "id": "way/313535292"
    },
    {
      "type": "Feature",
      "properties": {
        "@id": "way/313535296",
        "leisure": "park",
        "@geometry": "center"
      },
      "geometry": {
        "type": "Point",
        "coordinates": [
          150.8448033,
          -33.755831
        ]
      },
      "id": "way/313535296"
    },
    {
      "type": "Feature",
      "properties": {
        "@id": "way/313536363",
        "leisure": "park",
        "name": "Castleman Reserve",
        "@geometry": "center"
      },
      "geometry": {
        "type": "Point",
        "coordinates": [
          150.8295978,
          -33.7884411
        ]
      },
      "id": "way/313536363"
    },
    {
      "type": "Feature",
      "properties": {
        "@id": "way/313536364",
        "leisure": "park",
        "name": "Rupertswood Park",
        "wikidata": "Q21934767",
        "@geometry": "center"
      },
      "geometry": {
        "type": "Point",
        "coordinates": [
          150.8215325,
          -33.7752445
        ]
      },
      "id": "way/313536364"
    },
    {
      "type": "Feature",
      "properties": {
        "@id": "way/313536366",
        "leisure": "park",
        "name": "Minchinbury Reserve",
        "@geometry": "center"
      },
      "geometry": {
        "type": "Point",
        "coordinates": [
          150.8324913,
          -33.7854253
        ]
      },
      "id": "way/313536366"
    },
    {
      "type": "Feature",
      "properties": {
        "@id": "way/313536370",
        "leisure": "park",
        "name": "Pine Hill Reserve",
        "@geometry": "center"
      },
      "geometry": {
        "type": "Point",
        "coordinates": [
          150.8288861,
          -33.7856686
        ]
      },
      "id": "way/313536370"
    },
    {
      "type": "Feature",
      "properties": {
        "@id": "way/313536371",
        "leisure": "park",
        "source": "LPI Imagery",
        "source:date": "2017-5",
        "surface": "grass",
        "@geometry": "center"
      },
      "geometry": {
        "type": "Point",
        "coordinates": [
          150.839863,
          -33.7919232
        ]
      },
      "id": "way/313536371"
    },
    {
      "type": "Feature",
      "properties": {
        "@id": "way/313536372",
        "leisure": "park",
        "@geometry": "center"
      },
      "geometry": {
        "type": "Point",
        "coordinates": [
          150.8250923,
          -33.7837272
        ]
      },
      "id": "way/313536372"
    },
    {
      "type": "Feature",
      "properties": {
        "@id": "way/313759914",
        "leisure": "park",
        "name": "Marayong Heights Reserve",
        "@geometry": "center"
      },
      "geometry": {
        "type": "Point",
        "coordinates": [
          150.8949377,
          -33.743718
        ]
      },
      "id": "way/313759914"
    },
    {
      "type": "Feature",
      "properties": {
        "@id": "way/313760842",
        "leisure": "park",
        "@geometry": "center"
      },
      "geometry": {
        "type": "Point",
        "coordinates": [
          150.8654976,
          -33.7575326
        ]
      },
      "id": "way/313760842"
    },
    {
      "type": "Feature",
      "properties": {
        "@id": "way/313760847",
        "leisure": "park",
        "@geometry": "center"
      },
      "geometry": {
        "type": "Point",
        "coordinates": [
          150.8682884,
          -33.7570695
        ]
      },
      "id": "way/313760847"
    },
    {
      "type": "Feature",
      "properties": {
        "@id": "way/313760850",
        "leisure": "park",
        "@geometry": "center"
      },
      "geometry": {
        "type": "Point",
        "coordinates": [
          150.8760745,
          -33.7616746
        ]
      },
      "id": "way/313760850"
    },
    {
      "type": "Feature",
      "properties": {
        "@id": "way/313761030",
        "leisure": "park",
        "@geometry": "center"
      },
      "geometry": {
        "type": "Point",
        "coordinates": [
          150.8798288,
          -33.7618959
        ]
      },
      "id": "way/313761030"
    },
    {
      "type": "Feature",
      "properties": {
        "@id": "way/313771424",
        "leisure": "park",
        "name": "Caddies Creek Park",
        "source": "Bing",
        "source:name": "signs at Radisson Place and Bentley Avenue",
        "@geometry": "center"
      },
      "geometry": {
        "type": "Point",
        "coordinates": [
          150.931389,
          -33.6794464
        ]
      },
      "id": "way/313771424"
    },
    {
      "type": "Feature",
      "properties": {
        "@id": "way/314353529",
        "leisure": "park",
        "source": "bing",
        "@geometry": "center"
      },
      "geometry": {
        "type": "Point",
        "coordinates": [
          150.8775442,
          -33.7775301
        ]
      },
      "id": "way/314353529"
    },
    {
      "type": "Feature",
      "properties": {
        "@id": "way/314353853",
        "leisure": "park",
        "source": "bing",
        "@geometry": "center"
      },
      "geometry": {
        "type": "Point",
        "coordinates": [
          150.8876412,
          -33.7841801
        ]
      },
      "id": "way/314353853"
    },
    {
      "type": "Feature",
      "properties": {
        "@id": "way/314353890",
        "leisure": "park",
        "source": "bing",
        "@geometry": "center"
      },
      "geometry": {
        "type": "Point",
        "coordinates": [
          150.8905249,
          -33.7826833
        ]
      },
      "id": "way/314353890"
    },
    {
      "type": "Feature",
      "properties": {
        "@id": "way/314353999",
        "leisure": "park",
        "name": "Tallawong Oval",
        "source": "bing",
        "source:name": "Photograph",
        "surface": "grass",
        "@geometry": "center"
      },
      "geometry": {
        "type": "Point",
        "coordinates": [
          150.8834119,
          -33.7753055
        ]
      },
      "id": "way/314353999"
    },
    {
      "type": "Feature",
      "properties": {
        "@id": "way/316624946",
        "leisure": "park",
        "name": "Western Sydney Parklands",
        "operator": "Greater Sydney Parklands",
        "operator:wikidata": "Q135059646",
        "@geometry": "center"
      },
      "geometry": {
        "type": "Point",
        "coordinates": [
          150.8650399,
          -33.780001
        ]
      },
      "id": "way/316624946"
    },
    {
      "type": "Feature",
      "properties": {
        "@id": "way/317589499",
        "addr:suburb": "Prospect",
        "leisure": "park",
        "name": "James Watt Reserve",
        "source": "Bing",
        "source:name": "survey",
        "@geometry": "center"
      },
      "geometry": {
        "type": "Point",
        "coordinates": [
          150.9261814,
          -33.7986205
        ]
      },
      "id": "way/317589499"
    },
    {
      "type": "Feature",
      "properties": {
        "@id": "way/317621417",
        "leisure": "park",
        "source": "Bing",
        "@geometry": "center"
      },
      "geometry": {
        "type": "Point",
        "coordinates": [
          150.9293111,
          -33.8218345
        ]
      },
      "id": "way/317621417"
    },
    {
      "type": "Feature",
      "properties": {
        "@id": "way/317621418",
        "leisure": "park",
        "source": "Bing",
        "@geometry": "center"
      },
      "geometry": {
        "type": "Point",
        "coordinates": [
          150.931478,
          -33.8130263
        ]
      },
      "id": "way/317621418"
    },
    {
      "type": "Feature",
      "properties": {
        "@id": "way/317622671",
        "landuse": "recreation_ground",
        "name": "Gipps Road Sports Complex",
        "source": "Bing",
        "source:name": "sign at Gipps Road",
        "@geometry": "center"
      },
      "geometry": {
        "type": "Point",
        "coordinates": [
          150.920332,
          -33.8385593
        ]
      },
      "id": "way/317622671"
    },
    {
      "type": "Feature",
      "properties": {
        "@id": "way/317876833",
        "leisure": "park",
        "name": "Village Green",
        "source": "Bing",
        "@geometry": "center"
      },
      "geometry": {
        "type": "Point",
        "coordinates": [
          150.9607789,
          -33.7430074
        ]
      },
      "id": "way/317876833"
    },
    {
      "type": "Feature",
      "properties": {
        "@id": "way/319050189",
        "leisure": "playground",
        "source": "Bing",
        "@geometry": "center"
      },
      "geometry": {
        "type": "Point",
        "coordinates": [
          150.9362326,
          -33.7871871
        ]
      },
      "id": "way/319050189"
    },
    {
      "type": "Feature",
      "properties": {
        "@id": "way/319050191",
        "leisure": "park",
        "source": "Bing",
        "@geometry": "center"
      },
      "geometry": {
        "type": "Point",
        "coordinates": [
          150.936443,
          -33.7870474
        ]
      },
      "id": "way/319050191"
    },
    {
      "type": "Feature",
      "properties": {
        "@id": "way/319056032",
        "leisure": "playground",
        "@geometry": "center"
      },
      "geometry": {
        "type": "Point",
        "coordinates": [
          150.9227671,
          -33.782515
        ]
      },
      "id": "way/319056032"
    },
    {
      "type": "Feature",
      "properties": {
        "@id": "way/319198464",
        "leisure": "park",
        "name": "El Alamein Reserve",
        "@geometry": "center"
      },
      "geometry": {
        "type": "Point",
        "coordinates": [
          150.9225986,
          -33.7829044
        ]
      },
      "id": "way/319198464"
    },
    {
      "type": "Feature",
      "properties": {
        "@id": "way/319205153",
        "leisure": "park",
        "name": "Soldiers settlement reserve",
        "source:name": "sign",
        "@geometry": "center"
      },
      "geometry": {
        "type": "Point",
        "coordinates": [
          150.9363181,
          -33.7797445
        ]
      },
      "id": "way/319205153"
    },
    {
      "type": "Feature",
      "properties": {
        "@id": "way/319207169",
        "leisure": "playground",
        "source": "Bing",
        "@geometry": "center"
      },
      "geometry": {
        "type": "Point",
        "coordinates": [
          150.9348281,
          -33.7826797
        ]
      },
      "id": "way/319207169"
    },
    {
      "type": "Feature",
      "properties": {
        "@id": "way/319208237",
        "leisure": "playground",
        "source": "Bing",
        "@geometry": "center"
      },
      "geometry": {
        "type": "Point",
        "coordinates": [
          150.9352794,
          -33.7904621
        ]
      },
      "id": "way/319208237"
    },
    {
      "type": "Feature",
      "properties": {
        "@id": "way/319967442",
        "leisure": "playground",
        "source": "Bing",
        "@geometry": "center"
      },
      "geometry": {
        "type": "Point",
        "coordinates": [
          150.9215051,
          -33.7875676
        ]
      },
      "id": "way/319967442"
    },
    {
      "type": "Feature",
      "properties": {
        "@id": "way/319967443",
        "leisure": "park",
        "name": "Jamberoo Park",
        "source": "Bing",
        "source:name": "NSW LPI Base Map",
        "source:name:date": "2016-01",
        "@geometry": "center"
      },
      "geometry": {
        "type": "Point",
        "coordinates": [
          150.9240526,
          -33.7933923
        ]
      },
      "id": "way/319967443"
    },
    {
      "type": "Feature",
      "properties": {
        "@id": "way/319967445",
        "leisure": "playground",
        "source": "Bing",
        "@geometry": "center"
      },
      "geometry": {
        "type": "Point",
        "coordinates": [
          150.9233184,
          -33.7932969
        ]
      },
      "id": "way/319967445"
    },
    {
      "type": "Feature",
      "properties": {
        "@id": "way/319968369",
        "access": "yes",
        "leisure": "playground",
        "source": "Bing",
        "@geometry": "center"
      },
      "geometry": {
        "type": "Point",
        "coordinates": [
          150.9076953,
          -33.789146
        ]
      },
      "id": "way/319968369"
    },
    {
      "type": "Feature",
      "properties": {
        "@id": "way/319968370",
        "leisure": "park",
        "source": "Bing",
        "@geometry": "center"
      },
      "geometry": {
        "type": "Point",
        "coordinates": [
          150.9125734,
          -33.7867009
        ]
      },
      "id": "way/319968370"
    },
    {
      "type": "Feature",
      "properties": {
        "@id": "way/319968371",
        "leisure": "park",
        "name": "Gleeson Trees Reserve",
        "natural": "wood",
        "source:name": "photo",
        "@geometry": "center"
      },
      "geometry": {
        "type": "Point",
        "coordinates": [
          150.9044199,
          -33.7914322
        ]
      },
      "id": "way/319968371"
    },
    {
      "type": "Feature",
      "properties": {
        "@id": "way/319975027",
        "leisure": "playground",
        "source": "Bing",
        "@geometry": "center"
      },
      "geometry": {
        "type": "Point",
        "coordinates": [
          150.9110961,
          -33.7782441
        ]
      },
      "id": "way/319975027"
    },
    {
      "type": "Feature",
      "properties": {
        "@id": "way/319975032",
        "leisure": "park",
        "name": "Captain Cook No2 Park",
        "source": "Bing",
        "source:name": "knowledge",
        "@geometry": "center"
      },
      "geometry": {
        "type": "Point",
        "coordinates": [
          150.910885,
          -33.7786169
        ]
      },
      "id": "way/319975032"
    },
    {
      "type": "Feature",
      "properties": {
        "@id": "way/319976025",
        "leisure": "playground",
        "@geometry": "center"
      },
      "geometry": {
        "type": "Point",
        "coordinates": [
          150.931855,
          -33.761703
        ]
      },
      "id": "way/319976025"
    },
    {
      "type": "Feature",
      "properties": {
        "@id": "way/320896838",
        "leisure": "park",
        "name": "Peridot Park",
        "operator": "Blacktown City Council",
        "source": "survey",
        "@geometry": "center"
      },
      "geometry": {
        "type": "Point",
        "coordinates": [
          150.9102482,
          -33.7276834
        ]
      },
      "id": "way/320896838"
    },
    {
      "type": "Feature",
      "properties": {
        "@id": "way/320897798",
        "leisure": "park",
        "source": "Bing",
        "@geometry": "center"
      },
      "geometry": {
        "type": "Point",
        "coordinates": [
          150.906477,
          -33.7283774
        ]
      },
      "id": "way/320897798"
    },
    {
      "type": "Feature",
      "properties": {
        "@id": "way/320897799",
        "leisure": "playground",
        "@geometry": "center"
      },
      "geometry": {
        "type": "Point",
        "coordinates": [
          150.9064642,
          -33.7285094
        ]
      },
      "id": "way/320897799"
    },
    {
      "type": "Feature",
      "properties": {
        "@id": "way/321241692",
        "leisure": "playground",
        "source": "Bing",
        "@geometry": "center"
      },
      "geometry": {
        "type": "Point",
        "coordinates": [
          150.9108819,
          -33.7983154
        ]
      },
      "id": "way/321241692"
    },
    {
      "type": "Feature",
      "properties": {
        "@id": "way/321404891",
        "leisure": "park",
        "name": "Walters Road Park",
        "@geometry": "center"
      },
      "geometry": {
        "type": "Point",
        "coordinates": [
          150.8944555,
          -33.7775617
        ]
      },
      "id": "way/321404891"
    },
    {
      "type": "Feature",
      "properties": {
        "@id": "way/321407824",
        "leisure": "park",
        "source": "Bing",
        "@geometry": "center"
      },
      "geometry": {
        "type": "Point",
        "coordinates": [
          150.8898698,
          -33.7766802
        ]
      },
      "id": "way/321407824"
    },
    {
      "type": "Feature",
      "properties": {
        "@id": "way/321754177",
        "leisure": "playground",
        "@geometry": "center"
      },
      "geometry": {
        "type": "Point",
        "coordinates": [
          150.9240168,
          -33.7973662
        ]
      },
      "id": "way/321754177"
    },
    {
      "type": "Feature",
      "properties": {
        "@id": "way/321754178",
        "leisure": "playground",
        "@geometry": "center"
      },
      "geometry": {
        "type": "Point",
        "coordinates": [
          150.9239517,
          -33.7972172
        ]
      },
      "id": "way/321754178"
    },
    {
      "type": "Feature",
      "properties": {
        "@id": "way/322859121",
        "leisure": "park",
        "name": "Dorothy Radford Reserve",
        "source": "Bing",
        "@geometry": "center"
      },
      "geometry": {
        "type": "Point",
        "coordinates": [
          150.7787278,
          -33.7897336
        ]
      },
      "id": "way/322859121"
    },
    {
      "type": "Feature",
      "properties": {
        "@id": "way/325182137",
        "leisure": "park",
        "source": "Bing",
        "@geometry": "center"
      },
      "geometry": {
        "type": "Point",
        "coordinates": [
          150.8075897,
          -33.801661
        ]
      },
      "id": "way/325182137"
    },
    {
      "type": "Feature",
      "properties": {
        "@id": "way/325182148",
        "leisure": "park",
        "name": "Cook and Banks Reserve",
        "source": "Bing",
        "@geometry": "center"
      },
      "geometry": {
        "type": "Point",
        "coordinates": [
          150.7794766,
          -33.7978915
        ]
      },
      "id": "way/325182148"
    },
    {
      "type": "Feature",
      "properties": {
        "@id": "way/336023500",
        "leisure": "park",
        "name": "Snowy Reserve",
        "@geometry": "center"
      },
      "geometry": {
        "type": "Point",
        "coordinates": [
          150.9284507,
          -33.7934355
        ]
      },
      "id": "way/336023500"
    },
    {
      "type": "Feature",
      "properties": {
        "@id": "way/337518803",
        "leisure": "park",
        "name": "Ted Pike Reserve",
        "source": "Bing",
        "source:name": "sign at Green Road",
        "@geometry": "center"
      },
      "geometry": {
        "type": "Point",
        "coordinates": [
          150.9742086,
          -33.7068687
        ]
      },
      "id": "way/337518803"
    },
    {
      "type": "Feature",
      "properties": {
        "@id": "way/337986671",
        "leisure": "park",
        "source": "Bing",
        "@geometry": "center"
      },
      "geometry": {
        "type": "Point",
        "coordinates": [
          150.8065838,
          -33.8086396
        ]
      },
      "id": "way/337986671"
    },
    {
      "type": "Feature",
      "properties": {
        "@id": "way/337986674",
        "leisure": "park",
        "name": "Skylark Crescent Reserve",
        "@geometry": "center"
      },
      "geometry": {
        "type": "Point",
        "coordinates": [
          150.803155,
          -33.8003871
        ]
      },
      "id": "way/337986674"
    },
    {
      "type": "Feature",
      "properties": {
        "@id": "way/338575677",
        "leisure": "park",
        "name": "Gregory Park",
        "source": "Bing",
        "source:name": "survey",
        "@geometry": "center"
      },
      "geometry": {
        "type": "Point",
        "coordinates": [
          150.9537541,
          -33.815008
        ]
      },
      "id": "way/338575677"
    },
    {
      "type": "Feature",
      "properties": {
        "@id": "way/338578057",
        "leisure": "park",
        "name": "Roberta Street Park",
        "@geometry": "center"
      },
      "geometry": {
        "type": "Point",
        "coordinates": [
          150.9392906,
          -33.8217075
        ]
      },
      "id": "way/338578057"
    },
    {
      "type": "Feature",
      "properties": {
        "@id": "way/338578060",
        "leisure": "park",
        "name": "Daisy Street Park",
        "@geometry": "center"
      },
      "geometry": {
        "type": "Point",
        "coordinates": [
          150.9357911,
          -33.8221372
        ]
      },
      "id": "way/338578060"
    },
    {
      "type": "Feature",
      "properties": {
        "@id": "way/338914917",
        "leisure": "park",
        "name": "Nemesia Street Park",
        "source": "LPI NSW Imagery and Basemap",
        "@geometry": "center"
      },
      "geometry": {
        "type": "Point",
        "coordinates": [
          150.9421344,
          -33.8343694
        ]
      },
      "id": "way/338914917"
    },
    {
      "type": "Feature",
      "properties": {
        "@id": "way/338916203",
        "leisure": "park",
        "name": "Hewitt Avenue Reserve",
        "source": "Bing",
        "@geometry": "center"
      },
      "geometry": {
        "type": "Point",
        "coordinates": [
          150.9568457,
          -33.8339461
        ]
      },
      "id": "way/338916203"
    },
    {
      "type": "Feature",
      "properties": {
        "@id": "way/338916205",
        "leisure": "park",
        "name": "Holroyd Apex Park",
        "source": "Bing",
        "@geometry": "center"
      },
      "geometry": {
        "type": "Point",
        "coordinates": [
          150.9560469,
          -33.8314162
        ]
      },
      "id": "way/338916205"
    },
    {
      "type": "Feature",
      "properties": {
        "@id": "way/338916206",
        "leisure": "park",
        "name": "Darmenia Avenue Park",
        "source": "Bing",
        "@geometry": "center"
      },
      "geometry": {
        "type": "Point",
        "coordinates": [
          150.9548595,
          -33.8338988
        ]
      },
      "id": "way/338916206"
    },
    {
      "type": "Feature",
      "properties": {
        "@id": "way/339555404",
        "leisure": "park",
        "source": "Bing",
        "@geometry": "center"
      },
      "geometry": {
        "type": "Point",
        "coordinates": [
          150.8198396,
          -33.6220757
        ]
      },
      "id": "way/339555404"
    },
    {
      "type": "Feature",
      "properties": {
        "@id": "way/339555415",
        "leisure": "park",
        "name": "Church Street Reserve",
        "@geometry": "center"
      },
      "geometry": {
        "type": "Point",
        "coordinates": [
          150.8004293,
          -33.6216281
        ]
      },
      "id": "way/339555415"
    },
    {
      "type": "Feature",
      "properties": {
        "@id": "way/343414431",
        "leisure": "park",
        "name": "Knudsen Reserve",
        "source": "Bing",
        "source:name": "sign at road",
        "@geometry": "center"
      },
      "geometry": {
        "type": "Point",
        "coordinates": [
          150.8504524,
          -33.6847274
        ]
      },
      "id": "way/343414431"
    },
    {
      "type": "Feature",
      "properties": {
        "@id": "way/364071424",
        "leisure": "playground",
        "@geometry": "center"
      },
      "geometry": {
        "type": "Point",
        "coordinates": [
          150.9301936,
          -33.7694223
        ]
      },
      "id": "way/364071424"
    },
    {
      "type": "Feature",
      "properties": {
        "@id": "way/364076125",
        "leisure": "playground",
        "@geometry": "center"
      },
      "geometry": {
        "type": "Point",
        "coordinates": [
          150.9236932,
          -33.7705375
        ]
      },
      "id": "way/364076125"
    },
    {
      "type": "Feature",
      "properties": {
        "@id": "way/364447395",
        "leisure": "playground",
        "@geometry": "center"
      },
      "geometry": {
        "type": "Point",
        "coordinates": [
          150.9163635,
          -33.7535314
        ]
      },
      "id": "way/364447395"
    },
    {
      "type": "Feature",
      "properties": {
        "@id": "way/364454120",
        "access": "yes",
        "leisure": "playground",
        "@geometry": "center"
      },
      "geometry": {
        "type": "Point",
        "coordinates": [
          150.9086906,
          -33.7396031
        ]
      },
      "id": "way/364454120"
    },
    {
      "type": "Feature",
      "properties": {
        "@id": "way/364832119",
        "leisure": "park",
        "name": "Grantham Heritage Park",
        "source": "LPI Base Map Nov 2018",
        "@geometry": "center"
      },
      "geometry": {
        "type": "Point",
        "coordinates": [
          150.9303939,
          -33.7808909
        ]
      },
      "id": "way/364832119"
    },
    {
      "type": "Feature",
      "properties": {
        "@id": "way/365062391",
        "leisure": "park",
        "name": "Best Road Park",
        "@geometry": "center"
      },
      "geometry": {
        "type": "Point",
        "coordinates": [
          150.9400147,
          -33.7769967
        ]
      },
      "id": "way/365062391"
    },
    {
      "type": "Feature",
      "properties": {
        "@id": "way/365643073",
        "leisure": "park",
        "@geometry": "center"
      },
      "geometry": {
        "type": "Point",
        "coordinates": [
          150.917326,
          -33.8485424
        ]
      },
      "id": "way/365643073"
    },
    {
      "type": "Feature",
      "properties": {
        "@id": "way/365643074",
        "leisure": "park",
        "name": "Hinkler Park",
        "@geometry": "center"
      },
      "geometry": {
        "type": "Point",
        "coordinates": [
          150.9289806,
          -33.8482159
        ]
      },
      "id": "way/365643074"
    },
    {
      "type": "Feature",
      "properties": {
        "@id": "way/365643075",
        "leisure": "park",
        "@geometry": "center"
      },
      "geometry": {
        "type": "Point",
        "coordinates": [
          150.9288734,
          -33.8462048
        ]
      },
      "id": "way/365643075"
    },
    {
      "type": "Feature",
      "properties": {
        "@id": "way/368418533",
        "leisure": "park",
        "@geometry": "center"
      },
      "geometry": {
        "type": "Point",
        "coordinates": [
          150.9299075,
          -33.8192484
        ]
      },
      "id": "way/368418533"
    },
    {
      "type": "Feature",
      "properties": {
        "@id": "way/369622331",
        "club": "sport",
        "leisure": "park",
        "model_aerodrome:combustion": "no",
        "model_aerodrome:electric": "yes",
        "model_aerodrome:heli": "yes",
        "name": "PRCAC Model Aerodrome",
        "operator": "Parramatta Radio Control Aircraft Club",
        "sport": "model_aerodrome",
        "website:official": "http://forum.rcflyingclub.com/",
        "@geometry": "center"
      },
      "geometry": {
        "type": "Point",
        "coordinates": [
          150.9547176,
          -33.7791622
        ]
      },
      "id": "way/369622331"
    },
    {
      "type": "Feature",
      "properties": {
        "@id": "way/370275640",
        "leisure": "park",
        "name": "Popondetta Park",
        "@geometry": "center"
      },
      "geometry": {
        "type": "Point",
        "coordinates": [
          150.8070186,
          -33.7389091
        ]
      },
      "id": "way/370275640"
    },
    {
      "type": "Feature",
      "properties": {
        "@id": "way/373716465",
        "leisure": "park",
        "@geometry": "center"
      },
      "geometry": {
        "type": "Point",
        "coordinates": [
          150.8323156,
          -33.7825172
        ]
      },
      "id": "way/373716465"
    },
    {
      "type": "Feature",
      "properties": {
        "@id": "way/385760019",
        "leisure": "park",
        "name": "Alroy Park",
        "source": "NSW LPI Base Map",
        "source:date": "2015-12",
        "@geometry": "center"
      },
      "geometry": {
        "type": "Point",
        "coordinates": [
          150.8377994,
          -33.7470563
        ]
      },
      "id": "way/385760019"
    },
    {
      "type": "Feature",
      "properties": {
        "@id": "way/385775966",
        "leisure": "park",
        "source": "NSW LPI Base Map",
        "source:date": "2015-12",
        "@geometry": "center"
      },
      "geometry": {
        "type": "Point",
        "coordinates": [
          150.8434151,
          -33.7503333
        ]
      },
      "id": "way/385775966"
    },
    {
      "type": "Feature",
      "properties": {
        "@id": "way/385775976",
        "leisure": "park",
        "name": "Mittigar Reserve",
        "source": "NSW LPI Base Map",
        "source:date": "2015-12",
        "@geometry": "center"
      },
      "geometry": {
        "type": "Point",
        "coordinates": [
          150.8423538,
          -33.7327899
        ]
      },
      "id": "way/385775976"
    },
    {
      "type": "Feature",
      "properties": {
        "@id": "way/385782857",
        "leisure": "park",
        "name": "Clarrie Dawson Reserve",
        "source": "NSW LPI Base Map",
        "source:date": "2015-12",
        "@geometry": "center"
      },
      "geometry": {
        "type": "Point",
        "coordinates": [
          150.8376867,
          -33.737258
        ]
      },
      "id": "way/385782857"
    },
    {
      "type": "Feature",
      "properties": {
        "@id": "way/386125577",
        "leisure": "park",
        "name": "Zeldaline Gardens",
        "source": "NSW LPI Base Map",
        "source:date": "2015-12",
        "@geometry": "center"
      },
      "geometry": {
        "type": "Point",
        "coordinates": [
          150.8194727,
          -33.7323785
        ]
      },
      "id": "way/386125577"
    },
    {
      "type": "Feature",
      "properties": {
        "@id": "way/386577465",
        "leisure": "park",
        "name": "Flushcombe Turrets Reserve",
        "source": "LPI basemap",
        "@geometry": "center"
      },
      "geometry": {
        "type": "Point",
        "coordinates": [
          150.9076927,
          -33.7891946
        ]
      },
      "id": "way/386577465"
    },
    {
      "type": "Feature",
      "properties": {
        "@id": "way/388306875",
        "leisure": "park",
        "name": "George Street Park",
        "@geometry": "center"
      },
      "geometry": {
        "type": "Point",
        "coordinates": [
          150.9761736,
          -33.8499621
        ]
      },
      "id": "way/388306875"
    },
    {
      "type": "Feature",
      "properties": {
        "@id": "way/388308663",
        "leisure": "park",
        "name": "John Knowles Park",
        "@geometry": "center"
      },
      "geometry": {
        "type": "Point",
        "coordinates": [
          150.9623534,
          -33.8351937
        ]
      },
      "id": "way/388308663"
    },
    {
      "type": "Feature",
      "properties": {
        "@id": "way/388385083",
        "leisure": "park",
        "source": "NSW LPI Imagery",
        "source:date": "2015-12",
        "@geometry": "center"
      },
      "geometry": {
        "type": "Point",
        "coordinates": [
          150.8721024,
          -33.6758107
        ]
      },
      "id": "way/388385083"
    },
    {
      "type": "Feature",
      "properties": {
        "@id": "way/388396219",
        "leisure": "park",
        "@geometry": "center"
      },
      "geometry": {
        "type": "Point",
        "coordinates": [
          150.9324663,
          -33.7535796
        ]
      },
      "id": "way/388396219"
    },
    {
      "type": "Feature",
      "properties": {
        "@id": "way/388396378",
        "access": "yes",
        "leisure": "playground",
        "@geometry": "center"
      },
      "geometry": {
        "type": "Point",
        "coordinates": [
          150.9332498,
          -33.7535578
        ]
      },
      "id": "way/388396378"
    },
    {
      "type": "Feature",
      "properties": {
        "@id": "way/389293125",
        "leisure": "playground",
        "source": "NSW LPI Imagery",
        "@geometry": "center"
      },
      "geometry": {
        "type": "Point",
        "coordinates": [
          150.8899059,
          -33.7712083
        ]
      },
      "id": "way/389293125"
    },
    {
      "type": "Feature",
      "properties": {
        "@id": "way/389293126",
        "leisure": "park",
        "name": "Deborah Wicks Park",
        "source": "LPI NSW Basemap",
        "wikidata": "Q21929567",
        "@geometry": "center"
      },
      "geometry": {
        "type": "Point",
        "coordinates": [
          150.8901001,
          -33.771159
        ]
      },
      "id": "way/389293126"
    },
    {
      "type": "Feature",
      "properties": {
        "@id": "way/390935298",
        "leisure": "park",
        "name": "Richmond Street Reserve",
        "source": "NSW LPI Base Map",
        "source:date": "2016-01",
        "@geometry": "center"
      },
      "geometry": {
        "type": "Point",
        "coordinates": [
          150.9724425,
          -33.818548
        ]
      },
      "id": "way/390935298"
    },
    {
      "type": "Feature",
      "properties": {
        "@id": "way/391513147",
        "leisure": "park",
        "@geometry": "center"
      },
      "geometry": {
        "type": "Point",
        "coordinates": [
          150.7982733,
          -33.7387868
        ]
      },
      "id": "way/391513147"
    },
    {
      "type": "Feature",
      "properties": {
        "@id": "way/398639541",
        "leisure": "park",
        "name": "Morreau Reserve",
        "source": "NSW LPI Base Map",
        "source:date": "2016-02",
        "@geometry": "center"
      },
      "geometry": {
        "type": "Point",
        "coordinates": [
          150.8527575,
          -33.7780888
        ]
      },
      "id": "way/398639541"
    },
    {
      "type": "Feature",
      "properties": {
        "@id": "way/399818193",
        "leisure": "park",
        "name": "South Windsor Park",
        "source": "NSW LPI Base Map",
        "source:date": "2016-02",
        "@geometry": "center"
      },
      "geometry": {
        "type": "Point",
        "coordinates": [
          150.8044835,
          -33.62488
        ]
      },
      "id": "way/399818193"
    },
    {
      "type": "Feature",
      "properties": {
        "@id": "way/403199463",
        "leisure": "park",
        "@geometry": "center"
      },
      "geometry": {
        "type": "Point",
        "coordinates": [
          150.7809614,
          -33.7870164
        ]
      },
      "id": "way/403199463"
    },
    {
      "type": "Feature",
      "properties": {
        "@id": "way/403199484",
        "leisure": "park",
        "@geometry": "center"
      },
      "geometry": {
        "type": "Point",
        "coordinates": [
          150.7783242,
          -33.8071932
        ]
      },
      "id": "way/403199484"
    },
    {
      "type": "Feature",
      "properties": {
        "@id": "way/403199490",
        "leisure": "park",
        "@geometry": "center"
      },
      "geometry": {
        "type": "Point",
        "coordinates": [
          150.7874481,
          -33.7913805
        ]
      },
      "id": "way/403199490"
    },
    {
      "type": "Feature",
      "properties": {
        "@id": "way/403199501",
        "leisure": "park",
        "@geometry": "center"
      },
      "geometry": {
        "type": "Point",
        "coordinates": [
          150.7946273,
          -33.7920797
        ]
      },
      "id": "way/403199501"
    },
    {
      "type": "Feature",
      "properties": {
        "@id": "way/403199503",
        "leisure": "park",
        "@geometry": "center"
      },
      "geometry": {
        "type": "Point",
        "coordinates": [
          150.7994942,
          -33.7921575
        ]
      },
      "id": "way/403199503"
    },
    {
      "type": "Feature",
      "properties": {
        "@id": "way/403202990",
        "leisure": "park",
        "name": "Spica Place Reserve",
        "@geometry": "center"
      },
      "geometry": {
        "type": "Point",
        "coordinates": [
          150.8028339,
          -33.8085283
        ]
      },
      "id": "way/403202990"
    },
    {
      "type": "Feature",
      "properties": {
        "@id": "way/403202992",
        "leisure": "park",
        "name": "Ridgeview Crescent Reserve",
        "@geometry": "center"
      },
      "geometry": {
        "type": "Point",
        "coordinates": [
          150.7949036,
          -33.8098108
        ]
      },
      "id": "way/403202992"
    },
    {
      "type": "Feature",
      "properties": {
        "@id": "way/403202994",
        "leisure": "park",
        "@geometry": "center"
      },
      "geometry": {
        "type": "Point",
        "coordinates": [
          150.7925937,
          -33.8099687
        ]
      },
      "id": "way/403202994"
    },
    {
      "type": "Feature",
      "properties": {
        "@id": "way/403202996",
        "leisure": "park",
        "name": "Chameleon Drive Reserve",
        "@geometry": "center"
      },
      "geometry": {
        "type": "Point",
        "coordinates": [
          150.793249,
          -33.8072674
        ]
      },
      "id": "way/403202996"
    },
    {
      "type": "Feature",
      "properties": {
        "@id": "way/403203004",
        "leisure": "park",
        "name": "Denver Road Reserve",
        "@geometry": "center"
      },
      "geometry": {
        "type": "Point",
        "coordinates": [
          150.8008355,
          -33.7955818
        ]
      },
      "id": "way/403203004"
    },
    {
      "type": "Feature",
      "properties": {
        "@id": "way/403203009",
        "leisure": "park",
        "@geometry": "center"
      },
      "geometry": {
        "type": "Point",
        "coordinates": [
          150.8020564,
          -33.80249
        ]
      },
      "id": "way/403203009"
    },
    {
      "type": "Feature",
      "properties": {
        "@id": "way/403203010",
        "leisure": "park",
        "name": "Saunders Park",
        "@geometry": "center"
      },
      "geometry": {
        "type": "Point",
        "coordinates": [
          150.7824282,
          -33.7990346
        ]
      },
      "id": "way/403203010"
    },
    {
      "type": "Feature",
      "properties": {
        "@id": "way/403203013",
        "leisure": "playground",
        "@geometry": "center"
      },
      "geometry": {
        "type": "Point",
        "coordinates": [
          150.794693,
          -33.809569
        ]
      },
      "id": "way/403203013"
    },
    {
      "type": "Feature",
      "properties": {
        "@id": "way/403203016",
        "leisure": "park",
        "@geometry": "center"
      },
      "geometry": {
        "type": "Point",
        "coordinates": [
          150.8095412,
          -33.8049772
        ]
      },
      "id": "way/403203016"
    },
    {
      "type": "Feature",
      "properties": {
        "@id": "way/403203019",
        "leisure": "park",
        "@geometry": "center"
      },
      "geometry": {
        "type": "Point",
        "coordinates": [
          150.786899,
          -33.8032681
        ]
      },
      "id": "way/403203019"
    },
    {
      "type": "Feature",
      "properties": {
        "@id": "way/403203023",
        "leisure": "park",
        "@geometry": "center"
      },
      "geometry": {
        "type": "Point",
        "coordinates": [
          150.8096622,
          -33.808421
        ]
      },
      "id": "way/403203023"
    },
    {
      "type": "Feature",
      "properties": {
        "@id": "way/403203025",
        "leisure": "park",
        "@geometry": "center"
      },
      "geometry": {
        "type": "Point",
        "coordinates": [
          150.8071438,
          -33.7987963
        ]
      },
      "id": "way/403203025"
    },
    {
      "type": "Feature",
      "properties": {
        "@id": "way/403203026",
        "leisure": "park",
        "@geometry": "center"
      },
      "geometry": {
        "type": "Point",
        "coordinates": [
          150.8008755,
          -33.8088275
        ]
      },
      "id": "way/403203026"
    },
    {
      "type": "Feature",
      "properties": {
        "@id": "way/403203027",
        "leisure": "park",
        "@geometry": "center"
      },
      "geometry": {
        "type": "Point",
        "coordinates": [
          150.8041377,
          -33.7939329
        ]
      },
      "id": "way/403203027"
    },
    {
      "type": "Feature",
      "properties": {
        "@id": "way/403203031",
        "leisure": "park",
        "name": "Peppertree Reserve",
        "@geometry": "center"
      },
      "geometry": {
        "type": "Point",
        "coordinates": [
          150.8060347,
          -33.8053355
        ]
      },
      "id": "way/403203031"
    },
    {
      "type": "Feature",
      "properties": {
        "@id": "way/403203032",
        "leisure": "park",
        "@geometry": "center"
      },
      "geometry": {
        "type": "Point",
        "coordinates": [
          150.794945,
          -33.800554
        ]
      },
      "id": "way/403203032"
    },
    {
      "type": "Feature",
      "properties": {
        "@id": "way/406125531",
        "landuse": "recreation_ground",
        "name": "May Cowpe Reserve",
        "source": "NSW LPI Base Map",
        "source:date": "2016-03",
        "@geometry": "center"
      },
      "geometry": {
        "type": "Point",
        "coordinates": [
          150.835076,
          -33.7788146
        ]
      },
      "id": "way/406125531"
    },
    {
      "type": "Feature",
      "properties": {
        "@id": "way/408117908",
        "leisure": "park",
        "name": "Crystal Street Park",
        "@geometry": "center"
      },
      "geometry": {
        "type": "Point",
        "coordinates": [
          150.945748,
          -33.810851
        ]
      },
      "id": "way/408117908"
    },
    {
      "type": "Feature",
      "properties": {
        "@id": "way/408117911",
        "leisure": "park",
        "name": "Dandie Park",
        "@geometry": "center"
      },
      "geometry": {
        "type": "Point",
        "coordinates": [
          150.9485813,
          -33.8024592
        ]
      },
      "id": "way/408117911"
    },
    {
      "type": "Feature",
      "properties": {
        "@id": "way/408117913",
        "leisure": "park",
        "name": "Bukari Reserve",
        "@geometry": "center"
      },
      "geometry": {
        "type": "Point",
        "coordinates": [
          150.9505351,
          -33.795283
        ]
      },
      "id": "way/408117913"
    },
    {
      "type": "Feature",
      "properties": {
        "@id": "way/408117915",
        "leisure": "park",
        "name": "Toongabbie Reserve",
        "@geometry": "center"
      },
      "geometry": {
        "type": "Point",
        "coordinates": [
          150.9509436,
          -33.7890438
        ]
      },
      "id": "way/408117915"
    },
    {
      "type": "Feature",
      "properties": {
        "@id": "way/408117916",
        "leisure": "park",
        "name": "Girraween Road Park",
        "@geometry": "center"
      },
      "geometry": {
        "type": "Point",
        "coordinates": [
          150.9475136,
          -33.7976533
        ]
      },
      "id": "way/408117916"
    },
    {
      "type": "Feature",
      "properties": {
        "@id": "way/412316976",
        "leisure": "park",
        "name": "Bukari Reserve",
        "@geometry": "center"
      },
      "geometry": {
        "type": "Point",
        "coordinates": [
          150.8251645,
          -33.7631195
        ]
      },
      "id": "way/412316976"
    },
    {
      "type": "Feature",
      "properties": {
        "@id": "way/412559217",
        "leisure": "park",
        "name": "Manse Reserve",
        "@geometry": "center"
      },
      "geometry": {
        "type": "Point",
        "coordinates": [
          150.8129925,
          -33.7700376
        ]
      },
      "id": "way/412559217"
    },
    {
      "type": "Feature",
      "properties": {
        "@id": "way/412574919",
        "leisure": "park",
        "name": "Reserve 624",
        "@geometry": "center"
      },
      "geometry": {
        "type": "Point",
        "coordinates": [
          150.8292525,
          -33.7624172
        ]
      },
      "id": "way/412574919"
    },
    {
      "type": "Feature",
      "properties": {
        "@id": "way/412574920",
        "leisure": "park",
        "name": "Ellen Dale Reserve",
        "@geometry": "center"
      },
      "geometry": {
        "type": "Point",
        "coordinates": [
          150.8304822,
          -33.7630648
        ]
      },
      "id": "way/412574920"
    },
    {
      "type": "Feature",
      "properties": {
        "@id": "way/413071356",
        "leisure": "park",
        "@geometry": "center"
      },
      "geometry": {
        "type": "Point",
        "coordinates": [
          150.7805579,
          -33.7276006
        ]
      },
      "id": "way/413071356"
    },
    {
      "type": "Feature",
      "properties": {
        "@id": "way/413071370",
        "leisure": "park",
        "@geometry": "center"
      },
      "geometry": {
        "type": "Point",
        "coordinates": [
          150.7872593,
          -33.730195
        ]
      },
      "id": "way/413071370"
    },
    {
      "type": "Feature",
      "properties": {
        "@id": "way/413071371",
        "leisure": "park",
        "@geometry": "center"
      },
      "geometry": {
        "type": "Point",
        "coordinates": [
          150.7849956,
          -33.7295849
        ]
      },
      "id": "way/413071371"
    },
    {
      "type": "Feature",
      "properties": {
        "@id": "way/413101274",
        "leisure": "park",
        "@geometry": "center"
      },
      "geometry": {
        "type": "Point",
        "coordinates": [
          150.7797781,
          -33.7363273
        ]
      },
      "id": "way/413101274"
    },
    {
      "type": "Feature",
      "properties": {
        "@id": "way/413101288",
        "leisure": "playground",
        "wheelchair": "yes",
        "@geometry": "center"
      },
      "geometry": {
        "type": "Point",
        "coordinates": [
          150.7841787,
          -33.7386391
        ]
      },
      "id": "way/413101288"
    },
    {
      "type": "Feature",
      "properties": {
        "@id": "way/413101292",
        "addr:postcode": "2760",
        "addr:street": "Lawler Street",
        "addr:suburb": "Ropes Crossing",
        "leisure": "park",
        "name": "Ropes Crossing Reserve",
        "@geometry": "center"
      },
      "geometry": {
        "type": "Point",
        "coordinates": [
          150.7851458,
          -33.7332683
        ]
      },
      "id": "way/413101292"
    },
    {
      "type": "Feature",
      "properties": {
        "@id": "way/413116975",
        "leisure": "playground",
        "wheelchair": "yes",
        "@geometry": "center"
      },
      "geometry": {
        "type": "Point",
        "coordinates": [
          150.7854124,
          -33.7325121
        ]
      },
      "id": "way/413116975"
    },
    {
      "type": "Feature",
      "properties": {
        "@id": "way/413117000",
        "leisure": "park",
        "name": "Village Green",
        "@geometry": "center"
      },
      "geometry": {
        "type": "Point",
        "coordinates": [
          150.7816469,
          -33.7319715
        ]
      },
      "id": "way/413117000"
    },
    {
      "type": "Feature",
      "properties": {
        "@id": "way/413117002",
        "leisure": "playground",
        "wheelchair": "yes",
        "@geometry": "center"
      },
      "geometry": {
        "type": "Point",
        "coordinates": [
          150.7813223,
          -33.7318264
        ]
      },
      "id": "way/413117002"
    },
    {
      "type": "Feature",
      "properties": {
        "@id": "way/413122683",
        "leisure": "park",
        "@geometry": "center"
      },
      "geometry": {
        "type": "Point",
        "coordinates": [
          150.782593,
          -33.7260817
        ]
      },
      "id": "way/413122683"
    },
    {
      "type": "Feature",
      "properties": {
        "@id": "way/413122684",
        "leisure": "playground",
        "@geometry": "center"
      },
      "geometry": {
        "type": "Point",
        "coordinates": [
          150.7825572,
          -33.7260955
        ]
      },
      "id": "way/413122684"
    },
    {
      "type": "Feature",
      "properties": {
        "@id": "way/413122690",
        "leisure": "park",
        "@geometry": "center"
      },
      "geometry": {
        "type": "Point",
        "coordinates": [
          150.7833449,
          -33.7233027
        ]
      },
      "id": "way/413122690"
    },
    {
      "type": "Feature",
      "properties": {
        "@id": "way/413122691",
        "leisure": "playground",
        "@geometry": "center"
      },
      "geometry": {
        "type": "Point",
        "coordinates": [
          150.7832942,
          -33.7234225
        ]
      },
      "id": "way/413122691"
    },
    {
      "type": "Feature",
      "properties": {
        "@id": "way/413122695",
        "leisure": "playground",
        "@geometry": "center"
      },
      "geometry": {
        "type": "Point",
        "coordinates": [
          150.7850528,
          -33.7302198
        ]
      },
      "id": "way/413122695"
    },
    {
      "type": "Feature",
      "properties": {
        "@id": "way/413134992",
        "leisure": "park",
        "@geometry": "center"
      },
      "geometry": {
        "type": "Point",
        "coordinates": [
          150.7796703,
          -33.7555146
        ]
      },
      "id": "way/413134992"
    },
    {
      "type": "Feature",
      "properties": {
        "@id": "way/413134993",
        "leisure": "playground",
        "@geometry": "center"
      },
      "geometry": {
        "type": "Point",
        "coordinates": [
          150.7850135,
          -33.7520947
        ]
      },
      "id": "way/413134993"
    },
    {
      "type": "Feature",
      "properties": {
        "@id": "way/420987494",
        "leisure": "playground",
        "@geometry": "center"
      },
      "geometry": {
        "type": "Point",
        "coordinates": [
          150.9395855,
          -33.7609106
        ]
      },
      "id": "way/420987494"
    },
    {
      "type": "Feature",
      "properties": {
        "@id": "way/424023680",
        "leisure": "park",
        "name": "Ridgeview Park",
        "@geometry": "center"
      },
      "geometry": {
        "type": "Point",
        "coordinates": [
          150.8653489,
          -33.6704186
        ]
      },
      "id": "way/424023680"
    },
    {
      "type": "Feature",
      "properties": {
        "@id": "way/424023681",
        "leisure": "park",
        "@geometry": "center"
      },
      "geometry": {
        "type": "Point",
        "coordinates": [
          150.8725581,
          -33.6811706
        ]
      },
      "id": "way/424023681"
    },
    {
      "type": "Feature",
      "properties": {
        "@id": "way/424023682",
        "leisure": "park",
        "@geometry": "center"
      },
      "geometry": {
        "type": "Point",
        "coordinates": [
          150.86914,
          -33.6743426
        ]
      },
      "id": "way/424023682"
    },
    {
      "type": "Feature",
      "properties": {
        "@id": "way/424023687",
        "leisure": "park",
        "@geometry": "center"
      },
      "geometry": {
        "type": "Point",
        "coordinates": [
          150.8720445,
          -33.6804506
        ]
      },
      "id": "way/424023687"
    },
    {
      "type": "Feature",
      "properties": {
        "@id": "way/424024942",
        "leisure": "park",
        "name": "Douglas Siding Reserve",
        "@geometry": "center"
      },
      "geometry": {
        "type": "Point",
        "coordinates": [
          150.880193,
          -33.7160038
        ]
      },
      "id": "way/424024942"
    },
    {
      "type": "Feature",
      "properties": {
        "@id": "way/424024946",
        "leisure": "playground",
        "@geometry": "center"
      },
      "geometry": {
        "type": "Point",
        "coordinates": [
          150.8940364,
          -33.7208005
        ]
      },
      "id": "way/424024946"
    },
    {
      "type": "Feature",
      "properties": {
        "@id": "way/424024947",
        "leisure": "park",
        "name": "Schofields Park",
        "operator": "Blacktown City Council",
        "@geometry": "center"
      },
      "geometry": {
        "type": "Point",
        "coordinates": [
          150.873832,
          -33.6939542
        ]
      },
      "id": "way/424024947"
    },
    {
      "type": "Feature",
      "properties": {
        "@id": "way/429998275",
        "leisure": "park",
        "name": "Sherwood Park",
        "source": "lpi NSW Base map",
        "wikidata": "Q21937835",
        "@geometry": "center"
      },
      "geometry": {
        "type": "Point",
        "coordinates": [
          150.8865369,
          -33.7248519
        ]
      },
      "id": "way/429998275"
    },
    {
      "type": "Feature",
      "properties": {
        "@id": "way/429998284",
        "leisure": "playground",
        "@geometry": "center"
      },
      "geometry": {
        "type": "Point",
        "coordinates": [
          150.8864013,
          -33.7260655
        ]
      },
      "id": "way/429998284"
    },
    {
      "type": "Feature",
      "properties": {
        "@id": "way/430004039",
        "leisure": "park",
        "@geometry": "center"
      },
      "geometry": {
        "type": "Point",
        "coordinates": [
          150.8860666,
          -33.7295046
        ]
      },
      "id": "way/430004039"
    },
    {
      "type": "Feature",
      "properties": {
        "@id": "way/430004040",
        "leisure": "playground",
        "@geometry": "center"
      },
      "geometry": {
        "type": "Point",
        "coordinates": [
          150.8860699,
          -33.729475
        ]
      },
      "id": "way/430004040"
    },
    {
      "type": "Feature",
      "properties": {
        "@id": "way/430004065",
        "leisure": "park",
        "@geometry": "center"
      },
      "geometry": {
        "type": "Point",
        "coordinates": [
          150.8898105,
          -33.7254487
        ]
      },
      "id": "way/430004065"
    },
    {
      "type": "Feature",
      "properties": {
        "@id": "way/430004067",
        "access": "yes",
        "leisure": "playground",
        "@geometry": "center"
      },
      "geometry": {
        "type": "Point",
        "coordinates": [
          150.890902,
          -33.725236
        ]
      },
      "id": "way/430004067"
    },
    {
      "type": "Feature",
      "properties": {
        "@id": "way/430004069",
        "leisure": "park",
        "@geometry": "center"
      },
      "geometry": {
        "type": "Point",
        "coordinates": [
          150.891948,
          -33.7310766
        ]
      },
      "id": "way/430004069"
    },
    {
      "type": "Feature",
      "properties": {
        "@id": "way/430124888",
        "leisure": "park",
        "name": "Caroline Chisholm Park",
        "source": "NSW LPI Base Map",
        "@geometry": "center"
      },
      "geometry": {
        "type": "Point",
        "coordinates": [
          150.9685241,
          -33.7735909
        ]
      },
      "id": "way/430124888"
    },
    {
      "type": "Feature",
      "properties": {
        "@id": "way/430126293",
        "leisure": "park",
        "name": "Bruce Cole Reserve",
        "source": "NSW LPI Imagery",
        "source:name": "survey",
        "@geometry": "center"
      },
      "geometry": {
        "type": "Point",
        "coordinates": [
          150.9650499,
          -33.7711479
        ]
      },
      "id": "way/430126293"
    },
    {
      "type": "Feature",
      "properties": {
        "@id": "way/436688728",
        "leisure": "park",
        "@geometry": "center"
      },
      "geometry": {
        "type": "Point",
        "coordinates": [
          150.7993953,
          -33.7304701
        ]
      },
      "id": "way/436688728"
    },
    {
      "type": "Feature",
      "properties": {
        "@id": "way/436688729",
        "leisure": "park",
        "@geometry": "center"
      },
      "geometry": {
        "type": "Point",
        "coordinates": [
          150.8193241,
          -33.7407054
        ]
      },
      "id": "way/436688729"
    },
    {
      "type": "Feature",
      "properties": {
        "@id": "way/436688730",
        "leisure": "park",
        "@geometry": "center"
      },
      "geometry": {
        "type": "Point",
        "coordinates": [
          150.7942256,
          -33.7394428
        ]
      },
      "id": "way/436688730"
    },
    {
      "type": "Feature",
      "properties": {
        "@id": "way/436688731",
        "leisure": "park",
        "name": "Kruse Park",
        "wikidata": "Q21929757",
        "@geometry": "center"
      },
      "geometry": {
        "type": "Point",
        "coordinates": [
          150.7960737,
          -33.7508497
        ]
      },
      "id": "way/436688731"
    },
    {
      "type": "Feature",
      "properties": {
        "@id": "way/436688732",
        "leisure": "park",
        "name": "Peterson Park",
        "wikidata": "Q21934761",
        "@geometry": "center"
      },
      "geometry": {
        "type": "Point",
        "coordinates": [
          150.7906643,
          -33.7406139
        ]
      },
      "id": "way/436688732"
    },
    {
      "type": "Feature",
      "properties": {
        "@id": "way/436688733",
        "leisure": "park",
        "@geometry": "center"
      },
      "geometry": {
        "type": "Point",
        "coordinates": [
          150.8010743,
          -33.7418363
        ]
      },
      "id": "way/436688733"
    },
    {
      "type": "Feature",
      "properties": {
        "@id": "way/436694606",
        "leisure": "park",
        "name": "Bloxham Park",
        "wikidata": "Q21925227",
        "@geometry": "center"
      },
      "geometry": {
        "type": "Point",
        "coordinates": [
          150.8103458,
          -33.7560768
        ]
      },
      "id": "way/436694606"
    },
    {
      "type": "Feature",
      "properties": {
        "@id": "way/436694607",
        "leisure": "park",
        "name": "Cooma Street Park",
        "@geometry": "center"
      },
      "geometry": {
        "type": "Point",
        "coordinates": [
          150.8164947,
          -33.7499096
        ]
      },
      "id": "way/436694607"
    },
    {
      "type": "Feature",
      "properties": {
        "@id": "way/436694608",
        "leisure": "park",
        "name": "Wyanda Reserve",
        "@geometry": "center"
      },
      "geometry": {
        "type": "Point",
        "coordinates": [
          150.8113278,
          -33.7471887
        ]
      },
      "id": "way/436694608"
    },
    {
      "type": "Feature",
      "properties": {
        "@id": "way/436694611",
        "leisure": "park",
        "name": "Karangi Park",
        "@geometry": "center"
      },
      "geometry": {
        "type": "Point",
        "coordinates": [
          150.8113288,
          -33.7523481
        ]
      },
      "id": "way/436694611"
    },
    {
      "type": "Feature",
      "properties": {
        "@id": "way/437132174",
        "leisure": "park",
        "name": "Boronia Park",
        "@geometry": "center"
      },
      "geometry": {
        "type": "Point",
        "coordinates": [
          150.7919111,
          -33.7577828
        ]
      },
      "id": "way/437132174"
    },
    {
      "type": "Feature",
      "properties": {
        "@id": "way/437134852",
        "leisure": "playground",
        "@geometry": "center"
      },
      "geometry": {
        "type": "Point",
        "coordinates": [
          150.8009974,
          -33.7550581
        ]
      },
      "id": "way/437134852"
    },
    {
      "type": "Feature",
      "properties": {
        "@id": "way/437136275",
        "leisure": "park",
        "@geometry": "center"
      },
      "geometry": {
        "type": "Point",
        "coordinates": [
          150.8074601,
          -33.7477562
        ]
      },
      "id": "way/437136275"
    },
    {
      "type": "Feature",
      "properties": {
        "@id": "way/437136276",
        "leisure": "playground",
        "@geometry": "center"
      },
      "geometry": {
        "type": "Point",
        "coordinates": [
          150.8075849,
          -33.7477164
        ]
      },
      "id": "way/437136276"
    },
    {
      "type": "Feature",
      "properties": {
        "@id": "way/437136281",
        "leisure": "park",
        "name": "Gumnut Reserve",
        "@geometry": "center"
      },
      "geometry": {
        "type": "Point",
        "coordinates": [
          150.8070967,
          -33.7451843
        ]
      },
      "id": "way/437136281"
    },
    {
      "type": "Feature",
      "properties": {
        "@id": "way/437892601",
        "leisure": "park",
        "name": "Tregear Reserve",
        "@geometry": "center"
      },
      "geometry": {
        "type": "Point",
        "coordinates": [
          150.7894665,
          -33.7466845
        ]
      },
      "id": "way/437892601"
    },
    {
      "type": "Feature",
      "properties": {
        "@id": "way/437893018",
        "leisure": "playground",
        "@geometry": "center"
      },
      "geometry": {
        "type": "Point",
        "coordinates": [
          150.7941917,
          -33.739285
        ]
      },
      "id": "way/437893018"
    },
    {
      "type": "Feature",
      "properties": {
        "@id": "way/437893020",
        "leisure": "playground",
        "@geometry": "center"
      },
      "geometry": {
        "type": "Point",
        "coordinates": [
          150.7910012,
          -33.7406768
        ]
      },
      "id": "way/437893020"
    },
    {
      "type": "Feature",
      "properties": {
        "@id": "way/437893401",
        "leisure": "park",
        "@geometry": "center"
      },
      "geometry": {
        "type": "Point",
        "coordinates": [
          150.7990904,
          -33.7354132
        ]
      },
      "id": "way/437893401"
    },
    {
      "type": "Feature",
      "properties": {
        "@id": "way/437894885",
        "leisure": "playground",
        "@geometry": "center"
      },
      "geometry": {
        "type": "Point",
        "coordinates": [
          150.7926066,
          -33.7235931
        ]
      },
      "id": "way/437894885"
    },
    {
      "type": "Feature",
      "properties": {
        "@id": "way/437894886",
        "leisure": "playground",
        "@geometry": "center"
      },
      "geometry": {
        "type": "Point",
        "coordinates": [
          150.794264,
          -33.7232975
        ]
      },
      "id": "way/437894886"
    },
    {
      "type": "Feature",
      "properties": {
        "@id": "way/437894898",
        "leisure": "park",
        "name": "Roberts Reserve",
        "@geometry": "center"
      },
      "geometry": {
        "type": "Point",
        "coordinates": [
          150.7897588,
          -33.7241559
        ]
      },
      "id": "way/437894898"
    },
    {
      "type": "Feature",
      "properties": {
        "@id": "way/437894903",
        "leisure": "playground",
        "@geometry": "center"
      },
      "geometry": {
        "type": "Point",
        "coordinates": [
          150.7900526,
          -33.7240443
        ]
      },
      "id": "way/437894903"
    },
    {
      "type": "Feature",
      "properties": {
        "@id": "way/438380343",
        "leisure": "park",
        "name": "Third Settlement Reserve",
        "source": "NSW LPI Base Map",
        "source:date": "2016-08",
        "@geometry": "center"
      },
      "geometry": {
        "type": "Point",
        "coordinates": [
          150.9763574,
          -33.7836676
        ]
      },
      "id": "way/438380343"
    },
    {
      "type": "Feature",
      "properties": {
        "@id": "way/439683440",
        "leisure": "playground",
        "@geometry": "center"
      },
      "geometry": {
        "type": "Point",
        "coordinates": [
          150.8171168,
          -33.738388
        ]
      },
      "id": "way/439683440"
    },
    {
      "type": "Feature",
      "properties": {
        "@id": "way/440443520",
        "leisure": "park",
        "name": "Andrew Campbell Reserve",
        "operator": "Sydney Water",
        "operator:wikidata": "Q14476248",
        "@geometry": "center"
      },
      "geometry": {
        "type": "Point",
        "coordinates": [
          150.9147713,
          -33.8130349
        ]
      },
      "id": "way/440443520"
    },
    {
      "type": "Feature",
      "properties": {
        "@id": "way/440443524",
        "leisure": "playground",
        "@geometry": "center"
      },
      "geometry": {
        "type": "Point",
        "coordinates": [
          150.9146843,
          -33.8126179
        ]
      },
      "id": "way/440443524"
    },
    {
      "type": "Feature",
      "properties": {
        "@id": "way/440443527",
        "leisure": "playground",
        "@geometry": "center"
      },
      "geometry": {
        "type": "Point",
        "coordinates": [
          150.908586,
          -33.8268747
        ]
      },
      "id": "way/440443527"
    },
    {
      "type": "Feature",
      "properties": {
        "@id": "way/441712201",
        "leisure": "park",
        "name": "Plaza Park",
        "@geometry": "center"
      },
      "geometry": {
        "type": "Point",
        "coordinates": [
          150.9095144,
          -33.7061106
        ]
      },
      "id": "way/441712201"
    },
    {
      "type": "Feature",
      "properties": {
        "@id": "way/442898899",
        "leisure": "playground",
        "@geometry": "center"
      },
      "geometry": {
        "type": "Point",
        "coordinates": [
          150.8178931,
          -33.7305681
        ]
      },
      "id": "way/442898899"
    },
    {
      "type": "Feature",
      "properties": {
        "@id": "way/442898900",
        "leisure": "playground",
        "@geometry": "center"
      },
      "geometry": {
        "type": "Point",
        "coordinates": [
          150.8180938,
          -33.7304869
        ]
      },
      "id": "way/442898900"
    },
    {
      "type": "Feature",
      "properties": {
        "@id": "way/443167478",
        "leisure": "park",
        "name": "One Tree Hill Reserve",
        "@geometry": "center"
      },
      "geometry": {
        "type": "Point",
        "coordinates": [
          150.9682604,
          -33.7779993
        ]
      },
      "id": "way/443167478"
    },
    {
      "type": "Feature",
      "properties": {
        "@id": "way/444075867",
        "leisure": "park",
        "name": "Bolaro Avenue Park",
        "@geometry": "center"
      },
      "geometry": {
        "type": "Point",
        "coordinates": [
          150.9325963,
          -33.8288484
        ]
      },
      "id": "way/444075867"
    },
    {
      "type": "Feature",
      "properties": {
        "@id": "way/444075872",
        "leisure": "park",
        "name": "Greystanes Sportsground",
        "@geometry": "center"
      },
      "geometry": {
        "type": "Point",
        "coordinates": [
          150.9388568,
          -33.8293248
        ]
      },
      "id": "way/444075872"
    },
    {
      "type": "Feature",
      "properties": {
        "@id": "way/444075881",
        "leisure": "playground",
        "@geometry": "center"
      },
      "geometry": {
        "type": "Point",
        "coordinates": [
          150.9383981,
          -33.8292788
        ]
      },
      "id": "way/444075881"
    },
    {
      "type": "Feature",
      "properties": {
        "@id": "way/444075913",
        "leisure": "park",
        "name": "Hopman Street Park",
        "@geometry": "center"
      },
      "geometry": {
        "type": "Point",
        "coordinates": [
          150.9458023,
          -33.8306449
        ]
      },
      "id": "way/444075913"
    },
    {
      "type": "Feature",
      "properties": {
        "@id": "way/444075921",
        "leisure": "playground",
        "@geometry": "center"
      },
      "geometry": {
        "type": "Point",
        "coordinates": [
          150.9621131,
          -33.8378115
        ]
      },
      "id": "way/444075921"
    },
    {
      "type": "Feature",
      "properties": {
        "@id": "way/444075923",
        "leisure": "park",
        "name": "Josephine Street Park",
        "@geometry": "center"
      },
      "geometry": {
        "type": "Point",
        "coordinates": [
          150.9621166,
          -33.8378873
        ]
      },
      "id": "way/444075923"
    },
    {
      "type": "Feature",
      "properties": {
        "@id": "way/444076267",
        "leisure": "playground",
        "@geometry": "center"
      },
      "geometry": {
        "type": "Point",
        "coordinates": [
          150.9321609,
          -33.8325113
        ]
      },
      "id": "way/444076267"
    },
    {
      "type": "Feature",
      "properties": {
        "@id": "way/444076359",
        "leisure": "playground",
        "@geometry": "center"
      },
      "geometry": {
        "type": "Point",
        "coordinates": [
          150.9412315,
          -33.8333828
        ]
      },
      "id": "way/444076359"
    },
    {
      "type": "Feature",
      "properties": {
        "@id": "way/448781515",
        "leisure": "park",
        "name": "Long Tan Reserve",
        "@geometry": "center"
      },
      "geometry": {
        "type": "Point",
        "coordinates": [
          150.8226064,
          -33.7282597
        ]
      },
      "id": "way/448781515"
    },
    {
      "type": "Feature",
      "properties": {
        "@id": "way/450681646",
        "leisure": "park",
        "name": "Colonial Reserve",
        "@geometry": "center"
      },
      "geometry": {
        "type": "Point",
        "coordinates": [
          150.7998525,
          -33.6395473
        ]
      },
      "id": "way/450681646"
    },
    {
      "type": "Feature",
      "properties": {
        "@id": "way/458936617",
        "leisure": "park",
        "name": "Remembrance Gardens",
        "@geometry": "center"
      },
      "geometry": {
        "type": "Point",
        "coordinates": [
          150.8070861,
          -33.7758497
        ]
      },
      "id": "way/458936617"
    },
    {
      "type": "Feature",
      "properties": {
        "@id": "way/460259478",
        "leisure": "park",
        "@geometry": "center"
      },
      "geometry": {
        "type": "Point",
        "coordinates": [
          150.9493627,
          -33.7860541
        ]
      },
      "id": "way/460259478"
    },
    {
      "type": "Feature",
      "properties": {
        "@id": "way/463151235",
        "addr:housenumber": "150",
        "addr:postcode": "2153",
        "addr:street": "Junction Road",
        "addr:suburb": "Winston Hills",
        "leisure": "park",
        "name": "Timbergetters Reserve",
        "website": "http://parramatta.nsw.gov.au/play/sports_and_recreation/parks_and_reserves2/timbergetters_reserve",
        "@geometry": "center"
      },
      "geometry": {
        "type": "Point",
        "coordinates": [
          150.9799038,
          -33.7733929
        ]
      },
      "id": "way/463151235"
    },
    {
      "type": "Feature",
      "properties": {
        "@id": "way/467712950",
        "leisure": "park",
        "name": "Heber Park",
        "source": "lpi nsw basemap and imagery",
        "@geometry": "center"
      },
      "geometry": {
        "type": "Point",
        "coordinates": [
          150.8263915,
          -33.7459132
        ]
      },
      "id": "way/467712950"
    },
    {
      "type": "Feature",
      "properties": {
        "@id": "way/467712953",
        "leisure": "playground",
        "@geometry": "center"
      },
      "geometry": {
        "type": "Point",
        "coordinates": [
          150.8272047,
          -33.7462928
        ]
      },
      "id": "way/467712953"
    },
    {
      "type": "Feature",
      "properties": {
        "@id": "way/467712964",
        "leisure": "playground",
        "@geometry": "center"
      },
      "geometry": {
        "type": "Point",
        "coordinates": [
          150.824947,
          -33.7442411
        ]
      },
      "id": "way/467712964"
    },
    {
      "type": "Feature",
      "properties": {
        "@id": "way/467713240",
        "leisure": "park",
        "name": "Olson Reserve",
        "source": "lpi nsw basemap",
        "@geometry": "center"
      },
      "geometry": {
        "type": "Point",
        "coordinates": [
          150.8339375,
          -33.7433065
        ]
      },
      "id": "way/467713240"
    },
    {
      "type": "Feature",
      "properties": {
        "@id": "way/467714024",
        "leisure": "playground",
        "@geometry": "center"
      },
      "geometry": {
        "type": "Point",
        "coordinates": [
          150.8284484,
          -33.7405882
        ]
      },
      "id": "way/467714024"
    },
    {
      "type": "Feature",
      "properties": {
        "@id": "way/467714028",
        "leisure": "playground",
        "@geometry": "center"
      },
      "geometry": {
        "type": "Point",
        "coordinates": [
          150.8272137,
          -33.7397961
        ]
      },
      "id": "way/467714028"
    },
    {
      "type": "Feature",
      "properties": {
        "@id": "way/467714928",
        "leisure": "playground",
        "@geometry": "center"
      },
      "geometry": {
        "type": "Point",
        "coordinates": [
          150.8343363,
          -33.73837
        ]
      },
      "id": "way/467714928"
    },
    {
      "type": "Feature",
      "properties": {
        "@id": "way/467714929",
        "leisure": "playground",
        "@geometry": "center"
      },
      "geometry": {
        "type": "Point",
        "coordinates": [
          150.8307492,
          -33.7358812
        ]
      },
      "id": "way/467714929"
    },
    {
      "type": "Feature",
      "properties": {
        "@id": "way/467715003",
        "leisure": "park",
        "name": "Gomebeeree Park",
        "source": "lpi nsw basemap",
        "@geometry": "center"
      },
      "geometry": {
        "type": "Point",
        "coordinates": [
          150.8180507,
          -33.7335138
        ]
      },
      "id": "way/467715003"
    },
    {
      "type": "Feature",
      "properties": {
        "@id": "way/467715004",
        "leisure": "playground",
        "@geometry": "center"
      },
      "geometry": {
        "type": "Point",
        "coordinates": [
          150.8184238,
          -33.7338132
        ]
      },
      "id": "way/467715004"
    },
    {
      "type": "Feature",
      "properties": {
        "@id": "way/467715005",
        "leisure": "playground",
        "@geometry": "center"
      },
      "geometry": {
        "type": "Point",
        "coordinates": [
          150.8168051,
          -33.7339614
        ]
      },
      "id": "way/467715005"
    },
    {
      "type": "Feature",
      "properties": {
        "@id": "way/467715296",
        "leisure": "park",
        "name": "Blackett Heights Reserve",
        "source": "lpi nsw basemap",
        "@geometry": "center"
      },
      "geometry": {
        "type": "Point",
        "coordinates": [
          150.8230579,
          -33.7360419
        ]
      },
      "id": "way/467715296"
    },
    {
      "type": "Feature",
      "properties": {
        "@id": "way/467717406",
        "leisure": "park",
        "@geometry": "center"
      },
      "geometry": {
        "type": "Point",
        "coordinates": [
          150.8355713,
          -33.7333864
        ]
      },
      "id": "way/467717406"
    },
    {
      "type": "Feature",
      "properties": {
        "@id": "way/467717412",
        "leisure": "park",
        "@geometry": "center"
      },
      "geometry": {
        "type": "Point",
        "coordinates": [
          150.8379589,
          -33.7322108
        ]
      },
      "id": "way/467717412"
    },
    {
      "type": "Feature",
      "properties": {
        "@id": "way/467717414",
        "leisure": "playground",
        "@geometry": "center"
      },
      "geometry": {
        "type": "Point",
        "coordinates": [
          150.8378326,
          -33.7322863
        ]
      },
      "id": "way/467717414"
    },
    {
      "type": "Feature",
      "properties": {
        "@id": "way/467717424",
        "leisure": "playground",
        "@geometry": "center"
      },
      "geometry": {
        "type": "Point",
        "coordinates": [
          150.8407546,
          -33.7356025
        ]
      },
      "id": "way/467717424"
    },
    {
      "type": "Feature",
      "properties": {
        "@id": "way/468515502",
        "leisure": "park",
        "name": "Berruex Reserve",
        "@geometry": "center"
      },
      "geometry": {
        "type": "Point",
        "coordinates": [
          150.8353388,
          -33.791218
        ]
      },
      "id": "way/468515502"
    },
    {
      "type": "Feature",
      "properties": {
        "@id": "way/469782853",
        "landuse": "recreation_ground",
        "name": "Horsley Park Reserve",
        "@geometry": "center"
      },
      "geometry": {
        "type": "Point",
        "coordinates": [
          150.845488,
          -33.8395318
        ]
      },
      "id": "way/469782853"
    },
    {
      "type": "Feature",
      "properties": {
        "@id": "way/488264726",
        "leisure": "playground",
        "@geometry": "center"
      },
      "geometry": {
        "type": "Point",
        "coordinates": [
          150.912552,
          -33.7016617
        ]
      },
      "id": "way/488264726"
    },
    {
      "type": "Feature",
      "properties": {
        "@id": "way/493189592",
        "leisure": "park",
        "name": "Gilmour Street Reserve",
        "@geometry": "center"
      },
      "geometry": {
        "type": "Point",
        "coordinates": [
          150.8036235,
          -33.7866485
        ]
      },
      "id": "way/493189592"
    },
    {
      "type": "Feature",
      "properties": {
        "@id": "way/497280870",
        "leisure": "park",
        "name": "Edgar Barlow Park",
        "@geometry": "center"
      },
      "geometry": {
        "type": "Point",
        "coordinates": [
          150.8975495,
          -33.6973076
        ]
      },
      "id": "way/497280870"
    },
    {
      "type": "Feature",
      "properties": {
        "@id": "way/497286887",
        "leisure": "park",
        "name": "Riverbank Park",
        "@geometry": "center"
      },
      "geometry": {
        "type": "Point",
        "coordinates": [
          150.9010948,
          -33.7068536
        ]
      },
      "id": "way/497286887"
    },
    {
      "type": "Feature",
      "properties": {
        "@id": "way/497286888",
        "leisure": "park",
        "name": "Reserve 877",
        "@geometry": "center"
      },
      "geometry": {
        "type": "Point",
        "coordinates": [
          150.8987188,
          -33.7124976
        ]
      },
      "id": "way/497286888"
    },
    {
      "type": "Feature",
      "properties": {
        "@id": "way/497572235",
        "landuse": "recreation_ground",
        "name": "Peel Reserve",
        "@geometry": "center"
      },
      "geometry": {
        "type": "Point",
        "coordinates": [
          150.9064393,
          -33.7016777
        ]
      },
      "id": "way/497572235"
    },
    {
      "type": "Feature",
      "properties": {
        "@id": "way/502885485",
        "leisure": "park",
        "@geometry": "center"
      },
      "geometry": {
        "type": "Point",
        "coordinates": [
          150.8989314,
          -33.7845153
        ]
      },
      "id": "way/502885485"
    },
    {
      "type": "Feature",
      "properties": {
        "@id": "way/503975787",
        "landuse": "grass",
        "leisure": "park",
        "name": "Bambara Park",
        "@geometry": "center"
      },
      "geometry": {
        "type": "Point",
        "coordinates": [
          150.8161169,
          -33.7524406
        ]
      },
      "id": "way/503975787"
    },
    {
      "type": "Feature",
      "properties": {
        "@id": "way/503975788",
        "leisure": "park",
        "name": "Binyang Park",
        "@geometry": "center"
      },
      "geometry": {
        "type": "Point",
        "coordinates": [
          150.9086554,
          -33.7166369
        ]
      },
      "id": "way/503975788"
    },
    {
      "type": "Feature",
      "properties": {
        "@id": "way/503975789",
        "leisure": "park",
        "name": "The Ponds Parklands",
        "@geometry": "center"
      },
      "geometry": {
        "type": "Point",
        "coordinates": [
          150.9085884,
          -33.7166055
        ]
      },
      "id": "way/503975789"
    },
    {
      "type": "Feature",
      "properties": {
        "@id": "way/514081667",
        "leisure": "park",
        "name": "Frank Hayes Park",
        "@geometry": "center"
      },
      "geometry": {
        "type": "Point",
        "coordinates": [
          150.9685576,
          -33.8018858
        ]
      },
      "id": "way/514081667"
    },
    {
      "type": "Feature",
      "properties": {
        "@id": "way/522707019",
        "leisure": "playground",
        "@geometry": "center"
      },
      "geometry": {
        "type": "Point",
        "coordinates": [
          150.9126046,
          -33.7944899
        ]
      },
      "id": "way/522707019"
    },
    {
      "type": "Feature",
      "properties": {
        "@id": "way/522713258",
        "leisure": "park",
        "@geometry": "center"
      },
      "geometry": {
        "type": "Point",
        "coordinates": [
          150.9248071,
          -33.7986391
        ]
      },
      "id": "way/522713258"
    },
    {
      "type": "Feature",
      "properties": {
        "@id": "way/524827985",
        "landuse": "recreation_ground",
        "name": "Kellyville Memorial Park",
        "@geometry": "center"
      },
      "geometry": {
        "type": "Point",
        "coordinates": [
          150.9581046,
          -33.718869
        ]
      },
      "id": "way/524827985"
    },
    {
      "type": "Feature",
      "properties": {
        "@id": "way/526289723",
        "leisure": "playground",
        "@geometry": "center"
      },
      "geometry": {
        "type": "Point",
        "coordinates": [
          150.9293633,
          -33.8023915
        ]
      },
      "id": "way/526289723"
    },
    {
      "type": "Feature",
      "properties": {
        "@id": "way/526289724",
        "leisure": "park",
        "name": "Parraweena Park",
        "wikidata": "Q21934776",
        "@geometry": "center"
      },
      "geometry": {
        "type": "Point",
        "coordinates": [
          150.9293531,
          -33.8024003
        ]
      },
      "id": "way/526289724"
    },
    {
      "type": "Feature",
      "properties": {
        "@id": "way/526289730",
        "leisure": "park",
        "name": "Valencia Park",
        "@geometry": "center"
      },
      "geometry": {
        "type": "Point",
        "coordinates": [
          150.9313017,
          -33.7973252
        ]
      },
      "id": "way/526289730"
    },
    {
      "type": "Feature",
      "properties": {
        "@id": "way/526289740",
        "leisure": "playground",
        "@geometry": "center"
      },
      "geometry": {
        "type": "Point",
        "coordinates": [
          150.9358213,
          -33.7992975
        ]
      },
      "id": "way/526289740"
    },
    {
      "type": "Feature",
      "properties": {
        "@id": "way/526289743",
        "leisure": "playground",
        "@geometry": "center"
      },
      "geometry": {
        "type": "Point",
        "coordinates": [
          150.9458664,
          -33.7913494
        ]
      },
      "id": "way/526289743"
    },
    {
      "type": "Feature",
      "properties": {
        "@id": "way/526309892",
        "leisure": "playground",
        "@geometry": "center"
      },
      "geometry": {
        "type": "Point",
        "coordinates": [
          150.9437497,
          -33.8041284
        ]
      },
      "id": "way/526309892"
    },
    {
      "type": "Feature",
      "properties": {
        "@id": "way/526309894",
        "leisure": "park",
        "name": "Mardi Street Park",
        "@geometry": "center"
      },
      "geometry": {
        "type": "Point",
        "coordinates": [
          150.9438571,
          -33.8041811
        ]
      },
      "id": "way/526309894"
    },
    {
      "type": "Feature",
      "properties": {
        "@id": "way/526309900",
        "leisure": "playground",
        "@geometry": "center"
      },
      "geometry": {
        "type": "Point",
        "coordinates": [
          150.948682,
          -33.8026221
        ]
      },
      "id": "way/526309900"
    },
    {
      "type": "Feature",
      "properties": {
        "@id": "way/526309906",
        "leisure": "playground",
        "@geometry": "center"
      },
      "geometry": {
        "type": "Point",
        "coordinates": [
          150.9469379,
          -33.8047502
        ]
      },
      "id": "way/526309906"
    },
    {
      "type": "Feature",
      "properties": {
        "@id": "way/526309908",
        "leisure": "park",
        "name": "Linlee Street Park",
        "@geometry": "center"
      },
      "geometry": {
        "type": "Point",
        "coordinates": [
          150.9468447,
          -33.8048328
        ]
      },
      "id": "way/526309908"
    },
    {
      "type": "Feature",
      "properties": {
        "@id": "way/526309915",
        "leisure": "playground",
        "@geometry": "center"
      },
      "geometry": {
        "type": "Point",
        "coordinates": [
          150.9560859,
          -33.8083945
        ]
      },
      "id": "way/526309915"
    },
    {
      "type": "Feature",
      "properties": {
        "@id": "way/526309916",
        "leisure": "park",
        "name": "Boyne Avenue Park",
        "@geometry": "center"
      },
      "geometry": {
        "type": "Point",
        "coordinates": [
          150.9561248,
          -33.8083831
        ]
      },
      "id": "way/526309916"
    },
    {
      "type": "Feature",
      "properties": {
        "@id": "way/526309919",
        "leisure": "playground",
        "@geometry": "center"
      },
      "geometry": {
        "type": "Point",
        "coordinates": [
          150.9490852,
          -33.8088758
        ]
      },
      "id": "way/526309919"
    },
    {
      "type": "Feature",
      "properties": {
        "@id": "way/526309923",
        "leisure": "playground",
        "@geometry": "center"
      },
      "geometry": {
        "type": "Point",
        "coordinates": [
          150.9496432,
          -33.8070362
        ]
      },
      "id": "way/526309923"
    },
    {
      "type": "Feature",
      "properties": {
        "@id": "way/526309938",
        "leisure": "playground",
        "@geometry": "center"
      },
      "geometry": {
        "type": "Point",
        "coordinates": [
          150.9407361,
          -33.8098948
        ]
      },
      "id": "way/526309938"
    },
    {
      "type": "Feature",
      "properties": {
        "@id": "way/526309941",
        "leisure": "park",
        "name": "Haywood Place Reserve",
        "@geometry": "center"
      },
      "geometry": {
        "type": "Point",
        "coordinates": [
          150.9407243,
          -33.8098504
        ]
      },
      "id": "way/526309941"
    },
    {
      "type": "Feature",
      "properties": {
        "@id": "way/526309957",
        "leisure": "playground",
        "@geometry": "center"
      },
      "geometry": {
        "type": "Point",
        "coordinates": [
          150.9424033,
          -33.8062475
        ]
      },
      "id": "way/526309957"
    },
    {
      "type": "Feature",
      "properties": {
        "@id": "way/526309959",
        "leisure": "playground",
        "@geometry": "center"
      },
      "geometry": {
        "type": "Point",
        "coordinates": [
          150.9425451,
          -33.8061725
        ]
      },
      "id": "way/526309959"
    },
    {
      "type": "Feature",
      "properties": {
        "@id": "way/526309964",
        "leisure": "park",
        "name": "Mansfield Street Park",
        "@geometry": "center"
      },
      "geometry": {
        "type": "Point",
        "coordinates": [
          150.9457276,
          -33.8089545
        ]
      },
      "id": "way/526309964"
    },
    {
      "type": "Feature",
      "properties": {
        "@id": "way/526309965",
        "leisure": "playground",
        "@geometry": "center"
      },
      "geometry": {
        "type": "Point",
        "coordinates": [
          150.9440743,
          -33.8076203
        ]
      },
      "id": "way/526309965"
    },
    {
      "type": "Feature",
      "properties": {
        "@id": "way/526329647",
        "leisure": "park",
        "name": "Cooma Road Park",
        "@geometry": "center"
      },
      "geometry": {
        "type": "Point",
        "coordinates": [
          150.9349597,
          -33.8124551
        ]
      },
      "id": "way/526329647"
    },
    {
      "type": "Feature",
      "properties": {
        "@id": "way/526329648",
        "leisure": "playground",
        "@geometry": "center"
      },
      "geometry": {
        "type": "Point",
        "coordinates": [
          150.947415,
          -33.821547
        ]
      },
      "id": "way/526329648"
    },
    {
      "type": "Feature",
      "properties": {
        "@id": "way/526329649",
        "leisure": "park",
        "name": "Kootingal Street Park",
        "@geometry": "center"
      },
      "geometry": {
        "type": "Point",
        "coordinates": [
          150.947185,
          -33.8216127
        ]
      },
      "id": "way/526329649"
    },
    {
      "type": "Feature",
      "properties": {
        "@id": "way/526329650",
        "leisure": "park",
        "name": "Bogan Street Reserve",
        "@geometry": "center"
      },
      "geometry": {
        "type": "Point",
        "coordinates": [
          150.9422967,
          -33.8179092
        ]
      },
      "id": "way/526329650"
    },
    {
      "type": "Feature",
      "properties": {
        "@id": "way/526329652",
        "leisure": "playground",
        "@geometry": "center"
      },
      "geometry": {
        "type": "Point",
        "coordinates": [
          150.9386437,
          -33.8210461
        ]
      },
      "id": "way/526329652"
    },
    {
      "type": "Feature",
      "properties": {
        "@id": "way/526329653",
        "leisure": "playground",
        "@geometry": "center"
      },
      "geometry": {
        "type": "Point",
        "coordinates": [
          150.93862,
          -33.8211972
        ]
      },
      "id": "way/526329653"
    },
    {
      "type": "Feature",
      "properties": {
        "@id": "way/526329663",
        "leisure": "playground",
        "@geometry": "center"
      },
      "geometry": {
        "type": "Point",
        "coordinates": [
          150.9599151,
          -33.828679
        ]
      },
      "id": "way/526329663"
    },
    {
      "type": "Feature",
      "properties": {
        "@id": "way/526329664",
        "leisure": "playground",
        "@geometry": "center"
      },
      "geometry": {
        "type": "Point",
        "coordinates": [
          150.9597475,
          -33.828673
        ]
      },
      "id": "way/526329664"
    },
    {
      "type": "Feature",
      "properties": {
        "@id": "way/526329678",
        "leisure": "playground",
        "@geometry": "center"
      },
      "geometry": {
        "type": "Point",
        "coordinates": [
          150.9509877,
          -33.8241847
        ]
      },
      "id": "way/526329678"
    },
    {
      "type": "Feature",
      "properties": {
        "@id": "way/526329682",
        "leisure": "park",
        "name": "Lance Street Reserve",
        "@geometry": "center"
      },
      "geometry": {
        "type": "Point",
        "coordinates": [
          150.9574361,
          -33.818926
        ]
      },
      "id": "way/526329682"
    },
    {
      "type": "Feature",
      "properties": {
        "@id": "way/526329687",
        "leisure": "playground",
        "@geometry": "center"
      },
      "geometry": {
        "type": "Point",
        "coordinates": [
          150.9405693,
          -33.8267416
        ]
      },
      "id": "way/526329687"
    },
    {
      "type": "Feature",
      "properties": {
        "@id": "way/526329688",
        "leisure": "park",
        "name": "Bradman Street Park",
        "@geometry": "center"
      },
      "geometry": {
        "type": "Point",
        "coordinates": [
          150.940734,
          -33.826729
        ]
      },
      "id": "way/526329688"
    },
    {
      "type": "Feature",
      "properties": {
        "@id": "way/526329691",
        "leisure": "park",
        "name": "Kippax Street Park",
        "@geometry": "center"
      },
      "geometry": {
        "type": "Point",
        "coordinates": [
          150.9376692,
          -33.826814
        ]
      },
      "id": "way/526329691"
    },
    {
      "type": "Feature",
      "properties": {
        "@id": "way/526329692",
        "leisure": "playground",
        "@geometry": "center"
      },
      "geometry": {
        "type": "Point",
        "coordinates": [
          150.9545112,
          -33.8339542
        ]
      },
      "id": "way/526329692"
    },
    {
      "type": "Feature",
      "properties": {
        "@id": "way/526329693",
        "leisure": "playground",
        "@geometry": "center"
      },
      "geometry": {
        "type": "Point",
        "coordinates": [
          150.9569627,
          -33.8339972
        ]
      },
      "id": "way/526329693"
    },
    {
      "type": "Feature",
      "properties": {
        "@id": "way/526329715",
        "access": "yes",
        "leisure": "playground",
        "@geometry": "center"
      },
      "geometry": {
        "type": "Point",
        "coordinates": [
          150.9477255,
          -33.8149011
        ]
      },
      "id": "way/526329715"
    },
    {
      "type": "Feature",
      "properties": {
        "@id": "way/526329716",
        "leisure": "park",
        "name": "Forest Gum Park",
        "@geometry": "center"
      },
      "geometry": {
        "type": "Point",
        "coordinates": [
          150.9478562,
          -33.8146852
        ]
      },
      "id": "way/526329716"
    },
    {
      "type": "Feature",
      "properties": {
        "@id": "way/526329718",
        "leisure": "park",
        "name": "White Gum Reserve",
        "@geometry": "center"
      },
      "geometry": {
        "type": "Point",
        "coordinates": [
          150.9501861,
          -33.8149972
        ]
      },
      "id": "way/526329718"
    },
    {
      "type": "Feature",
      "properties": {
        "@id": "way/526329722",
        "access": "yes",
        "leisure": "playground",
        "@geometry": "center"
      },
      "geometry": {
        "type": "Point",
        "coordinates": [
          150.9502407,
          -33.8139349
        ]
      },
      "id": "way/526329722"
    },
    {
      "type": "Feature",
      "properties": {
        "@id": "way/526579338",
        "leisure": "playground",
        "@geometry": "center"
      },
      "geometry": {
        "type": "Point",
        "coordinates": [
          150.9486763,
          -33.8367024
        ]
      },
      "id": "way/526579338"
    },
    {
      "type": "Feature",
      "properties": {
        "@id": "way/527363217",
        "leisure": "playground",
        "@geometry": "center"
      },
      "geometry": {
        "type": "Point",
        "coordinates": [
          150.9030201,
          -33.7992933
        ]
      },
      "id": "way/527363217"
    },
    {
      "type": "Feature",
      "properties": {
        "@id": "way/527363219",
        "leisure": "playground",
        "@geometry": "center"
      },
      "geometry": {
        "type": "Point",
        "coordinates": [
          150.906283,
          -33.7904671
        ]
      },
      "id": "way/527363219"
    },
    {
      "type": "Feature",
      "properties": {
        "@id": "way/527671591",
        "leisure": "playground",
        "@geometry": "center"
      },
      "geometry": {
        "type": "Point",
        "coordinates": [
          150.8985266,
          -33.7778752
        ]
      },
      "id": "way/527671591"
    },
    {
      "type": "Feature",
      "properties": {
        "@id": "way/527671593",
        "leisure": "playground",
        "@geometry": "center"
      },
      "geometry": {
        "type": "Point",
        "coordinates": [
          150.8991315,
          -33.7843339
        ]
      },
      "id": "way/527671593"
    },
    {
      "type": "Feature",
      "properties": {
        "@id": "way/527671602",
        "leisure": "park",
        "@geometry": "center"
      },
      "geometry": {
        "type": "Point",
        "coordinates": [
          150.899287,
          -33.7916958
        ]
      },
      "id": "way/527671602"
    },
    {
      "type": "Feature",
      "properties": {
        "@id": "way/527972509",
        "leisure": "park",
        "@geometry": "center"
      },
      "geometry": {
        "type": "Point",
        "coordinates": [
          150.9165187,
          -33.7930925
        ]
      },
      "id": "way/527972509"
    },
    {
      "type": "Feature",
      "properties": {
        "@id": "way/527972510",
        "leisure": "park",
        "@geometry": "center"
      },
      "geometry": {
        "type": "Point",
        "coordinates": [
          150.9156503,
          -33.7925646
        ]
      },
      "id": "way/527972510"
    },
    {
      "type": "Feature",
      "properties": {
        "@id": "way/527972553",
        "leisure": "playground",
        "@geometry": "center"
      },
      "geometry": {
        "type": "Point",
        "coordinates": [
          150.9298427,
          -33.7889552
        ]
      },
      "id": "way/527972553"
    },
    {
      "type": "Feature",
      "properties": {
        "@id": "way/527972558",
        "leisure": "playground",
        "@geometry": "center"
      },
      "geometry": {
        "type": "Point",
        "coordinates": [
          150.9288988,
          -33.7873837
        ]
      },
      "id": "way/527972558"
    },
    {
      "type": "Feature",
      "properties": {
        "@id": "way/527972561",
        "leisure": "park",
        "name": "Topaz Park",
        "wikidata": "Q21935959",
        "@geometry": "center"
      },
      "geometry": {
        "type": "Point",
        "coordinates": [
          150.9217483,
          -33.7875281
        ]
      },
      "id": "way/527972561"
    },
    {
      "type": "Feature",
      "properties": {
        "@id": "way/527972563",
        "leisure": "playground",
        "@geometry": "center"
      },
      "geometry": {
        "type": "Point",
        "coordinates": [
          150.9213789,
          -33.7902766
        ]
      },
      "id": "way/527972563"
    },
    {
      "type": "Feature",
      "properties": {
        "@id": "way/527972567",
        "leisure": "playground",
        "@geometry": "center"
      },
      "geometry": {
        "type": "Point",
        "coordinates": [
          150.9285832,
          -33.7932988
        ]
      },
      "id": "way/527972567"
    },
    {
      "type": "Feature",
      "properties": {
        "@id": "way/527972568",
        "leisure": "playground",
        "@geometry": "center"
      },
      "geometry": {
        "type": "Point",
        "coordinates": [
          150.9285989,
          -33.7934231
        ]
      },
      "id": "way/527972568"
    },
    {
      "type": "Feature",
      "properties": {
        "@id": "way/527972569",
        "leisure": "playground",
        "@geometry": "center"
      },
      "geometry": {
        "type": "Point",
        "coordinates": [
          150.928605,
          -33.7935584
        ]
      },
      "id": "way/527972569"
    },
    {
      "type": "Feature",
      "properties": {
        "@id": "way/527972581",
        "leisure": "playground",
        "@geometry": "center"
      },
      "geometry": {
        "type": "Point",
        "coordinates": [
          150.9264903,
          -33.7920587
        ]
      },
      "id": "way/527972581"
    },
    {
      "type": "Feature",
      "properties": {
        "@id": "way/527972582",
        "leisure": "playground",
        "@geometry": "center"
      },
      "geometry": {
        "type": "Point",
        "coordinates": [
          150.9262995,
          -33.7920504
        ]
      },
      "id": "way/527972582"
    },
    {
      "type": "Feature",
      "properties": {
        "@id": "way/528241731",
        "leisure": "playground",
        "@geometry": "center"
      },
      "geometry": {
        "type": "Point",
        "coordinates": [
          150.9301734,
          -33.8207947
        ]
      },
      "id": "way/528241731"
    },
    {
      "type": "Feature",
      "properties": {
        "@id": "way/531132029",
        "leisure": "park",
        "name": "Lance Crescent Park",
        "@geometry": "center"
      },
      "geometry": {
        "type": "Point",
        "coordinates": [
          150.9558806,
          -33.8207191
        ]
      },
      "id": "way/531132029"
    },
    {
      "type": "Feature",
      "properties": {
        "@id": "way/531132034",
        "leisure": "playground",
        "@geometry": "center"
      },
      "geometry": {
        "type": "Point",
        "coordinates": [
          150.9548655,
          -33.8171873
        ]
      },
      "id": "way/531132034"
    },
    {
      "type": "Feature",
      "properties": {
        "@id": "way/531132039",
        "access": "yes",
        "leisure": "playground",
        "@geometry": "center"
      },
      "geometry": {
        "type": "Point",
        "coordinates": [
          150.9505769,
          -33.8173259
        ]
      },
      "id": "way/531132039"
    },
    {
      "type": "Feature",
      "properties": {
        "@id": "way/531132040",
        "leisure": "park",
        "name": "Murray Reserve",
        "@geometry": "center"
      },
      "geometry": {
        "type": "Point",
        "coordinates": [
          150.9505653,
          -33.8173934
        ]
      },
      "id": "way/531132040"
    },
    {
      "type": "Feature",
      "properties": {
        "@id": "way/531352668",
        "leisure": "playground",
        "@geometry": "center"
      },
      "geometry": {
        "type": "Point",
        "coordinates": [
          150.9213342,
          -33.7791789
        ]
      },
      "id": "way/531352668"
    },
    {
      "type": "Feature",
      "properties": {
        "@id": "way/531355097",
        "leisure": "playground",
        "@geometry": "center"
      },
      "geometry": {
        "type": "Point",
        "coordinates": [
          150.9184071,
          -33.7828891
        ]
      },
      "id": "way/531355097"
    },
    {
      "type": "Feature",
      "properties": {
        "@id": "way/532084481",
        "leisure": "park",
        "name": "Keene Park",
        "@geometry": "center"
      },
      "geometry": {
        "type": "Point",
        "coordinates": [
          150.9481199,
          -33.7916488
        ]
      },
      "id": "way/532084481"
    },
    {
      "type": "Feature",
      "properties": {
        "@id": "way/532084504",
        "leisure": "park",
        "name": "Palm Street Reserve",
        "@geometry": "center"
      },
      "geometry": {
        "type": "Point",
        "coordinates": [
          150.9430061,
          -33.796465
        ]
      },
      "id": "way/532084504"
    },
    {
      "type": "Feature",
      "properties": {
        "@id": "way/532084506",
        "leisure": "park",
        "name": "Toogagal Reserve",
        "@geometry": "center"
      },
      "geometry": {
        "type": "Point",
        "coordinates": [
          150.9442336,
          -33.7958025
        ]
      },
      "id": "way/532084506"
    },
    {
      "type": "Feature",
      "properties": {
        "@id": "way/532091012",
        "leisure": "park",
        "@geometry": "center"
      },
      "geometry": {
        "type": "Point",
        "coordinates": [
          150.9455052,
          -33.7833371
        ]
      },
      "id": "way/532091012"
    },
    {
      "type": "Feature",
      "properties": {
        "@id": "way/532091017",
        "leisure": "park",
        "name": "Tonga Park",
        "wikidata": "Q21935957",
        "@geometry": "center"
      },
      "geometry": {
        "type": "Point",
        "coordinates": [
          150.9440086,
          -33.7847862
        ]
      },
      "id": "way/532091017"
    },
    {
      "type": "Feature",
      "properties": {
        "@id": "way/532091039",
        "leisure": "playground",
        "@geometry": "center"
      },
      "geometry": {
        "type": "Point",
        "coordinates": [
          150.9442587,
          -33.7833263
        ]
      },
      "id": "way/532091039"
    },
    {
      "type": "Feature",
      "properties": {
        "@id": "way/532091057",
        "leisure": "playground",
        "@geometry": "center"
      },
      "geometry": {
        "type": "Point",
        "coordinates": [
          150.9404771,
          -33.7857924
        ]
      },
      "id": "way/532091057"
    },
    {
      "type": "Feature",
      "properties": {
        "@id": "way/532091058",
        "leisure": "park",
        "@geometry": "center"
      },
      "geometry": {
        "type": "Point",
        "coordinates": [
          150.9404215,
          -33.7860998
        ]
      },
      "id": "way/532091058"
    },
    {
      "type": "Feature",
      "properties": {
        "@id": "way/532091059",
        "leisure": "park",
        "name": "Kura Park",
        "@geometry": "center"
      },
      "geometry": {
        "type": "Point",
        "coordinates": [
          150.9351891,
          -33.7903812
        ]
      },
      "id": "way/532091059"
    },
    {
      "type": "Feature",
      "properties": {
        "@id": "way/532091060",
        "leisure": "playground",
        "@geometry": "center"
      },
      "geometry": {
        "type": "Point",
        "coordinates": [
          150.935047,
          -33.7902064
        ]
      },
      "id": "way/532091060"
    },
    {
      "type": "Feature",
      "properties": {
        "@id": "way/532429448",
        "leisure": "playground",
        "@geometry": "center"
      },
      "geometry": {
        "type": "Point",
        "coordinates": [
          150.9644548,
          -33.7807151
        ]
      },
      "id": "way/532429448"
    },
    {
      "type": "Feature",
      "properties": {
        "@id": "way/532429449",
        "leisure": "playground",
        "@geometry": "center"
      },
      "geometry": {
        "type": "Point",
        "coordinates": [
          150.9644628,
          -33.7808345
        ]
      },
      "id": "way/532429449"
    },
    {
      "type": "Feature",
      "properties": {
        "@id": "way/532429466",
        "leisure": "playground",
        "@geometry": "center"
      },
      "geometry": {
        "type": "Point",
        "coordinates": [
          150.9619405,
          -33.7820589
        ]
      },
      "id": "way/532429466"
    },
    {
      "type": "Feature",
      "properties": {
        "@id": "way/532429467",
        "leisure": "playground",
        "@geometry": "center"
      },
      "geometry": {
        "type": "Point",
        "coordinates": [
          150.9619351,
          -33.7822035
        ]
      },
      "id": "way/532429467"
    },
    {
      "type": "Feature",
      "properties": {
        "@id": "way/532429468",
        "leisure": "park",
        "@geometry": "center"
      },
      "geometry": {
        "type": "Point",
        "coordinates": [
          150.9618842,
          -33.782218
        ]
      },
      "id": "way/532429468"
    },
    {
      "type": "Feature",
      "properties": {
        "@id": "way/532429494",
        "leisure": "playground",
        "@geometry": "center"
      },
      "geometry": {
        "type": "Point",
        "coordinates": [
          150.9581582,
          -33.7868965
        ]
      },
      "id": "way/532429494"
    },
    {
      "type": "Feature",
      "properties": {
        "@id": "way/532429495",
        "leisure": "park",
        "@geometry": "center"
      },
      "geometry": {
        "type": "Point",
        "coordinates": [
          150.9582689,
          -33.7869992
        ]
      },
      "id": "way/532429495"
    },
    {
      "type": "Feature",
      "properties": {
        "@id": "way/532429496",
        "leisure": "playground",
        "@geometry": "center"
      },
      "geometry": {
        "type": "Point",
        "coordinates": [
          150.9549942,
          -33.7850233
        ]
      },
      "id": "way/532429496"
    },
    {
      "type": "Feature",
      "properties": {
        "@id": "way/532967734",
        "leisure": "playground",
        "@geometry": "center"
      },
      "geometry": {
        "type": "Point",
        "coordinates": [
          150.9643478,
          -33.8136792
        ]
      },
      "id": "way/532967734"
    },
    {
      "type": "Feature",
      "properties": {
        "@id": "way/534137175",
        "leisure": "playground",
        "@geometry": "center"
      },
      "geometry": {
        "type": "Point",
        "coordinates": [
          150.9734903,
          -33.8129341
        ]
      },
      "id": "way/534137175"
    },
    {
      "type": "Feature",
      "properties": {
        "@id": "way/534137195",
        "leisure": "park",
        "@geometry": "center"
      },
      "geometry": {
        "type": "Point",
        "coordinates": [
          150.9743397,
          -33.8084798
        ]
      },
      "id": "way/534137195"
    },
    {
      "type": "Feature",
      "properties": {
        "@id": "way/534137197",
        "landuse": "recreation_ground",
        "leisure": "sports_centre",
        "name": "Fullagar Road Tennis Courts",
        "sport": "tennis",
        "website": "https://play.tennis.com.au/FullagarRoadTennisCourts",
        "@geometry": "center"
      },
      "geometry": {
        "type": "Point",
        "coordinates": [
          150.9722405,
          -33.813875
        ]
      },
      "id": "way/534137197"
    },
    {
      "type": "Feature",
      "properties": {
        "@id": "way/536721478",
        "leisure": "playground",
        "@geometry": "center"
      },
      "geometry": {
        "type": "Point",
        "coordinates": [
          150.9701233,
          -33.7864731
        ]
      },
      "id": "way/536721478"
    },
    {
      "type": "Feature",
      "properties": {
        "@id": "way/536721479",
        "leisure": "playground",
        "@geometry": "center"
      },
      "geometry": {
        "type": "Point",
        "coordinates": [
          150.9702638,
          -33.7863703
        ]
      },
      "id": "way/536721479"
    },
    {
      "type": "Feature",
      "properties": {
        "@id": "way/536762394",
        "leisure": "playground",
        "@geometry": "center"
      },
      "geometry": {
        "type": "Point",
        "coordinates": [
          150.9730137,
          -33.7878513
        ]
      },
      "id": "way/536762394"
    },
    {
      "type": "Feature",
      "properties": {
        "@id": "way/536762395",
        "leisure": "park",
        "name": "Peachtree Avenue Reserve",
        "@geometry": "center"
      },
      "geometry": {
        "type": "Point",
        "coordinates": [
          150.9729976,
          -33.7878759
        ]
      },
      "id": "way/536762395"
    },
    {
      "type": "Feature",
      "properties": {
        "@id": "way/536762400",
        "leisure": "playground",
        "@geometry": "center"
      },
      "geometry": {
        "type": "Point",
        "coordinates": [
          150.9799851,
          -33.794622
        ]
      },
      "id": "way/536762400"
    },
    {
      "type": "Feature",
      "properties": {
        "@id": "way/536762418",
        "leisure": "park",
        "name": "Birk Park",
        "wikidata": "Q21925729",
        "@geometry": "center"
      },
      "geometry": {
        "type": "Point",
        "coordinates": [
          150.970538,
          -33.7942363
        ]
      },
      "id": "way/536762418"
    },
    {
      "type": "Feature",
      "properties": {
        "@id": "way/536762443",
        "leisure": "park",
        "name": "Doris Sargeant Park",
        "@geometry": "center"
      },
      "geometry": {
        "type": "Point",
        "coordinates": [
          150.9655766,
          -33.795795
        ]
      },
      "id": "way/536762443"
    },
    {
      "type": "Feature",
      "properties": {
        "@id": "way/536762453",
        "leisure": "playground",
        "@geometry": "center"
      },
      "geometry": {
        "type": "Point",
        "coordinates": [
          150.9657546,
          -33.7989256
        ]
      },
      "id": "way/536762453"
    },
    {
      "type": "Feature",
      "properties": {
        "@id": "way/536762454",
        "leisure": "park",
        "@geometry": "center"
      },
      "geometry": {
        "type": "Point",
        "coordinates": [
          150.9654891,
          -33.7990629
        ]
      },
      "id": "way/536762454"
    },
    {
      "type": "Feature",
      "properties": {
        "@id": "way/538069041",
        "leisure": "playground",
        "@geometry": "center"
      },
      "geometry": {
        "type": "Point",
        "coordinates": [
          150.9767336,
          -33.7678463
        ]
      },
      "id": "way/538069041"
    },
    {
      "type": "Feature",
      "properties": {
        "@id": "way/538069045",
        "leisure": "park",
        "@geometry": "center"
      },
      "geometry": {
        "type": "Point",
        "coordinates": [
          150.9768267,
          -33.7679396
        ]
      },
      "id": "way/538069045"
    },
    {
      "type": "Feature",
      "properties": {
        "@id": "way/538105494",
        "leisure": "playground",
        "@geometry": "center"
      },
      "geometry": {
        "type": "Point",
        "coordinates": [
          150.9747839,
          -33.7711132
        ]
      },
      "id": "way/538105494"
    },
    {
      "type": "Feature",
      "properties": {
        "@id": "way/538594153",
        "leisure": "playground",
        "@geometry": "center"
      },
      "geometry": {
        "type": "Point",
        "coordinates": [
          150.9048131,
          -33.7718153
        ]
      },
      "id": "way/538594153"
    },
    {
      "type": "Feature",
      "properties": {
        "@id": "way/538858026",
        "leisure": "playground",
        "@geometry": "center"
      },
      "geometry": {
        "type": "Point",
        "coordinates": [
          150.8697614,
          -33.7660688
        ]
      },
      "id": "way/538858026"
    },
    {
      "type": "Feature",
      "properties": {
        "@id": "way/538858042",
        "leisure": "park",
        "@geometry": "center"
      },
      "geometry": {
        "type": "Point",
        "coordinates": [
          150.8897397,
          -33.7658184
        ]
      },
      "id": "way/538858042"
    },
    {
      "type": "Feature",
      "properties": {
        "@id": "way/538858046",
        "leisure": "park",
        "@geometry": "center"
      },
      "geometry": {
        "type": "Point",
        "coordinates": [
          150.8898652,
          -33.7673342
        ]
      },
      "id": "way/538858046"
    },
    {
      "type": "Feature",
      "properties": {
        "@id": "way/538858049",
        "leisure": "park",
        "@geometry": "center"
      },
      "geometry": {
        "type": "Point",
        "coordinates": [
          150.883622,
          -33.7700682
        ]
      },
      "id": "way/538858049"
    },
    {
      "type": "Feature",
      "properties": {
        "@id": "way/538858055",
        "leisure": "park",
        "@geometry": "center"
      },
      "geometry": {
        "type": "Point",
        "coordinates": [
          150.8771777,
          -33.7712607
        ]
      },
      "id": "way/538858055"
    },
    {
      "type": "Feature",
      "properties": {
        "@id": "way/538858058",
        "leisure": "playground",
        "@geometry": "center"
      },
      "geometry": {
        "type": "Point",
        "coordinates": [
          150.8759235,
          -33.7648358
        ]
      },
      "id": "way/538858058"
    },
    {
      "type": "Feature",
      "properties": {
        "@id": "way/538858116",
        "leisure": "playground",
        "@geometry": "center"
      },
      "geometry": {
        "type": "Point",
        "coordinates": [
          150.8839727,
          -33.7724331
        ]
      },
      "id": "way/538858116"
    },
    {
      "type": "Feature",
      "properties": {
        "@id": "way/538858117",
        "leisure": "park",
        "name": "Warrina Reserve",
        "@geometry": "center"
      },
      "geometry": {
        "type": "Point",
        "coordinates": [
          150.8839577,
          -33.7724752
        ]
      },
      "id": "way/538858117"
    },
    {
      "type": "Feature",
      "properties": {
        "@id": "way/539313693",
        "leisure": "playground",
        "@geometry": "center"
      },
      "geometry": {
        "type": "Point",
        "coordinates": [
          150.922624,
          -33.7756368
        ]
      },
      "id": "way/539313693"
    },
    {
      "type": "Feature",
      "properties": {
        "@id": "way/539313715",
        "leisure": "playground",
        "@geometry": "center"
      },
      "geometry": {
        "type": "Point",
        "coordinates": [
          150.9112602,
          -33.7774328
        ]
      },
      "id": "way/539313715"
    },
    {
      "type": "Feature",
      "properties": {
        "@id": "way/539748925",
        "access": "yes",
        "leisure": "playground",
        "@geometry": "center"
      },
      "geometry": {
        "type": "Point",
        "coordinates": [
          150.9100964,
          -33.7418399
        ]
      },
      "id": "way/539748925"
    },
    {
      "type": "Feature",
      "properties": {
        "@id": "way/539751239",
        "leisure": "park",
        "source": "LPI Imagery",
        "source:date": "2017-5",
        "@geometry": "center"
      },
      "geometry": {
        "type": "Point",
        "coordinates": [
          150.9087671,
          -33.782116
        ]
      },
      "id": "way/539751239"
    },
    {
      "type": "Feature",
      "properties": {
        "@id": "way/539755137",
        "leisure": "park",
        "source": "LPI Imagery",
        "source:date": "2017-5",
        "@geometry": "center"
      },
      "geometry": {
        "type": "Point",
        "coordinates": [
          150.9110312,
          -33.785313
        ]
      },
      "id": "way/539755137"
    },
    {
      "type": "Feature",
      "properties": {
        "@id": "way/539755722",
        "leisure": "park",
        "source": "LPI Imagery",
        "source:date": "2017-5",
        "@geometry": "center"
      },
      "geometry": {
        "type": "Point",
        "coordinates": [
          150.9083533,
          -33.7844063
        ]
      },
      "id": "way/539755722"
    },
    {
      "type": "Feature",
      "properties": {
        "@id": "way/541555581",
        "leisure": "park",
        "@geometry": "center"
      },
      "geometry": {
        "type": "Point",
        "coordinates": [
          150.9151088,
          -33.7704527
        ]
      },
      "id": "way/541555581"
    },
    {
      "type": "Feature",
      "properties": {
        "@id": "way/541555582",
        "leisure": "playground",
        "@geometry": "center"
      },
      "geometry": {
        "type": "Point",
        "coordinates": [
          150.914999,
          -33.770232
        ]
      },
      "id": "way/541555582"
    },
    {
      "type": "Feature",
      "properties": {
        "@id": "way/541555597",
        "access": "yes",
        "leisure": "playground",
        "@geometry": "center"
      },
      "geometry": {
        "type": "Point",
        "coordinates": [
          150.9205534,
          -33.7736634
        ]
      },
      "id": "way/541555597"
    },
    {
      "type": "Feature",
      "properties": {
        "@id": "way/541749633",
        "leisure": "playground",
        "@geometry": "center"
      },
      "geometry": {
        "type": "Point",
        "coordinates": [
          150.8996376,
          -33.7554996
        ]
      },
      "id": "way/541749633"
    },
    {
      "type": "Feature",
      "properties": {
        "@id": "way/541749634",
        "leisure": "park",
        "name": "Olga Robshaw Reserve",
        "@geometry": "center"
      },
      "geometry": {
        "type": "Point",
        "coordinates": [
          150.8996281,
          -33.7556563
        ]
      },
      "id": "way/541749634"
    },
    {
      "type": "Feature",
      "properties": {
        "@id": "way/541749639",
        "leisure": "playground",
        "@geometry": "center"
      },
      "geometry": {
        "type": "Point",
        "coordinates": [
          150.8965943,
          -33.762641
        ]
      },
      "id": "way/541749639"
    },
    {
      "type": "Feature",
      "properties": {
        "@id": "way/541778781",
        "leisure": "park",
        "name": "Orchard Park",
        "@geometry": "center"
      },
      "geometry": {
        "type": "Point",
        "coordinates": [
          150.9008588,
          -33.6325415
        ]
      },
      "id": "way/541778781"
    },
    {
      "type": "Feature",
      "properties": {
        "@id": "way/542335023",
        "leisure": "playground",
        "@geometry": "center"
      },
      "geometry": {
        "type": "Point",
        "coordinates": [
          150.8644801,
          -33.7676358
        ]
      },
      "id": "way/542335023"
    },
    {
      "type": "Feature",
      "properties": {
        "@id": "way/542343302",
        "leisure": "playground",
        "@geometry": "center"
      },
      "geometry": {
        "type": "Point",
        "coordinates": [
          150.8582654,
          -33.7654233
        ]
      },
      "id": "way/542343302"
    },
    {
      "type": "Feature",
      "properties": {
        "@id": "way/542343318",
        "leisure": "playground",
        "@geometry": "center"
      },
      "geometry": {
        "type": "Point",
        "coordinates": [
          150.8620496,
          -33.7683064
        ]
      },
      "id": "way/542343318"
    },
    {
      "type": "Feature",
      "properties": {
        "@id": "way/542553641",
        "leisure": "playground",
        "@geometry": "center"
      },
      "geometry": {
        "type": "Point",
        "coordinates": [
          150.8835562,
          -33.7411479
        ]
      },
      "id": "way/542553641"
    },
    {
      "type": "Feature",
      "properties": {
        "@id": "way/542662844",
        "leisure": "playground",
        "@geometry": "center"
      },
      "geometry": {
        "type": "Point",
        "coordinates": [
          150.86293,
          -33.7348726
        ]
      },
      "id": "way/542662844"
    },
    {
      "type": "Feature",
      "properties": {
        "@id": "way/542662851",
        "leisure": "playground",
        "@geometry": "center"
      },
      "geometry": {
        "type": "Point",
        "coordinates": [
          150.8624829,
          -33.73287
        ]
      },
      "id": "way/542662851"
    },
    {
      "type": "Feature",
      "properties": {
        "@id": "way/542669401",
        "leisure": "playground",
        "@geometry": "center"
      },
      "geometry": {
        "type": "Point",
        "coordinates": [
          150.8897498,
          -33.7441331
        ]
      },
      "id": "way/542669401"
    },
    {
      "type": "Feature",
      "properties": {
        "@id": "way/542669434",
        "leisure": "playground",
        "@geometry": "center"
      },
      "geometry": {
        "type": "Point",
        "coordinates": [
          150.8752941,
          -33.7385568
        ]
      },
      "id": "way/542669434"
    },
    {
      "type": "Feature",
      "properties": {
        "@id": "way/542926928",
        "leisure": "park",
        "@geometry": "center"
      },
      "geometry": {
        "type": "Point",
        "coordinates": [
          150.9034496,
          -33.7347192
        ]
      },
      "id": "way/542926928"
    },
    {
      "type": "Feature",
      "properties": {
        "@id": "way/542926933",
        "leisure": "park",
        "@geometry": "center"
      },
      "geometry": {
        "type": "Point",
        "coordinates": [
          150.886904,
          -33.7384508
        ]
      },
      "id": "way/542926933"
    },
    {
      "type": "Feature",
      "properties": {
        "@id": "way/543330306",
        "leisure": "park",
        "name": "Wawarrawarri Park",
        "operator": "Blacktown City Council",
        "source": "local knowledge;aerial imagery",
        "@geometry": "center"
      },
      "geometry": {
        "type": "Point",
        "coordinates": [
          150.8693188,
          -33.779593
        ]
      },
      "id": "way/543330306"
    },
    {
      "type": "Feature",
      "properties": {
        "@id": "way/543337501",
        "leisure": "park",
        "name": "Bungarribee Homestead Park",
        "source": "local knowledge;aerial imagery",
        "wikidata": "Q21968280",
        "@geometry": "center"
      },
      "geometry": {
        "type": "Point",
        "coordinates": [
          150.8715797,
          -33.7789811
        ]
      },
      "id": "way/543337501"
    },
    {
      "type": "Feature",
      "properties": {
        "@id": "way/543421958",
        "leisure": "park",
        "source": "local knowledge;aerial imagery",
        "@geometry": "center"
      },
      "geometry": {
        "type": "Point",
        "coordinates": [
          150.8698206,
          -33.7739596
        ]
      },
      "id": "way/543421958"
    },
    {
      "type": "Feature",
      "properties": {
        "@id": "way/543426252",
        "addr:street": "Knox Road",
        "dog": "leashed",
        "leisure": "park",
        "name": "Nurragingy Reserve",
        "@geometry": "center"
      },
      "geometry": {
        "type": "Point",
        "coordinates": [
          150.8593269,
          -33.7608995
        ]
      },
      "id": "way/543426252"
    },
    {
      "type": "Feature",
      "properties": {
        "@id": "way/543435251",
        "leisure": "park",
        "@geometry": "center"
      },
      "geometry": {
        "type": "Point",
        "coordinates": [
          150.8680099,
          -33.7720891
        ]
      },
      "id": "way/543435251"
    },
    {
      "type": "Feature",
      "properties": {
        "@id": "way/543457832",
        "leisure": "park",
        "@geometry": "center"
      },
      "geometry": {
        "type": "Point",
        "coordinates": [
          150.8719642,
          -33.7727775
        ]
      },
      "id": "way/543457832"
    },
    {
      "type": "Feature",
      "properties": {
        "@id": "way/543459506",
        "leisure": "park",
        "name": "Western Sydney Parklands (Woodfarm Reserve)",
        "operator": "Greater Sydney Parklands",
        "operator:wikidata": "Q135059646",
        "@geometry": "center"
      },
      "geometry": {
        "type": "Point",
        "coordinates": [
          150.8636879,
          -33.7476276
        ]
      },
      "id": "way/543459506"
    },
    {
      "type": "Feature",
      "properties": {
        "@id": "way/544028492",
        "leisure": "park",
        "name": "Buckley Park",
        "@geometry": "center"
      },
      "geometry": {
        "type": "Point",
        "coordinates": [
          150.9652122,
          -33.7749098
        ]
      },
      "id": "way/544028492"
    },
    {
      "type": "Feature",
      "properties": {
        "@id": "way/544047405",
        "leisure": "park",
        "name": "Pemulwuy Park",
        "@geometry": "center"
      },
      "geometry": {
        "type": "Point",
        "coordinates": [
          150.9628581,
          -33.7748778
        ]
      },
      "id": "way/544047405"
    },
    {
      "type": "Feature",
      "properties": {
        "@id": "way/544074573",
        "leisure": "park",
        "name": "Col Sutton Reserve",
        "website": "https://www.thehills.nsw.gov.au/Venues/Parks-Recreation/Parks-Recreation-Directory/Col-Sutton-Reserve",
        "@geometry": "center"
      },
      "geometry": {
        "type": "Point",
        "coordinates": [
          150.9639681,
          -33.7632172
        ]
      },
      "id": "way/544074573"
    },
    {
      "type": "Feature",
      "properties": {
        "@id": "way/544074583",
        "leisure": "park",
        "@geometry": "center"
      },
      "geometry": {
        "type": "Point",
        "coordinates": [
          150.9633105,
          -33.7613045
        ]
      },
      "id": "way/544074583"
    },
    {
      "type": "Feature",
      "properties": {
        "@id": "way/550043726",
        "leisure": "park",
        "surface": "grass",
        "@geometry": "center"
      },
      "geometry": {
        "type": "Point",
        "coordinates": [
          150.7827908,
          -33.808121
        ]
      },
      "id": "way/550043726"
    },
    {
      "type": "Feature",
      "properties": {
        "@id": "way/556405537",
        "leisure": "park",
        "name": "Wattle Avenue Reserve",
        "@geometry": "center"
      },
      "geometry": {
        "type": "Point",
        "coordinates": [
          150.7810753,
          -33.7562039
        ]
      },
      "id": "way/556405537"
    },
    {
      "type": "Feature",
      "properties": {
        "@id": "way/556405869",
        "landuse": "recreation_ground",
        "name": "Poplar Park",
        "@geometry": "center"
      },
      "geometry": {
        "type": "Point",
        "coordinates": [
          150.7868217,
          -33.76029
        ]
      },
      "id": "way/556405869"
    },
    {
      "type": "Feature",
      "properties": {
        "@id": "way/556445220",
        "leisure": "park",
        "name": "Gloucester Avenue Park",
        "@geometry": "center"
      },
      "geometry": {
        "type": "Point",
        "coordinates": [
          150.977485,
          -33.8442131
        ]
      },
      "id": "way/556445220"
    },
    {
      "type": "Feature",
      "properties": {
        "@id": "way/556445221",
        "access": "yes",
        "leisure": "playground",
        "@geometry": "center"
      },
      "geometry": {
        "type": "Point",
        "coordinates": [
          150.9773986,
          -33.8441897
        ]
      },
      "id": "way/556445221"
    },
    {
      "type": "Feature",
      "properties": {
        "@id": "way/556445581",
        "leisure": "park",
        "name": "Fowler Road Reserve",
        "@geometry": "center"
      },
      "geometry": {
        "type": "Point",
        "coordinates": [
          150.9736135,
          -33.8441605
        ]
      },
      "id": "way/556445581"
    },
    {
      "type": "Feature",
      "properties": {
        "@id": "way/556722350",
        "leisure": "park",
        "name": "Milson Park",
        "@geometry": "center"
      },
      "geometry": {
        "type": "Point",
        "coordinates": [
          150.9798761,
          -33.8029471
        ]
      },
      "id": "way/556722350"
    },
    {
      "type": "Feature",
      "properties": {
        "@id": "way/556722351",
        "leisure": "park",
        "name": "Shannons Paddock",
        "@geometry": "center"
      },
      "geometry": {
        "type": "Point",
        "coordinates": [
          150.9774014,
          -33.8046464
        ]
      },
      "id": "way/556722351"
    },
    {
      "type": "Feature",
      "properties": {
        "@id": "way/560608296",
        "landuse": "recreation_ground",
        "@geometry": "center"
      },
      "geometry": {
        "type": "Point",
        "coordinates": [
          150.8438897,
          -33.619803
        ]
      },
      "id": "way/560608296"
    },
    {
      "type": "Feature",
      "properties": {
        "@id": "way/560608298",
        "landuse": "recreation_ground",
        "name": "Colbee Park",
        "@geometry": "center"
      },
      "geometry": {
        "type": "Point",
        "coordinates": [
          150.8458195,
          -33.6207213
        ]
      },
      "id": "way/560608298"
    },
    {
      "type": "Feature",
      "properties": {
        "@id": "way/571182226",
        "leisure": "park",
        "name": "Wayne Game Reserve",
        "@geometry": "center"
      },
      "geometry": {
        "type": "Point",
        "coordinates": [
          150.9027845,
          -33.7587414
        ]
      },
      "id": "way/571182226"
    },
    {
      "type": "Feature",
      "properties": {
        "@id": "way/572755538",
        "leisure": "park",
        "name": "Lions Park",
        "wikidata": "Q21932935",
        "@geometry": "center"
      },
      "geometry": {
        "type": "Point",
        "coordinates": [
          150.8646353,
          -33.6771379
        ]
      },
      "id": "way/572755538"
    },
    {
      "type": "Feature",
      "properties": {
        "@id": "way/572785271",
        "amenity": "marketplace",
        "leisure": "park",
        "name": "Market Square",
        "source:name": "mapillary",
        "@geometry": "center"
      },
      "geometry": {
        "type": "Point",
        "coordinates": [
          150.9245697,
          -33.6917038
        ]
      },
      "id": "way/572785271"
    },
    {
      "type": "Feature",
      "properties": {
        "@id": "way/575820056",
        "leisure": "park",
        "name": "Altrove Hilltop Park",
        "source:geometry": "LPI NSW Imagery",
        "@geometry": "center"
      },
      "geometry": {
        "type": "Point",
        "coordinates": [
          150.8700487,
          -33.7081886
        ]
      },
      "id": "way/575820056"
    },
    {
      "type": "Feature",
      "properties": {
        "@id": "way/579452763",
        "addr:postcode": "2770",
        "addr:state": "NSW",
        "addr:street": "Dudley Street",
        "addr:suburb": "Mount Druitt",
        "leisure": "park",
        "name": "Luke Park",
        "wikidata": "Q21932952",
        "@geometry": "center"
      },
      "geometry": {
        "type": "Point",
        "coordinates": [
          150.8166838,
          -33.7643443
        ]
      },
      "id": "way/579452763"
    },
    {
      "type": "Feature",
      "properties": {
        "@id": "way/583124102",
        "leisure": "park",
        "@geometry": "center"
      },
      "geometry": {
        "type": "Point",
        "coordinates": [
          150.9317608,
          -33.6899924
        ]
      },
      "id": "way/583124102"
    },
    {
      "type": "Feature",
      "properties": {
        "@id": "way/583124104",
        "leisure": "park",
        "@geometry": "center"
      },
      "geometry": {
        "type": "Point",
        "coordinates": [
          150.9323824,
          -33.6914615
        ]
      },
      "id": "way/583124104"
    },
    {
      "type": "Feature",
      "properties": {
        "@id": "way/586786575",
        "leisure": "park",
        "@geometry": "center"
      },
      "geometry": {
        "type": "Point",
        "coordinates": [
          150.8742158,
          -33.7779213
        ]
      },
      "id": "way/586786575"
    },
    {
      "type": "Feature",
      "properties": {
        "@id": "way/588541389",
        "fixme": "what is this park called?",
        "leisure": "park",
        "@geometry": "center"
      },
      "geometry": {
        "type": "Point",
        "coordinates": [
          150.8835477,
          -33.705339
        ]
      },
      "id": "way/588541389"
    },
    {
      "type": "Feature",
      "properties": {
        "@id": "way/589545649",
        "leisure": "park",
        "@geometry": "center"
      },
      "geometry": {
        "type": "Point",
        "coordinates": [
          150.9290863,
          -33.7673482
        ]
      },
      "id": "way/589545649"
    },
    {
      "type": "Feature",
      "properties": {
        "@id": "way/598807479",
        "leisure": "park",
        "name": "Elizabeth MacArthur Park",
        "source": "LPI Base Map June 2018",
        "@geometry": "center"
      },
      "geometry": {
        "type": "Point",
        "coordinates": [
          150.9355053,
          -33.7089291
        ]
      },
      "id": "way/598807479"
    },
    {
      "type": "Feature",
      "properties": {
        "@id": "way/599234462",
        "leisure": "park",
        "name": "Andrew Thompson Park",
        "source": "voice",
        "source:boundary": "LPI Base Map June 2018",
        "wikidata": "Q21925754",
        "@geometry": "center"
      },
      "geometry": {
        "type": "Point",
        "coordinates": [
          150.7988442,
          -33.8035381
        ]
      },
      "id": "way/599234462"
    },
    {
      "type": "Feature",
      "properties": {
        "@id": "way/599234465",
        "leisure": "park",
        "source": "voice",
        "source:boundary": "LPI Base Map June 2018",
        "@geometry": "center"
      },
      "geometry": {
        "type": "Point",
        "coordinates": [
          150.805767,
          -33.7959345
        ]
      },
      "id": "way/599234465"
    },
    {
      "type": "Feature",
      "properties": {
        "@id": "way/599234468",
        "leisure": "park",
        "name": "Everton Park",
        "source": "voice",
        "source:boundary": "LPI Base Map June 2018",
        "@geometry": "center"
      },
      "geometry": {
        "type": "Point",
        "coordinates": [
          150.8238088,
          -33.7894632
        ]
      },
      "id": "way/599234468"
    },
    {
      "type": "Feature",
      "properties": {
        "@id": "way/599495694",
        "alt_name": "Angus Park",
        "leisure": "park",
        "name": "Angus Memorial Park",
        "source:alt_name": "LPI Base Map June 2018",
        "source:boundary": "assumed from LPI Base Map June 2018",
        "@geometry": "center"
      },
      "geometry": {
        "type": "Point",
        "coordinates": [
          150.8415733,
          -33.7734322
        ]
      },
      "id": "way/599495694"
    },
    {
      "type": "Feature",
      "properties": {
        "@id": "way/599495696",
        "leisure": "park",
        "name": "Schultz Street Reserve",
        "source": "LPI Base Map June 2018",
        "@geometry": "center"
      },
      "geometry": {
        "type": "Point",
        "coordinates": [
          150.781565,
          -33.776836
        ]
      },
      "id": "way/599495696"
    },
    {
      "type": "Feature",
      "properties": {
        "@id": "way/599495697",
        "leisure": "park",
        "name": "Margaret Porter Reserve",
        "source": "LPI Base Map June 2018",
        "@geometry": "center"
      },
      "geometry": {
        "type": "Point",
        "coordinates": [
          150.7800095,
          -33.7789858
        ]
      },
      "id": "way/599495697"
    },
    {
      "type": "Feature",
      "properties": {
        "@id": "way/599495698",
        "leisure": "park",
        "name": "Beresford Street Reserve",
        "source": "LPI Base Map June 2018",
        "@geometry": "center"
      },
      "geometry": {
        "type": "Point",
        "coordinates": [
          150.7817199,
          -33.7812474
        ]
      },
      "id": "way/599495698"
    },
    {
      "type": "Feature",
      "properties": {
        "@id": "way/599495699",
        "leisure": "park",
        "name": "Mick Martin Park",
        "source": "LPI Base Map June 2018",
        "@geometry": "center"
      },
      "geometry": {
        "type": "Point",
        "coordinates": [
          150.789563,
          -33.7804814
        ]
      },
      "id": "way/599495699"
    },
    {
      "type": "Feature",
      "properties": {
        "@id": "way/599495700",
        "leisure": "park",
        "source:boundary": "assumed from LPI Base Map and Imagery June 2018",
        "@geometry": "center"
      },
      "geometry": {
        "type": "Point",
        "coordinates": [
          150.7894132,
          -33.7829613
        ]
      },
      "id": "way/599495700"
    },
    {
      "type": "Feature",
      "properties": {
        "@id": "way/599495701",
        "leisure": "park",
        "source:boundary": "assumed from LPI Base Map and Imagery June 2018",
        "@geometry": "center"
      },
      "geometry": {
        "type": "Point",
        "coordinates": [
          150.7986709,
          -33.7834093
        ]
      },
      "id": "way/599495701"
    },
    {
      "type": "Feature",
      "properties": {
        "@id": "way/600246697",
        "leisure": "park",
        "name": "Helena Street Park",
        "source": "LPI Base Map June 2018",
        "@geometry": "center"
      },
      "geometry": {
        "type": "Point",
        "coordinates": [
          150.9644265,
          -33.8473512
        ]
      },
      "id": "way/600246697"
    },
    {
      "type": "Feature",
      "properties": {
        "@id": "way/600246700",
        "leisure": "park",
        "name": "Maley Park",
        "source": "LPI Base Map June 2018",
        "wikidata": "Q21933126",
        "@geometry": "center"
      },
      "geometry": {
        "type": "Point",
        "coordinates": [
          150.9676995,
          -33.8483083
        ]
      },
      "id": "way/600246700"
    },
    {
      "type": "Feature",
      "properties": {
        "@id": "way/600485216",
        "leisure": "park",
        "name": "Cor Brouwer Reserve",
        "source": "LPI Base Map June 2018",
        "@geometry": "center"
      },
      "geometry": {
        "type": "Point",
        "coordinates": [
          150.8508992,
          -33.7865123
        ]
      },
      "id": "way/600485216"
    },
    {
      "type": "Feature",
      "properties": {
        "@id": "way/600485223",
        "leisure": "park",
        "name": "Golden Grove Park",
        "source": "LPI Base Map June 2018",
        "@geometry": "center"
      },
      "geometry": {
        "type": "Point",
        "coordinates": [
          150.9234327,
          -33.7445443
        ]
      },
      "id": "way/600485223"
    },
    {
      "type": "Feature",
      "properties": {
        "@id": "way/604481144",
        "addr:postcode": "2761",
        "addr:state": "NSW",
        "addr:street": "Boonah Street",
        "addr:suburb": "Colebee",
        "leisure": "park",
        "name": "Reserve 1012",
        "website": "https://www.blacktown.nsw.gov.au/Sport-recreation/Parks-and-recreation-directory/Reserve-1012",
        "@geometry": "center"
      },
      "geometry": {
        "type": "Point",
        "coordinates": [
          150.8608232,
          -33.7200917
        ]
      },
      "id": "way/604481144"
    },
    {
      "type": "Feature",
      "properties": {
        "@id": "way/604481145",
        "addr:postcode": "2761",
        "addr:state": "NSW",
        "addr:street": "Sugarloaf Crescent",
        "addr:suburb": "Colebee",
        "leisure": "park",
        "name": "Reserve 1010",
        "website": "https://www.blacktown.nsw.gov.au/Sport-recreation/Parks-and-recreation-directory/Reserve-1010",
        "@geometry": "center"
      },
      "geometry": {
        "type": "Point",
        "coordinates": [
          150.8493514,
          -33.7247234
        ]
      },
      "id": "way/604481145"
    },
    {
      "type": "Feature",
      "properties": {
        "@id": "way/604481149",
        "addr:postcode": "2761",
        "addr:state": "NSW",
        "addr:street": "Sunningdale Drive",
        "addr:suburb": "Colebee",
        "leisure": "park",
        "name": "Reserve 1011",
        "website": "https://www.blacktown.nsw.gov.au/Sport-recreation/Parks-and-recreation-directory/Reserve-1011",
        "@geometry": "center"
      },
      "geometry": {
        "type": "Point",
        "coordinates": [
          150.8556583,
          -33.7186829
        ]
      },
      "id": "way/604481149"
    },
    {
      "type": "Feature",
      "properties": {
        "@id": "way/608842000",
        "leisure": "park",
        "name": "Resolution Reserve",
        "@geometry": "center"
      },
      "geometry": {
        "type": "Point",
        "coordinates": [
          150.9270209,
          -33.7451369
        ]
      },
      "id": "way/608842000"
    },
    {
      "type": "Feature",
      "properties": {
        "@id": "way/608842007",
        "leisure": "playground",
        "@geometry": "center"
      },
      "geometry": {
        "type": "Point",
        "coordinates": [
          150.9281823,
          -33.7439443
        ]
      },
      "id": "way/608842007"
    },
    {
      "type": "Feature",
      "properties": {
        "@id": "way/608842009",
        "landuse": "recreation_ground",
        "name": "Fred Vassel Fields",
        "@geometry": "center"
      },
      "geometry": {
        "type": "Point",
        "coordinates": [
          150.9243265,
          -33.7484834
        ]
      },
      "id": "way/608842009"
    },
    {
      "type": "Feature",
      "properties": {
        "@id": "way/608842010",
        "leisure": "park",
        "@geometry": "center"
      },
      "geometry": {
        "type": "Point",
        "coordinates": [
          150.925479,
          -33.7498681
        ]
      },
      "id": "way/608842010"
    },
    {
      "type": "Feature",
      "properties": {
        "@id": "way/608842012",
        "leisure": "park",
        "name": "Twin Willow Reserve",
        "@geometry": "center"
      },
      "geometry": {
        "type": "Point",
        "coordinates": [
          150.9197167,
          -33.7427707
        ]
      },
      "id": "way/608842012"
    },
    {
      "type": "Feature",
      "properties": {
        "@id": "way/608842013",
        "leisure": "playground",
        "@geometry": "center"
      },
      "geometry": {
        "type": "Point",
        "coordinates": [
          150.9196135,
          -33.7426118
        ]
      },
      "id": "way/608842013"
    },
    {
      "type": "Feature",
      "properties": {
        "@id": "way/608842023",
        "access": "yes",
        "leisure": "playground",
        "@geometry": "center"
      },
      "geometry": {
        "type": "Point",
        "coordinates": [
          150.9242933,
          -33.7477365
        ]
      },
      "id": "way/608842023"
    },
    {
      "type": "Feature",
      "properties": {
        "@id": "way/608842025",
        "leisure": "park",
        "name": "Friendship Park",
        "@geometry": "center"
      },
      "geometry": {
        "type": "Point",
        "coordinates": [
          150.9310693,
          -33.749101
        ]
      },
      "id": "way/608842025"
    },
    {
      "type": "Feature",
      "properties": {
        "@id": "way/608842029",
        "leisure": "playground",
        "@geometry": "center"
      },
      "geometry": {
        "type": "Point",
        "coordinates": [
          150.9384241,
          -33.7476324
        ]
      },
      "id": "way/608842029"
    },
    {
      "type": "Feature",
      "properties": {
        "@id": "way/608842030",
        "leisure": "playground",
        "@geometry": "center"
      },
      "geometry": {
        "type": "Point",
        "coordinates": [
          150.9385204,
          -33.7475774
        ]
      },
      "id": "way/608842030"
    },
    {
      "type": "Feature",
      "properties": {
        "@id": "way/608842031",
        "leisure": "park",
        "name": "Lady Penhryn Park",
        "@geometry": "center"
      },
      "geometry": {
        "type": "Point",
        "coordinates": [
          150.9316222,
          -33.7438089
        ]
      },
      "id": "way/608842031"
    },
    {
      "type": "Feature",
      "properties": {
        "@id": "way/608842034",
        "leisure": "playground",
        "@geometry": "center"
      },
      "geometry": {
        "type": "Point",
        "coordinates": [
          150.9320229,
          -33.7435837
        ]
      },
      "id": "way/608842034"
    },
    {
      "type": "Feature",
      "properties": {
        "@id": "way/608842039",
        "leisure": "park",
        "@geometry": "center"
      },
      "geometry": {
        "type": "Point",
        "coordinates": [
          150.926055,
          -33.738964
        ]
      },
      "id": "way/608842039"
    },
    {
      "type": "Feature",
      "properties": {
        "@id": "way/608842040",
        "leisure": "playground",
        "@geometry": "center"
      },
      "geometry": {
        "type": "Point",
        "coordinates": [
          150.9260259,
          -33.7392717
        ]
      },
      "id": "way/608842040"
    },
    {
      "type": "Feature",
      "properties": {
        "@id": "way/608842041",
        "leisure": "park",
        "name": "Knightsbridge Reserve",
        "@geometry": "center"
      },
      "geometry": {
        "type": "Point",
        "coordinates": [
          150.9399229,
          -33.7429302
        ]
      },
      "id": "way/608842041"
    },
    {
      "type": "Feature",
      "properties": {
        "@id": "way/608842043",
        "leisure": "playground",
        "@geometry": "center"
      },
      "geometry": {
        "type": "Point",
        "coordinates": [
          150.9402185,
          -33.7426734
        ]
      },
      "id": "way/608842043"
    },
    {
      "type": "Feature",
      "properties": {
        "@id": "way/608842046",
        "leisure": "park",
        "name": "Laing Reserve",
        "@geometry": "center"
      },
      "geometry": {
        "type": "Point",
        "coordinates": [
          150.9424551,
          -33.745671
        ]
      },
      "id": "way/608842046"
    },
    {
      "type": "Feature",
      "properties": {
        "@id": "way/608842047",
        "leisure": "playground",
        "@geometry": "center"
      },
      "geometry": {
        "type": "Point",
        "coordinates": [
          150.9428012,
          -33.7453498
        ]
      },
      "id": "way/608842047"
    },
    {
      "type": "Feature",
      "properties": {
        "@id": "way/608842055",
        "leisure": "playground",
        "@geometry": "center"
      },
      "geometry": {
        "type": "Point",
        "coordinates": [
          150.9469343,
          -33.7431835
        ]
      },
      "id": "way/608842055"
    },
    {
      "type": "Feature",
      "properties": {
        "@id": "way/608842056",
        "leisure": "playground",
        "@geometry": "center"
      },
      "geometry": {
        "type": "Point",
        "coordinates": [
          150.9470473,
          -33.7431474
        ]
      },
      "id": "way/608842056"
    },
    {
      "type": "Feature",
      "properties": {
        "@id": "way/608842057",
        "leisure": "park",
        "@geometry": "center"
      },
      "geometry": {
        "type": "Point",
        "coordinates": [
          150.9466137,
          -33.7435682
        ]
      },
      "id": "way/608842057"
    },
    {
      "type": "Feature",
      "properties": {
        "@id": "way/608842067",
        "leisure": "playground",
        "@geometry": "center"
      },
      "geometry": {
        "type": "Point",
        "coordinates": [
          150.944002,
          -33.7515554
        ]
      },
      "id": "way/608842067"
    },
    {
      "type": "Feature",
      "properties": {
        "@id": "way/608842068",
        "leisure": "playground",
        "@geometry": "center"
      },
      "geometry": {
        "type": "Point",
        "coordinates": [
          150.9441832,
          -33.7516258
        ]
      },
      "id": "way/608842068"
    },
    {
      "type": "Feature",
      "properties": {
        "@id": "way/608842069",
        "leisure": "playground",
        "@geometry": "center"
      },
      "geometry": {
        "type": "Point",
        "coordinates": [
          150.9406569,
          -33.7534328
        ]
      },
      "id": "way/608842069"
    },
    {
      "type": "Feature",
      "properties": {
        "@id": "way/608842072",
        "leisure": "park",
        "@geometry": "center"
      },
      "geometry": {
        "type": "Point",
        "coordinates": [
          150.9500041,
          -33.7552935
        ]
      },
      "id": "way/608842072"
    },
    {
      "type": "Feature",
      "properties": {
        "@id": "way/608842073",
        "leisure": "park",
        "name": "Scarborough Park",
        "@geometry": "center"
      },
      "geometry": {
        "type": "Point",
        "coordinates": [
          150.9511831,
          -33.7585203
        ]
      },
      "id": "way/608842073"
    },
    {
      "type": "Feature",
      "properties": {
        "@id": "way/608842080",
        "leisure": "park",
        "name": "Mount Carmel Park",
        "wikidata": "Q21932728",
        "@geometry": "center"
      },
      "geometry": {
        "type": "Point",
        "coordinates": [
          150.9487194,
          -33.7621311
        ]
      },
      "id": "way/608842080"
    },
    {
      "type": "Feature",
      "properties": {
        "@id": "way/608842082",
        "leisure": "park",
        "@geometry": "center"
      },
      "geometry": {
        "type": "Point",
        "coordinates": [
          150.9442002,
          -33.7605168
        ]
      },
      "id": "way/608842082"
    },
    {
      "type": "Feature",
      "properties": {
        "@id": "way/608842083",
        "leisure": "park",
        "@geometry": "center"
      },
      "geometry": {
        "type": "Point",
        "coordinates": [
          150.9430156,
          -33.7603959
        ]
      },
      "id": "way/608842083"
    },
    {
      "type": "Feature",
      "properties": {
        "@id": "way/608842084",
        "leisure": "playground",
        "@geometry": "center"
      },
      "geometry": {
        "type": "Point",
        "coordinates": [
          150.944214,
          -33.7604302
        ]
      },
      "id": "way/608842084"
    },
    {
      "type": "Feature",
      "properties": {
        "@id": "way/608842087",
        "leisure": "park",
        "name": "MacDonald Park",
        "@geometry": "center"
      },
      "geometry": {
        "type": "Point",
        "coordinates": [
          150.934776,
          -33.7597456
        ]
      },
      "id": "way/608842087"
    },
    {
      "type": "Feature",
      "properties": {
        "@id": "way/608842091",
        "leisure": "park",
        "name": "Galah Reserve",
        "@geometry": "center"
      },
      "geometry": {
        "type": "Point",
        "coordinates": [
          150.9277702,
          -33.7532739
        ]
      },
      "id": "way/608842091"
    },
    {
      "type": "Feature",
      "properties": {
        "@id": "way/608842093",
        "access": "yes",
        "leisure": "playground",
        "@geometry": "center"
      },
      "geometry": {
        "type": "Point",
        "coordinates": [
          150.9278657,
          -33.7536786
        ]
      },
      "id": "way/608842093"
    },
    {
      "type": "Feature",
      "properties": {
        "@id": "way/608842094",
        "leisure": "park",
        "name": "Kingsford Reserve",
        "@geometry": "center"
      },
      "geometry": {
        "type": "Point",
        "coordinates": [
          150.9245051,
          -33.7517284
        ]
      },
      "id": "way/608842094"
    },
    {
      "type": "Feature",
      "properties": {
        "@id": "way/608842095",
        "leisure": "playground",
        "@geometry": "center"
      },
      "geometry": {
        "type": "Point",
        "coordinates": [
          150.9243384,
          -33.7517532
        ]
      },
      "id": "way/608842095"
    },
    {
      "type": "Feature",
      "properties": {
        "@id": "way/608842096",
        "leisure": "park",
        "name": "Headingly Reserve",
        "@geometry": "center"
      },
      "geometry": {
        "type": "Point",
        "coordinates": [
          150.9180495,
          -33.7516969
        ]
      },
      "id": "way/608842096"
    },
    {
      "type": "Feature",
      "properties": {
        "@id": "way/608890364",
        "leisure": "park",
        "name": "Crestwood Reserve",
        "@geometry": "center"
      },
      "geometry": {
        "type": "Point",
        "coordinates": [
          150.9706992,
          -33.7463561
        ]
      },
      "id": "way/608890364"
    },
    {
      "type": "Feature",
      "properties": {
        "@id": "way/608890446",
        "leisure": "playground",
        "@geometry": "center"
      },
      "geometry": {
        "type": "Point",
        "coordinates": [
          150.9716172,
          -33.7459566
        ]
      },
      "id": "way/608890446"
    },
    {
      "type": "Feature",
      "properties": {
        "@id": "way/608890461",
        "leisure": "park",
        "@geometry": "center"
      },
      "geometry": {
        "type": "Point",
        "coordinates": [
          150.9666231,
          -33.752009
        ]
      },
      "id": "way/608890461"
    },
    {
      "type": "Feature",
      "properties": {
        "@id": "way/608890462",
        "leisure": "park",
        "@geometry": "center"
      },
      "geometry": {
        "type": "Point",
        "coordinates": [
          150.9639465,
          -33.7509764
        ]
      },
      "id": "way/608890462"
    },
    {
      "type": "Feature",
      "properties": {
        "@id": "way/608890465",
        "leisure": "park",
        "name": "Turon Avenue Reserve",
        "@geometry": "center"
      },
      "geometry": {
        "type": "Point",
        "coordinates": [
          150.977688,
          -33.7486308
        ]
      },
      "id": "way/608890465"
    },
    {
      "type": "Feature",
      "properties": {
        "@id": "way/608890466",
        "leisure": "playground",
        "@geometry": "center"
      },
      "geometry": {
        "type": "Point",
        "coordinates": [
          150.9774476,
          -33.7485923
        ]
      },
      "id": "way/608890466"
    },
    {
      "type": "Feature",
      "properties": {
        "@id": "way/608890470",
        "leisure": "park",
        "@geometry": "center"
      },
      "geometry": {
        "type": "Point",
        "coordinates": [
          150.9768473,
          -33.7491545
        ]
      },
      "id": "way/608890470"
    },
    {
      "type": "Feature",
      "properties": {
        "@id": "way/608890471",
        "leisure": "park",
        "name": "Turon Avenue Reserve",
        "@geometry": "center"
      },
      "geometry": {
        "type": "Point",
        "coordinates": [
          150.9758476,
          -33.7519614
        ]
      },
      "id": "way/608890471"
    },
    {
      "type": "Feature",
      "properties": {
        "@id": "way/608890472",
        "leisure": "playground",
        "@geometry": "center"
      },
      "geometry": {
        "type": "Point",
        "coordinates": [
          150.9731569,
          -33.7551036
        ]
      },
      "id": "way/608890472"
    },
    {
      "type": "Feature",
      "properties": {
        "@id": "way/608890473",
        "leisure": "park",
        "name": "Thomas Extrem Reserve",
        "@geometry": "center"
      },
      "geometry": {
        "type": "Point",
        "coordinates": [
          150.9773359,
          -33.7604166
        ]
      },
      "id": "way/608890473"
    },
    {
      "type": "Feature",
      "properties": {
        "@id": "way/608890474",
        "leisure": "playground",
        "@geometry": "center"
      },
      "geometry": {
        "type": "Point",
        "coordinates": [
          150.9773613,
          -33.7605844
        ]
      },
      "id": "way/608890474"
    },
    {
      "type": "Feature",
      "properties": {
        "@id": "way/608890505",
        "leisure": "park",
        "name": "Michael Simpson Reserve",
        "@geometry": "center"
      },
      "geometry": {
        "type": "Point",
        "coordinates": [
          150.9687685,
          -33.7612412
        ]
      },
      "id": "way/608890505"
    },
    {
      "type": "Feature",
      "properties": {
        "@id": "way/608890506",
        "leisure": "park",
        "name": "Kate Bird Park",
        "wikidata": "Q21931080",
        "@geometry": "center"
      },
      "geometry": {
        "type": "Point",
        "coordinates": [
          150.9663937,
          -33.7476741
        ]
      },
      "id": "way/608890506"
    },
    {
      "type": "Feature",
      "properties": {
        "@id": "way/608890507",
        "leisure": "playground",
        "@geometry": "center"
      },
      "geometry": {
        "type": "Point",
        "coordinates": [
          150.9662936,
          -33.7476946
        ]
      },
      "id": "way/608890507"
    },
    {
      "type": "Feature",
      "properties": {
        "@id": "way/608890517",
        "leisure": "park",
        "name": "Charles McLaughlin Reserve",
        "@geometry": "center"
      },
      "geometry": {
        "type": "Point",
        "coordinates": [
          150.9702378,
          -33.7423535
        ]
      },
      "id": "way/608890517"
    },
    {
      "type": "Feature",
      "properties": {
        "@id": "way/608890527",
        "leisure": "park",
        "name": "MacKillop Drive Reserve",
        "@geometry": "center"
      },
      "geometry": {
        "type": "Point",
        "coordinates": [
          150.9758338,
          -33.7407695
        ]
      },
      "id": "way/608890527"
    },
    {
      "type": "Feature",
      "properties": {
        "@id": "way/608890529",
        "leisure": "park",
        "@geometry": "center"
      },
      "geometry": {
        "type": "Point",
        "coordinates": [
          150.978351,
          -33.7412876
        ]
      },
      "id": "way/608890529"
    },
    {
      "type": "Feature",
      "properties": {
        "@id": "way/608890532",
        "leisure": "park",
        "@geometry": "center"
      },
      "geometry": {
        "type": "Point",
        "coordinates": [
          150.977103,
          -33.7362297
        ]
      },
      "id": "way/608890532"
    },
    {
      "type": "Feature",
      "properties": {
        "@id": "way/608890534",
        "leisure": "park",
        "@geometry": "center"
      },
      "geometry": {
        "type": "Point",
        "coordinates": [
          150.9652693,
          -33.738269
        ]
      },
      "id": "way/608890534"
    },
    {
      "type": "Feature",
      "properties": {
        "@id": "way/609085931",
        "access": "yes",
        "leisure": "playground",
        "@geometry": "center"
      },
      "geometry": {
        "type": "Point",
        "coordinates": [
          150.9600384,
          -33.7430678
        ]
      },
      "id": "way/609085931"
    },
    {
      "type": "Feature",
      "properties": {
        "@id": "way/609085945",
        "leisure": "park",
        "@geometry": "center"
      },
      "geometry": {
        "type": "Point",
        "coordinates": [
          150.9568269,
          -33.7383239
        ]
      },
      "id": "way/609085945"
    },
    {
      "type": "Feature",
      "properties": {
        "@id": "way/609085950",
        "leisure": "park",
        "@geometry": "center"
      },
      "geometry": {
        "type": "Point",
        "coordinates": [
          150.9689171,
          -33.7344625
        ]
      },
      "id": "way/609085950"
    },
    {
      "type": "Feature",
      "properties": {
        "@id": "way/610719031",
        "addr:postcode": "2761",
        "addr:state": "NSW",
        "addr:street": "Kirkwood Crescent",
        "addr:suburb": "Colebee",
        "leisure": "park",
        "name": "Reserve 932",
        "website": "https://www.blacktown.nsw.gov.au/Sport-recreation/Parks-and-recreation-directory/Reserve-932",
        "@geometry": "center"
      },
      "geometry": {
        "type": "Point",
        "coordinates": [
          150.862664,
          -33.7292664
        ]
      },
      "id": "way/610719031"
    },
    {
      "type": "Feature",
      "properties": {
        "@id": "way/613592434",
        "leisure": "park",
        "name": "Central Park",
        "@geometry": "center"
      },
      "geometry": {
        "type": "Point",
        "coordinates": [
          150.9286963,
          -33.6926528
        ]
      },
      "id": "way/613592434"
    },
    {
      "type": "Feature",
      "properties": {
        "@id": "way/613592451",
        "leisure": "park",
        "@geometry": "center"
      },
      "geometry": {
        "type": "Point",
        "coordinates": [
          150.9314306,
          -33.6928158
        ]
      },
      "id": "way/613592451"
    },
    {
      "type": "Feature",
      "properties": {
        "@id": "way/613592453",
        "leisure": "park",
        "@geometry": "center"
      },
      "geometry": {
        "type": "Point",
        "coordinates": [
          150.9296518,
          -33.6938311
        ]
      },
      "id": "way/613592453"
    },
    {
      "type": "Feature",
      "properties": {
        "@id": "way/613592456",
        "leisure": "park",
        "@geometry": "center"
      },
      "geometry": {
        "type": "Point",
        "coordinates": [
          150.9277882,
          -33.6949882
        ]
      },
      "id": "way/613592456"
    },
    {
      "type": "Feature",
      "properties": {
        "@id": "way/616482539",
        "leisure": "park",
        "source:geometry": "LPI NSW Imagery",
        "@geometry": "center"
      },
      "geometry": {
        "type": "Point",
        "coordinates": [
          150.8099451,
          -33.6954094
        ]
      },
      "id": "way/616482539"
    },
    {
      "type": "Feature",
      "properties": {
        "@id": "way/620546862",
        "access": "yes",
        "leisure": "playground",
        "surface": "gravel",
        "@geometry": "center"
      },
      "geometry": {
        "type": "Point",
        "coordinates": [
          150.8815196,
          -33.7521459
        ]
      },
      "id": "way/620546862"
    },
    {
      "type": "Feature",
      "properties": {
        "@id": "way/620758600",
        "access": "yes",
        "leisure": "playground",
        "operator": "Blacktown Council",
        "surface": "dirt",
        "@geometry": "center"
      },
      "geometry": {
        "type": "Point",
        "coordinates": [
          150.8682194,
          -33.7573031
        ]
      },
      "id": "way/620758600"
    },
    {
      "type": "Feature",
      "properties": {
        "@id": "way/641038449",
        "leisure": "park",
        "@geometry": "center"
      },
      "geometry": {
        "type": "Point",
        "coordinates": [
          150.9126394,
          -33.7131611
        ]
      },
      "id": "way/641038449"
    },
    {
      "type": "Feature",
      "properties": {
        "@id": "way/643232210",
        "leisure": "park",
        "name": "Slidey Park",
        "@geometry": "center"
      },
      "geometry": {
        "type": "Point",
        "coordinates": [
          150.9066851,
          -33.6322215
        ]
      },
      "id": "way/643232210"
    },
    {
      "type": "Feature",
      "properties": {
        "@id": "way/643232216",
        "leisure": "park",
        "name": "Wheelie Park",
        "toilets:wheelchair": "no",
        "wheelchair": "yes",
        "@geometry": "center"
      },
      "geometry": {
        "type": "Point",
        "coordinates": [
          150.8986049,
          -33.6294981
        ]
      },
      "id": "way/643232216"
    },
    {
      "type": "Feature",
      "properties": {
        "@id": "way/643232243",
        "access": "yes",
        "landuse": "recreation_ground",
        "lit": "yes",
        "name": "Dyanmila Park",
        "old_name": "Elara Oval",
        "surface": "grass",
        "website": "https://www.blacktown.nsw.gov.au/Sport-recreation/Parks-and-recreation-directory/Dyanmila-Park",
        "@geometry": "center"
      },
      "geometry": {
        "type": "Point",
        "coordinates": [
          150.817973,
          -33.696202
        ]
      },
      "id": "way/643232243"
    },
    {
      "type": "Feature",
      "properties": {
        "@id": "way/643573454",
        "leisure": "park",
        "name": "Ashlar Park",
        "@geometry": "center"
      },
      "geometry": {
        "type": "Point",
        "coordinates": [
          150.900913,
          -33.7609145
        ]
      },
      "id": "way/643573454"
    },
    {
      "type": "Feature",
      "properties": {
        "@id": "way/647908266",
        "leisure": "park",
        "name": "The Grange Park",
        "@geometry": "center"
      },
      "geometry": {
        "type": "Point",
        "coordinates": [
          150.8434812,
          -33.7092945
        ]
      },
      "id": "way/647908266"
    },
    {
      "type": "Feature",
      "properties": {
        "@id": "way/648898677",
        "leisure": "park",
        "@geometry": "center"
      },
      "geometry": {
        "type": "Point",
        "coordinates": [
          150.94931,
          -33.7910617
        ]
      },
      "id": "way/648898677"
    },
    {
      "type": "Feature",
      "properties": {
        "@id": "way/649268162",
        "leisure": "park",
        "name": "Twickenham Avenue Reserve",
        "@geometry": "center"
      },
      "geometry": {
        "type": "Point",
        "coordinates": [
          150.9592829,
          -33.6937331
        ]
      },
      "id": "way/649268162"
    },
    {
      "type": "Feature",
      "properties": {
        "@id": "way/649268338",
        "leisure": "park",
        "name": "Lansdowne Road Reserve",
        "@geometry": "center"
      },
      "geometry": {
        "type": "Point",
        "coordinates": [
          150.9590406,
          -33.6885523
        ]
      },
      "id": "way/649268338"
    },
    {
      "type": "Feature",
      "properties": {
        "@id": "way/649268342",
        "leisure": "playground",
        "@geometry": "center"
      },
      "geometry": {
        "type": "Point",
        "coordinates": [
          150.9582505,
          -33.688564
        ]
      },
      "id": "way/649268342"
    },
    {
      "type": "Feature",
      "properties": {
        "@id": "way/649268673",
        "fixme": "name",
        "leisure": "park",
        "@geometry": "center"
      },
      "geometry": {
        "type": "Point",
        "coordinates": [
          150.9497399,
          -33.6894245
        ]
      },
      "id": "way/649268673"
    },
    {
      "type": "Feature",
      "properties": {
        "@id": "way/649268680",
        "access": "yes",
        "leisure": "playground",
        "@geometry": "center"
      },
      "geometry": {
        "type": "Point",
        "coordinates": [
          150.9501437,
          -33.688887
        ]
      },
      "id": "way/649268680"
    },
    {
      "type": "Feature",
      "properties": {
        "@id": "way/649269620",
        "leisure": "park",
        "name": "Barry Road Reserve",
        "@geometry": "center"
      },
      "geometry": {
        "type": "Point",
        "coordinates": [
          150.9470141,
          -33.6811066
        ]
      },
      "id": "way/649269620"
    },
    {
      "type": "Feature",
      "properties": {
        "@id": "way/649288508",
        "leisure": "park",
        "name": "Bladensburg Road Reserve",
        "@geometry": "center"
      },
      "geometry": {
        "type": "Point",
        "coordinates": [
          150.9395327,
          -33.6743154
        ]
      },
      "id": "way/649288508"
    },
    {
      "type": "Feature",
      "properties": {
        "@id": "way/649288512",
        "leisure": "playground",
        "@geometry": "center"
      },
      "geometry": {
        "type": "Point",
        "coordinates": [
          150.9401176,
          -33.6747886
        ]
      },
      "id": "way/649288512"
    },
    {
      "type": "Feature",
      "properties": {
        "@id": "way/650490059",
        "leisure": "park",
        "name": "Turnbull Reserve",
        "@geometry": "center"
      },
      "geometry": {
        "type": "Point",
        "coordinates": [
          150.8957921,
          -33.6623721
        ]
      },
      "id": "way/650490059"
    },
    {
      "type": "Feature",
      "properties": {
        "@id": "way/654638071",
        "leisure": "park",
        "name": "Greenhalgh Reserve",
        "@geometry": "center"
      },
      "geometry": {
        "type": "Point",
        "coordinates": [
          150.8789639,
          -33.7292738
        ]
      },
      "id": "way/654638071"
    },
    {
      "type": "Feature",
      "properties": {
        "@id": "way/661314067",
        "leisure": "park",
        "@geometry": "center"
      },
      "geometry": {
        "type": "Point",
        "coordinates": [
          150.7964732,
          -33.629074
        ]
      },
      "id": "way/661314067"
    },
    {
      "type": "Feature",
      "properties": {
        "@id": "way/661314068",
        "leisure": "playground",
        "@geometry": "center"
      },
      "geometry": {
        "type": "Point",
        "coordinates": [
          150.7961442,
          -33.628793
        ]
      },
      "id": "way/661314068"
    },
    {
      "type": "Feature",
      "properties": {
        "@id": "way/661321739",
        "landuse": "recreation_ground",
        "name": "Russell Reserve",
        "@geometry": "center"
      },
      "geometry": {
        "type": "Point",
        "coordinates": [
          150.9196091,
          -33.6715612
        ]
      },
      "id": "way/661321739"
    },
    {
      "type": "Feature",
      "properties": {
        "@id": "way/661322205",
        "leisure": "park",
        "name": "McGilvray Place Reserve",
        "@geometry": "center"
      },
      "geometry": {
        "type": "Point",
        "coordinates": [
          150.91751,
          -33.6756267
        ]
      },
      "id": "way/661322205"
    },
    {
      "type": "Feature",
      "properties": {
        "@id": "way/661322208",
        "leisure": "playground",
        "@geometry": "center"
      },
      "geometry": {
        "type": "Point",
        "coordinates": [
          150.917688,
          -33.6757149
        ]
      },
      "id": "way/661322208"
    },
    {
      "type": "Feature",
      "properties": {
        "@id": "way/661323558",
        "leisure": "playground",
        "@geometry": "center"
      },
      "geometry": {
        "type": "Point",
        "coordinates": [
          150.9195223,
          -33.6813484
        ]
      },
      "id": "way/661323558"
    },
    {
      "type": "Feature",
      "properties": {
        "@id": "way/661327563",
        "leisure": "park",
        "name": "Connie Lowe Reserve",
        "website": "https://www.thehills.nsw.gov.au/Venues/Parks-Recreation/Parks-Recreation-Directory/Connie-Lowe-Reserve",
        "@geometry": "center"
      },
      "geometry": {
        "type": "Point",
        "coordinates": [
          150.9149021,
          -33.6791249
        ]
      },
      "id": "way/661327563"
    },
    {
      "type": "Feature",
      "properties": {
        "@id": "way/661327568",
        "access": "yes",
        "leisure": "playground",
        "@geometry": "center"
      },
      "geometry": {
        "type": "Point",
        "coordinates": [
          150.9144271,
          -33.6795518
        ]
      },
      "id": "way/661327568"
    },
    {
      "type": "Feature",
      "properties": {
        "@id": "way/661327569",
        "access": "yes",
        "leisure": "playground",
        "@geometry": "center"
      },
      "geometry": {
        "type": "Point",
        "coordinates": [
          150.9143717,
          -33.6793205
        ]
      },
      "id": "way/661327569"
    },
    {
      "type": "Feature",
      "properties": {
        "@id": "way/668168947",
        "leisure": "park",
        "name": "Adams Reserve",
        "@geometry": "center"
      },
      "geometry": {
        "type": "Point",
        "coordinates": [
          150.8347925,
          -33.7685838
        ]
      },
      "id": "way/668168947"
    },
    {
      "type": "Feature",
      "properties": {
        "@id": "way/668168951",
        "leisure": "park",
        "name": "Shennan Walkway",
        "@geometry": "center"
      },
      "geometry": {
        "type": "Point",
        "coordinates": [
          150.8215131,
          -33.7640739
        ]
      },
      "id": "way/668168951"
    },
    {
      "type": "Feature",
      "properties": {
        "@id": "way/670865755",
        "leisure": "playground",
        "@geometry": "center"
      },
      "geometry": {
        "type": "Point",
        "coordinates": [
          150.867365,
          -33.7516946
        ]
      },
      "id": "way/670865755"
    },
    {
      "type": "Feature",
      "properties": {
        "@id": "way/672793767",
        "access": "yes",
        "leisure": "playground",
        "@geometry": "center"
      },
      "geometry": {
        "type": "Point",
        "coordinates": [
          150.9625835,
          -33.8434765
        ]
      },
      "id": "way/672793767"
    },
    {
      "type": "Feature",
      "properties": {
        "@id": "way/672793775",
        "access": "yes",
        "leisure": "playground",
        "@geometry": "center"
      },
      "geometry": {
        "type": "Point",
        "coordinates": [
          150.9615505,
          -33.8408284
        ]
      },
      "id": "way/672793775"
    },
    {
      "type": "Feature",
      "properties": {
        "@id": "way/672795682",
        "leisure": "playground",
        "@geometry": "center"
      },
      "geometry": {
        "type": "Point",
        "coordinates": [
          150.9676052,
          -33.8482386
        ]
      },
      "id": "way/672795682"
    },
    {
      "type": "Feature",
      "properties": {
        "@id": "way/674314436",
        "leisure": "park",
        "@geometry": "center"
      },
      "geometry": {
        "type": "Point",
        "coordinates": [
          150.8675371,
          -33.6980029
        ]
      },
      "id": "way/674314436"
    },
    {
      "type": "Feature",
      "properties": {
        "@id": "way/674314443",
        "leisure": "playground",
        "@geometry": "center"
      },
      "geometry": {
        "type": "Point",
        "coordinates": [
          150.8675214,
          -33.698036
        ]
      },
      "id": "way/674314443"
    },
    {
      "type": "Feature",
      "properties": {
        "@id": "way/674316301",
        "landuse": "recreation_ground",
        "name": "Upperby Reserve",
        "@geometry": "center"
      },
      "geometry": {
        "type": "Point",
        "coordinates": [
          150.856784,
          -33.734699
        ]
      },
      "id": "way/674316301"
    },
    {
      "type": "Feature",
      "properties": {
        "@id": "way/674316314",
        "leisure": "playground",
        "@geometry": "center"
      },
      "geometry": {
        "type": "Point",
        "coordinates": [
          150.8583708,
          -33.7368467
        ]
      },
      "id": "way/674316314"
    },
    {
      "type": "Feature",
      "properties": {
        "@id": "way/674616514",
        "landuse": "recreation_ground",
        "name": "Woodcroft Oval",
        "website": "https://www.blacktown.nsw.gov.au/Sport-and-recreation/Parks-and-recreation/Woodcroft-Oval",
        "@geometry": "center"
      },
      "geometry": {
        "type": "Point",
        "coordinates": [
          150.8787795,
          -33.7584235
        ]
      },
      "id": "way/674616514"
    },
    {
      "type": "Feature",
      "properties": {
        "@id": "way/674616524",
        "leisure": "playground",
        "@geometry": "center"
      },
      "geometry": {
        "type": "Point",
        "coordinates": [
          150.8796759,
          -33.7579777
        ]
      },
      "id": "way/674616524"
    },
    {
      "type": "Feature",
      "properties": {
        "@id": "way/674758252",
        "leisure": "park",
        "name": "Becharry Park",
        "@geometry": "center"
      },
      "geometry": {
        "type": "Point",
        "coordinates": [
          150.8875183,
          -33.75856
        ]
      },
      "id": "way/674758252"
    },
    {
      "type": "Feature",
      "properties": {
        "@id": "way/674758255",
        "leisure": "park",
        "@geometry": "center"
      },
      "geometry": {
        "type": "Point",
        "coordinates": [
          150.8912691,
          -33.7597274
        ]
      },
      "id": "way/674758255"
    },
    {
      "type": "Feature",
      "properties": {
        "@id": "way/674758256",
        "leisure": "playground",
        "@geometry": "center"
      },
      "geometry": {
        "type": "Point",
        "coordinates": [
          150.891069,
          -33.7602675
        ]
      },
      "id": "way/674758256"
    },
    {
      "type": "Feature",
      "properties": {
        "@id": "way/674759289",
        "leisure": "park",
        "name": "Captain Tench Reserve",
        "@geometry": "center"
      },
      "geometry": {
        "type": "Point",
        "coordinates": [
          150.8911438,
          -33.7564551
        ]
      },
      "id": "way/674759289"
    },
    {
      "type": "Feature",
      "properties": {
        "@id": "way/674759290",
        "leisure": "playground",
        "@geometry": "center"
      },
      "geometry": {
        "type": "Point",
        "coordinates": [
          150.8909196,
          -33.7567301
        ]
      },
      "id": "way/674759290"
    },
    {
      "type": "Feature",
      "properties": {
        "@id": "way/674904579",
        "leisure": "park",
        "name": "Woodcroft Reserve",
        "@geometry": "center"
      },
      "geometry": {
        "type": "Point",
        "coordinates": [
          150.8802212,
          -33.7532542
        ]
      },
      "id": "way/674904579"
    },
    {
      "type": "Feature",
      "properties": {
        "@id": "way/674905392",
        "fixme": "name?",
        "leisure": "park",
        "@geometry": "center"
      },
      "geometry": {
        "type": "Point",
        "coordinates": [
          150.8855178,
          -33.7514885
        ]
      },
      "id": "way/674905392"
    },
    {
      "type": "Feature",
      "properties": {
        "@id": "way/674905398",
        "leisure": "playground",
        "@geometry": "center"
      },
      "geometry": {
        "type": "Point",
        "coordinates": [
          150.8853295,
          -33.75165
        ]
      },
      "id": "way/674905398"
    },
    {
      "type": "Feature",
      "properties": {
        "@id": "way/677376236",
        "leisure": "playground",
        "@geometry": "center"
      },
      "geometry": {
        "type": "Point",
        "coordinates": [
          150.8197412,
          -33.6218238
        ]
      },
      "id": "way/677376236"
    },
    {
      "type": "Feature",
      "properties": {
        "@id": "way/677558108",
        "leisure": "park",
        "name": "Alan Pearce Reserve",
        "@geometry": "center"
      },
      "geometry": {
        "type": "Point",
        "coordinates": [
          150.968028,
          -33.6977648
        ]
      },
      "id": "way/677558108"
    },
    {
      "type": "Feature",
      "properties": {
        "@id": "way/677798536",
        "leisure": "park",
        "name": "Bounty Reserve",
        "@geometry": "center"
      },
      "geometry": {
        "type": "Point",
        "coordinates": [
          150.7886646,
          -33.6385061
        ]
      },
      "id": "way/677798536"
    },
    {
      "type": "Feature",
      "properties": {
        "@id": "way/677798544",
        "leisure": "playground",
        "@geometry": "center"
      },
      "geometry": {
        "type": "Point",
        "coordinates": [
          150.7894188,
          -33.6379634
        ]
      },
      "id": "way/677798544"
    },
    {
      "type": "Feature",
      "properties": {
        "@id": "way/677818330",
        "leisure": "park",
        "name": "G E Briscoe Park",
        "source": "LPI Base Map March 2019",
        "@geometry": "center"
      },
      "geometry": {
        "type": "Point",
        "coordinates": [
          150.9654106,
          -33.8384805
        ]
      },
      "id": "way/677818330"
    },
    {
      "type": "Feature",
      "properties": {
        "@id": "way/677818335",
        "leisure": "park",
        "name": "Wainwright Street Park",
        "source": "LPI Base Map March 2019",
        "@geometry": "center"
      },
      "geometry": {
        "type": "Point",
        "coordinates": [
          150.9782271,
          -33.8477035
        ]
      },
      "id": "way/677818335"
    },
    {
      "type": "Feature",
      "properties": {
        "@id": "way/677818336",
        "leisure": "park",
        "name": "Moore Park",
        "source": "LPI Base Map March 2019",
        "@geometry": "center"
      },
      "geometry": {
        "type": "Point",
        "coordinates": [
          150.98003,
          -33.8417487
        ]
      },
      "id": "way/677818336"
    },
    {
      "type": "Feature",
      "properties": {
        "@id": "way/677818337",
        "leisure": "park",
        "name": "Harris Street Park",
        "source": "LPI Base Map + Imagery March 2019",
        "@geometry": "center"
      },
      "geometry": {
        "type": "Point",
        "coordinates": [
          150.9771727,
          -33.8431457
        ]
      },
      "id": "way/677818337"
    },
    {
      "type": "Feature",
      "properties": {
        "@id": "way/677818338",
        "leisure": "park",
        "name": "Cusack Street Park",
        "source": "LPI Base Map March 2019",
        "@geometry": "center"
      },
      "geometry": {
        "type": "Point",
        "coordinates": [
          150.9712565,
          -33.8434775
        ]
      },
      "id": "way/677818338"
    },
    {
      "type": "Feature",
      "properties": {
        "@id": "way/677818339",
        "leisure": "park",
        "name": "Cusack Street Reserve",
        "source": "LPI Base Map March 2019",
        "@geometry": "center"
      },
      "geometry": {
        "type": "Point",
        "coordinates": [
          150.972021,
          -33.8433628
        ]
      },
      "id": "way/677818339"
    },
    {
      "type": "Feature",
      "properties": {
        "@id": "way/677818340",
        "leisure": "park",
        "name": "Leigh Street Park",
        "source": "LPI Base Map March 2019",
        "@geometry": "center"
      },
      "geometry": {
        "type": "Point",
        "coordinates": [
          150.9751152,
          -33.8435638
        ]
      },
      "id": "way/677818340"
    },
    {
      "type": "Feature",
      "properties": {
        "@id": "way/677818341",
        "leisure": "park",
        "name": "Arnett Park",
        "source": "LPI Base Map March 2019",
        "@geometry": "center"
      },
      "geometry": {
        "type": "Point",
        "coordinates": [
          150.974113,
          -33.8458188
        ]
      },
      "id": "way/677818341"
    },
    {
      "type": "Feature",
      "properties": {
        "@id": "way/678140829",
        "leisure": "park",
        "name": "Rizal Park",
        "wikidata": "Q21934841",
        "@geometry": "center"
      },
      "geometry": {
        "type": "Point",
        "coordinates": [
          150.8329802,
          -33.7597399
        ]
      },
      "id": "way/678140829"
    },
    {
      "type": "Feature",
      "properties": {
        "@id": "way/678786220",
        "leisure": "park",
        "name": "Peter Van Hasselt Park",
        "source": "LPI Base Map Mar 2019",
        "wikidata": "Q21934793",
        "@geometry": "center"
      },
      "geometry": {
        "type": "Point",
        "coordinates": [
          150.7997212,
          -33.7271213
        ]
      },
      "id": "way/678786220"
    },
    {
      "type": "Feature",
      "properties": {
        "@id": "way/679672301",
        "leisure": "park",
        "name": "Rickaby Park",
        "source": "LPI NSW Base Map;LPI NSW Imagery",
        "@geometry": "center"
      },
      "geometry": {
        "type": "Point",
        "coordinates": [
          150.7941206,
          -33.6267468
        ]
      },
      "id": "way/679672301"
    },
    {
      "type": "Feature",
      "properties": {
        "@id": "way/679672409",
        "leisure": "park",
        "@geometry": "center"
      },
      "geometry": {
        "type": "Point",
        "coordinates": [
          150.7986818,
          -33.6224969
        ]
      },
      "id": "way/679672409"
    },
    {
      "type": "Feature",
      "properties": {
        "@id": "way/682587527",
        "leisure": "park",
        "name": "Girinya Reserve",
        "@geometry": "center"
      },
      "geometry": {
        "type": "Point",
        "coordinates": [
          150.9017301,
          -33.7879087
        ]
      },
      "id": "way/682587527"
    },
    {
      "type": "Feature",
      "properties": {
        "@id": "way/682587528",
        "leisure": "playground",
        "@geometry": "center"
      },
      "geometry": {
        "type": "Point",
        "coordinates": [
          150.901656,
          -33.7879043
        ]
      },
      "id": "way/682587528"
    },
    {
      "type": "Feature",
      "properties": {
        "@id": "way/684035135",
        "leisure": "park",
        "name": "Stargazing Park",
        "@geometry": "center"
      },
      "geometry": {
        "type": "Point",
        "coordinates": [
          150.9019204,
          -33.6270959
        ]
      },
      "id": "way/684035135"
    },
    {
      "type": "Feature",
      "properties": {
        "@id": "way/687247164",
        "construction": "park",
        "leisure": "park",
        "name": "Gamarada Park",
        "@geometry": "center"
      },
      "geometry": {
        "type": "Point",
        "coordinates": [
          150.8186745,
          -33.6895514
        ]
      },
      "id": "way/687247164"
    },
    {
      "type": "Feature",
      "properties": {
        "@id": "way/688073104",
        "landuse": "recreation_ground",
        "@geometry": "center"
      },
      "geometry": {
        "type": "Point",
        "coordinates": [
          150.9264493,
          -33.7122145
        ]
      },
      "id": "way/688073104"
    },
    {
      "type": "Feature",
      "properties": {
        "@id": "way/688769767",
        "access": "yes",
        "leisure": "playground",
        "name": "Livvi's Place Elara",
        "@geometry": "center"
      },
      "geometry": {
        "type": "Point",
        "coordinates": [
          150.818641,
          -33.6959023
        ]
      },
      "id": "way/688769767"
    },
    {
      "type": "Feature",
      "properties": {
        "@id": "way/689433431",
        "leisure": "park",
        "name": "Dorne Park",
        "@geometry": "center"
      },
      "geometry": {
        "type": "Point",
        "coordinates": [
          150.8276584,
          -33.7495723
        ]
      },
      "id": "way/689433431"
    },
    {
      "type": "Feature",
      "properties": {
        "@id": "way/689433434",
        "leisure": "park",
        "name": "Mt Druitt Town Centre Reserve",
        "@geometry": "center"
      },
      "geometry": {
        "type": "Point",
        "coordinates": [
          150.8282206,
          -33.7678824
        ]
      },
      "id": "way/689433434"
    },
    {
      "type": "Feature",
      "properties": {
        "@id": "way/689433435",
        "leisure": "park",
        "@geometry": "center"
      },
      "geometry": {
        "type": "Point",
        "coordinates": [
          150.813645,
          -33.7605264
        ]
      },
      "id": "way/689433435"
    },
    {
      "type": "Feature",
      "properties": {
        "@id": "way/689947420",
        "description": "The highest point within the Bella Vista Water Estate.",
        "leisure": "park",
        "name": "Rowanbrae Reserve",
        "operator": "The Hills Shire Council",
        "@geometry": "center"
      },
      "geometry": {
        "type": "Point",
        "coordinates": [
          150.9533544,
          -33.7339975
        ]
      },
      "id": "way/689947420"
    },
    {
      "type": "Feature",
      "properties": {
        "@id": "way/689947422",
        "leisure": "playground",
        "@geometry": "center"
      },
      "geometry": {
        "type": "Point",
        "coordinates": [
          150.953214,
          -33.7344708
        ]
      },
      "id": "way/689947422"
    },
    {
      "type": "Feature",
      "properties": {
        "@id": "way/689953177",
        "alt_name": "Half Penny Avenue Reserve",
        "leisure": "park",
        "name": "Half Penny Reserve",
        "@geometry": "center"
      },
      "geometry": {
        "type": "Point",
        "coordinates": [
          150.9437593,
          -33.7165435
        ]
      },
      "id": "way/689953177"
    },
    {
      "type": "Feature",
      "properties": {
        "@id": "way/689953183",
        "leisure": "playground",
        "@geometry": "center"
      },
      "geometry": {
        "type": "Point",
        "coordinates": [
          150.9436179,
          -33.7165086
        ]
      },
      "id": "way/689953183"
    },
    {
      "type": "Feature",
      "properties": {
        "@id": "way/689954049",
        "alt_name": "Lewis Jones Drive Reserve",
        "leisure": "park",
        "name": "Lewis Jones Reserve",
        "@geometry": "center"
      },
      "geometry": {
        "type": "Point",
        "coordinates": [
          150.9395566,
          -33.7149879
        ]
      },
      "id": "way/689954049"
    },
    {
      "type": "Feature",
      "properties": {
        "@id": "way/689954052",
        "access": "yes",
        "leisure": "playground",
        "@geometry": "center"
      },
      "geometry": {
        "type": "Point",
        "coordinates": [
          150.9394151,
          -33.714929
        ]
      },
      "id": "way/689954052"
    },
    {
      "type": "Feature",
      "properties": {
        "@id": "way/696314793",
        "leisure": "playground",
        "name": "Guardian Avenue Reserve",
        "operator": "Hills Shire Council",
        "surface": "rubber_surfacing",
        "@geometry": "center"
      },
      "geometry": {
        "type": "Point",
        "coordinates": [
          150.9440907,
          -33.6893173
        ]
      },
      "id": "way/696314793"
    },
    {
      "type": "Feature",
      "properties": {
        "@id": "way/696322645",
        "leisure": "playground",
        "@geometry": "center"
      },
      "geometry": {
        "type": "Point",
        "coordinates": [
          150.9383785,
          -33.7045899
        ]
      },
      "id": "way/696322645"
    },
    {
      "type": "Feature",
      "properties": {
        "@id": "way/696374583",
        "leisure": "park",
        "@geometry": "center"
      },
      "geometry": {
        "type": "Point",
        "coordinates": [
          150.8451828,
          -33.7530748
        ]
      },
      "id": "way/696374583"
    },
    {
      "type": "Feature",
      "properties": {
        "@id": "way/696374589",
        "leisure": "park",
        "name": "Rooty Hill Central Park",
        "@geometry": "center"
      },
      "geometry": {
        "type": "Point",
        "coordinates": [
          150.8428138,
          -33.775269
        ]
      },
      "id": "way/696374589"
    },
    {
      "type": "Feature",
      "properties": {
        "@id": "way/696851321",
        "access": "yes",
        "leisure": "playground",
        "@geometry": "center"
      },
      "geometry": {
        "type": "Point",
        "coordinates": [
          150.9785779,
          -33.8383745
        ]
      },
      "id": "way/696851321"
    },
    {
      "type": "Feature",
      "properties": {
        "@id": "way/696851322",
        "access": "yes",
        "leisure": "playground",
        "@geometry": "center"
      },
      "geometry": {
        "type": "Point",
        "coordinates": [
          150.9787087,
          -33.8376306
        ]
      },
      "id": "way/696851322"
    },
    {
      "type": "Feature",
      "properties": {
        "@id": "way/696851323",
        "access": "yes",
        "leisure": "playground",
        "@geometry": "center"
      },
      "geometry": {
        "type": "Point",
        "coordinates": [
          150.9785758,
          -33.8377251
        ]
      },
      "id": "way/696851323"
    },
    {
      "type": "Feature",
      "properties": {
        "@id": "way/698423966",
        "leisure": "park",
        "name": "Paul Crescent Reserve",
        "@geometry": "center"
      },
      "geometry": {
        "type": "Point",
        "coordinates": [
          150.9637877,
          -33.8257392
        ]
      },
      "id": "way/698423966"
    },
    {
      "type": "Feature",
      "properties": {
        "@id": "way/698423967",
        "leisure": "playground",
        "@geometry": "center"
      },
      "geometry": {
        "type": "Point",
        "coordinates": [
          150.9637778,
          -33.8258146
        ]
      },
      "id": "way/698423967"
    },
    {
      "type": "Feature",
      "properties": {
        "@id": "way/698424949",
        "leisure": "park",
        "name": "Mujar Reserve",
        "@geometry": "center"
      },
      "geometry": {
        "type": "Point",
        "coordinates": [
          150.9657493,
          -33.8205015
        ]
      },
      "id": "way/698424949"
    },
    {
      "type": "Feature",
      "properties": {
        "@id": "way/698424954",
        "leisure": "playground",
        "@geometry": "center"
      },
      "geometry": {
        "type": "Point",
        "coordinates": [
          150.9662547,
          -33.8207119
        ]
      },
      "id": "way/698424954"
    },
    {
      "type": "Feature",
      "properties": {
        "@id": "way/698426295",
        "leisure": "park",
        "name": "Hampden Road Reserve",
        "@geometry": "center"
      },
      "geometry": {
        "type": "Point",
        "coordinates": [
          150.9650115,
          -33.8179874
        ]
      },
      "id": "way/698426295"
    },
    {
      "type": "Feature",
      "properties": {
        "@id": "way/698433126",
        "leisure": "park",
        "name": "Alderson Park",
        "@geometry": "center"
      },
      "geometry": {
        "type": "Point",
        "coordinates": [
          150.9771897,
          -33.8227481
        ]
      },
      "id": "way/698433126"
    },
    {
      "type": "Feature",
      "properties": {
        "@id": "way/698433128",
        "leisure": "playground",
        "@geometry": "center"
      },
      "geometry": {
        "type": "Point",
        "coordinates": [
          150.9769324,
          -33.8224273
        ]
      },
      "id": "way/698433128"
    },
    {
      "type": "Feature",
      "properties": {
        "@id": "way/698433129",
        "leisure": "playground",
        "@geometry": "center"
      },
      "geometry": {
        "type": "Point",
        "coordinates": [
          150.9769663,
          -33.8230464
        ]
      },
      "id": "way/698433129"
    },
    {
      "type": "Feature",
      "properties": {
        "@id": "way/698437057",
        "leisure": "park",
        "name": "Pitt Park",
        "@geometry": "center"
      },
      "geometry": {
        "type": "Point",
        "coordinates": [
          150.9781263,
          -33.8192039
        ]
      },
      "id": "way/698437057"
    },
    {
      "type": "Feature",
      "properties": {
        "@id": "way/698437059",
        "leisure": "playground",
        "@geometry": "center"
      },
      "geometry": {
        "type": "Point",
        "coordinates": [
          150.9786628,
          -33.8191085
        ]
      },
      "id": "way/698437059"
    },
    {
      "type": "Feature",
      "properties": {
        "@id": "way/698437060",
        "leisure": "playground",
        "@geometry": "center"
      },
      "geometry": {
        "type": "Point",
        "coordinates": [
          150.9785719,
          -33.8194535
        ]
      },
      "id": "way/698437060"
    },
    {
      "type": "Feature",
      "properties": {
        "@id": "way/699800343",
        "leisure": "park",
        "@geometry": "center"
      },
      "geometry": {
        "type": "Point",
        "coordinates": [
          150.9608363,
          -33.7306504
        ]
      },
      "id": "way/699800343"
    },
    {
      "type": "Feature",
      "properties": {
        "@id": "way/701521164",
        "leisure": "park",
        "name": "Beaumont Drive Reserve",
        "@geometry": "center"
      },
      "geometry": {
        "type": "Point",
        "coordinates": [
          150.945558,
          -33.6963017
        ]
      },
      "id": "way/701521164"
    },
    {
      "type": "Feature",
      "properties": {
        "@id": "way/701521165",
        "leisure": "playground",
        "@geometry": "center"
      },
      "geometry": {
        "type": "Point",
        "coordinates": [
          150.9456827,
          -33.6963126
        ]
      },
      "id": "way/701521165"
    },
    {
      "type": "Feature",
      "properties": {
        "@id": "way/701716483",
        "leisure": "park",
        "name": "Clarke Reserve",
        "@geometry": "center"
      },
      "geometry": {
        "type": "Point",
        "coordinates": [
          150.9582937,
          -33.7497262
        ]
      },
      "id": "way/701716483"
    },
    {
      "type": "Feature",
      "properties": {
        "@id": "way/701716487",
        "leisure": "playground",
        "@geometry": "center"
      },
      "geometry": {
        "type": "Point",
        "coordinates": [
          150.9585133,
          -33.7500532
        ]
      },
      "id": "way/701716487"
    },
    {
      "type": "Feature",
      "properties": {
        "@id": "way/702074622",
        "leisure": "playground",
        "@geometry": "center"
      },
      "geometry": {
        "type": "Point",
        "coordinates": [
          150.9529478,
          -33.7654634
        ]
      },
      "id": "way/702074622"
    },
    {
      "type": "Feature",
      "properties": {
        "@id": "way/702075444",
        "leisure": "playground",
        "@geometry": "center"
      },
      "geometry": {
        "type": "Point",
        "coordinates": [
          150.9164682,
          -33.7669277
        ]
      },
      "id": "way/702075444"
    },
    {
      "type": "Feature",
      "properties": {
        "@id": "way/702164489",
        "leisure": "park",
        "@geometry": "center"
      },
      "geometry": {
        "type": "Point",
        "coordinates": [
          150.9721703,
          -33.7644777
        ]
      },
      "id": "way/702164489"
    },
    {
      "type": "Feature",
      "properties": {
        "@id": "way/702164492",
        "leisure": "playground",
        "@geometry": "center"
      },
      "geometry": {
        "type": "Point",
        "coordinates": [
          150.9719062,
          -33.7645766
        ]
      },
      "id": "way/702164492"
    },
    {
      "type": "Feature",
      "properties": {
        "@id": "way/702164493",
        "leisure": "playground",
        "@geometry": "center"
      },
      "geometry": {
        "type": "Point",
        "coordinates": [
          150.9720855,
          -33.7645197
        ]
      },
      "id": "way/702164493"
    },
    {
      "type": "Feature",
      "properties": {
        "@id": "way/702164494",
        "leisure": "playground",
        "@geometry": "center"
      },
      "geometry": {
        "type": "Point",
        "coordinates": [
          150.9721239,
          -33.7646824
        ]
      },
      "id": "way/702164494"
    },
    {
      "type": "Feature",
      "properties": {
        "@id": "way/702164495",
        "addr:postcode": "2153",
        "addr:state": "NSW",
        "addr:street": "Mullane Avenue",
        "addr:suburb": "Baulkham Hills",
        "leisure": "park",
        "name": "Mullane Avenue Reserve",
        "operator": "The Hills Shire Council",
        "operator:type": "government",
        "@geometry": "center"
      },
      "geometry": {
        "type": "Point",
        "coordinates": [
          150.9762013,
          -33.7644094
        ]
      },
      "id": "way/702164495"
    },
    {
      "type": "Feature",
      "properties": {
        "@id": "way/702164497",
        "leisure": "playground",
        "@geometry": "center"
      },
      "geometry": {
        "type": "Point",
        "coordinates": [
          150.9762219,
          -33.7644113
        ]
      },
      "id": "way/702164497"
    },
    {
      "type": "Feature",
      "properties": {
        "@id": "way/702224313",
        "alt_name": "Bluett Park",
        "leisure": "park",
        "name": "Bluett Reserve",
        "ref": "448",
        "website": "https://www.blacktown.nsw.gov.au/Sport-and-recreation/Parks-and-recreation/Reserve-448",
        "@geometry": "center"
      },
      "geometry": {
        "type": "Point",
        "coordinates": [
          150.8705264,
          -33.7455267
        ]
      },
      "id": "way/702224313"
    },
    {
      "type": "Feature",
      "properties": {
        "@id": "way/702224314",
        "leisure": "playground",
        "@geometry": "center"
      },
      "geometry": {
        "type": "Point",
        "coordinates": [
          150.87051,
          -33.7455307
        ]
      },
      "id": "way/702224314"
    },
    {
      "type": "Feature",
      "properties": {
        "@id": "way/703092933",
        "leisure": "park",
        "@geometry": "center"
      },
      "geometry": {
        "type": "Point",
        "coordinates": [
          150.8443585,
          -33.7461336
        ]
      },
      "id": "way/703092933"
    },
    {
      "type": "Feature",
      "properties": {
        "@id": "way/704522875",
        "leisure": "park",
        "name": "Vale Street Park",
        "@geometry": "center"
      },
      "geometry": {
        "type": "Point",
        "coordinates": [
          150.9581111,
          -33.8414472
        ]
      },
      "id": "way/704522875"
    },
    {
      "type": "Feature",
      "properties": {
        "@id": "way/704522876",
        "leisure": "playground",
        "@geometry": "center"
      },
      "geometry": {
        "type": "Point",
        "coordinates": [
          150.9579636,
          -33.8413708
        ]
      },
      "id": "way/704522876"
    },
    {
      "type": "Feature",
      "properties": {
        "@id": "way/704523455",
        "leisure": "park",
        "name": "Woodpark Reserve",
        "@geometry": "center"
      },
      "geometry": {
        "type": "Point",
        "coordinates": [
          150.9612513,
          -33.8408196
        ]
      },
      "id": "way/704523455"
    },
    {
      "type": "Feature",
      "properties": {
        "@id": "way/704523966",
        "leisure": "park",
        "name": "Martin Crescent Park",
        "@geometry": "center"
      },
      "geometry": {
        "type": "Point",
        "coordinates": [
          150.9638961,
          -33.8403105
        ]
      },
      "id": "way/704523966"
    },
    {
      "type": "Feature",
      "properties": {
        "@id": "way/704523967",
        "leisure": "playground",
        "@geometry": "center"
      },
      "geometry": {
        "type": "Point",
        "coordinates": [
          150.9639702,
          -33.8402936
        ]
      },
      "id": "way/704523967"
    },
    {
      "type": "Feature",
      "properties": {
        "@id": "way/704525134",
        "leisure": "park",
        "name": "Albert Street Park",
        "@geometry": "center"
      },
      "geometry": {
        "type": "Point",
        "coordinates": [
          150.9636413,
          -33.8444021
        ]
      },
      "id": "way/704525134"
    },
    {
      "type": "Feature",
      "properties": {
        "@id": "way/704525135",
        "leisure": "playground",
        "@geometry": "center"
      },
      "geometry": {
        "type": "Point",
        "coordinates": [
          150.9638388,
          -33.8439687
        ]
      },
      "id": "way/704525135"
    },
    {
      "type": "Feature",
      "properties": {
        "@id": "way/704525767",
        "leisure": "park",
        "name": "Devlin Park",
        "@geometry": "center"
      },
      "geometry": {
        "type": "Point",
        "coordinates": [
          150.9601724,
          -33.8397092
        ]
      },
      "id": "way/704525767"
    },
    {
      "type": "Feature",
      "properties": {
        "@id": "way/704525768",
        "leisure": "playground",
        "@geometry": "center"
      },
      "geometry": {
        "type": "Point",
        "coordinates": [
          150.9604772,
          -33.8397643
        ]
      },
      "id": "way/704525768"
    },
    {
      "type": "Feature",
      "properties": {
        "@id": "way/704540086",
        "leisure": "park",
        "name": "Haywood Park",
        "@geometry": "center"
      },
      "geometry": {
        "type": "Point",
        "coordinates": [
          150.9165021,
          -33.8497713
        ]
      },
      "id": "way/704540086"
    },
    {
      "type": "Feature",
      "properties": {
        "@id": "way/704540092",
        "leisure": "playground",
        "@geometry": "center"
      },
      "geometry": {
        "type": "Point",
        "coordinates": [
          150.9163974,
          -33.8497426
        ]
      },
      "id": "way/704540092"
    },
    {
      "type": "Feature",
      "properties": {
        "@id": "way/705668705",
        "leisure": "park",
        "name": "Birang Daruganora Park",
        "wikidata": "Q21968300",
        "@geometry": "center"
      },
      "geometry": {
        "type": "Point",
        "coordinates": [
          150.9195423,
          -33.704234
        ]
      },
      "id": "way/705668705"
    },
    {
      "type": "Feature",
      "properties": {
        "@id": "way/705672689",
        "access": "yes",
        "leisure": "playground",
        "@geometry": "center"
      },
      "geometry": {
        "type": "Point",
        "coordinates": [
          150.954865,
          -33.7153272
        ]
      },
      "id": "way/705672689"
    },
    {
      "type": "Feature",
      "properties": {
        "@id": "way/705672690",
        "leisure": "park",
        "name": "Gormon Avenue Reserve",
        "operator": "The Hills Shire Council",
        "url": "https://www.thehills.nsw.gov.au/News-Publications/Gormon-Avenue-Reserve-opens-in-Kellyville",
        "@geometry": "center"
      },
      "geometry": {
        "type": "Point",
        "coordinates": [
          150.9537202,
          -33.7154292
        ]
      },
      "id": "way/705672690"
    },
    {
      "type": "Feature",
      "properties": {
        "@id": "way/706083843",
        "leisure": "park",
        "@geometry": "center"
      },
      "geometry": {
        "type": "Point",
        "coordinates": [
          150.8924649,
          -33.754367
        ]
      },
      "id": "way/706083843"
    },
    {
      "type": "Feature",
      "properties": {
        "@id": "way/706083844",
        "leisure": "playground",
        "@geometry": "center"
      },
      "geometry": {
        "type": "Point",
        "coordinates": [
          150.8924333,
          -33.7544896
        ]
      },
      "id": "way/706083844"
    },
    {
      "type": "Feature",
      "properties": {
        "@id": "way/706084085",
        "leisure": "park",
        "@geometry": "center"
      },
      "geometry": {
        "type": "Point",
        "coordinates": [
          150.9115046,
          -33.7816842
        ]
      },
      "id": "way/706084085"
    },
    {
      "type": "Feature",
      "properties": {
        "@id": "way/706084086",
        "access": "yes",
        "leisure": "playground",
        "@geometry": "center"
      },
      "geometry": {
        "type": "Point",
        "coordinates": [
          150.911543,
          -33.7818548
        ]
      },
      "id": "way/706084086"
    },
    {
      "type": "Feature",
      "properties": {
        "@id": "way/706084675",
        "leisure": "park",
        "name": "Arcadia Street Park",
        "@geometry": "center"
      },
      "geometry": {
        "type": "Point",
        "coordinates": [
          150.9714752,
          -33.8345465
        ]
      },
      "id": "way/706084675"
    },
    {
      "type": "Feature",
      "properties": {
        "@id": "way/706084679",
        "leisure": "playground",
        "@geometry": "center"
      },
      "geometry": {
        "type": "Point",
        "coordinates": [
          150.9714635,
          -33.834626
        ]
      },
      "id": "way/706084679"
    },
    {
      "type": "Feature",
      "properties": {
        "@id": "way/709529042",
        "leisure": "playground",
        "@geometry": "center"
      },
      "geometry": {
        "type": "Point",
        "coordinates": [
          150.8945059,
          -33.7740801
        ]
      },
      "id": "way/709529042"
    },
    {
      "type": "Feature",
      "properties": {
        "@id": "way/711294237",
        "landuse": "recreation_ground",
        "name": "Berger Road Reserve",
        "@geometry": "center"
      },
      "geometry": {
        "type": "Point",
        "coordinates": [
          150.8074496,
          -33.6294057
        ]
      },
      "id": "way/711294237"
    },
    {
      "type": "Feature",
      "properties": {
        "@id": "way/711295955",
        "leisure": "playground",
        "@geometry": "center"
      },
      "geometry": {
        "type": "Point",
        "coordinates": [
          150.8044789,
          -33.6238161
        ]
      },
      "id": "way/711295955"
    },
    {
      "type": "Feature",
      "properties": {
        "@id": "way/711545076",
        "alt_name": "Solar Avenue Park",
        "leisure": "park",
        "name": "Solar Avenue Reserve",
        "@geometry": "center"
      },
      "geometry": {
        "type": "Point",
        "coordinates": [
          150.9577152,
          -33.7562187
        ]
      },
      "id": "way/711545076"
    },
    {
      "type": "Feature",
      "properties": {
        "@id": "way/711936599",
        "leisure": "playground",
        "@geometry": "center"
      },
      "geometry": {
        "type": "Point",
        "coordinates": [
          150.9655916,
          -33.8383549
        ]
      },
      "id": "way/711936599"
    },
    {
      "type": "Feature",
      "properties": {
        "@id": "way/712018657",
        "leisure": "playground",
        "@geometry": "center"
      },
      "geometry": {
        "type": "Point",
        "coordinates": [
          150.96655,
          -33.8298279
        ]
      },
      "id": "way/712018657"
    },
    {
      "type": "Feature",
      "properties": {
        "@id": "way/712018658",
        "leisure": "park",
        "name": "Leeton Street Park",
        "@geometry": "center"
      },
      "geometry": {
        "type": "Point",
        "coordinates": [
          150.966722,
          -33.8301558
        ]
      },
      "id": "way/712018658"
    },
    {
      "type": "Feature",
      "properties": {
        "@id": "way/712018661",
        "leisure": "park",
        "name": "Biscayne Ave Park",
        "@geometry": "center"
      },
      "geometry": {
        "type": "Point",
        "coordinates": [
          150.9682119,
          -33.8286292
        ]
      },
      "id": "way/712018661"
    },
    {
      "type": "Feature",
      "properties": {
        "@id": "way/712018662",
        "leisure": "playground",
        "@geometry": "center"
      },
      "geometry": {
        "type": "Point",
        "coordinates": [
          150.9682183,
          -33.8285985
        ]
      },
      "id": "way/712018662"
    },
    {
      "type": "Feature",
      "properties": {
        "@id": "way/712018663",
        "leisure": "playground",
        "@geometry": "center"
      },
      "geometry": {
        "type": "Point",
        "coordinates": [
          150.9681943,
          -33.8287201
        ]
      },
      "id": "way/712018663"
    },
    {
      "type": "Feature",
      "properties": {
        "@id": "way/712018664",
        "leisure": "park",
        "name": "Serpentine St Park",
        "@geometry": "center"
      },
      "geometry": {
        "type": "Point",
        "coordinates": [
          150.9645884,
          -33.8322365
        ]
      },
      "id": "way/712018664"
    },
    {
      "type": "Feature",
      "properties": {
        "@id": "way/712018665",
        "leisure": "playground",
        "@geometry": "center"
      },
      "geometry": {
        "type": "Point",
        "coordinates": [
          150.9646244,
          -33.8321679
        ]
      },
      "id": "way/712018665"
    },
    {
      "type": "Feature",
      "properties": {
        "@id": "way/712043617",
        "leisure": "playground",
        "@geometry": "center"
      },
      "geometry": {
        "type": "Point",
        "coordinates": [
          150.9622167,
          -33.8350101
        ]
      },
      "id": "way/712043617"
    },
    {
      "type": "Feature",
      "properties": {
        "@id": "way/715299402",
        "leisure": "playground",
        "@geometry": "center"
      },
      "geometry": {
        "type": "Point",
        "coordinates": [
          150.9251779,
          -33.8375697
        ]
      },
      "id": "way/715299402"
    },
    {
      "type": "Feature",
      "properties": {
        "@id": "way/719532127",
        "leisure": "playground",
        "@geometry": "center"
      },
      "geometry": {
        "type": "Point",
        "coordinates": [
          150.8608658,
          -33.7205357
        ]
      },
      "id": "way/719532127"
    },
    {
      "type": "Feature",
      "properties": {
        "@id": "way/719532136",
        "leisure": "playground",
        "@geometry": "center"
      },
      "geometry": {
        "type": "Point",
        "coordinates": [
          150.8555617,
          -33.7187753
        ]
      },
      "id": "way/719532136"
    },
    {
      "type": "Feature",
      "properties": {
        "@id": "way/721342202",
        "leisure": "park",
        "@geometry": "center"
      },
      "geometry": {
        "type": "Point",
        "coordinates": [
          150.8455781,
          -33.7775706
        ]
      },
      "id": "way/721342202"
    },
    {
      "type": "Feature",
      "properties": {
        "@id": "way/721342203",
        "leisure": "playground",
        "@geometry": "center"
      },
      "geometry": {
        "type": "Point",
        "coordinates": [
          150.8458609,
          -33.7777667
        ]
      },
      "id": "way/721342203"
    },
    {
      "type": "Feature",
      "properties": {
        "@id": "way/721346386",
        "leisure": "park",
        "@geometry": "center"
      },
      "geometry": {
        "type": "Point",
        "coordinates": [
          150.8466382,
          -33.779156
        ]
      },
      "id": "way/721346386"
    },
    {
      "type": "Feature",
      "properties": {
        "@id": "way/721346387",
        "leisure": "playground",
        "@geometry": "center"
      },
      "geometry": {
        "type": "Point",
        "coordinates": [
          150.8466207,
          -33.7791751
        ]
      },
      "id": "way/721346387"
    },
    {
      "type": "Feature",
      "properties": {
        "@id": "way/721361407",
        "leisure": "park",
        "@geometry": "center"
      },
      "geometry": {
        "type": "Point",
        "coordinates": [
          150.838927,
          -33.7825294
        ]
      },
      "id": "way/721361407"
    },
    {
      "type": "Feature",
      "properties": {
        "@id": "way/721361414",
        "leisure": "playground",
        "@geometry": "center"
      },
      "geometry": {
        "type": "Point",
        "coordinates": [
          150.8390061,
          -33.782859
        ]
      },
      "id": "way/721361414"
    },
    {
      "type": "Feature",
      "properties": {
        "@id": "way/721487075",
        "leisure": "park",
        "name": "Alexander Egoroff Reserve",
        "source": "NSW LPI",
        "source:date": "2019-09-03",
        "@geometry": "center"
      },
      "geometry": {
        "type": "Point",
        "coordinates": [
          150.8460424,
          -33.7357939
        ]
      },
      "id": "way/721487075"
    },
    {
      "type": "Feature",
      "properties": {
        "@id": "way/721487079",
        "leisure": "playground",
        "@geometry": "center"
      },
      "geometry": {
        "type": "Point",
        "coordinates": [
          150.8460796,
          -33.7357415
        ]
      },
      "id": "way/721487079"
    },
    {
      "type": "Feature",
      "properties": {
        "@id": "way/721488138",
        "alt_name": "Ern C Freeman Reserve",
        "leisure": "park",
        "name": "E C Freeman Reserve",
        "@geometry": "center"
      },
      "geometry": {
        "type": "Point",
        "coordinates": [
          150.845832,
          -33.7408626
        ]
      },
      "id": "way/721488138"
    },
    {
      "type": "Feature",
      "properties": {
        "@id": "way/722812943",
        "leisure": "playground",
        "@geometry": "center"
      },
      "geometry": {
        "type": "Point",
        "coordinates": [
          150.9285894,
          -33.7579674
        ]
      },
      "id": "way/722812943"
    },
    {
      "type": "Feature",
      "properties": {
        "@id": "way/722812944",
        "leisure": "playground",
        "@geometry": "center"
      },
      "geometry": {
        "type": "Point",
        "coordinates": [
          150.9283195,
          -33.7580351
        ]
      },
      "id": "way/722812944"
    },
    {
      "type": "Feature",
      "properties": {
        "@id": "way/724664968",
        "alt_name": "Australia Street & Brisbane Street Reserve",
        "leisure": "park",
        "name": "Australia Street and Brisbane Street Reserve",
        "@geometry": "center"
      },
      "geometry": {
        "type": "Point",
        "coordinates": [
          150.7813843,
          -33.7664981
        ]
      },
      "id": "way/724664968"
    },
    {
      "type": "Feature",
      "properties": {
        "@id": "way/724664974",
        "leisure": "playground",
        "@geometry": "center"
      },
      "geometry": {
        "type": "Point",
        "coordinates": [
          150.7814098,
          -33.7665087
        ]
      },
      "id": "way/724664974"
    },
    {
      "type": "Feature",
      "properties": {
        "@id": "way/724665068",
        "leisure": "park",
        "name": "Adelaide Street Reserve",
        "@geometry": "center"
      },
      "geometry": {
        "type": "Point",
        "coordinates": [
          150.7843881,
          -33.769366
        ]
      },
      "id": "way/724665068"
    },
    {
      "type": "Feature",
      "properties": {
        "@id": "way/724665069",
        "leisure": "playground",
        "@geometry": "center"
      },
      "geometry": {
        "type": "Point",
        "coordinates": [
          150.7843871,
          -33.769362
        ]
      },
      "id": "way/724665069"
    },
    {
      "type": "Feature",
      "properties": {
        "@id": "way/725231801",
        "leisure": "playground",
        "@geometry": "center"
      },
      "geometry": {
        "type": "Point",
        "coordinates": [
          150.8491917,
          -33.7245133
        ]
      },
      "id": "way/725231801"
    },
    {
      "type": "Feature",
      "properties": {
        "@id": "way/733830025",
        "leisure": "park",
        "@geometry": "center"
      },
      "geometry": {
        "type": "Point",
        "coordinates": [
          150.9764508,
          -33.709144
        ]
      },
      "id": "way/733830025"
    },
    {
      "type": "Feature",
      "properties": {
        "@id": "way/736674761",
        "leisure": "park",
        "name": "Galton Park",
        "@geometry": "center"
      },
      "geometry": {
        "type": "Point",
        "coordinates": [
          150.9233664,
          -33.8480924
        ]
      },
      "id": "way/736674761"
    },
    {
      "type": "Feature",
      "properties": {
        "@id": "way/736674856",
        "leisure": "playground",
        "@geometry": "center"
      },
      "geometry": {
        "type": "Point",
        "coordinates": [
          150.9290846,
          -33.848449
        ]
      },
      "id": "way/736674856"
    },
    {
      "type": "Feature",
      "properties": {
        "@id": "way/758093177",
        "leisure": "park",
        "name": "Kevin Dwyer Park",
        "@geometry": "center"
      },
      "geometry": {
        "type": "Point",
        "coordinates": [
          150.8038616,
          -33.7791151
        ]
      },
      "id": "way/758093177"
    },
    {
      "type": "Feature",
      "properties": {
        "@id": "way/758094690",
        "alt_name": "Adelaide Street Reserve",
        "leisure": "park",
        "name": "Ridge Park",
        "wikidata": "Q21935105",
        "@geometry": "center"
      },
      "geometry": {
        "type": "Point",
        "coordinates": [
          150.7945165,
          -33.7732664
        ]
      },
      "id": "way/758094690"
    },
    {
      "type": "Feature",
      "properties": {
        "@id": "way/758094700",
        "leisure": "playground",
        "@geometry": "center"
      },
      "geometry": {
        "type": "Point",
        "coordinates": [
          150.7945603,
          -33.7718031
        ]
      },
      "id": "way/758094700"
    },
    {
      "type": "Feature",
      "properties": {
        "@id": "way/758095679",
        "fixme": "name",
        "leisure": "park",
        "@geometry": "center"
      },
      "geometry": {
        "type": "Point",
        "coordinates": [
          150.7895282,
          -33.7762646
        ]
      },
      "id": "way/758095679"
    },
    {
      "type": "Feature",
      "properties": {
        "@id": "way/758255451",
        "leisure": "park",
        "@geometry": "center"
      },
      "geometry": {
        "type": "Point",
        "coordinates": [
          150.7814962,
          -33.774116
        ]
      },
      "id": "way/758255451"
    },
    {
      "type": "Feature",
      "properties": {
        "@id": "way/758255455",
        "leisure": "playground",
        "@geometry": "center"
      },
      "geometry": {
        "type": "Point",
        "coordinates": [
          150.7815349,
          -33.774158
        ]
      },
      "id": "way/758255455"
    },
    {
      "type": "Feature",
      "properties": {
        "@id": "way/758255456",
        "leisure": "playground",
        "@geometry": "center"
      },
      "geometry": {
        "type": "Point",
        "coordinates": [
          150.7814341,
          -33.7767973
        ]
      },
      "id": "way/758255456"
    },
    {
      "type": "Feature",
      "properties": {
        "@id": "way/758255459",
        "leisure": "playground",
        "@geometry": "center"
      },
      "geometry": {
        "type": "Point",
        "coordinates": [
          150.7882115,
          -33.7780107
        ]
      },
      "id": "way/758255459"
    },
    {
      "type": "Feature",
      "properties": {
        "@id": "way/758255461",
        "leisure": "playground",
        "@geometry": "center"
      },
      "geometry": {
        "type": "Point",
        "coordinates": [
          150.7882184,
          -33.777765
        ]
      },
      "id": "way/758255461"
    },
    {
      "type": "Feature",
      "properties": {
        "@id": "way/758255466",
        "leisure": "park",
        "name": "Ted Little Park",
        "wikidata": "Q21937675",
        "@geometry": "center"
      },
      "geometry": {
        "type": "Point",
        "coordinates": [
          150.7974047,
          -33.7816424
        ]
      },
      "id": "way/758255466"
    },
    {
      "type": "Feature",
      "properties": {
        "@id": "way/758255467",
        "leisure": "playground",
        "@geometry": "center"
      },
      "geometry": {
        "type": "Point",
        "coordinates": [
          150.7971928,
          -33.7820474
        ]
      },
      "id": "way/758255467"
    },
    {
      "type": "Feature",
      "properties": {
        "@id": "way/758258304",
        "alt_name": "Federation Forest Reserve;Federation Park",
        "leisure": "park",
        "name": "Federation Forest",
        "website": "https://www.blacktown.nsw.gov.au/Sport-and-recreation/Parks-and-recreation-directory/Federation-Forest",
        "@geometry": "center"
      },
      "geometry": {
        "type": "Point",
        "coordinates": [
          150.8040181,
          -33.774472
        ]
      },
      "id": "way/758258304"
    },
    {
      "type": "Feature",
      "properties": {
        "@id": "way/759048632",
        "leisure": "park",
        "name": "Lomond Reserve",
        "@geometry": "center"
      },
      "geometry": {
        "type": "Point",
        "coordinates": [
          150.9794005,
          -33.7802303
        ]
      },
      "id": "way/759048632"
    },
    {
      "type": "Feature",
      "properties": {
        "@id": "way/771555056",
        "leisure": "park",
        "name": "Pendle Hill Park",
        "wikidata": "Q21933581",
        "@geometry": "center"
      },
      "geometry": {
        "type": "Point",
        "coordinates": [
          150.943502,
          -33.8080301
        ]
      },
      "id": "way/771555056"
    },
    {
      "type": "Feature",
      "properties": {
        "@id": "way/772667754",
        "leisure": "playground",
        "@geometry": "center"
      },
      "geometry": {
        "type": "Point",
        "coordinates": [
          150.9568362,
          -33.8249525
        ]
      },
      "id": "way/772667754"
    },
    {
      "type": "Feature",
      "properties": {
        "@id": "way/772667755",
        "leisure": "playground",
        "@geometry": "center"
      },
      "geometry": {
        "type": "Point",
        "coordinates": [
          150.9600643,
          -33.8242902
        ]
      },
      "id": "way/772667755"
    },
    {
      "type": "Feature",
      "properties": {
        "@id": "way/772866982",
        "leisure": "playground",
        "@geometry": "center"
      },
      "geometry": {
        "type": "Point",
        "coordinates": [
          150.971298,
          -33.8249878
        ]
      },
      "id": "way/772866982"
    },
    {
      "type": "Feature",
      "properties": {
        "@id": "way/781188535",
        "leisure": "park",
        "@geometry": "center"
      },
      "geometry": {
        "type": "Point",
        "coordinates": [
          150.9737221,
          -33.72357
        ]
      },
      "id": "way/781188535"
    },
    {
      "type": "Feature",
      "properties": {
        "@id": "way/781188536",
        "leisure": "playground",
        "@geometry": "center"
      },
      "geometry": {
        "type": "Point",
        "coordinates": [
          150.9739583,
          -33.7235713
        ]
      },
      "id": "way/781188536"
    },
    {
      "type": "Feature",
      "properties": {
        "@id": "way/788731833",
        "leisure": "park",
        "@geometry": "center"
      },
      "geometry": {
        "type": "Point",
        "coordinates": [
          150.9027302,
          -33.7021334
        ]
      },
      "id": "way/788731833"
    },
    {
      "type": "Feature",
      "properties": {
        "@id": "way/792733579",
        "leisure": "park",
        "name": "Merrylands Remembrance Park",
        "@geometry": "center"
      },
      "geometry": {
        "type": "Point",
        "coordinates": [
          150.9718957,
          -33.8335912
        ]
      },
      "id": "way/792733579"
    },
    {
      "type": "Feature",
      "properties": {
        "@id": "way/792733580",
        "leisure": "park",
        "name": "Todd Street Park",
        "@geometry": "center"
      },
      "geometry": {
        "type": "Point",
        "coordinates": [
          150.9712773,
          -33.8352455
        ]
      },
      "id": "way/792733580"
    },
    {
      "type": "Feature",
      "properties": {
        "@id": "way/792733581",
        "leisure": "park",
        "name": "Ruth Street Park",
        "@geometry": "center"
      },
      "geometry": {
        "type": "Point",
        "coordinates": [
          150.9756263,
          -33.8354767
        ]
      },
      "id": "way/792733581"
    },
    {
      "type": "Feature",
      "properties": {
        "@id": "way/792733582",
        "leisure": "playground",
        "@geometry": "center"
      },
      "geometry": {
        "type": "Point",
        "coordinates": [
          150.9755708,
          -33.8354489
        ]
      },
      "id": "way/792733582"
    },
    {
      "type": "Feature",
      "properties": {
        "@id": "way/792917744",
        "leisure": "park",
        "name": "Whyman Park",
        "@geometry": "center"
      },
      "geometry": {
        "type": "Point",
        "coordinates": [
          150.9619414,
          -33.829223
        ]
      },
      "id": "way/792917744"
    },
    {
      "type": "Feature",
      "properties": {
        "@id": "way/792917745",
        "leisure": "park",
        "name": "Ted Cullen Reserve",
        "@geometry": "center"
      },
      "geometry": {
        "type": "Point",
        "coordinates": [
          150.9641922,
          -33.8278159
        ]
      },
      "id": "way/792917745"
    },
    {
      "type": "Feature",
      "properties": {
        "@id": "way/792917746",
        "leisure": "park",
        "name": "Wirralee Street Park",
        "@geometry": "center"
      },
      "geometry": {
        "type": "Point",
        "coordinates": [
          150.9663308,
          -33.8241477
        ]
      },
      "id": "way/792917746"
    },
    {
      "type": "Feature",
      "properties": {
        "@id": "way/792917747",
        "leisure": "park",
        "name": "Finlayson Street Park South",
        "@geometry": "center"
      },
      "geometry": {
        "type": "Point",
        "coordinates": [
          150.9694932,
          -33.819291
        ]
      },
      "id": "way/792917747"
    },
    {
      "type": "Feature",
      "properties": {
        "@id": "way/792917748",
        "leisure": "park",
        "name": "Finlayson Street Park North",
        "@geometry": "center"
      },
      "geometry": {
        "type": "Point",
        "coordinates": [
          150.9708846,
          -33.817871
        ]
      },
      "id": "way/792917748"
    },
    {
      "type": "Feature",
      "properties": {
        "@id": "way/792917749",
        "leisure": "park",
        "name": "Monterey Street Park",
        "@geometry": "center"
      },
      "geometry": {
        "type": "Point",
        "coordinates": [
          150.970061,
          -33.8211239
        ]
      },
      "id": "way/792917749"
    },
    {
      "type": "Feature",
      "properties": {
        "@id": "way/792917750",
        "leisure": "playground",
        "@geometry": "center"
      },
      "geometry": {
        "type": "Point",
        "coordinates": [
          150.9702062,
          -33.8221878
        ]
      },
      "id": "way/792917750"
    },
    {
      "type": "Feature",
      "properties": {
        "@id": "way/792917751",
        "leisure": "park",
        "name": "Boronia Street Park",
        "@geometry": "center"
      },
      "geometry": {
        "type": "Point",
        "coordinates": [
          150.967665,
          -33.822209
        ]
      },
      "id": "way/792917751"
    },
    {
      "type": "Feature",
      "properties": {
        "@id": "way/793366906",
        "leisure": "park",
        "name": "Tait Street Park",
        "@geometry": "center"
      },
      "geometry": {
        "type": "Point",
        "coordinates": [
          150.9460333,
          -33.846537
        ]
      },
      "id": "way/793366906"
    },
    {
      "type": "Feature",
      "properties": {
        "@id": "way/793366912",
        "leisure": "park",
        "name": "Carnation Street Park",
        "@geometry": "center"
      },
      "geometry": {
        "type": "Point",
        "coordinates": [
          150.9440554,
          -33.8343816
        ]
      },
      "id": "way/793366912"
    },
    {
      "type": "Feature",
      "properties": {
        "@id": "way/793366919",
        "leisure": "park",
        "@geometry": "center"
      },
      "geometry": {
        "type": "Point",
        "coordinates": [
          150.9661663,
          -33.8324817
        ]
      },
      "id": "way/793366919"
    },
    {
      "type": "Feature",
      "properties": {
        "@id": "way/793370132",
        "leisure": "park",
        "@geometry": "center"
      },
      "geometry": {
        "type": "Point",
        "coordinates": [
          150.9596829,
          -33.8438522
        ]
      },
      "id": "way/793370132"
    },
    {
      "type": "Feature",
      "properties": {
        "@id": "way/793370133",
        "leisure": "park",
        "name": "Princes Street Park",
        "@geometry": "center"
      },
      "geometry": {
        "type": "Point",
        "coordinates": [
          150.9663402,
          -33.8457833
        ]
      },
      "id": "way/793370133"
    },
    {
      "type": "Feature",
      "properties": {
        "@id": "way/793370134",
        "leisure": "playground",
        "@geometry": "center"
      },
      "geometry": {
        "type": "Point",
        "coordinates": [
          150.9643991,
          -33.8473749
        ]
      },
      "id": "way/793370134"
    },
    {
      "type": "Feature",
      "properties": {
        "@id": "way/796440463",
        "leisure": "park",
        "@geometry": "center"
      },
      "geometry": {
        "type": "Point",
        "coordinates": [
          150.8254108,
          -33.7565827
        ]
      },
      "id": "way/796440463"
    },
    {
      "type": "Feature",
      "properties": {
        "@id": "way/796440466",
        "leisure": "park",
        "name": "Lyal Sarina Park",
        "wikidata": "Q21932747",
        "@geometry": "center"
      },
      "geometry": {
        "type": "Point",
        "coordinates": [
          150.833143,
          -33.7577939
        ]
      },
      "id": "way/796440466"
    },
    {
      "type": "Feature",
      "properties": {
        "@id": "way/796440479",
        "leisure": "playground",
        "@geometry": "center"
      },
      "geometry": {
        "type": "Point",
        "coordinates": [
          150.8294421,
          -33.7881927
        ]
      },
      "id": "way/796440479"
    },
    {
      "type": "Feature",
      "properties": {
        "@id": "way/796440481",
        "leisure": "park",
        "@geometry": "center"
      },
      "geometry": {
        "type": "Point",
        "coordinates": [
          150.8294025,
          -33.7864536
        ]
      },
      "id": "way/796440481"
    },
    {
      "type": "Feature",
      "properties": {
        "@id": "way/796440485",
        "leisure": "park",
        "name": "Dagara Badu Reserve",
        "source:geometry": "NSW Zoning Map",
        "source:name": "NSW Base Map",
        "@geometry": "center"
      },
      "geometry": {
        "type": "Point",
        "coordinates": [
          150.8120187,
          -33.7878789
        ]
      },
      "id": "way/796440485"
    },
    {
      "type": "Feature",
      "properties": {
        "@id": "way/796440489",
        "leisure": "park",
        "name": "Kenneth Upton Reserve",
        "source:geometry": "NSW Zoning Map",
        "source:name": "NSW Base Map",
        "@geometry": "center"
      },
      "geometry": {
        "type": "Point",
        "coordinates": [
          150.8071842,
          -33.780401
        ]
      },
      "id": "way/796440489"
    },
    {
      "type": "Feature",
      "properties": {
        "@id": "way/796440490",
        "leisure": "park",
        "@geometry": "center"
      },
      "geometry": {
        "type": "Point",
        "coordinates": [
          150.8105181,
          -33.7730788
        ]
      },
      "id": "way/796440490"
    },
    {
      "type": "Feature",
      "properties": {
        "@id": "way/796440491",
        "leisure": "park",
        "name": "Fred Cowpe Reserve",
        "@geometry": "center"
      },
      "geometry": {
        "type": "Point",
        "coordinates": [
          150.819662,
          -33.7708586
        ]
      },
      "id": "way/796440491"
    },
    {
      "type": "Feature",
      "properties": {
        "@id": "way/796440492",
        "leisure": "playground",
        "@geometry": "center"
      },
      "geometry": {
        "type": "Point",
        "coordinates": [
          150.8216931,
          -33.7754909
        ]
      },
      "id": "way/796440492"
    },
    {
      "type": "Feature",
      "properties": {
        "@id": "way/803515328",
        "leisure": "park",
        "name": "Louisa Bliss Park",
        "opening_hours:covid19": "restricted",
        "@geometry": "center"
      },
      "geometry": {
        "type": "Point",
        "coordinates": [
          150.8663176,
          -33.6931837
        ]
      },
      "id": "way/803515328"
    },
    {
      "type": "Feature",
      "properties": {
        "@id": "way/803515329",
        "leisure": "park",
        "@geometry": "center"
      },
      "geometry": {
        "type": "Point",
        "coordinates": [
          150.9020211,
          -33.7563236
        ]
      },
      "id": "way/803515329"
    },
    {
      "type": "Feature",
      "properties": {
        "@id": "way/803515330",
        "leisure": "park",
        "@geometry": "center"
      },
      "geometry": {
        "type": "Point",
        "coordinates": [
          150.900173,
          -33.7570255
        ]
      },
      "id": "way/803515330"
    },
    {
      "type": "Feature",
      "properties": {
        "@id": "way/804824788",
        "leisure": "park",
        "@geometry": "center"
      },
      "geometry": {
        "type": "Point",
        "coordinates": [
          150.8248224,
          -33.7342883
        ]
      },
      "id": "way/804824788"
    },
    {
      "type": "Feature",
      "properties": {
        "@id": "way/804824789",
        "leisure": "playground",
        "@geometry": "center"
      },
      "geometry": {
        "type": "Point",
        "coordinates": [
          150.8247433,
          -33.7343789
        ]
      },
      "id": "way/804824789"
    },
    {
      "type": "Feature",
      "properties": {
        "@id": "way/804824794",
        "leisure": "park",
        "name": "Aunty Mavis Halvorson Park",
        "@geometry": "center"
      },
      "geometry": {
        "type": "Point",
        "coordinates": [
          150.841363,
          -33.7408854
        ]
      },
      "id": "way/804824794"
    },
    {
      "type": "Feature",
      "properties": {
        "@id": "way/804824797",
        "leisure": "playground",
        "@geometry": "center"
      },
      "geometry": {
        "type": "Point",
        "coordinates": [
          150.8462674,
          -33.7431747
        ]
      },
      "id": "way/804824797"
    },
    {
      "type": "Feature",
      "properties": {
        "@id": "way/804824798",
        "leisure": "playground",
        "@geometry": "center"
      },
      "geometry": {
        "type": "Point",
        "coordinates": [
          150.8464858,
          -33.7431125
        ]
      },
      "id": "way/804824798"
    },
    {
      "type": "Feature",
      "properties": {
        "@id": "way/804824802",
        "leisure": "playground",
        "@geometry": "center"
      },
      "geometry": {
        "type": "Point",
        "coordinates": [
          150.8486519,
          -33.743303
        ]
      },
      "id": "way/804824802"
    },
    {
      "type": "Feature",
      "properties": {
        "@id": "way/804824804",
        "leisure": "park",
        "@geometry": "center"
      },
      "geometry": {
        "type": "Point",
        "coordinates": [
          150.8537481,
          -33.7458105
        ]
      },
      "id": "way/804824804"
    },
    {
      "type": "Feature",
      "properties": {
        "@id": "way/804824805",
        "leisure": "playground",
        "@geometry": "center"
      },
      "geometry": {
        "type": "Point",
        "coordinates": [
          150.8537437,
          -33.7458531
        ]
      },
      "id": "way/804824805"
    },
    {
      "type": "Feature",
      "properties": {
        "@id": "way/804824807",
        "leisure": "playground",
        "@geometry": "center"
      },
      "geometry": {
        "type": "Point",
        "coordinates": [
          150.859584,
          -33.7437312
        ]
      },
      "id": "way/804824807"
    },
    {
      "type": "Feature",
      "properties": {
        "@id": "way/804825536",
        "leisure": "playground",
        "@geometry": "center"
      },
      "geometry": {
        "type": "Point",
        "coordinates": [
          150.8518916,
          -33.7411696
        ]
      },
      "id": "way/804825536"
    },
    {
      "type": "Feature",
      "properties": {
        "@id": "way/804842274",
        "leisure": "playground",
        "@geometry": "center"
      },
      "geometry": {
        "type": "Point",
        "coordinates": [
          150.8067537,
          -33.7269628
        ]
      },
      "id": "way/804842274"
    },
    {
      "type": "Feature",
      "properties": {
        "@id": "way/804842275",
        "leisure": "playground",
        "@geometry": "center"
      },
      "geometry": {
        "type": "Point",
        "coordinates": [
          150.803272,
          -33.7287653
        ]
      },
      "id": "way/804842275"
    },
    {
      "type": "Feature",
      "properties": {
        "@id": "way/804842276",
        "leisure": "playground",
        "@geometry": "center"
      },
      "geometry": {
        "type": "Point",
        "coordinates": [
          150.8035928,
          -33.7287538
        ]
      },
      "id": "way/804842276"
    },
    {
      "type": "Feature",
      "properties": {
        "@id": "way/804842277",
        "leisure": "playground",
        "@geometry": "center"
      },
      "geometry": {
        "type": "Point",
        "coordinates": [
          150.7982061,
          -33.7388726
        ]
      },
      "id": "way/804842277"
    },
    {
      "type": "Feature",
      "properties": {
        "@id": "way/804842278",
        "leisure": "playground",
        "@geometry": "center"
      },
      "geometry": {
        "type": "Point",
        "coordinates": [
          150.7985231,
          -33.7388301
        ]
      },
      "id": "way/804842278"
    },
    {
      "type": "Feature",
      "properties": {
        "@id": "way/804842279",
        "leisure": "playground",
        "@geometry": "center"
      },
      "geometry": {
        "type": "Point",
        "coordinates": [
          150.7983926,
          -33.7388638
        ]
      },
      "id": "way/804842279"
    },
    {
      "type": "Feature",
      "properties": {
        "@id": "way/804842280",
        "access": "yes",
        "leisure": "playground",
        "@geometry": "center"
      },
      "geometry": {
        "type": "Point",
        "coordinates": [
          150.7962663,
          -33.7455899
        ]
      },
      "id": "way/804842280"
    },
    {
      "type": "Feature",
      "properties": {
        "@id": "way/804842281",
        "access": "yes",
        "leisure": "playground",
        "@geometry": "center"
      },
      "geometry": {
        "type": "Point",
        "coordinates": [
          150.7963009,
          -33.7454707
        ]
      },
      "id": "way/804842281"
    },
    {
      "type": "Feature",
      "properties": {
        "@id": "way/804842282",
        "access": "yes",
        "leisure": "playground",
        "@geometry": "center"
      },
      "geometry": {
        "type": "Point",
        "coordinates": [
          150.7961881,
          -33.7454367
        ]
      },
      "id": "way/804842282"
    },
    {
      "type": "Feature",
      "properties": {
        "@id": "way/804842284",
        "leisure": "playground",
        "@geometry": "center"
      },
      "geometry": {
        "type": "Point",
        "coordinates": [
          150.7962677,
          -33.7508149
        ]
      },
      "id": "way/804842284"
    },
    {
      "type": "Feature",
      "properties": {
        "@id": "way/804890841",
        "leisure": "playground",
        "@geometry": "center"
      },
      "geometry": {
        "type": "Point",
        "coordinates": [
          150.9021583,
          -33.7166777
        ]
      },
      "id": "way/804890841"
    },
    {
      "type": "Feature",
      "properties": {
        "@id": "way/804890845",
        "leisure": "park",
        "name": "Solander Reserve",
        "@geometry": "center"
      },
      "geometry": {
        "type": "Point",
        "coordinates": [
          150.9451292,
          -33.7554873
        ]
      },
      "id": "way/804890845"
    },
    {
      "type": "Feature",
      "properties": {
        "@id": "way/804890846",
        "leisure": "playground",
        "@geometry": "center"
      },
      "geometry": {
        "type": "Point",
        "coordinates": [
          150.9450738,
          -33.7554636
        ]
      },
      "id": "way/804890846"
    },
    {
      "type": "Feature",
      "properties": {
        "@id": "way/804890848",
        "leisure": "park",
        "@geometry": "center"
      },
      "geometry": {
        "type": "Point",
        "coordinates": [
          150.9423406,
          -33.7545776
        ]
      },
      "id": "way/804890848"
    },
    {
      "type": "Feature",
      "properties": {
        "@id": "way/804890849",
        "leisure": "park",
        "name": "Sirius Reserve",
        "@geometry": "center"
      },
      "geometry": {
        "type": "Point",
        "coordinates": [
          150.950791,
          -33.7558163
        ]
      },
      "id": "way/804890849"
    },
    {
      "type": "Feature",
      "properties": {
        "@id": "way/804890850",
        "leisure": "playground",
        "@geometry": "center"
      },
      "geometry": {
        "type": "Point",
        "coordinates": [
          150.9507324,
          -33.7558409
        ]
      },
      "id": "way/804890850"
    },
    {
      "type": "Feature",
      "properties": {
        "@id": "way/804890851",
        "leisure": "park",
        "@geometry": "center"
      },
      "geometry": {
        "type": "Point",
        "coordinates": [
          150.9530897,
          -33.7633572
        ]
      },
      "id": "way/804890851"
    },
    {
      "type": "Feature",
      "properties": {
        "@id": "way/804890852",
        "leisure": "park",
        "name": "Brahms Reserve",
        "@geometry": "center"
      },
      "geometry": {
        "type": "Point",
        "coordinates": [
          150.954431,
          -33.7660154
        ]
      },
      "id": "way/804890852"
    },
    {
      "type": "Feature",
      "properties": {
        "@id": "way/805392349",
        "leisure": "playground",
        "@geometry": "center"
      },
      "geometry": {
        "type": "Point",
        "coordinates": [
          150.9558703,
          -33.8207304
        ]
      },
      "id": "way/805392349"
    },
    {
      "type": "Feature",
      "properties": {
        "@id": "way/805392350",
        "leisure": "playground",
        "@geometry": "center"
      },
      "geometry": {
        "type": "Point",
        "coordinates": [
          150.9568857,
          -33.819204
        ]
      },
      "id": "way/805392350"
    },
    {
      "type": "Feature",
      "properties": {
        "@id": "way/805392351",
        "leisure": "playground",
        "@geometry": "center"
      },
      "geometry": {
        "type": "Point",
        "coordinates": [
          150.9537471,
          -33.8147822
        ]
      },
      "id": "way/805392351"
    },
    {
      "type": "Feature",
      "properties": {
        "@id": "way/805392352",
        "leisure": "playground",
        "@geometry": "center"
      },
      "geometry": {
        "type": "Point",
        "coordinates": [
          150.9536219,
          -33.8149104
        ]
      },
      "id": "way/805392352"
    },
    {
      "type": "Feature",
      "properties": {
        "@id": "way/805392353",
        "access": "yes",
        "leisure": "playground",
        "@geometry": "center"
      },
      "geometry": {
        "type": "Point",
        "coordinates": [
          150.942098,
          -33.8179885
        ]
      },
      "id": "way/805392353"
    },
    {
      "type": "Feature",
      "properties": {
        "@id": "way/806408131",
        "leisure": "park",
        "name": "Reserve 95",
        "operator": "Blacktown City Council",
        "@geometry": "center"
      },
      "geometry": {
        "type": "Point",
        "coordinates": [
          150.9042637,
          -33.7831183
        ]
      },
      "id": "way/806408131"
    },
    {
      "type": "Feature",
      "properties": {
        "@id": "way/806408134",
        "leisure": "park",
        "name": "Reserve 157",
        "operator": "Blacktown City Council",
        "ref": "157",
        "@geometry": "center"
      },
      "geometry": {
        "type": "Point",
        "coordinates": [
          150.9036135,
          -33.7810805
        ]
      },
      "id": "way/806408134"
    },
    {
      "type": "Feature",
      "properties": {
        "@id": "way/806408136",
        "leisure": "park",
        "@geometry": "center"
      },
      "geometry": {
        "type": "Point",
        "coordinates": [
          150.906,
          -33.7839422
        ]
      },
      "id": "way/806408136"
    },
    {
      "type": "Feature",
      "properties": {
        "@id": "way/806649507",
        "leisure": "park",
        "@geometry": "center"
      },
      "geometry": {
        "type": "Point",
        "coordinates": [
          150.8990868,
          -33.7852235
        ]
      },
      "id": "way/806649507"
    },
    {
      "type": "Feature",
      "properties": {
        "@id": "way/806649508",
        "leisure": "park",
        "@geometry": "center"
      },
      "geometry": {
        "type": "Point",
        "coordinates": [
          150.8991088,
          -33.7864463
        ]
      },
      "id": "way/806649508"
    },
    {
      "type": "Feature",
      "properties": {
        "@id": "way/806649509",
        "leisure": "park",
        "@geometry": "center"
      },
      "geometry": {
        "type": "Point",
        "coordinates": [
          150.9027451,
          -33.7890603
        ]
      },
      "id": "way/806649509"
    },
    {
      "type": "Feature",
      "properties": {
        "@id": "way/806649510",
        "leisure": "park",
        "@geometry": "center"
      },
      "geometry": {
        "type": "Point",
        "coordinates": [
          150.8936623,
          -33.7805714
        ]
      },
      "id": "way/806649510"
    },
    {
      "type": "Feature",
      "properties": {
        "@id": "way/806649511",
        "leisure": "park",
        "@geometry": "center"
      },
      "geometry": {
        "type": "Point",
        "coordinates": [
          150.8933981,
          -33.7809219
        ]
      },
      "id": "way/806649511"
    },
    {
      "type": "Feature",
      "properties": {
        "@id": "way/806649513",
        "leisure": "park",
        "@geometry": "center"
      },
      "geometry": {
        "type": "Point",
        "coordinates": [
          150.8864576,
          -33.7798679
        ]
      },
      "id": "way/806649513"
    },
    {
      "type": "Feature",
      "properties": {
        "@id": "way/806718253",
        "leisure": "park",
        "@geometry": "center"
      },
      "geometry": {
        "type": "Point",
        "coordinates": [
          150.8994285,
          -33.7225302
        ]
      },
      "id": "way/806718253"
    },
    {
      "type": "Feature",
      "properties": {
        "@id": "way/806718254",
        "leisure": "playground",
        "@geometry": "center"
      },
      "geometry": {
        "type": "Point",
        "coordinates": [
          150.9028412,
          -33.7266697
        ]
      },
      "id": "way/806718254"
    },
    {
      "type": "Feature",
      "properties": {
        "@id": "way/806718256",
        "leisure": "playground",
        "@geometry": "center"
      },
      "geometry": {
        "type": "Point",
        "coordinates": [
          150.9058405,
          -33.7329123
        ]
      },
      "id": "way/806718256"
    },
    {
      "type": "Feature",
      "properties": {
        "@id": "way/806718261",
        "access": "yes",
        "leisure": "playground",
        "@geometry": "center"
      },
      "geometry": {
        "type": "Point",
        "coordinates": [
          150.9256148,
          -33.7054409
        ]
      },
      "id": "way/806718261"
    },
    {
      "type": "Feature",
      "properties": {
        "@id": "way/806718266",
        "leisure": "playground",
        "@geometry": "center"
      },
      "geometry": {
        "type": "Point",
        "coordinates": [
          150.9014599,
          -33.7190651
        ]
      },
      "id": "way/806718266"
    },
    {
      "type": "Feature",
      "properties": {
        "@id": "way/806784082",
        "leisure": "park",
        "@geometry": "center"
      },
      "geometry": {
        "type": "Point",
        "coordinates": [
          150.789035,
          -33.7794777
        ]
      },
      "id": "way/806784082"
    },
    {
      "type": "Feature",
      "properties": {
        "@id": "way/806784085",
        "leisure": "park",
        "name": "Oxley Park",
        "@geometry": "center"
      },
      "geometry": {
        "type": "Point",
        "coordinates": [
          150.7913241,
          -33.7728562
        ]
      },
      "id": "way/806784085"
    },
    {
      "type": "Feature",
      "properties": {
        "@id": "way/807454622",
        "leisure": "playground",
        "@geometry": "center"
      },
      "geometry": {
        "type": "Point",
        "coordinates": [
          150.8075597,
          -33.8016512
        ]
      },
      "id": "way/807454622"
    },
    {
      "type": "Feature",
      "properties": {
        "@id": "way/807462446",
        "leisure": "park",
        "@geometry": "center"
      },
      "geometry": {
        "type": "Point",
        "coordinates": [
          150.9360369,
          -33.6994414
        ]
      },
      "id": "way/807462446"
    },
    {
      "type": "Feature",
      "properties": {
        "@id": "way/807462448",
        "access": "yes",
        "leisure": "playground",
        "@geometry": "center"
      },
      "geometry": {
        "type": "Point",
        "coordinates": [
          150.9359598,
          -33.6995742
        ]
      },
      "id": "way/807462448"
    },
    {
      "type": "Feature",
      "properties": {
        "@id": "way/807462452",
        "leisure": "park",
        "@geometry": "center"
      },
      "geometry": {
        "type": "Point",
        "coordinates": [
          150.9680522,
          -33.7153595
        ]
      },
      "id": "way/807462452"
    },
    {
      "type": "Feature",
      "properties": {
        "@id": "way/807462454",
        "leisure": "playground",
        "@geometry": "center"
      },
      "geometry": {
        "type": "Point",
        "coordinates": [
          150.9680821,
          -33.7152768
        ]
      },
      "id": "way/807462454"
    },
    {
      "type": "Feature",
      "properties": {
        "@id": "way/807473096",
        "leisure": "park",
        "@geometry": "center"
      },
      "geometry": {
        "type": "Point",
        "coordinates": [
          150.9489617,
          -33.7296052
        ]
      },
      "id": "way/807473096"
    },
    {
      "type": "Feature",
      "properties": {
        "@id": "way/807685848",
        "leisure": "playground",
        "@geometry": "center"
      },
      "geometry": {
        "type": "Point",
        "coordinates": [
          150.9574709,
          -33.6703931
        ]
      },
      "id": "way/807685848"
    },
    {
      "type": "Feature",
      "properties": {
        "@id": "way/815109318",
        "leisure": "playground",
        "@geometry": "center"
      },
      "geometry": {
        "type": "Point",
        "coordinates": [
          150.8326795,
          -33.7271955
        ]
      },
      "id": "way/815109318"
    },
    {
      "type": "Feature",
      "properties": {
        "@id": "way/815109319",
        "leisure": "playground",
        "@geometry": "center"
      },
      "geometry": {
        "type": "Point",
        "coordinates": [
          150.8301778,
          -33.749211
        ]
      },
      "id": "way/815109319"
    },
    {
      "type": "Feature",
      "properties": {
        "@id": "way/815109320",
        "leisure": "playground",
        "@geometry": "center"
      },
      "geometry": {
        "type": "Point",
        "coordinates": [
          150.82176,
          -33.7510641
        ]
      },
      "id": "way/815109320"
    },
    {
      "type": "Feature",
      "properties": {
        "@id": "way/815111474",
        "leisure": "playground",
        "@geometry": "center"
      },
      "geometry": {
        "type": "Point",
        "coordinates": [
          150.7874996,
          -33.7985975
        ]
      },
      "id": "way/815111474"
    },
    {
      "type": "Feature",
      "properties": {
        "@id": "way/815111476",
        "leisure": "playground",
        "@geometry": "center"
      },
      "geometry": {
        "type": "Point",
        "coordinates": [
          150.8081925,
          -33.7969392
        ]
      },
      "id": "way/815111476"
    },
    {
      "type": "Feature",
      "properties": {
        "@id": "way/815844284",
        "leisure": "park",
        "@geometry": "center"
      },
      "geometry": {
        "type": "Point",
        "coordinates": [
          150.8922377,
          -33.697745
        ]
      },
      "id": "way/815844284"
    },
    {
      "type": "Feature",
      "properties": {
        "@id": "way/820398883",
        "leisure": "park",
        "name": "Lucy Cobcroft Park",
        "@geometry": "center"
      },
      "geometry": {
        "type": "Point",
        "coordinates": [
          150.7990494,
          -33.7730496
        ]
      },
      "id": "way/820398883"
    },
    {
      "type": "Feature",
      "properties": {
        "@id": "way/820398884",
        "leisure": "park",
        "@geometry": "center"
      },
      "geometry": {
        "type": "Point",
        "coordinates": [
          150.7929121,
          -33.7812814
        ]
      },
      "id": "way/820398884"
    },
    {
      "type": "Feature",
      "properties": {
        "@id": "way/820398886",
        "leisure": "park",
        "@geometry": "center"
      },
      "geometry": {
        "type": "Point",
        "coordinates": [
          150.7858123,
          -33.7655271
        ]
      },
      "id": "way/820398886"
    },
    {
      "type": "Feature",
      "properties": {
        "@id": "way/820398887",
        "leisure": "park",
        "@geometry": "center"
      },
      "geometry": {
        "type": "Point",
        "coordinates": [
          150.7852931,
          -33.7645916
        ]
      },
      "id": "way/820398887"
    },
    {
      "type": "Feature",
      "properties": {
        "@id": "way/821812962",
        "leisure": "park",
        "name": "Berwick Street Reserve",
        "@geometry": "center"
      },
      "geometry": {
        "type": "Point",
        "coordinates": [
          150.9797995,
          -33.8500145
        ]
      },
      "id": "way/821812962"
    },
    {
      "type": "Feature",
      "properties": {
        "@id": "way/825362079",
        "leisure": "playground",
        "@geometry": "center"
      },
      "geometry": {
        "type": "Point",
        "coordinates": [
          150.9191503,
          -33.7382247
        ]
      },
      "id": "way/825362079"
    },
    {
      "type": "Feature",
      "properties": {
        "@id": "way/826363168",
        "alt_name": "Arnold Avenue Sports Complex Reserve",
        "leisure": "park",
        "name": "Arnold Avenue Reserve",
        "@geometry": "center"
      },
      "geometry": {
        "type": "Point",
        "coordinates": [
          150.9433643,
          -33.7122816
        ]
      },
      "id": "way/826363168"
    },
    {
      "type": "Feature",
      "properties": {
        "@id": "way/826363170",
        "access": "yes",
        "leisure": "playground",
        "@geometry": "center"
      },
      "geometry": {
        "type": "Point",
        "coordinates": [
          150.944206,
          -33.7125145
        ]
      },
      "id": "way/826363170"
    },
    {
      "type": "Feature",
      "properties": {
        "@id": "way/850315846",
        "leisure": "park",
        "@geometry": "center"
      },
      "geometry": {
        "type": "Point",
        "coordinates": [
          150.9049175,
          -33.6497441
        ]
      },
      "id": "way/850315846"
    },
    {
      "type": "Feature",
      "properties": {
        "@id": "way/850683588",
        "leisure": "park",
        "@geometry": "center"
      },
      "geometry": {
        "type": "Point",
        "coordinates": [
          150.8000689,
          -33.6979054
        ]
      },
      "id": "way/850683588"
    },
    {
      "type": "Feature",
      "properties": {
        "@id": "way/851745859",
        "leisure": "playground",
        "@geometry": "center"
      },
      "geometry": {
        "type": "Point",
        "coordinates": [
          150.8914269,
          -33.7159285
        ]
      },
      "id": "way/851745859"
    },
    {
      "type": "Feature",
      "properties": {
        "@id": "way/851745861",
        "leisure": "playground",
        "@geometry": "center"
      },
      "geometry": {
        "type": "Point",
        "coordinates": [
          150.8967692,
          -33.7171917
        ]
      },
      "id": "way/851745861"
    },
    {
      "type": "Feature",
      "properties": {
        "@id": "way/851745862",
        "access": "private",
        "leisure": "playground",
        "@geometry": "center"
      },
      "geometry": {
        "type": "Point",
        "coordinates": [
          150.9447293,
          -33.7415175
        ]
      },
      "id": "way/851745862"
    },
    {
      "type": "Feature",
      "properties": {
        "@id": "way/853609183",
        "leisure": "park",
        "name": "Albert Scheinberg Reserve",
        "note": "park boundaries are approximate until better imagery is available",
        "source:name": "signs at Mount Carmel drive and Copenhagen Street",
        "@geometry": "center"
      },
      "geometry": {
        "type": "Point",
        "coordinates": [
          150.8851519,
          -33.6540391
        ]
      },
      "id": "way/853609183"
    },
    {
      "type": "Feature",
      "properties": {
        "@id": "way/860231300",
        "leisure": "park",
        "name": "Helmsley Grove Reserve",
        "@geometry": "center"
      },
      "geometry": {
        "type": "Point",
        "coordinates": [
          150.9679615,
          -33.7206122
        ]
      },
      "id": "way/860231300"
    },
    {
      "type": "Feature",
      "properties": {
        "@id": "way/860231301",
        "leisure": "playground",
        "@geometry": "center"
      },
      "geometry": {
        "type": "Point",
        "coordinates": [
          150.9674596,
          -33.7202723
        ]
      },
      "id": "way/860231301"
    },
    {
      "type": "Feature",
      "properties": {
        "@id": "way/863045592",
        "leisure": "park",
        "@geometry": "center"
      },
      "geometry": {
        "type": "Point",
        "coordinates": [
          150.8854981,
          -33.6994283
        ]
      },
      "id": "way/863045592"
    },
    {
      "type": "Feature",
      "properties": {
        "@id": "way/865558868",
        "leisure": "playground",
        "@geometry": "center"
      },
      "geometry": {
        "type": "Point",
        "coordinates": [
          150.8316747,
          -33.7854567
        ]
      },
      "id": "way/865558868"
    },
    {
      "type": "Feature",
      "properties": {
        "@id": "way/865565332",
        "leisure": "park",
        "@geometry": "center"
      },
      "geometry": {
        "type": "Point",
        "coordinates": [
          150.8309025,
          -33.7904566
        ]
      },
      "id": "way/865565332"
    },
    {
      "type": "Feature",
      "properties": {
        "@id": "way/865579234",
        "leisure": "park",
        "@geometry": "center"
      },
      "geometry": {
        "type": "Point",
        "coordinates": [
          150.8453989,
          -33.7809259
        ]
      },
      "id": "way/865579234"
    },
    {
      "type": "Feature",
      "properties": {
        "@id": "way/865776029",
        "landuse": "grass",
        "leisure": "park",
        "@geometry": "center"
      },
      "geometry": {
        "type": "Point",
        "coordinates": [
          150.8403154,
          -33.7864963
        ]
      },
      "id": "way/865776029"
    },
    {
      "type": "Feature",
      "properties": {
        "@id": "way/868190325",
        "leisure": "playground",
        "@geometry": "center"
      },
      "geometry": {
        "type": "Point",
        "coordinates": [
          150.9703871,
          -33.794291
        ]
      },
      "id": "way/868190325"
    },
    {
      "type": "Feature",
      "properties": {
        "@id": "way/875351601",
        "leisure": "park",
        "name": "Camillo Park",
        "source:name": "NSW SIX",
        "@geometry": "center"
      },
      "geometry": {
        "type": "Point",
        "coordinates": [
          150.9341208,
          -33.7668044
        ]
      },
      "id": "way/875351601"
    },
    {
      "type": "Feature",
      "properties": {
        "@id": "way/875351604",
        "leisure": "park",
        "name": "Linden Park",
        "@geometry": "center"
      },
      "geometry": {
        "type": "Point",
        "coordinates": [
          150.9367456,
          -33.7670009
        ]
      },
      "id": "way/875351604"
    },
    {
      "type": "Feature",
      "properties": {
        "@id": "way/875352333",
        "leisure": "park",
        "@geometry": "center"
      },
      "geometry": {
        "type": "Point",
        "coordinates": [
          150.9235946,
          -33.7545985
        ]
      },
      "id": "way/875352333"
    },
    {
      "type": "Feature",
      "properties": {
        "@id": "way/878804788",
        "leisure": "park",
        "@geometry": "center"
      },
      "geometry": {
        "type": "Point",
        "coordinates": [
          150.8407938,
          -33.7798447
        ]
      },
      "id": "way/878804788"
    },
    {
      "type": "Feature",
      "properties": {
        "@id": "way/878804789",
        "leisure": "park",
        "@geometry": "center"
      },
      "geometry": {
        "type": "Point",
        "coordinates": [
          150.8404562,
          -33.7819244
        ]
      },
      "id": "way/878804789"
    },
    {
      "type": "Feature",
      "properties": {
        "@id": "way/878804797",
        "leisure": "park",
        "name": "George Nicolaidis Park",
        "name:etymology": "George Nicolaidis",
        "@geometry": "center"
      },
      "geometry": {
        "type": "Point",
        "coordinates": [
          150.8353458,
          -33.7733295
        ]
      },
      "id": "way/878804797"
    },
    {
      "type": "Feature",
      "properties": {
        "@id": "way/878804800",
        "leisure": "park",
        "@geometry": "center"
      },
      "geometry": {
        "type": "Point",
        "coordinates": [
          150.8359398,
          -33.7708619
        ]
      },
      "id": "way/878804800"
    },
    {
      "type": "Feature",
      "properties": {
        "@id": "way/878804803",
        "leisure": "park",
        "@geometry": "center"
      },
      "geometry": {
        "type": "Point",
        "coordinates": [
          150.8409201,
          -33.7784672
        ]
      },
      "id": "way/878804803"
    },
    {
      "type": "Feature",
      "properties": {
        "@id": "way/878804804",
        "leisure": "park",
        "name": "Namatjira Park",
        "@geometry": "center"
      },
      "geometry": {
        "type": "Point",
        "coordinates": [
          150.8486104,
          -33.7755119
        ]
      },
      "id": "way/878804804"
    },
    {
      "type": "Feature",
      "properties": {
        "@id": "way/878815758",
        "leisure": "park",
        "@geometry": "center"
      },
      "geometry": {
        "type": "Point",
        "coordinates": [
          150.8260844,
          -33.7560889
        ]
      },
      "id": "way/878815758"
    },
    {
      "type": "Feature",
      "properties": {
        "@id": "way/878815760",
        "leisure": "park",
        "@geometry": "center"
      },
      "geometry": {
        "type": "Point",
        "coordinates": [
          150.8148055,
          -33.763159
        ]
      },
      "id": "way/878815760"
    },
    {
      "type": "Feature",
      "properties": {
        "@id": "way/878815761",
        "leisure": "park",
        "@geometry": "center"
      },
      "geometry": {
        "type": "Point",
        "coordinates": [
          150.8100774,
          -33.7625728
        ]
      },
      "id": "way/878815761"
    },
    {
      "type": "Feature",
      "properties": {
        "@id": "way/878815762",
        "leisure": "park",
        "name": "Kokoda Reserve",
        "@geometry": "center"
      },
      "geometry": {
        "type": "Point",
        "coordinates": [
          150.8068526,
          -33.7625197
        ]
      },
      "id": "way/878815762"
    },
    {
      "type": "Feature",
      "properties": {
        "@id": "way/878815772",
        "leisure": "park",
        "@geometry": "center"
      },
      "geometry": {
        "type": "Point",
        "coordinates": [
          150.8399845,
          -33.7590198
        ]
      },
      "id": "way/878815772"
    },
    {
      "type": "Feature",
      "properties": {
        "@id": "way/878815774",
        "leisure": "park",
        "@geometry": "center"
      },
      "geometry": {
        "type": "Point",
        "coordinates": [
          150.8435238,
          -33.7593313
        ]
      },
      "id": "way/878815774"
    },
    {
      "type": "Feature",
      "properties": {
        "@id": "way/878815775",
        "leisure": "park",
        "@geometry": "center"
      },
      "geometry": {
        "type": "Point",
        "coordinates": [
          150.846249,
          -33.7599222
        ]
      },
      "id": "way/878815775"
    },
    {
      "type": "Feature",
      "properties": {
        "@id": "way/878815776",
        "leisure": "park",
        "@geometry": "center"
      },
      "geometry": {
        "type": "Point",
        "coordinates": [
          150.8329682,
          -33.7665493
        ]
      },
      "id": "way/878815776"
    },
    {
      "type": "Feature",
      "properties": {
        "@id": "way/879573347",
        "leisure": "park",
        "name": "Mount Druitt Rotary Park",
        "@geometry": "center"
      },
      "geometry": {
        "type": "Point",
        "coordinates": [
          150.8182808,
          -33.7556712
        ]
      },
      "id": "way/879573347"
    },
    {
      "type": "Feature",
      "properties": {
        "@id": "way/879573354",
        "leisure": "park",
        "@geometry": "center"
      },
      "geometry": {
        "type": "Point",
        "coordinates": [
          150.8118123,
          -33.7740879
        ]
      },
      "id": "way/879573354"
    },
    {
      "type": "Feature",
      "properties": {
        "@id": "way/879573355",
        "leisure": "park",
        "@geometry": "center"
      },
      "geometry": {
        "type": "Point",
        "coordinates": [
          150.8130777,
          -33.7730792
        ]
      },
      "id": "way/879573355"
    },
    {
      "type": "Feature",
      "properties": {
        "@id": "way/879573356",
        "leisure": "park",
        "@geometry": "center"
      },
      "geometry": {
        "type": "Point",
        "coordinates": [
          150.8097982,
          -33.7711918
        ]
      },
      "id": "way/879573356"
    },
    {
      "type": "Feature",
      "properties": {
        "@id": "way/879573357",
        "leisure": "park",
        "@geometry": "center"
      },
      "geometry": {
        "type": "Point",
        "coordinates": [
          150.8059922,
          -33.770584
        ]
      },
      "id": "way/879573357"
    },
    {
      "type": "Feature",
      "properties": {
        "@id": "way/879573360",
        "leisure": "park",
        "note": "Unsure if this",
        "@geometry": "center"
      },
      "geometry": {
        "type": "Point",
        "coordinates": [
          150.8103455,
          -33.768353
        ]
      },
      "id": "way/879573360"
    },
    {
      "type": "Feature",
      "properties": {
        "@id": "way/881493798",
        "leisure": "park",
        "name": "Sierra Place Reserve",
        "@geometry": "center"
      },
      "geometry": {
        "type": "Point",
        "coordinates": [
          150.9601164,
          -33.7671465
        ]
      },
      "id": "way/881493798"
    },
    {
      "type": "Feature",
      "properties": {
        "@id": "way/881493799",
        "leisure": "playground",
        "@geometry": "center"
      },
      "geometry": {
        "type": "Point",
        "coordinates": [
          150.9577264,
          -33.7596966
        ]
      },
      "id": "way/881493799"
    },
    {
      "type": "Feature",
      "properties": {
        "@id": "way/881493802",
        "leisure": "park",
        "@geometry": "center"
      },
      "geometry": {
        "type": "Point",
        "coordinates": [
          150.9449609,
          -33.7646298
        ]
      },
      "id": "way/881493802"
    },
    {
      "type": "Feature",
      "properties": {
        "@id": "way/881493803",
        "leisure": "playground",
        "@geometry": "center"
      },
      "geometry": {
        "type": "Point",
        "coordinates": [
          150.9450249,
          -33.7646535
        ]
      },
      "id": "way/881493803"
    },
    {
      "type": "Feature",
      "properties": {
        "@id": "way/881751661",
        "leisure": "playground",
        "@geometry": "center"
      },
      "geometry": {
        "type": "Point",
        "coordinates": [
          150.8233623,
          -33.761315
        ]
      },
      "id": "way/881751661"
    },
    {
      "type": "Feature",
      "properties": {
        "@id": "way/881751667",
        "leisure": "playground",
        "@geometry": "center"
      },
      "geometry": {
        "type": "Point",
        "coordinates": [
          150.8270564,
          -33.7605073
        ]
      },
      "id": "way/881751667"
    },
    {
      "type": "Feature",
      "properties": {
        "@id": "way/881751670",
        "leisure": "playground",
        "@geometry": "center"
      },
      "geometry": {
        "type": "Point",
        "coordinates": [
          150.8224662,
          -33.7611404
        ]
      },
      "id": "way/881751670"
    },
    {
      "type": "Feature",
      "properties": {
        "@id": "way/881766439",
        "leisure": "park",
        "name": "Barcom Street Reserve",
        "@geometry": "center"
      },
      "geometry": {
        "type": "Point",
        "coordinates": [
          150.9728655,
          -33.8388161
        ]
      },
      "id": "way/881766439"
    },
    {
      "type": "Feature",
      "properties": {
        "@id": "way/881766440",
        "leisure": "playground",
        "@geometry": "center"
      },
      "geometry": {
        "type": "Point",
        "coordinates": [
          150.9729076,
          -33.8386352
        ]
      },
      "id": "way/881766440"
    },
    {
      "type": "Feature",
      "properties": {
        "@id": "way/885353109",
        "leisure": "playground",
        "@geometry": "center"
      },
      "geometry": {
        "type": "Point",
        "coordinates": [
          150.8232942,
          -33.7574607
        ]
      },
      "id": "way/885353109"
    },
    {
      "type": "Feature",
      "properties": {
        "@id": "way/885353110",
        "leisure": "playground",
        "@geometry": "center"
      },
      "geometry": {
        "type": "Point",
        "coordinates": [
          150.8245247,
          -33.7574919
        ]
      },
      "id": "way/885353110"
    },
    {
      "type": "Feature",
      "properties": {
        "@id": "way/885353111",
        "leisure": "playground",
        "@geometry": "center"
      },
      "geometry": {
        "type": "Point",
        "coordinates": [
          150.8277385,
          -33.7495623
        ]
      },
      "id": "way/885353111"
    },
    {
      "type": "Feature",
      "properties": {
        "@id": "way/885353112",
        "leisure": "playground",
        "@geometry": "center"
      },
      "geometry": {
        "type": "Point",
        "coordinates": [
          150.8250718,
          -33.7499883
        ]
      },
      "id": "way/885353112"
    },
    {
      "type": "Feature",
      "properties": {
        "@id": "way/885353113",
        "leisure": "playground",
        "@geometry": "center"
      },
      "geometry": {
        "type": "Point",
        "coordinates": [
          150.8222126,
          -33.7536946
        ]
      },
      "id": "way/885353113"
    },
    {
      "type": "Feature",
      "properties": {
        "@id": "way/885353114",
        "leisure": "playground",
        "@geometry": "center"
      },
      "geometry": {
        "type": "Point",
        "coordinates": [
          150.8210552,
          -33.7677288
        ]
      },
      "id": "way/885353114"
    },
    {
      "type": "Feature",
      "properties": {
        "@id": "way/885353115",
        "leisure": "playground",
        "@geometry": "center"
      },
      "geometry": {
        "type": "Point",
        "coordinates": [
          150.82353,
          -33.7670289
        ]
      },
      "id": "way/885353115"
    },
    {
      "type": "Feature",
      "properties": {
        "@id": "way/885353116",
        "leisure": "playground",
        "@geometry": "center"
      },
      "geometry": {
        "type": "Point",
        "coordinates": [
          150.8101091,
          -33.7626172
        ]
      },
      "id": "way/885353116"
    },
    {
      "type": "Feature",
      "properties": {
        "@id": "way/885353117",
        "access": "yes",
        "leisure": "playground",
        "@geometry": "center"
      },
      "geometry": {
        "type": "Point",
        "coordinates": [
          150.8135822,
          -33.7605127
        ]
      },
      "id": "way/885353117"
    },
    {
      "type": "Feature",
      "properties": {
        "@id": "way/885353118",
        "leisure": "playground",
        "@geometry": "center"
      },
      "geometry": {
        "type": "Point",
        "coordinates": [
          150.8034263,
          -33.7533708
        ]
      },
      "id": "way/885353118"
    },
    {
      "type": "Feature",
      "properties": {
        "@id": "way/885353125",
        "access": "yes",
        "leisure": "playground",
        "@geometry": "center"
      },
      "geometry": {
        "type": "Point",
        "coordinates": [
          150.8114418,
          -33.747451
        ]
      },
      "id": "way/885353125"
    },
    {
      "type": "Feature",
      "properties": {
        "@id": "way/885353126",
        "access": "yes",
        "leisure": "playground",
        "@geometry": "center"
      },
      "geometry": {
        "type": "Point",
        "coordinates": [
          150.8115704,
          -33.7475802
        ]
      },
      "id": "way/885353126"
    },
    {
      "type": "Feature",
      "properties": {
        "@id": "way/885353132",
        "access": "yes",
        "leisure": "playground",
        "@geometry": "center"
      },
      "geometry": {
        "type": "Point",
        "coordinates": [
          150.8153507,
          -33.7472802
        ]
      },
      "id": "way/885353132"
    },
    {
      "type": "Feature",
      "properties": {
        "@id": "way/885353133",
        "access": "yes",
        "leisure": "playground",
        "@geometry": "center"
      },
      "geometry": {
        "type": "Point",
        "coordinates": [
          150.8169443,
          -33.7497479
        ]
      },
      "id": "way/885353133"
    },
    {
      "type": "Feature",
      "properties": {
        "@id": "way/885353134",
        "leisure": "playground",
        "@geometry": "center"
      },
      "geometry": {
        "type": "Point",
        "coordinates": [
          150.8330163,
          -33.7599745
        ]
      },
      "id": "way/885353134"
    },
    {
      "type": "Feature",
      "properties": {
        "@id": "way/885353135",
        "leisure": "playground",
        "@geometry": "center"
      },
      "geometry": {
        "type": "Point",
        "coordinates": [
          150.8362146,
          -33.7646312
        ]
      },
      "id": "way/885353135"
    },
    {
      "type": "Feature",
      "properties": {
        "@id": "way/885353137",
        "leisure": "playground",
        "@geometry": "center"
      },
      "geometry": {
        "type": "Point",
        "coordinates": [
          150.8348312,
          -33.7685505
        ]
      },
      "id": "way/885353137"
    },
    {
      "type": "Feature",
      "properties": {
        "@id": "way/885353138",
        "leisure": "playground",
        "@geometry": "center"
      },
      "geometry": {
        "type": "Point",
        "coordinates": [
          150.8347584,
          -33.7685793
        ]
      },
      "id": "way/885353138"
    },
    {
      "type": "Feature",
      "properties": {
        "@id": "way/885406373",
        "leisure": "park",
        "name": "Rutherford Avenue Reserve",
        "@geometry": "center"
      },
      "geometry": {
        "type": "Point",
        "coordinates": [
          150.9501485,
          -33.7193148
        ]
      },
      "id": "way/885406373"
    },
    {
      "type": "Feature",
      "properties": {
        "@id": "way/885738270",
        "leisure": "playground",
        "@geometry": "center"
      },
      "geometry": {
        "type": "Point",
        "coordinates": [
          150.8387222,
          -33.7767016
        ]
      },
      "id": "way/885738270"
    },
    {
      "type": "Feature",
      "properties": {
        "@id": "way/885738274",
        "leisure": "playground",
        "@geometry": "center"
      },
      "geometry": {
        "type": "Point",
        "coordinates": [
          150.844697,
          -33.7736638
        ]
      },
      "id": "way/885738274"
    },
    {
      "type": "Feature",
      "properties": {
        "@id": "way/885738275",
        "leisure": "playground",
        "@geometry": "center"
      },
      "geometry": {
        "type": "Point",
        "coordinates": [
          150.8447309,
          -33.7737328
        ]
      },
      "id": "way/885738275"
    },
    {
      "type": "Feature",
      "properties": {
        "@id": "way/885738276",
        "leisure": "playground",
        "@geometry": "center"
      },
      "geometry": {
        "type": "Point",
        "coordinates": [
          150.840751,
          -33.7814968
        ]
      },
      "id": "way/885738276"
    },
    {
      "type": "Feature",
      "properties": {
        "@id": "way/885738277",
        "leisure": "playground",
        "@geometry": "center"
      },
      "geometry": {
        "type": "Point",
        "coordinates": [
          150.8428416,
          -33.7666151
        ]
      },
      "id": "way/885738277"
    },
    {
      "type": "Feature",
      "properties": {
        "@id": "way/885738279",
        "leisure": "playground",
        "@geometry": "center"
      },
      "geometry": {
        "type": "Point",
        "coordinates": [
          150.8417187,
          -33.7574896
        ]
      },
      "id": "way/885738279"
    },
    {
      "type": "Feature",
      "properties": {
        "@id": "way/885738280",
        "leisure": "playground",
        "@geometry": "center"
      },
      "geometry": {
        "type": "Point",
        "coordinates": [
          150.8423651,
          -33.7571798
        ]
      },
      "id": "way/885738280"
    },
    {
      "type": "Feature",
      "properties": {
        "@id": "way/885738282",
        "leisure": "playground",
        "@geometry": "center"
      },
      "geometry": {
        "type": "Point",
        "coordinates": [
          150.8447132,
          -33.7558116
        ]
      },
      "id": "way/885738282"
    },
    {
      "type": "Feature",
      "properties": {
        "@id": "way/885738285",
        "leisure": "playground",
        "@geometry": "center"
      },
      "geometry": {
        "type": "Point",
        "coordinates": [
          150.8416611,
          -33.7527457
        ]
      },
      "id": "way/885738285"
    },
    {
      "type": "Feature",
      "properties": {
        "@id": "way/885738289",
        "leisure": "playground",
        "@geometry": "center"
      },
      "geometry": {
        "type": "Point",
        "coordinates": [
          150.8448936,
          -33.75316
        ]
      },
      "id": "way/885738289"
    },
    {
      "type": "Feature",
      "properties": {
        "@id": "way/885738291",
        "leisure": "playground",
        "@geometry": "center"
      },
      "geometry": {
        "type": "Point",
        "coordinates": [
          150.8434003,
          -33.750428
        ]
      },
      "id": "way/885738291"
    },
    {
      "type": "Feature",
      "properties": {
        "@id": "way/885738293",
        "leisure": "playground",
        "@geometry": "center"
      },
      "geometry": {
        "type": "Point",
        "coordinates": [
          150.8443952,
          -33.746137
        ]
      },
      "id": "way/885738293"
    },
    {
      "type": "Feature",
      "properties": {
        "@id": "way/885738294",
        "leisure": "playground",
        "@geometry": "center"
      },
      "geometry": {
        "type": "Point",
        "coordinates": [
          150.8345737,
          -33.7513637
        ]
      },
      "id": "way/885738294"
    },
    {
      "type": "Feature",
      "properties": {
        "@id": "way/885738296",
        "leisure": "playground",
        "@geometry": "center"
      },
      "geometry": {
        "type": "Point",
        "coordinates": [
          150.8423751,
          -33.7383596
        ]
      },
      "id": "way/885738296"
    },
    {
      "type": "Feature",
      "properties": {
        "@id": "way/885761041",
        "leisure": "playground",
        "@geometry": "center"
      },
      "geometry": {
        "type": "Point",
        "coordinates": [
          150.8377836,
          -33.7423072
        ]
      },
      "id": "way/885761041"
    },
    {
      "type": "Feature",
      "properties": {
        "@id": "way/885761042",
        "leisure": "playground",
        "@geometry": "center"
      },
      "geometry": {
        "type": "Point",
        "coordinates": [
          150.838093,
          -33.7424106
        ]
      },
      "id": "way/885761042"
    },
    {
      "type": "Feature",
      "properties": {
        "@id": "way/886035473",
        "leisure": "playground",
        "@geometry": "center"
      },
      "geometry": {
        "type": "Point",
        "coordinates": [
          150.8127754,
          -33.7441341
        ]
      },
      "id": "way/886035473"
    },
    {
      "type": "Feature",
      "properties": {
        "@id": "way/886074237",
        "leisure": "playground",
        "@geometry": "center"
      },
      "geometry": {
        "type": "Point",
        "coordinates": [
          150.8223066,
          -33.7479639
        ]
      },
      "id": "way/886074237"
    },
    {
      "type": "Feature",
      "properties": {
        "@id": "way/886074242",
        "leisure": "playground",
        "@geometry": "center"
      },
      "geometry": {
        "type": "Point",
        "coordinates": [
          150.8179497,
          -33.7421427
        ]
      },
      "id": "way/886074242"
    },
    {
      "type": "Feature",
      "properties": {
        "@id": "way/886074257",
        "leisure": "playground",
        "@geometry": "center"
      },
      "geometry": {
        "type": "Point",
        "coordinates": [
          150.8414533,
          -33.7455057
        ]
      },
      "id": "way/886074257"
    },
    {
      "type": "Feature",
      "properties": {
        "@id": "way/886180525",
        "leisure": "playground",
        "@geometry": "center"
      },
      "geometry": {
        "type": "Point",
        "coordinates": [
          150.8388407,
          -33.7308348
        ]
      },
      "id": "way/886180525"
    },
    {
      "type": "Feature",
      "properties": {
        "@id": "way/886353497",
        "leisure": "park",
        "name": "Parabianga Reserve",
        "@geometry": "center"
      },
      "geometry": {
        "type": "Point",
        "coordinates": [
          150.978416,
          -33.800676
        ]
      },
      "id": "way/886353497"
    },
    {
      "type": "Feature",
      "properties": {
        "@id": "way/886353499",
        "leisure": "park",
        "name": "Friend Park",
        "@geometry": "center"
      },
      "geometry": {
        "type": "Point",
        "coordinates": [
          150.9711513,
          -33.8095712
        ]
      },
      "id": "way/886353499"
    },
    {
      "type": "Feature",
      "properties": {
        "@id": "way/886353500",
        "access": "yes",
        "leisure": "playground",
        "@geometry": "center"
      },
      "geometry": {
        "type": "Point",
        "coordinates": [
          150.971195,
          -33.8094662
        ]
      },
      "id": "way/886353500"
    },
    {
      "type": "Feature",
      "properties": {
        "@id": "way/886834343",
        "leisure": "playground",
        "@geometry": "center"
      },
      "geometry": {
        "type": "Point",
        "coordinates": [
          150.9441424,
          -33.7956231
        ]
      },
      "id": "way/886834343"
    },
    {
      "type": "Feature",
      "properties": {
        "@id": "way/887376886",
        "leisure": "playground",
        "@geometry": "center"
      },
      "geometry": {
        "type": "Point",
        "coordinates": [
          150.8066731,
          -33.7607345
        ]
      },
      "id": "way/887376886"
    },
    {
      "type": "Feature",
      "properties": {
        "@id": "way/887376899",
        "leisure": "playground",
        "@geometry": "center"
      },
      "geometry": {
        "type": "Point",
        "coordinates": [
          150.8069056,
          -33.7611858
        ]
      },
      "id": "way/887376899"
    },
    {
      "type": "Feature",
      "properties": {
        "@id": "way/887376900",
        "leisure": "playground",
        "@geometry": "center"
      },
      "geometry": {
        "type": "Point",
        "coordinates": [
          150.806101,
          -33.7610516
        ]
      },
      "id": "way/887376900"
    },
    {
      "type": "Feature",
      "properties": {
        "@id": "way/887376965",
        "leisure": "playground",
        "@geometry": "center"
      },
      "geometry": {
        "type": "Point",
        "coordinates": [
          150.8030831,
          -33.7405924
        ]
      },
      "id": "way/887376965"
    },
    {
      "type": "Feature",
      "properties": {
        "@id": "way/887378431",
        "leisure": "playground",
        "@geometry": "center"
      },
      "geometry": {
        "type": "Point",
        "coordinates": [
          150.8103283,
          -33.7319952
        ]
      },
      "id": "way/887378431"
    },
    {
      "type": "Feature",
      "properties": {
        "@id": "way/887378432",
        "leisure": "playground",
        "@geometry": "center"
      },
      "geometry": {
        "type": "Point",
        "coordinates": [
          150.8105425,
          -33.732052
        ]
      },
      "id": "way/887378432"
    },
    {
      "type": "Feature",
      "properties": {
        "@id": "way/887378433",
        "leisure": "playground",
        "@geometry": "center"
      },
      "geometry": {
        "type": "Point",
        "coordinates": [
          150.8106704,
          -33.7321003
        ]
      },
      "id": "way/887378433"
    },
    {
      "type": "Feature",
      "properties": {
        "@id": "way/887378434",
        "leisure": "playground",
        "@geometry": "center"
      },
      "geometry": {
        "type": "Point",
        "coordinates": [
          150.8108101,
          -33.732152
        ]
      },
      "id": "way/887378434"
    },
    {
      "type": "Feature",
      "properties": {
        "@id": "way/887378435",
        "leisure": "playground",
        "@geometry": "center"
      },
      "geometry": {
        "type": "Point",
        "coordinates": [
          150.8109184,
          -33.7321922
        ]
      },
      "id": "way/887378435"
    },
    {
      "type": "Feature",
      "properties": {
        "@id": "way/887378437",
        "leisure": "playground",
        "@geometry": "center"
      },
      "geometry": {
        "type": "Point",
        "coordinates": [
          150.8069115,
          -33.7364608
        ]
      },
      "id": "way/887378437"
    },
    {
      "type": "Feature",
      "properties": {
        "@id": "way/887388893",
        "leisure": "playground",
        "@geometry": "center"
      },
      "geometry": {
        "type": "Point",
        "coordinates": [
          150.8132514,
          -33.7699216
        ]
      },
      "id": "way/887388893"
    },
    {
      "type": "Feature",
      "properties": {
        "@id": "way/889053047",
        "leisure": "playground",
        "@geometry": "center"
      },
      "geometry": {
        "type": "Point",
        "coordinates": [
          150.9272089,
          -33.8441091
        ]
      },
      "id": "way/889053047"
    },
    {
      "type": "Feature",
      "properties": {
        "@id": "way/891215695",
        "leisure": "playground",
        "@geometry": "center"
      },
      "geometry": {
        "type": "Point",
        "coordinates": [
          150.8244788,
          -33.7894633
        ]
      },
      "id": "way/891215695"
    },
    {
      "type": "Feature",
      "properties": {
        "@id": "way/893587421",
        "leisure": "playground",
        "@geometry": "center"
      },
      "geometry": {
        "type": "Point",
        "coordinates": [
          150.9726608,
          -33.8153597
        ]
      },
      "id": "way/893587421"
    },
    {
      "type": "Feature",
      "properties": {
        "@id": "way/893587423",
        "leisure": "playground",
        "@geometry": "center"
      },
      "geometry": {
        "type": "Point",
        "coordinates": [
          150.9734123,
          -33.81071
        ]
      },
      "id": "way/893587423"
    },
    {
      "type": "Feature",
      "properties": {
        "@id": "way/894054014",
        "leisure": "playground",
        "@geometry": "center"
      },
      "geometry": {
        "type": "Point",
        "coordinates": [
          150.8089195,
          -33.7742752
        ]
      },
      "id": "way/894054014"
    },
    {
      "type": "Feature",
      "properties": {
        "@id": "way/894082316",
        "leisure": "park",
        "name": "Cudgegong Reserve",
        "operator": "Blacktown City Council",
        "operator:type": "council",
        "source": "Blacktown City Council",
        "@geometry": "center"
      },
      "geometry": {
        "type": "Point",
        "coordinates": [
          150.9031936,
          -33.6883761
        ]
      },
      "id": "way/894082316"
    },
    {
      "type": "Feature",
      "properties": {
        "@id": "way/894742071",
        "leisure": "playground",
        "@geometry": "center"
      },
      "geometry": {
        "type": "Point",
        "coordinates": [
          150.8515825,
          -33.7855826
        ]
      },
      "id": "way/894742071"
    },
    {
      "type": "Feature",
      "properties": {
        "@id": "way/896397354",
        "access": "yes",
        "building": "yes",
        "leisure": "playground",
        "playground": "playhouse",
        "@geometry": "center"
      },
      "geometry": {
        "type": "Point",
        "coordinates": [
          150.8678415,
          -33.786917
        ]
      },
      "id": "way/896397354"
    },
    {
      "type": "Feature",
      "properties": {
        "@id": "way/896397360",
        "leisure": "playground",
        "playground": "zipwire",
        "@geometry": "center"
      },
      "geometry": {
        "type": "Point",
        "coordinates": [
          150.8665878,
          -33.7861727
        ]
      },
      "id": "way/896397360"
    },
    {
      "type": "Feature",
      "properties": {
        "@id": "way/896397361",
        "leisure": "playground",
        "playground": "swing",
        "surface": "sand",
        "@geometry": "center"
      },
      "geometry": {
        "type": "Point",
        "coordinates": [
          150.8671225,
          -33.7864201
        ]
      },
      "id": "way/896397361"
    },
    {
      "type": "Feature",
      "properties": {
        "@id": "node/896451897",
        "leisure": "playground",
        "source": "nearmap"
      },
      "geometry": {
        "type": "Point",
        "coordinates": [
          150.9594371,
          -33.7584558
        ]
      },
      "id": "node/896451897"
    },
    {
      "type": "Feature",
      "properties": {
        "@id": "way/902195211",
        "leisure": "park",
        "name": "Crestwood Lions Park",
        "@geometry": "center"
      },
      "geometry": {
        "type": "Point",
        "coordinates": [
          150.9592824,
          -33.7536602
        ]
      },
      "id": "way/902195211"
    },
    {
      "type": "Feature",
      "properties": {
        "@id": "way/902294124",
        "leisure": "park",
        "@geometry": "center"
      },
      "geometry": {
        "type": "Point",
        "coordinates": [
          150.8981332,
          -33.7425903
        ]
      },
      "id": "way/902294124"
    },
    {
      "type": "Feature",
      "properties": {
        "@id": "way/902294130",
        "leisure": "park",
        "@geometry": "center"
      },
      "geometry": {
        "type": "Point",
        "coordinates": [
          150.8966714,
          -33.7400488
        ]
      },
      "id": "way/902294130"
    },
    {
      "type": "Feature",
      "properties": {
        "@id": "way/906957996",
        "leisure": "playground",
        "@geometry": "center"
      },
      "geometry": {
        "type": "Point",
        "coordinates": [
          150.874373,
          -33.6945281
        ]
      },
      "id": "way/906957996"
    },
    {
      "type": "Feature",
      "properties": {
        "@id": "way/913708848",
        "leisure": "park",
        "name": "Springbrook Boulevard Reserve",
        "@geometry": "center"
      },
      "geometry": {
        "type": "Point",
        "coordinates": [
          150.9445238,
          -33.6830796
        ]
      },
      "id": "way/913708848"
    },
    {
      "type": "Feature",
      "properties": {
        "@id": "way/913708849",
        "leisure": "playground",
        "@geometry": "center"
      },
      "geometry": {
        "type": "Point",
        "coordinates": [
          150.9445323,
          -33.68289
        ]
      },
      "id": "way/913708849"
    },
    {
      "type": "Feature",
      "properties": {
        "@id": "way/931902065",
        "leisure": "park",
        "noname": "yes",
        "@geometry": "center"
      },
      "geometry": {
        "type": "Point",
        "coordinates": [
          150.872729,
          -33.7800571
        ]
      },
      "id": "way/931902065"
    },
    {
      "type": "Feature",
      "properties": {
        "@id": "way/935211077",
        "leisure": "park",
        "@geometry": "center"
      },
      "geometry": {
        "type": "Point",
        "coordinates": [
          150.8828124,
          -33.7012768
        ]
      },
      "id": "way/935211077"
    },
    {
      "type": "Feature",
      "properties": {
        "@id": "way/935211103",
        "leisure": "park",
        "@geometry": "center"
      },
      "geometry": {
        "type": "Point",
        "coordinates": [
          150.8108883,
          -33.701709
        ]
      },
      "id": "way/935211103"
    },
    {
      "type": "Feature",
      "properties": {
        "@id": "way/935387986",
        "landuse": "recreation_ground",
        "name": "Balmoral Road Sports Complex",
        "operator": "The Hills Shire Council",
        "website": "https://www.thehills.nsw.gov.au/Venues/Parks-Recreation/Parks-Recreation-Directory/Balmoral-Road-Reserve-Sports-Complex",
        "@geometry": "center"
      },
      "geometry": {
        "type": "Point",
        "coordinates": [
          150.9509312,
          -33.7243991
        ]
      },
      "id": "way/935387986"
    },
    {
      "type": "Feature",
      "properties": {
        "@id": "way/936583645",
        "leisure": "park",
        "@geometry": "center"
      },
      "geometry": {
        "type": "Point",
        "coordinates": [
          150.9146275,
          -33.7136144
        ]
      },
      "id": "way/936583645"
    },
    {
      "type": "Feature",
      "properties": {
        "@id": "way/945315450",
        "leisure": "park",
        "@geometry": "center"
      },
      "geometry": {
        "type": "Point",
        "coordinates": [
          150.8004652,
          -33.8061214
        ]
      },
      "id": "way/945315450"
    },
    {
      "type": "Feature",
      "properties": {
        "@id": "way/958052919",
        "leisure": "park",
        "@geometry": "center"
      },
      "geometry": {
        "type": "Point",
        "coordinates": [
          150.9110271,
          -33.7706074
        ]
      },
      "id": "way/958052919"
    },
    {
      "type": "Feature",
      "properties": {
        "@id": "way/965790025",
        "leisure": "park",
        "name": "Vancouver Reserve",
        "@geometry": "center"
      },
      "geometry": {
        "type": "Point",
        "coordinates": [
          150.9283326,
          -33.7966865
        ]
      },
      "id": "way/965790025"
    },
    {
      "type": "Feature",
      "properties": {
        "@id": "way/965960385",
        "leisure": "playground",
        "@geometry": "center"
      },
      "geometry": {
        "type": "Point",
        "coordinates": [
          150.9751357,
          -33.8435556
        ]
      },
      "id": "way/965960385"
    },
    {
      "type": "Feature",
      "properties": {
        "@id": "way/965960386",
        "leisure": "playground",
        "@geometry": "center"
      },
      "geometry": {
        "type": "Point",
        "coordinates": [
          150.9782906,
          -33.8477177
        ]
      },
      "id": "way/965960386"
    },
    {
      "type": "Feature",
      "properties": {
        "@id": "way/965960402",
        "access": "yes",
        "leisure": "playground",
        "@geometry": "center"
      },
      "geometry": {
        "type": "Point",
        "coordinates": [
          150.9771422,
          -33.8431876
        ]
      },
      "id": "way/965960402"
    },
    {
      "type": "Feature",
      "properties": {
        "@id": "way/966218941",
        "leisure": "park",
        "@geometry": "center"
      },
      "geometry": {
        "type": "Point",
        "coordinates": [
          150.8005465,
          -33.749127
        ]
      },
      "id": "way/966218941"
    },
    {
      "type": "Feature",
      "properties": {
        "@id": "way/966218945",
        "leisure": "park",
        "@geometry": "center"
      },
      "geometry": {
        "type": "Point",
        "coordinates": [
          150.8017946,
          -33.7454716
        ]
      },
      "id": "way/966218945"
    },
    {
      "type": "Feature",
      "properties": {
        "@id": "way/966218947",
        "leisure": "playground",
        "@geometry": "center"
      },
      "geometry": {
        "type": "Point",
        "coordinates": [
          150.800999,
          -33.7418232
        ]
      },
      "id": "way/966218947"
    },
    {
      "type": "Feature",
      "properties": {
        "@id": "way/966218954",
        "leisure": "park",
        "@geometry": "center"
      },
      "geometry": {
        "type": "Point",
        "coordinates": [
          150.800866,
          -33.7308377
        ]
      },
      "id": "way/966218954"
    },
    {
      "type": "Feature",
      "properties": {
        "@id": "way/975574204",
        "landuse": "recreation_ground",
        "@geometry": "center"
      },
      "geometry": {
        "type": "Point",
        "coordinates": [
          150.9398289,
          -33.7637101
        ]
      },
      "id": "way/975574204"
    },
    {
      "type": "Feature",
      "properties": {
        "@id": "way/975574259",
        "leisure": "park",
        "name": "Francesco Crescent Reserve",
        "note": "May not be entire area",
        "@geometry": "center"
      },
      "geometry": {
        "type": "Point",
        "coordinates": [
          150.9549258,
          -33.7504157
        ]
      },
      "id": "way/975574259"
    },
    {
      "type": "Feature",
      "properties": {
        "@id": "way/975574274",
        "landuse": "recreation_ground",
        "@geometry": "center"
      },
      "geometry": {
        "type": "Point",
        "coordinates": [
          150.9425233,
          -33.7537922
        ]
      },
      "id": "way/975574274"
    },
    {
      "type": "Feature",
      "properties": {
        "@id": "way/977526409",
        "landuse": "recreation_ground",
        "name": "Anne Aquilina Reserve",
        "@geometry": "center"
      },
      "geometry": {
        "type": "Point",
        "coordinates": [
          150.8585496,
          -33.7723455
        ]
      },
      "id": "way/977526409"
    },
    {
      "type": "Feature",
      "properties": {
        "@id": "way/978596790",
        "leisure": "park",
        "@geometry": "center"
      },
      "geometry": {
        "type": "Point",
        "coordinates": [
          150.7895873,
          -33.7982295
        ]
      },
      "id": "way/978596790"
    },
    {
      "type": "Feature",
      "properties": {
        "@id": "way/978955382",
        "leisure": "playground",
        "@geometry": "center"
      },
      "geometry": {
        "type": "Point",
        "coordinates": [
          150.9475051,
          -33.6808427
        ]
      },
      "id": "way/978955382"
    },
    {
      "type": "Feature",
      "properties": {
        "@id": "way/983445026",
        "leisure": "playground",
        "@geometry": "center"
      },
      "geometry": {
        "type": "Point",
        "coordinates": [
          150.9467623,
          -33.825772
        ]
      },
      "id": "way/983445026"
    },
    {
      "type": "Feature",
      "properties": {
        "@id": "way/984799150",
        "landuse": "recreation_ground",
        "surface": "concrete",
        "@geometry": "center"
      },
      "geometry": {
        "type": "Point",
        "coordinates": [
          150.8006605,
          -33.7797942
        ]
      },
      "id": "way/984799150"
    },
    {
      "type": "Feature",
      "properties": {
        "@id": "way/984870285",
        "access": "yes",
        "leisure": "park",
        "@geometry": "center"
      },
      "geometry": {
        "type": "Point",
        "coordinates": [
          150.7903224,
          -33.7990269
        ]
      },
      "id": "way/984870285"
    },
    {
      "type": "Feature",
      "properties": {
        "@id": "way/985091664",
        "access": "yes",
        "leisure": "playground",
        "@geometry": "center"
      },
      "geometry": {
        "type": "Point",
        "coordinates": [
          150.8003059,
          -33.7951234
        ]
      },
      "id": "way/985091664"
    },
    {
      "type": "Feature",
      "properties": {
        "@id": "way/985091681",
        "leisure": "playground",
        "@geometry": "center"
      },
      "geometry": {
        "type": "Point",
        "coordinates": [
          150.8009703,
          -33.7886313
        ]
      },
      "id": "way/985091681"
    },
    {
      "type": "Feature",
      "properties": {
        "@id": "way/985392334",
        "leisure": "playground",
        "@geometry": "center"
      },
      "geometry": {
        "type": "Point",
        "coordinates": [
          150.8024777,
          -33.8084366
        ]
      },
      "id": "way/985392334"
    },
    {
      "type": "Feature",
      "properties": {
        "@id": "way/985392335",
        "leisure": "playground",
        "@geometry": "center"
      },
      "geometry": {
        "type": "Point",
        "coordinates": [
          150.8026013,
          -33.8083858
        ]
      },
      "id": "way/985392335"
    },
    {
      "type": "Feature",
      "properties": {
        "@id": "way/1000415855",
        "landuse": "recreation_ground",
        "@geometry": "center"
      },
      "geometry": {
        "type": "Point",
        "coordinates": [
          150.8113847,
          -33.8500163
        ]
      },
      "id": "way/1000415855"
    },
    {
      "type": "Feature",
      "properties": {
        "@id": "way/1000415857",
        "leisure": "park",
        "@geometry": "center"
      },
      "geometry": {
        "type": "Point",
        "coordinates": [
          150.811564,
          -33.8505011
        ]
      },
      "id": "way/1000415857"
    },
    {
      "type": "Feature",
      "properties": {
        "@id": "way/1000415860",
        "leisure": "playground",
        "@geometry": "center"
      },
      "geometry": {
        "type": "Point",
        "coordinates": [
          150.8117151,
          -33.8499844
        ]
      },
      "id": "way/1000415860"
    },
    {
      "type": "Feature",
      "properties": {
        "@id": "way/1000697711",
        "access": "customers",
        "leisure": "playground",
        "name": "Kids Zone",
        "@geometry": "center"
      },
      "geometry": {
        "type": "Point",
        "coordinates": [
          150.8673562,
          -33.7882814
        ]
      },
      "id": "way/1000697711"
    },
    {
      "type": "Feature",
      "properties": {
        "@id": "way/1000703522",
        "leisure": "park",
        "@geometry": "center"
      },
      "geometry": {
        "type": "Point",
        "coordinates": [
          150.8227741,
          -33.7025378
        ]
      },
      "id": "way/1000703522"
    },
    {
      "type": "Feature",
      "properties": {
        "@id": "way/1000937127",
        "landuse": "recreation_ground",
        "@geometry": "center"
      },
      "geometry": {
        "type": "Point",
        "coordinates": [
          150.8740078,
          -33.7775259
        ]
      },
      "id": "way/1000937127"
    },
    {
      "type": "Feature",
      "properties": {
        "@id": "way/1000937132",
        "leisure": "playground",
        "@geometry": "center"
      },
      "geometry": {
        "type": "Point",
        "coordinates": [
          150.8740661,
          -33.7777553
        ]
      },
      "id": "way/1000937132"
    },
    {
      "type": "Feature",
      "properties": {
        "@id": "way/1000937137",
        "leisure": "park",
        "@geometry": "center"
      },
      "geometry": {
        "type": "Point",
        "coordinates": [
          150.8809975,
          -33.7777931
        ]
      },
      "id": "way/1000937137"
    },
    {
      "type": "Feature",
      "properties": {
        "@id": "way/1000958896",
        "leisure": "park",
        "@geometry": "center"
      },
      "geometry": {
        "type": "Point",
        "coordinates": [
          150.8892551,
          -33.77266
        ]
      },
      "id": "way/1000958896"
    },
    {
      "type": "Feature",
      "properties": {
        "@id": "way/1000958897",
        "leisure": "playground",
        "@geometry": "center"
      },
      "geometry": {
        "type": "Point",
        "coordinates": [
          150.8896358,
          -33.7714998
        ]
      },
      "id": "way/1000958897"
    },
    {
      "type": "Feature",
      "properties": {
        "@id": "way/1000958951",
        "leisure": "park",
        "@geometry": "center"
      },
      "geometry": {
        "type": "Point",
        "coordinates": [
          150.8869537,
          -33.7484405
        ]
      },
      "id": "way/1000958951"
    },
    {
      "type": "Feature",
      "properties": {
        "@id": "way/1001063607",
        "leisure": "playground",
        "@geometry": "center"
      },
      "geometry": {
        "type": "Point",
        "coordinates": [
          150.8505066,
          -33.7390628
        ]
      },
      "id": "way/1001063607"
    },
    {
      "type": "Feature",
      "properties": {
        "@id": "way/1001063608",
        "leisure": "playground",
        "@geometry": "center"
      },
      "geometry": {
        "type": "Point",
        "coordinates": [
          150.8505978,
          -33.7387276
        ]
      },
      "id": "way/1001063608"
    },
    {
      "type": "Feature",
      "properties": {
        "@id": "way/1005242557",
        "leisure": "park",
        "@geometry": "center"
      },
      "geometry": {
        "type": "Point",
        "coordinates": [
          150.8191614,
          -33.7801697
        ]
      },
      "id": "way/1005242557"
    },
    {
      "type": "Feature",
      "properties": {
        "@id": "way/1005242567",
        "leisure": "playground",
        "@geometry": "center"
      },
      "geometry": {
        "type": "Point",
        "coordinates": [
          150.7900225,
          -33.7860658
        ]
      },
      "id": "way/1005242567"
    },
    {
      "type": "Feature",
      "properties": {
        "@id": "way/1005242583",
        "landuse": "recreation_ground",
        "@geometry": "center"
      },
      "geometry": {
        "type": "Point",
        "coordinates": [
          150.7882374,
          -33.7861877
        ]
      },
      "id": "way/1005242583"
    },
    {
      "type": "Feature",
      "properties": {
        "@id": "way/1005242606",
        "leisure": "playground",
        "@geometry": "center"
      },
      "geometry": {
        "type": "Point",
        "coordinates": [
          150.7875216,
          -33.7930383
        ]
      },
      "id": "way/1005242606"
    },
    {
      "type": "Feature",
      "properties": {
        "@id": "way/1005448730",
        "leisure": "playground",
        "@geometry": "center"
      },
      "geometry": {
        "type": "Point",
        "coordinates": [
          150.8842123,
          -33.7593732
        ]
      },
      "id": "way/1005448730"
    },
    {
      "type": "Feature",
      "properties": {
        "@id": "way/1005448734",
        "leisure": "park",
        "@geometry": "center"
      },
      "geometry": {
        "type": "Point",
        "coordinates": [
          150.8842114,
          -33.7596042
        ]
      },
      "id": "way/1005448734"
    },
    {
      "type": "Feature",
      "properties": {
        "@id": "way/1005448745",
        "leisure": "park",
        "name": "Doonside Crescent Bushland Reserve",
        "@geometry": "center"
      },
      "geometry": {
        "type": "Point",
        "coordinates": [
          150.8830161,
          -33.7623565
        ]
      },
      "id": "way/1005448745"
    },
    {
      "type": "Feature",
      "properties": {
        "@id": "way/1005448747",
        "leisure": "playground",
        "@geometry": "center"
      },
      "geometry": {
        "type": "Point",
        "coordinates": [
          150.8800432,
          -33.7621192
        ]
      },
      "id": "way/1005448747"
    },
    {
      "type": "Feature",
      "properties": {
        "@id": "way/1005448748",
        "leisure": "playground",
        "@geometry": "center"
      },
      "geometry": {
        "type": "Point",
        "coordinates": [
          150.876034,
          -33.7616642
        ]
      },
      "id": "way/1005448748"
    },
    {
      "type": "Feature",
      "properties": {
        "@id": "way/1008823945",
        "leisure": "playground",
        "@geometry": "center"
      },
      "geometry": {
        "type": "Point",
        "coordinates": [
          150.9350875,
          -33.7725172
        ]
      },
      "id": "way/1008823945"
    },
    {
      "type": "Feature",
      "properties": {
        "@id": "way/1008823946",
        "leisure": "playground",
        "@geometry": "center"
      },
      "geometry": {
        "type": "Point",
        "coordinates": [
          150.9352698,
          -33.7724928
        ]
      },
      "id": "way/1008823946"
    },
    {
      "type": "Feature",
      "properties": {
        "@id": "way/1008823947",
        "leisure": "playground",
        "@geometry": "center"
      },
      "geometry": {
        "type": "Point",
        "coordinates": [
          150.9351904,
          -33.772434
        ]
      },
      "id": "way/1008823947"
    },
    {
      "type": "Feature",
      "properties": {
        "@id": "way/1009496483",
        "leisure": "playground",
        "@geometry": "center"
      },
      "geometry": {
        "type": "Point",
        "coordinates": [
          150.8423973,
          -33.7713799
        ]
      },
      "id": "way/1009496483"
    },
    {
      "type": "Feature",
      "properties": {
        "@id": "way/1015236601",
        "leisure": "park",
        "@geometry": "center"
      },
      "geometry": {
        "type": "Point",
        "coordinates": [
          150.792217,
          -33.7961909
        ]
      },
      "id": "way/1015236601"
    },
    {
      "type": "Feature",
      "properties": {
        "@id": "way/1016161188",
        "access": "private",
        "leisure": "playground",
        "@geometry": "center"
      },
      "geometry": {
        "type": "Point",
        "coordinates": [
          150.7905334,
          -33.79512
        ]
      },
      "id": "way/1016161188"
    },
    {
      "type": "Feature",
      "properties": {
        "@id": "way/1016558719",
        "landuse": "recreation_ground",
        "name": "Mark Leece Sporting Complex",
        "@geometry": "center"
      },
      "geometry": {
        "type": "Point",
        "coordinates": [
          150.7882214,
          -33.7923213
        ]
      },
      "id": "way/1016558719"
    },
    {
      "type": "Feature",
      "properties": {
        "@id": "way/1016831593",
        "landuse": "recreation_ground",
        "@geometry": "center"
      },
      "geometry": {
        "type": "Point",
        "coordinates": [
          150.7862136,
          -33.7954397
        ]
      },
      "id": "way/1016831593"
    },
    {
      "type": "Feature",
      "properties": {
        "@id": "way/1022264311",
        "landuse": "recreation_ground",
        "@geometry": "center"
      },
      "geometry": {
        "type": "Point",
        "coordinates": [
          150.7835476,
          -33.8059842
        ]
      },
      "id": "way/1022264311"
    },
    {
      "type": "Feature",
      "properties": {
        "@id": "way/1022264321",
        "leisure": "playground",
        "@geometry": "center"
      },
      "geometry": {
        "type": "Point",
        "coordinates": [
          150.78382,
          -33.8062829
        ]
      },
      "id": "way/1022264321"
    },
    {
      "type": "Feature",
      "properties": {
        "@id": "way/1022264322",
        "leisure": "playground",
        "@geometry": "center"
      },
      "geometry": {
        "type": "Point",
        "coordinates": [
          150.7822322,
          -33.8068321
        ]
      },
      "id": "way/1022264322"
    },
    {
      "type": "Feature",
      "properties": {
        "@id": "way/1022559279",
        "landuse": "recreation_ground",
        "@geometry": "center"
      },
      "geometry": {
        "type": "Point",
        "coordinates": [
          150.7987298,
          -33.7958022
        ]
      },
      "id": "way/1022559279"
    },
    {
      "type": "Feature",
      "properties": {
        "@id": "way/1022847611",
        "landuse": "recreation_ground",
        "@geometry": "center"
      },
      "geometry": {
        "type": "Point",
        "coordinates": [
          150.7812195,
          -33.793474
        ]
      },
      "id": "way/1022847611"
    },
    {
      "type": "Feature",
      "properties": {
        "@id": "way/1022847612",
        "leisure": "playground",
        "@geometry": "center"
      },
      "geometry": {
        "type": "Point",
        "coordinates": [
          150.780881,
          -33.7937031
        ]
      },
      "id": "way/1022847612"
    },
    {
      "type": "Feature",
      "properties": {
        "@id": "way/1023303220",
        "leisure": "park",
        "@geometry": "center"
      },
      "geometry": {
        "type": "Point",
        "coordinates": [
          150.7945601,
          -33.7948401
        ]
      },
      "id": "way/1023303220"
    },
    {
      "type": "Feature",
      "properties": {
        "@id": "way/1023303221",
        "leisure": "park",
        "@geometry": "center"
      },
      "geometry": {
        "type": "Point",
        "coordinates": [
          150.7960129,
          -33.7950708
        ]
      },
      "id": "way/1023303221"
    },
    {
      "type": "Feature",
      "properties": {
        "@id": "way/1023328109",
        "leisure": "park",
        "@geometry": "center"
      },
      "geometry": {
        "type": "Point",
        "coordinates": [
          150.7974387,
          -33.7941721
        ]
      },
      "id": "way/1023328109"
    },
    {
      "type": "Feature",
      "properties": {
        "@id": "way/1024533679",
        "access": "yes",
        "leisure": "playground",
        "@geometry": "center"
      },
      "geometry": {
        "type": "Point",
        "coordinates": [
          150.9601694,
          -33.7430064
        ]
      },
      "id": "way/1024533679"
    },
    {
      "type": "Feature",
      "properties": {
        "@id": "way/1025433506",
        "landuse": "recreation_ground",
        "lit": "yes",
        "@geometry": "center"
      },
      "geometry": {
        "type": "Point",
        "coordinates": [
          150.8055665,
          -33.8058025
        ]
      },
      "id": "way/1025433506"
    },
    {
      "type": "Feature",
      "properties": {
        "@id": "way/1025433516",
        "leisure": "playground",
        "@geometry": "center"
      },
      "geometry": {
        "type": "Point",
        "coordinates": [
          150.8058562,
          -33.8048154
        ]
      },
      "id": "way/1025433516"
    },
    {
      "type": "Feature",
      "properties": {
        "@id": "way/1025433549",
        "landuse": "recreation_ground",
        "@geometry": "center"
      },
      "geometry": {
        "type": "Point",
        "coordinates": [
          150.8049342,
          -33.8070797
        ]
      },
      "id": "way/1025433549"
    },
    {
      "type": "Feature",
      "properties": {
        "@id": "way/1025454476",
        "leisure": "playground",
        "@geometry": "center"
      },
      "geometry": {
        "type": "Point",
        "coordinates": [
          150.8041836,
          -33.8061766
        ]
      },
      "id": "way/1025454476"
    },
    {
      "type": "Feature",
      "properties": {
        "@id": "way/1028562043",
        "leisure": "park",
        "name": "Barnett Park",
        "@geometry": "center"
      },
      "geometry": {
        "type": "Point",
        "coordinates": [
          150.97694,
          -33.7807349
        ]
      },
      "id": "way/1028562043"
    },
    {
      "type": "Feature",
      "properties": {
        "@id": "way/1029498671",
        "leisure": "park",
        "name": "Walshe Grove Park",
        "note": "Bounds unclear",
        "@geometry": "center"
      },
      "geometry": {
        "type": "Point",
        "coordinates": [
          150.8122697,
          -33.7316658
        ]
      },
      "id": "way/1029498671"
    },
    {
      "type": "Feature",
      "properties": {
        "@id": "way/1029583956",
        "landuse": "recreation_ground",
        "@geometry": "center"
      },
      "geometry": {
        "type": "Point",
        "coordinates": [
          150.8320862,
          -33.7460164
        ]
      },
      "id": "way/1029583956"
    },
    {
      "type": "Feature",
      "properties": {
        "@id": "way/1029583972",
        "leisure": "park",
        "@geometry": "center"
      },
      "geometry": {
        "type": "Point",
        "coordinates": [
          150.8262051,
          -33.7303445
        ]
      },
      "id": "way/1029583972"
    },
    {
      "type": "Feature",
      "properties": {
        "@id": "way/1029931386",
        "landuse": "recreation_ground",
        "@geometry": "center"
      },
      "geometry": {
        "type": "Point",
        "coordinates": [
          150.9384456,
          -33.7824593
        ]
      },
      "id": "way/1029931386"
    },
    {
      "type": "Feature",
      "properties": {
        "@id": "way/1030875320",
        "landuse": "recreation_ground",
        "@geometry": "center"
      },
      "geometry": {
        "type": "Point",
        "coordinates": [
          150.903853,
          -33.7669962
        ]
      },
      "id": "way/1030875320"
    },
    {
      "type": "Feature",
      "properties": {
        "@id": "way/1030893314",
        "leisure": "playground",
        "@geometry": "center"
      },
      "geometry": {
        "type": "Point",
        "coordinates": [
          150.9027026,
          -33.7657239
        ]
      },
      "id": "way/1030893314"
    },
    {
      "type": "Feature",
      "properties": {
        "@id": "way/1030893315",
        "leisure": "playground",
        "@geometry": "center"
      },
      "geometry": {
        "type": "Point",
        "coordinates": [
          150.9029072,
          -33.7656896
        ]
      },
      "id": "way/1030893315"
    },
    {
      "type": "Feature",
      "properties": {
        "@id": "way/1030893316",
        "landuse": "recreation_ground",
        "surface": "grass",
        "@geometry": "center"
      },
      "geometry": {
        "type": "Point",
        "coordinates": [
          150.90222,
          -33.7665844
        ]
      },
      "id": "way/1030893316"
    },
    {
      "type": "Feature",
      "properties": {
        "@id": "way/1030893360",
        "landuse": "recreation_ground",
        "@geometry": "center"
      },
      "geometry": {
        "type": "Point",
        "coordinates": [
          150.9024359,
          -33.7670227
        ]
      },
      "id": "way/1030893360"
    },
    {
      "type": "Feature",
      "properties": {
        "@id": "way/1030893382",
        "leisure": "playground",
        "@geometry": "center"
      },
      "geometry": {
        "type": "Point",
        "coordinates": [
          150.9023983,
          -33.7657569
        ]
      },
      "id": "way/1030893382"
    },
    {
      "type": "Feature",
      "properties": {
        "@id": "way/1030893383",
        "leisure": "playground",
        "@geometry": "center"
      },
      "geometry": {
        "type": "Point",
        "coordinates": [
          150.9026344,
          -33.7659464
        ]
      },
      "id": "way/1030893383"
    },
    {
      "type": "Feature",
      "properties": {
        "@id": "way/1030893384",
        "leisure": "playground",
        "@geometry": "center"
      },
      "geometry": {
        "type": "Point",
        "coordinates": [
          150.9027204,
          -33.765569
        ]
      },
      "id": "way/1030893384"
    },
    {
      "type": "Feature",
      "properties": {
        "@id": "way/1030893393",
        "leisure": "playground",
        "@geometry": "center"
      },
      "geometry": {
        "type": "Point",
        "coordinates": [
          150.9025459,
          -33.765491
        ]
      },
      "id": "way/1030893393"
    },
    {
      "type": "Feature",
      "properties": {
        "@id": "way/1030893394",
        "leisure": "playground",
        "@geometry": "center"
      },
      "geometry": {
        "type": "Point",
        "coordinates": [
          150.902616,
          -33.7656663
        ]
      },
      "id": "way/1030893394"
    },
    {
      "type": "Feature",
      "properties": {
        "@id": "way/1030893395",
        "leisure": "playground",
        "@geometry": "center"
      },
      "geometry": {
        "type": "Point",
        "coordinates": [
          150.9025934,
          -33.7655725
        ]
      },
      "id": "way/1030893395"
    },
    {
      "type": "Feature",
      "properties": {
        "@id": "way/1031101914",
        "leisure": "park",
        "name": "Beryl Simes Smith Park",
        "@geometry": "center"
      },
      "geometry": {
        "type": "Point",
        "coordinates": [
          150.9108458,
          -33.7639779
        ]
      },
      "id": "way/1031101914"
    },
    {
      "type": "Feature",
      "properties": {
        "@id": "way/1031101915",
        "leisure": "playground",
        "@geometry": "center"
      },
      "geometry": {
        "type": "Point",
        "coordinates": [
          150.9106233,
          -33.7638953
        ]
      },
      "id": "way/1031101915"
    },
    {
      "type": "Feature",
      "properties": {
        "@id": "way/1031101917",
        "landuse": "recreation_ground",
        "surface": "asphalt",
        "@geometry": "center"
      },
      "geometry": {
        "type": "Point",
        "coordinates": [
          150.9264252,
          -33.7645234
        ]
      },
      "id": "way/1031101917"
    },
    {
      "type": "Feature",
      "properties": {
        "@id": "way/1031310124",
        "landuse": "recreation_ground",
        "name": "Berkshire Park Recreation Ground",
        "@geometry": "center"
      },
      "geometry": {
        "type": "Point",
        "coordinates": [
          150.7816522,
          -33.6766344
        ]
      },
      "id": "way/1031310124"
    },
    {
      "type": "Feature",
      "properties": {
        "@id": "way/1031310127",
        "leisure": "playground",
        "@geometry": "center"
      },
      "geometry": {
        "type": "Point",
        "coordinates": [
          150.7815485,
          -33.6770865
        ]
      },
      "id": "way/1031310127"
    },
    {
      "type": "Feature",
      "properties": {
        "@id": "way/1031310164",
        "leisure": "park",
        "@geometry": "center"
      },
      "geometry": {
        "type": "Point",
        "coordinates": [
          150.7995662,
          -33.6316965
        ]
      },
      "id": "way/1031310164"
    },
    {
      "type": "Feature",
      "properties": {
        "@id": "way/1036848086",
        "leisure": "park",
        "@geometry": "center"
      },
      "geometry": {
        "type": "Point",
        "coordinates": [
          150.905715,
          -33.7821199
        ]
      },
      "id": "way/1036848086"
    },
    {
      "type": "Feature",
      "properties": {
        "@id": "way/1036848110",
        "leisure": "playground",
        "@geometry": "center"
      },
      "geometry": {
        "type": "Point",
        "coordinates": [
          150.881295,
          -33.7658343
        ]
      },
      "id": "way/1036848110"
    },
    {
      "type": "Feature",
      "properties": {
        "@id": "way/1036848115",
        "landuse": "recreation_ground",
        "@geometry": "center"
      },
      "geometry": {
        "type": "Point",
        "coordinates": [
          150.8812848,
          -33.764857
        ]
      },
      "id": "way/1036848115"
    },
    {
      "type": "Feature",
      "properties": {
        "@id": "way/1037271521",
        "landuse": "recreation_ground",
        "@geometry": "center"
      },
      "geometry": {
        "type": "Point",
        "coordinates": [
          150.8322576,
          -33.7852029
        ]
      },
      "id": "way/1037271521"
    },
    {
      "type": "Feature",
      "properties": {
        "@id": "way/1037271522",
        "leisure": "park",
        "@geometry": "center"
      },
      "geometry": {
        "type": "Point",
        "coordinates": [
          150.8335363,
          -33.7886769
        ]
      },
      "id": "way/1037271522"
    },
    {
      "type": "Feature",
      "properties": {
        "@id": "way/1037271535",
        "leisure": "playground",
        "@geometry": "center"
      },
      "geometry": {
        "type": "Point",
        "coordinates": [
          150.8252814,
          -33.7837477
        ]
      },
      "id": "way/1037271535"
    },
    {
      "type": "Feature",
      "properties": {
        "@id": "way/1037271552",
        "leisure": "park",
        "@geometry": "center"
      },
      "geometry": {
        "type": "Point",
        "coordinates": [
          150.8293757,
          -33.783324
        ]
      },
      "id": "way/1037271552"
    },
    {
      "type": "Feature",
      "properties": {
        "@id": "way/1038976414",
        "leisure": "playground",
        "@geometry": "center"
      },
      "geometry": {
        "type": "Point",
        "coordinates": [
          150.8845616,
          -33.7758985
        ]
      },
      "id": "way/1038976414"
    },
    {
      "type": "Feature",
      "properties": {
        "@id": "way/1038976441",
        "leisure": "park",
        "@geometry": "center"
      },
      "geometry": {
        "type": "Point",
        "coordinates": [
          150.884479,
          -33.7495952
        ]
      },
      "id": "way/1038976441"
    },
    {
      "type": "Feature",
      "properties": {
        "@id": "way/1038976442",
        "leisure": "playground",
        "@geometry": "center"
      },
      "geometry": {
        "type": "Point",
        "coordinates": [
          150.88438,
          -33.7496511
        ]
      },
      "id": "way/1038976442"
    },
    {
      "type": "Feature",
      "properties": {
        "@id": "way/1039027992",
        "leisure": "playground",
        "@geometry": "center"
      },
      "geometry": {
        "type": "Point",
        "coordinates": [
          150.900853,
          -33.7836645
        ]
      },
      "id": "way/1039027992"
    },
    {
      "type": "Feature",
      "properties": {
        "@id": "way/1039028134",
        "landuse": "recreation_ground",
        "@geometry": "center"
      },
      "geometry": {
        "type": "Point",
        "coordinates": [
          150.8931424,
          -33.7929444
        ]
      },
      "id": "way/1039028134"
    },
    {
      "type": "Feature",
      "properties": {
        "@id": "way/1039028137",
        "landuse": "recreation_ground",
        "@geometry": "center"
      },
      "geometry": {
        "type": "Point",
        "coordinates": [
          150.8958795,
          -33.7929188
        ]
      },
      "id": "way/1039028137"
    },
    {
      "type": "Feature",
      "properties": {
        "@id": "way/1039028138",
        "landuse": "recreation_ground",
        "@geometry": "center"
      },
      "geometry": {
        "type": "Point",
        "coordinates": [
          150.8946295,
          -33.7932255
        ]
      },
      "id": "way/1039028138"
    },
    {
      "type": "Feature",
      "properties": {
        "@id": "way/1039028140",
        "landuse": "recreation_ground",
        "@geometry": "center"
      },
      "geometry": {
        "type": "Point",
        "coordinates": [
          150.8909059,
          -33.7936081
        ]
      },
      "id": "way/1039028140"
    },
    {
      "type": "Feature",
      "properties": {
        "@id": "way/1039256661",
        "leisure": "playground",
        "@geometry": "center"
      },
      "geometry": {
        "type": "Point",
        "coordinates": [
          150.8420552,
          -33.7727038
        ]
      },
      "id": "way/1039256661"
    },
    {
      "type": "Feature",
      "properties": {
        "@id": "way/1039256662",
        "leisure": "playground",
        "@geometry": "center"
      },
      "geometry": {
        "type": "Point",
        "coordinates": [
          150.8421275,
          -33.7725861
        ]
      },
      "id": "way/1039256662"
    },
    {
      "type": "Feature",
      "properties": {
        "@id": "way/1041012059",
        "leisure": "park",
        "name": "Shepherd Street Park",
        "source:name": "signpost",
        "@geometry": "center"
      },
      "geometry": {
        "type": "Point",
        "coordinates": [
          150.7898131,
          -33.7859703
        ]
      },
      "id": "way/1041012059"
    },
    {
      "type": "Feature",
      "properties": {
        "@id": "way/1041359299",
        "leisure": "park",
        "@geometry": "center"
      },
      "geometry": {
        "type": "Point",
        "coordinates": [
          150.7888686,
          -33.7965845
        ]
      },
      "id": "way/1041359299"
    },
    {
      "type": "Feature",
      "properties": {
        "@id": "way/1044166924",
        "leisure": "park",
        "@geometry": "center"
      },
      "geometry": {
        "type": "Point",
        "coordinates": [
          150.7828059,
          -33.7600565
        ]
      },
      "id": "way/1044166924"
    },
    {
      "type": "Feature",
      "properties": {
        "@id": "way/1046384705",
        "landuse": "recreation_ground",
        "@geometry": "center"
      },
      "geometry": {
        "type": "Point",
        "coordinates": [
          150.7914609,
          -33.7837395
        ]
      },
      "id": "way/1046384705"
    },
    {
      "type": "Feature",
      "properties": {
        "@id": "way/1046445564",
        "leisure": "park",
        "name": "Dawson Mall",
        "source:name": "Signage",
        "@geometry": "center"
      },
      "geometry": {
        "type": "Point",
        "coordinates": [
          150.822122,
          -33.7675824
        ]
      },
      "id": "way/1046445564"
    },
    {
      "type": "Feature",
      "properties": {
        "@id": "way/1046712560",
        "leisure": "park",
        "@geometry": "center"
      },
      "geometry": {
        "type": "Point",
        "coordinates": [
          150.8243758,
          -33.7671012
        ]
      },
      "id": "way/1046712560"
    },
    {
      "type": "Feature",
      "properties": {
        "@id": "way/1052648301",
        "access": "school",
        "leisure": "playground",
        "@geometry": "center"
      },
      "geometry": {
        "type": "Point",
        "coordinates": [
          150.9347439,
          -33.7940278
        ]
      },
      "id": "way/1052648301"
    },
    {
      "type": "Feature",
      "properties": {
        "@id": "way/1057846942",
        "landuse": "recreation_ground",
        "@geometry": "center"
      },
      "geometry": {
        "type": "Point",
        "coordinates": [
          150.9232426,
          -33.7190854
        ]
      },
      "id": "way/1057846942"
    },
    {
      "type": "Feature",
      "properties": {
        "@id": "way/1057846943",
        "landuse": "recreation_ground",
        "@geometry": "center"
      },
      "geometry": {
        "type": "Point",
        "coordinates": [
          150.9240886,
          -33.7192041
        ]
      },
      "id": "way/1057846943"
    },
    {
      "type": "Feature",
      "properties": {
        "@id": "way/1057846944",
        "landuse": "recreation_ground",
        "@geometry": "center"
      },
      "geometry": {
        "type": "Point",
        "coordinates": [
          150.924176,
          -33.7187767
        ]
      },
      "id": "way/1057846944"
    },
    {
      "type": "Feature",
      "properties": {
        "@id": "way/1057846945",
        "landuse": "recreation_ground",
        "@geometry": "center"
      },
      "geometry": {
        "type": "Point",
        "coordinates": [
          150.9233458,
          -33.7186607
        ]
      },
      "id": "way/1057846945"
    },
    {
      "type": "Feature",
      "properties": {
        "@id": "way/1058026672",
        "leisure": "park",
        "name": "Evesham Court Reserve",
        "opening_hours": "24/7",
        "operator": "The Hills Shire Council",
        "@geometry": "center"
      },
      "geometry": {
        "type": "Point",
        "coordinates": [
          150.9660435,
          -33.735282
        ]
      },
      "id": "way/1058026672"
    },
    {
      "type": "Feature",
      "properties": {
        "@id": "way/1062244281",
        "landuse": "recreation_ground",
        "@geometry": "center"
      },
      "geometry": {
        "type": "Point",
        "coordinates": [
          150.9521195,
          -33.7078653
        ]
      },
      "id": "way/1062244281"
    },
    {
      "type": "Feature",
      "properties": {
        "@id": "way/1062572741",
        "access": "yes",
        "leisure": "playground",
        "@geometry": "center"
      },
      "geometry": {
        "type": "Point",
        "coordinates": [
          150.9253345,
          -33.6967911
        ]
      },
      "id": "way/1062572741"
    },
    {
      "type": "Feature",
      "properties": {
        "@id": "way/1062572743",
        "leisure": "park",
        "@geometry": "center"
      },
      "geometry": {
        "type": "Point",
        "coordinates": [
          150.929659,
          -33.694755
        ]
      },
      "id": "way/1062572743"
    },
    {
      "type": "Feature",
      "properties": {
        "@id": "way/1062797693",
        "leisure": "playground",
        "@geometry": "center"
      },
      "geometry": {
        "type": "Point",
        "coordinates": [
          150.9663085,
          -33.8241129
        ]
      },
      "id": "way/1062797693"
    },
    {
      "type": "Feature",
      "properties": {
        "@id": "way/1063511209",
        "leisure": "playground",
        "@geometry": "center"
      },
      "geometry": {
        "type": "Point",
        "coordinates": [
          150.9440642,
          -33.8343301
        ]
      },
      "id": "way/1063511209"
    },
    {
      "type": "Feature",
      "properties": {
        "@id": "way/1063511210",
        "leisure": "playground",
        "@geometry": "center"
      },
      "geometry": {
        "type": "Point",
        "coordinates": [
          150.9441582,
          -33.834412
        ]
      },
      "id": "way/1063511210"
    },
    {
      "type": "Feature",
      "properties": {
        "@id": "way/1063511212",
        "leisure": "park",
        "@geometry": "center"
      },
      "geometry": {
        "type": "Point",
        "coordinates": [
          150.9439584,
          -33.8348378
        ]
      },
      "id": "way/1063511212"
    },
    {
      "type": "Feature",
      "properties": {
        "@id": "way/1068705829",
        "leisure": "playground",
        "@geometry": "center"
      },
      "geometry": {
        "type": "Point",
        "coordinates": [
          150.7866188,
          -33.8032752
        ]
      },
      "id": "way/1068705829"
    },
    {
      "type": "Feature",
      "properties": {
        "@id": "way/1069500866",
        "access": "private",
        "leisure": "playground",
        "@geometry": "center"
      },
      "geometry": {
        "type": "Point",
        "coordinates": [
          150.911758,
          -33.7186071
        ]
      },
      "id": "way/1069500866"
    },
    {
      "type": "Feature",
      "properties": {
        "@id": "way/1069547660",
        "leisure": "playground",
        "@geometry": "center"
      },
      "geometry": {
        "type": "Point",
        "coordinates": [
          150.81664,
          -33.764332
        ]
      },
      "id": "way/1069547660"
    },
    {
      "type": "Feature",
      "properties": {
        "@id": "way/1069547687",
        "leisure": "park",
        "@geometry": "center"
      },
      "geometry": {
        "type": "Point",
        "coordinates": [
          150.8190719,
          -33.7470038
        ]
      },
      "id": "way/1069547687"
    },
    {
      "type": "Feature",
      "properties": {
        "@id": "way/1069619861",
        "leisure": "park",
        "name": "Major Druitt Park",
        "@geometry": "center"
      },
      "geometry": {
        "type": "Point",
        "coordinates": [
          150.8198105,
          -33.7699953
        ]
      },
      "id": "way/1069619861"
    },
    {
      "type": "Feature",
      "properties": {
        "@id": "way/1071450358",
        "leisure": "park",
        "@geometry": "center"
      },
      "geometry": {
        "type": "Point",
        "coordinates": [
          150.7872866,
          -33.7260709
        ]
      },
      "id": "way/1071450358"
    },
    {
      "type": "Feature",
      "properties": {
        "@id": "way/1088309373",
        "leisure": "park",
        "@geometry": "center"
      },
      "geometry": {
        "type": "Point",
        "coordinates": [
          150.8866737,
          -33.7078951
        ]
      },
      "id": "way/1088309373"
    },
    {
      "type": "Feature",
      "properties": {
        "@id": "way/1100985353",
        "addr:postcode": "2153",
        "addr:state": "NSW",
        "addr:street": "Fairway Drive",
        "addr:suburb": "Norwest",
        "leisure": "park",
        "name": "Fairway Drive Reserve",
        "operator": "Hills Shire Council",
        "@geometry": "center"
      },
      "geometry": {
        "type": "Point",
        "coordinates": [
          150.9579863,
          -33.7289751
        ]
      },
      "id": "way/1100985353"
    },
    {
      "type": "Feature",
      "properties": {
        "@id": "way/1101393180",
        "leisure": "park",
        "@geometry": "center"
      },
      "geometry": {
        "type": "Point",
        "coordinates": [
          150.9718571,
          -33.7025883
        ]
      },
      "id": "way/1101393180"
    },
    {
      "type": "Feature",
      "properties": {
        "@id": "way/1102809019",
        "leisure": "park",
        "@geometry": "center"
      },
      "geometry": {
        "type": "Point",
        "coordinates": [
          150.8798152,
          -33.6508447
        ]
      },
      "id": "way/1102809019"
    },
    {
      "type": "Feature",
      "properties": {
        "@id": "way/1104920816",
        "access": "yes",
        "leisure": "playground",
        "name": "Livvi's Place Playground",
        "@geometry": "center"
      },
      "geometry": {
        "type": "Point",
        "coordinates": [
          150.9674953,
          -33.7027603
        ]
      },
      "id": "way/1104920816"
    },
    {
      "type": "Feature",
      "properties": {
        "@id": "way/1105979076",
        "leisure": "playground",
        "@geometry": "center"
      },
      "geometry": {
        "type": "Point",
        "coordinates": [
          150.9434907,
          -33.7013898
        ]
      },
      "id": "way/1105979076"
    },
    {
      "type": "Feature",
      "properties": {
        "@id": "way/1106480373",
        "landuse": "recreation_ground",
        "@geometry": "center"
      },
      "geometry": {
        "type": "Point",
        "coordinates": [
          150.7834398,
          -33.7501763
        ]
      },
      "id": "way/1106480373"
    },
    {
      "type": "Feature",
      "properties": {
        "@id": "way/1106480375",
        "landuse": "recreation_ground",
        "@geometry": "center"
      },
      "geometry": {
        "type": "Point",
        "coordinates": [
          150.7844101,
          -33.7498846
        ]
      },
      "id": "way/1106480375"
    },
    {
      "type": "Feature",
      "properties": {
        "@id": "way/1106482444",
        "access": "yes",
        "leisure": "playground",
        "@geometry": "center"
      },
      "geometry": {
        "type": "Point",
        "coordinates": [
          150.9594837,
          -33.7020694
        ]
      },
      "id": "way/1106482444"
    },
    {
      "type": "Feature",
      "properties": {
        "@id": "way/1106482607",
        "landuse": "recreation_ground",
        "@geometry": "center"
      },
      "geometry": {
        "type": "Point",
        "coordinates": [
          150.7824466,
          -33.7567868
        ]
      },
      "id": "way/1106482607"
    },
    {
      "type": "Feature",
      "properties": {
        "@id": "way/1106555578",
        "informal": "yes",
        "leisure": "park",
        "proposed:landuse": "residential",
        "@geometry": "center"
      },
      "geometry": {
        "type": "Point",
        "coordinates": [
          150.7984928,
          -33.8018457
        ]
      },
      "id": "way/1106555578"
    },
    {
      "type": "Feature",
      "properties": {
        "@id": "way/1107275338",
        "leisure": "park",
        "@geometry": "center"
      },
      "geometry": {
        "type": "Point",
        "coordinates": [
          150.9018155,
          -33.6469637
        ]
      },
      "id": "way/1107275338"
    },
    {
      "type": "Feature",
      "properties": {
        "@id": "way/1112240663",
        "leisure": "park",
        "@geometry": "center"
      },
      "geometry": {
        "type": "Point",
        "coordinates": [
          150.8943872,
          -33.719183
        ]
      },
      "id": "way/1112240663"
    },
    {
      "type": "Feature",
      "properties": {
        "@id": "way/1117083867",
        "access": "yes",
        "leisure": "playground",
        "surface": "woodchips",
        "@geometry": "center"
      },
      "geometry": {
        "type": "Point",
        "coordinates": [
          150.9651557,
          -33.7382961
        ]
      },
      "id": "way/1117083867"
    },
    {
      "type": "Feature",
      "properties": {
        "@id": "way/1118824417",
        "addr:postcode": "2761",
        "addr:state": "NSW",
        "addr:street": "Irvington Road",
        "addr:suburb": "Colebee",
        "leisure": "park",
        "name": "Reserve 1103",
        "opening_hours": "24/7",
        "website": "https://www.blacktown.nsw.gov.au/Sport-recreation/Parks-and-recreation-directory/Reserve-1103",
        "@geometry": "center"
      },
      "geometry": {
        "type": "Point",
        "coordinates": [
          150.8490197,
          -33.7197577
        ]
      },
      "id": "way/1118824417"
    },
    {
      "type": "Feature",
      "properties": {
        "@id": "way/1120963471",
        "leisure": "park",
        "name": "Leisure Square",
        "@geometry": "center"
      },
      "geometry": {
        "type": "Point",
        "coordinates": [
          150.9279451,
          -33.6888196
        ]
      },
      "id": "way/1120963471"
    },
    {
      "type": "Feature",
      "properties": {
        "@id": "way/1120971488",
        "leisure": "park",
        "@geometry": "center"
      },
      "geometry": {
        "type": "Point",
        "coordinates": [
          150.9295661,
          -33.6893552
        ]
      },
      "id": "way/1120971488"
    },
    {
      "type": "Feature",
      "properties": {
        "@id": "way/1121134560",
        "leisure": "park",
        "name": "Langford Park",
        "@geometry": "center"
      },
      "geometry": {
        "type": "Point",
        "coordinates": [
          150.8428808,
          -33.7230814
        ]
      },
      "id": "way/1121134560"
    },
    {
      "type": "Feature",
      "properties": {
        "@id": "way/1121508773",
        "leisure": "playground",
        "@geometry": "center"
      },
      "geometry": {
        "type": "Point",
        "coordinates": [
          150.8411496,
          -33.7128276
        ]
      },
      "id": "way/1121508773"
    },
    {
      "type": "Feature",
      "properties": {
        "@id": "way/1149321833",
        "leisure": "park",
        "@geometry": "center"
      },
      "geometry": {
        "type": "Point",
        "coordinates": [
          150.8244778,
          -33.6909414
        ]
      },
      "id": "way/1149321833"
    },
    {
      "type": "Feature",
      "properties": {
        "@id": "way/1149321842",
        "leisure": "park",
        "@geometry": "center"
      },
      "geometry": {
        "type": "Point",
        "coordinates": [
          150.8228027,
          -33.6936292
        ]
      },
      "id": "way/1149321842"
    },
    {
      "type": "Feature",
      "properties": {
        "@id": "way/1149552292",
        "leisure": "park",
        "name": "Brindle Parkway Reserve",
        "@geometry": "center"
      },
      "geometry": {
        "type": "Point",
        "coordinates": [
          150.903611,
          -33.6433443
        ]
      },
      "id": "way/1149552292"
    },
    {
      "type": "Feature",
      "properties": {
        "@id": "way/1149552305",
        "leisure": "park",
        "note": "Reserve 925",
        "@geometry": "center"
      },
      "geometry": {
        "type": "Point",
        "coordinates": [
          150.8776662,
          -33.66629
        ]
      },
      "id": "way/1149552305"
    },
    {
      "type": "Feature",
      "properties": {
        "@id": "way/1151384658",
        "leisure": "playground",
        "@geometry": "center"
      },
      "geometry": {
        "type": "Point",
        "coordinates": [
          150.8799922,
          -33.7147679
        ]
      },
      "id": "way/1151384658"
    },
    {
      "type": "Feature",
      "properties": {
        "@id": "way/1151384678",
        "leisure": "playground",
        "@geometry": "center"
      },
      "geometry": {
        "type": "Point",
        "coordinates": [
          150.8849832,
          -33.714438
        ]
      },
      "id": "way/1151384678"
    },
    {
      "type": "Feature",
      "properties": {
        "@id": "way/1151384679",
        "leisure": "playground",
        "@geometry": "center"
      },
      "geometry": {
        "type": "Point",
        "coordinates": [
          150.8864709,
          -33.7144744
        ]
      },
      "id": "way/1151384679"
    },
    {
      "type": "Feature",
      "properties": {
        "@id": "way/1151384698",
        "access": "yes",
        "leisure": "playground",
        "@geometry": "center"
      },
      "geometry": {
        "type": "Point",
        "coordinates": [
          150.8861588,
          -33.7193187
        ]
      },
      "id": "way/1151384698"
    },
    {
      "type": "Feature",
      "properties": {
        "@id": "way/1152685188",
        "leisure": "playground",
        "@geometry": "center"
      },
      "geometry": {
        "type": "Point",
        "coordinates": [
          150.8700313,
          -33.7084203
        ]
      },
      "id": "way/1152685188"
    },
    {
      "type": "Feature",
      "properties": {
        "@id": "way/1152887695",
        "leisure": "playground",
        "@geometry": "center"
      },
      "geometry": {
        "type": "Point",
        "coordinates": [
          150.9006615,
          -33.7221959
        ]
      },
      "id": "way/1152887695"
    },
    {
      "type": "Feature",
      "properties": {
        "@id": "way/1152894043",
        "access": "yes",
        "leisure": "playground",
        "@geometry": "center"
      },
      "geometry": {
        "type": "Point",
        "coordinates": [
          150.8898061,
          -33.7227192
        ]
      },
      "id": "way/1152894043"
    },
    {
      "type": "Feature",
      "properties": {
        "@id": "way/1152894044",
        "access": "yes",
        "leisure": "playground",
        "@geometry": "center"
      },
      "geometry": {
        "type": "Point",
        "coordinates": [
          150.8899339,
          -33.7226652
        ]
      },
      "id": "way/1152894044"
    },
    {
      "type": "Feature",
      "properties": {
        "@id": "way/1152894045",
        "access": "yes",
        "leisure": "playground",
        "@geometry": "center"
      },
      "geometry": {
        "type": "Point",
        "coordinates": [
          150.8900205,
          -33.7228798
        ]
      },
      "id": "way/1152894045"
    },
    {
      "type": "Feature",
      "properties": {
        "@id": "way/1152894057",
        "leisure": "park",
        "name": "George W I Brown Reserve",
        "@geometry": "center"
      },
      "geometry": {
        "type": "Point",
        "coordinates": [
          150.8815636,
          -33.7264128
        ]
      },
      "id": "way/1152894057"
    },
    {
      "type": "Feature",
      "properties": {
        "@id": "way/1167888121",
        "leisure": "park",
        "@geometry": "center"
      },
      "geometry": {
        "type": "Point",
        "coordinates": [
          150.9664476,
          -33.73308
        ]
      },
      "id": "way/1167888121"
    },
    {
      "type": "Feature",
      "properties": {
        "@id": "way/1171461161",
        "landuse": "recreation_ground",
        "name": "Baulkham Hills Shire Netball Association",
        "website": "https://www.baulkhamhillsnetball.com.au/",
        "@geometry": "center"
      },
      "geometry": {
        "type": "Point",
        "coordinates": [
          150.9366498,
          -33.6828687
        ]
      },
      "id": "way/1171461161"
    },
    {
      "type": "Feature",
      "properties": {
        "@id": "way/1175482890",
        "leisure": "park",
        "name": "Grey Box Reserve",
        "@geometry": "center"
      },
      "geometry": {
        "type": "Point",
        "coordinates": [
          150.9295564,
          -33.8260904
        ]
      },
      "id": "way/1175482890"
    },
    {
      "type": "Feature",
      "properties": {
        "@id": "way/1180931033",
        "leisure": "playground",
        "@geometry": "center"
      },
      "geometry": {
        "type": "Point",
        "coordinates": [
          150.9329215,
          -33.6901843
        ]
      },
      "id": "way/1180931033"
    },
    {
      "type": "Feature",
      "properties": {
        "@id": "way/1206751491",
        "leisure": "park",
        "name": "Elara Dog Park",
        "@geometry": "center"
      },
      "geometry": {
        "type": "Point",
        "coordinates": [
          150.8250953,
          -33.6935429
        ]
      },
      "id": "way/1206751491"
    },
    {
      "type": "Feature",
      "properties": {
        "@id": "way/1209658384",
        "leisure": "park",
        "@geometry": "center"
      },
      "geometry": {
        "type": "Point",
        "coordinates": [
          150.8929693,
          -33.726579
        ]
      },
      "id": "way/1209658384"
    },
    {
      "type": "Feature",
      "properties": {
        "@id": "way/1213264777",
        "leisure": "playground",
        "@geometry": "center"
      },
      "geometry": {
        "type": "Point",
        "coordinates": [
          150.8074916,
          -33.7375882
        ]
      },
      "id": "way/1213264777"
    },
    {
      "type": "Feature",
      "properties": {
        "@id": "way/1213811366",
        "leisure": "playground",
        "@geometry": "center"
      },
      "geometry": {
        "type": "Point",
        "coordinates": [
          150.8111717,
          -33.7469696
        ]
      },
      "id": "way/1213811366"
    },
    {
      "type": "Feature",
      "properties": {
        "@id": "way/1213811367",
        "leisure": "playground",
        "@geometry": "center"
      },
      "geometry": {
        "type": "Point",
        "coordinates": [
          150.8116258,
          -33.7474407
        ]
      },
      "id": "way/1213811367"
    },
    {
      "type": "Feature",
      "properties": {
        "@id": "way/1214068589",
        "leisure": "park",
        "@geometry": "center"
      },
      "geometry": {
        "type": "Point",
        "coordinates": [
          150.8004163,
          -33.7491376
        ]
      },
      "id": "way/1214068589"
    },
    {
      "type": "Feature",
      "properties": {
        "@id": "way/1216562394",
        "landuse": "recreation_ground",
        "@geometry": "center"
      },
      "geometry": {
        "type": "Point",
        "coordinates": [
          150.8395187,
          -33.7460437
        ]
      },
      "id": "way/1216562394"
    },
    {
      "type": "Feature",
      "properties": {
        "@id": "way/1219278431",
        "leisure": "park",
        "@geometry": "center"
      },
      "geometry": {
        "type": "Point",
        "coordinates": [
          150.8216417,
          -33.7317421
        ]
      },
      "id": "way/1219278431"
    },
    {
      "type": "Feature",
      "properties": {
        "@id": "way/1219278433",
        "leisure": "park",
        "@geometry": "center"
      },
      "geometry": {
        "type": "Point",
        "coordinates": [
          150.822126,
          -33.7298015
        ]
      },
      "id": "way/1219278433"
    },
    {
      "type": "Feature",
      "properties": {
        "@id": "way/1219278434",
        "leisure": "park",
        "@geometry": "center"
      },
      "geometry": {
        "type": "Point",
        "coordinates": [
          150.8205379,
          -33.7301724
        ]
      },
      "id": "way/1219278434"
    },
    {
      "type": "Feature",
      "properties": {
        "@id": "way/1219278435",
        "leisure": "park",
        "@geometry": "center"
      },
      "geometry": {
        "type": "Point",
        "coordinates": [
          150.8200764,
          -33.7309037
        ]
      },
      "id": "way/1219278435"
    },
    {
      "type": "Feature",
      "properties": {
        "@id": "way/1219278436",
        "leisure": "park",
        "@geometry": "center"
      },
      "geometry": {
        "type": "Point",
        "coordinates": [
          150.8162925,
          -33.7318104
        ]
      },
      "id": "way/1219278436"
    },
    {
      "type": "Feature",
      "properties": {
        "@id": "way/1219278441",
        "leisure": "park",
        "@geometry": "center"
      },
      "geometry": {
        "type": "Point",
        "coordinates": [
          150.8177918,
          -33.7309141
        ]
      },
      "id": "way/1219278441"
    },
    {
      "type": "Feature",
      "properties": {
        "@id": "way/1219278442",
        "leisure": "park",
        "@geometry": "center"
      },
      "geometry": {
        "type": "Point",
        "coordinates": [
          150.8177325,
          -33.7304547
        ]
      },
      "id": "way/1219278442"
    },
    {
      "type": "Feature",
      "properties": {
        "@id": "way/1219278443",
        "leisure": "park",
        "@geometry": "center"
      },
      "geometry": {
        "type": "Point",
        "coordinates": [
          150.818708,
          -33.7298057
        ]
      },
      "id": "way/1219278443"
    },
    {
      "type": "Feature",
      "properties": {
        "@id": "way/1219282271",
        "leisure": "park",
        "@geometry": "center"
      },
      "geometry": {
        "type": "Point",
        "coordinates": [
          150.8055605,
          -33.7324976
        ]
      },
      "id": "way/1219282271"
    },
    {
      "type": "Feature",
      "properties": {
        "@id": "way/1219402215",
        "leisure": "park",
        "@geometry": "center"
      },
      "geometry": {
        "type": "Point",
        "coordinates": [
          150.81784,
          -33.7263981
        ]
      },
      "id": "way/1219402215"
    },
    {
      "type": "Feature",
      "properties": {
        "@id": "way/1223105827",
        "landuse": "recreation_ground",
        "@geometry": "center"
      },
      "geometry": {
        "type": "Point",
        "coordinates": [
          150.8743597,
          -33.6765764
        ]
      },
      "id": "way/1223105827"
    },
    {
      "type": "Feature",
      "properties": {
        "@id": "way/1223107797",
        "landuse": "recreation_ground",
        "@geometry": "center"
      },
      "geometry": {
        "type": "Point",
        "coordinates": [
          150.8734095,
          -33.6764325
        ]
      },
      "id": "way/1223107797"
    },
    {
      "type": "Feature",
      "properties": {
        "@id": "way/1223108059",
        "landuse": "recreation_ground",
        "@geometry": "center"
      },
      "geometry": {
        "type": "Point",
        "coordinates": [
          150.8736346,
          -33.6760089
        ]
      },
      "id": "way/1223108059"
    },
    {
      "type": "Feature",
      "properties": {
        "@id": "way/1223108166",
        "access": "private",
        "leisure": "playground",
        "surface": "artificial_turf",
        "@geometry": "center"
      },
      "geometry": {
        "type": "Point",
        "coordinates": [
          150.8734882,
          -33.6758202
        ]
      },
      "id": "way/1223108166"
    },
    {
      "type": "Feature",
      "properties": {
        "@id": "way/1223119454",
        "access": "private",
        "leisure": "playground",
        "surface": "concrete",
        "@geometry": "center"
      },
      "geometry": {
        "type": "Point",
        "coordinates": [
          150.8731475,
          -33.6778575
        ]
      },
      "id": "way/1223119454"
    },
    {
      "type": "Feature",
      "properties": {
        "@id": "way/1223260121",
        "access": "yes",
        "leisure": "playground",
        "@geometry": "center"
      },
      "geometry": {
        "type": "Point",
        "coordinates": [
          150.9782393,
          -33.8339428
        ]
      },
      "id": "way/1223260121"
    },
    {
      "type": "Feature",
      "properties": {
        "@id": "way/1227071059",
        "access": "permissive",
        "leisure": "playground",
        "@geometry": "center"
      },
      "geometry": {
        "type": "Point",
        "coordinates": [
          150.9274276,
          -33.6910294
        ]
      },
      "id": "way/1227071059"
    },
    {
      "type": "Feature",
      "properties": {
        "@id": "way/1228565329",
        "leisure": "park",
        "@geometry": "center"
      },
      "geometry": {
        "type": "Point",
        "coordinates": [
          150.9014083,
          -33.7531474
        ]
      },
      "id": "way/1228565329"
    },
    {
      "type": "Feature",
      "properties": {
        "@id": "way/1228565331",
        "leisure": "park",
        "@geometry": "center"
      },
      "geometry": {
        "type": "Point",
        "coordinates": [
          150.8999915,
          -33.7493635
        ]
      },
      "id": "way/1228565331"
    },
    {
      "type": "Feature",
      "properties": {
        "@id": "way/1230057098",
        "landuse": "recreation_ground",
        "lit": "yes",
        "name": "Caddies Creek Sports Complex",
        "source": "survey",
        "start_date": "2024-02",
        "@geometry": "center"
      },
      "geometry": {
        "type": "Point",
        "coordinates": [
          150.9298524,
          -33.701048
        ]
      },
      "id": "way/1230057098"
    },
    {
      "type": "Feature",
      "properties": {
        "@id": "way/1233453461",
        "access": "yes",
        "leisure": "playground",
        "source": "survey",
        "@geometry": "center"
      },
      "geometry": {
        "type": "Point",
        "coordinates": [
          150.9245451,
          -33.6970733
        ]
      },
      "id": "way/1233453461"
    },
    {
      "type": "Feature",
      "properties": {
        "@id": "way/1233453463",
        "access": "yes",
        "leisure": "playground",
        "@geometry": "center"
      },
      "geometry": {
        "type": "Point",
        "coordinates": [
          150.9197949,
          -33.6990751
        ]
      },
      "id": "way/1233453463"
    },
    {
      "type": "Feature",
      "properties": {
        "@id": "way/1235996601",
        "access": "yes",
        "leisure": "playground",
        "source": "survey",
        "@geometry": "center"
      },
      "geometry": {
        "type": "Point",
        "coordinates": [
          150.9134334,
          -33.6958025
        ]
      },
      "id": "way/1235996601"
    },
    {
      "type": "Feature",
      "properties": {
        "@id": "way/1237943404",
        "access": "yes",
        "leisure": "playground",
        "surface": "sand",
        "@geometry": "center"
      },
      "geometry": {
        "type": "Point",
        "coordinates": [
          150.9255501,
          -33.7151358
        ]
      },
      "id": "way/1237943404"
    },
    {
      "type": "Feature",
      "properties": {
        "@id": "way/1243075875",
        "leisure": "park",
        "@geometry": "center"
      },
      "geometry": {
        "type": "Point",
        "coordinates": [
          150.9774248,
          -33.7852923
        ]
      },
      "id": "way/1243075875"
    },
    {
      "type": "Feature",
      "properties": {
        "@id": "way/1248983639",
        "landuse": "recreation_ground",
        "name": "Samantha Riley Drive Reserve",
        "@geometry": "center"
      },
      "geometry": {
        "type": "Point",
        "coordinates": [
          150.9665721,
          -33.6961809
        ]
      },
      "id": "way/1248983639"
    },
    {
      "type": "Feature",
      "properties": {
        "@id": "way/1248983656",
        "access": "yes",
        "leisure": "playground",
        "@geometry": "center"
      },
      "geometry": {
        "type": "Point",
        "coordinates": [
          150.9656813,
          -33.6959195
        ]
      },
      "id": "way/1248983656"
    },
    {
      "type": "Feature",
      "properties": {
        "@id": "way/1249830454",
        "leisure": "playground",
        "@geometry": "center"
      },
      "geometry": {
        "type": "Point",
        "coordinates": [
          150.9094866,
          -33.7059866
        ]
      },
      "id": "way/1249830454"
    },
    {
      "type": "Feature",
      "properties": {
        "@id": "way/1259565794",
        "leisure": "park",
        "name": "C V Kelly Park",
        "source:name": "sign at Oramzi Road",
        "@geometry": "center"
      },
      "geometry": {
        "type": "Point",
        "coordinates": [
          150.9445889,
          -33.7939377
        ]
      },
      "id": "way/1259565794"
    },
    {
      "type": "Feature",
      "properties": {
        "@id": "way/1261367348",
        "leisure": "playground",
        "surface": "woodchips",
        "@geometry": "center"
      },
      "geometry": {
        "type": "Point",
        "coordinates": [
          150.9579643,
          -33.7291879
        ]
      },
      "id": "way/1261367348"
    },
    {
      "type": "Feature",
      "properties": {
        "@id": "way/1261367362",
        "access": "yes",
        "dog": "yes",
        "leisure": "park",
        "name": "Strangers Creek Park",
        "@geometry": "center"
      },
      "geometry": {
        "type": "Point",
        "coordinates": [
          150.9611536,
          -33.7308323
        ]
      },
      "id": "way/1261367362"
    },
    {
      "type": "Feature",
      "properties": {
        "@id": "way/1261367365",
        "access": "yes",
        "leisure": "park",
        "opening_hours": "24/7",
        "@geometry": "center"
      },
      "geometry": {
        "type": "Point",
        "coordinates": [
          150.9628173,
          -33.7321874
        ]
      },
      "id": "way/1261367365"
    },
    {
      "type": "Feature",
      "properties": {
        "@id": "way/1267583917",
        "landuse": "recreation_ground",
        "name": "Ringrose Park",
        "operator": "Cumberland City Council",
        "website": "https://www.cumberland.nsw.gov.au/ringrose-park",
        "@geometry": "center"
      },
      "geometry": {
        "type": "Point",
        "coordinates": [
          150.9640165,
          -33.8128359
        ]
      },
      "id": "way/1267583917"
    },
    {
      "type": "Feature",
      "properties": {
        "@id": "way/1269286408",
        "leisure": "playground",
        "@geometry": "center"
      },
      "geometry": {
        "type": "Point",
        "coordinates": [
          150.7934857,
          -33.7466784
        ]
      },
      "id": "way/1269286408"
    },
    {
      "type": "Feature",
      "properties": {
        "@id": "way/1269286426",
        "leisure": "park",
        "@geometry": "center"
      },
      "geometry": {
        "type": "Point",
        "coordinates": [
          150.7802699,
          -33.7376204
        ]
      },
      "id": "way/1269286426"
    },
    {
      "type": "Feature",
      "properties": {
        "@id": "way/1286775448",
        "leisure": "park",
        "@geometry": "center"
      },
      "geometry": {
        "type": "Point",
        "coordinates": [
          150.9488309,
          -33.7104482
        ]
      },
      "id": "way/1286775448"
    },
    {
      "type": "Feature",
      "properties": {
        "@id": "way/1290821450",
        "leisure": "park",
        "@geometry": "center"
      },
      "geometry": {
        "type": "Point",
        "coordinates": [
          150.8634293,
          -33.6716117
        ]
      },
      "id": "way/1290821450"
    },
    {
      "type": "Feature",
      "properties": {
        "@id": "node/1296096800",
        "leisure": "playground"
      },
      "geometry": {
        "type": "Point",
        "coordinates": [
          150.9022809,
          -33.7816039
        ]
      },
      "id": "node/1296096800"
    },
    {
      "type": "Feature",
      "properties": {
        "@id": "way/1312927707",
        "leisure": "park",
        "@geometry": "center"
      },
      "geometry": {
        "type": "Point",
        "coordinates": [
          150.9060129,
          -33.692498
        ]
      },
      "id": "way/1312927707"
    },
    {
      "type": "Feature",
      "properties": {
        "@id": "way/1313392731",
        "access": "yes",
        "dog": "leashed",
        "leisure": "park",
        "name": "Horatio Park",
        "opening_hours": "24/7",
        "@geometry": "center"
      },
      "geometry": {
        "type": "Point",
        "coordinates": [
          150.9609162,
          -33.728481
        ]
      },
      "id": "way/1313392731"
    },
    {
      "type": "Feature",
      "properties": {
        "@id": "way/1313392748",
        "leisure": "park",
        "@geometry": "center"
      },
      "geometry": {
        "type": "Point",
        "coordinates": [
          150.9598637,
          -33.7290511
        ]
      },
      "id": "way/1313392748"
    },
    {
      "type": "Feature",
      "properties": {
        "@id": "way/1313392752",
        "leisure": "park",
        "@geometry": "center"
      },
      "geometry": {
        "type": "Point",
        "coordinates": [
          150.9603144,
          -33.729147
        ]
      },
      "id": "way/1313392752"
    },
    {
      "type": "Feature",
      "properties": {
        "@id": "way/1313392755",
        "access": "private",
        "leisure": "park",
        "opening_hours": "24/7",
        "@geometry": "center"
      },
      "geometry": {
        "type": "Point",
        "coordinates": [
          150.9596704,
          -33.7313734
        ]
      },
      "id": "way/1313392755"
    },
    {
      "type": "Feature",
      "properties": {
        "@id": "way/1314779136",
        "leisure": "park",
        "name": "Stringer Road Sports Complex Reserve",
        "note": "Due to be finished in October 2024.",
        "opening_date": "2024-11-01",
        "website": "https://www.thehills.nsw.gov.au/Business-Building/Building-Development/Road-and-Building-Projects/Council-Works-Projects-Under-Construction/Ongoing-Projects/New-Sportsfield-Complex-Stringer-Road-Reserve",
        "@geometry": "center"
      },
      "geometry": {
        "type": "Point",
        "coordinates": [
          150.9435615,
          -33.6767548
        ]
      },
      "id": "way/1314779136"
    },
    {
      "type": "Feature",
      "properties": {
        "@id": "way/1333653653",
        "leisure": "playground",
        "@geometry": "center"
      },
      "geometry": {
        "type": "Point",
        "coordinates": [
          150.7964207,
          -33.7572378
        ]
      },
      "id": "way/1333653653"
    },
    {
      "type": "Feature",
      "properties": {
        "@id": "way/1335811149",
        "leisure": "playground",
        "@geometry": "center"
      },
      "geometry": {
        "type": "Point",
        "coordinates": [
          150.8342108,
          -33.7385364
        ]
      },
      "id": "way/1335811149"
    },
    {
      "type": "Feature",
      "properties": {
        "@id": "way/1344486639",
        "access": "yes",
        "leisure": "playground",
        "surface": "paved",
        "@geometry": "center"
      },
      "geometry": {
        "type": "Point",
        "coordinates": [
          150.8697673,
          -33.7741109
        ]
      },
      "id": "way/1344486639"
    },
    {
      "type": "Feature",
      "properties": {
        "@id": "way/1346809658",
        "leisure": "park",
        "@geometry": "center"
      },
      "geometry": {
        "type": "Point",
        "coordinates": [
          150.8912747,
          -33.7508043
        ]
      },
      "id": "way/1346809658"
    },
    {
      "type": "Feature",
      "properties": {
        "@id": "way/1349634331",
        "access": "yes",
        "leisure": "playground",
        "@geometry": "center"
      },
      "geometry": {
        "type": "Point",
        "coordinates": [
          150.9501747,
          -33.7192512
        ]
      },
      "id": "way/1349634331"
    },
    {
      "type": "Feature",
      "properties": {
        "@id": "way/1349634342",
        "leisure": "playground",
        "@geometry": "center"
      },
      "geometry": {
        "type": "Point",
        "coordinates": [
          150.9498909,
          -33.7192128
        ]
      },
      "id": "way/1349634342"
    },
    {
      "type": "Feature",
      "properties": {
        "@id": "way/1349967300",
        "leisure": "park",
        "@geometry": "center"
      },
      "geometry": {
        "type": "Point",
        "coordinates": [
          150.8767958,
          -33.7443818
        ]
      },
      "id": "way/1349967300"
    },
    {
      "type": "Feature",
      "properties": {
        "@id": "way/1349972634",
        "leisure": "park",
        "@geometry": "center"
      },
      "geometry": {
        "type": "Point",
        "coordinates": [
          150.8762146,
          -33.7407306
        ]
      },
      "id": "way/1349972634"
    },
    {
      "type": "Feature",
      "properties": {
        "@id": "way/1349972635",
        "leisure": "playground",
        "@geometry": "center"
      },
      "geometry": {
        "type": "Point",
        "coordinates": [
          150.8760993,
          -33.7408423
        ]
      },
      "id": "way/1349972635"
    },
    {
      "type": "Feature",
      "properties": {
        "@id": "way/1350045292",
        "leisure": "park",
        "@geometry": "center"
      },
      "geometry": {
        "type": "Point",
        "coordinates": [
          150.8807609,
          -33.7552038
        ]
      },
      "id": "way/1350045292"
    },
    {
      "type": "Feature",
      "properties": {
        "@id": "way/1350134912",
        "access": "yes",
        "leisure": "playground",
        "@geometry": "center"
      },
      "geometry": {
        "type": "Point",
        "coordinates": [
          150.8788723,
          -33.7523669
        ]
      },
      "id": "way/1350134912"
    },
    {
      "type": "Feature",
      "properties": {
        "@id": "way/1355588574",
        "leisure": "playground",
        "@geometry": "center"
      },
      "geometry": {
        "type": "Point",
        "coordinates": [
          150.8101301,
          -33.6952394
        ]
      },
      "id": "way/1355588574"
    },
    {
      "type": "Feature",
      "properties": {
        "@id": "way/1355850521",
        "leisure": "park",
        "name": "Booroola Road Reserve",
        "@geometry": "center"
      },
      "geometry": {
        "type": "Point",
        "coordinates": [
          150.9010152,
          -33.634727
        ]
      },
      "id": "way/1355850521"
    },
    {
      "type": "Feature",
      "properties": {
        "@id": "way/1357093110",
        "leisure": "playground",
        "@geometry": "center"
      },
      "geometry": {
        "type": "Point",
        "coordinates": [
          150.9009226,
          -33.7101389
        ]
      },
      "id": "way/1357093110"
    },
    {
      "type": "Feature",
      "properties": {
        "@id": "way/1357120698",
        "leisure": "playground",
        "@geometry": "center"
      },
      "geometry": {
        "type": "Point",
        "coordinates": [
          150.9009889,
          -33.7067981
        ]
      },
      "id": "way/1357120698"
    },
    {
      "type": "Feature",
      "properties": {
        "@id": "way/1357120704",
        "leisure": "playground",
        "wheelchair": "yes",
        "@geometry": "center"
      },
      "geometry": {
        "type": "Point",
        "coordinates": [
          150.9009804,
          -33.7066085
        ]
      },
      "id": "way/1357120704"
    },
    {
      "type": "Feature",
      "properties": {
        "@id": "way/1357653246",
        "access": "private",
        "barrier": "fence",
        "landuse": "recreation_ground",
        "name": "Club Roxburgh",
        "@geometry": "center"
      },
      "geometry": {
        "type": "Point",
        "coordinates": [
          150.9244094,
          -33.7166771
        ]
      },
      "id": "way/1357653246"
    },
    {
      "type": "Feature",
      "properties": {
        "@id": "way/1357868210",
        "access": "private",
        "dog": "no",
        "leisure": "playground",
        "playground:theme": "play",
        "surface": "paved",
        "@geometry": "center"
      },
      "geometry": {
        "type": "Point",
        "coordinates": [
          150.9541815,
          -33.7263726
        ]
      },
      "id": "way/1357868210"
    },
    {
      "type": "Feature",
      "properties": {
        "@id": "way/1357868213",
        "access": "private",
        "dog": "no",
        "leisure": "playground",
        "playground:theme": "play",
        "surface": "paved",
        "@geometry": "center"
      },
      "geometry": {
        "type": "Point",
        "coordinates": [
          150.95477,
          -33.7266126
        ]
      },
      "id": "way/1357868213"
    },
    {
      "type": "Feature",
      "properties": {
        "@id": "way/1357914930",
        "access": "private",
        "landuse": "recreation_ground",
        "source": "Bing",
        "@geometry": "center"
      },
      "geometry": {
        "type": "Point",
        "coordinates": [
          150.9345503,
          -33.7152794
        ]
      },
      "id": "way/1357914930"
    },
    {
      "type": "Feature",
      "properties": {
        "@id": "way/1357929077",
        "leisure": "park",
        "@geometry": "center"
      },
      "geometry": {
        "type": "Point",
        "coordinates": [
          150.9305613,
          -33.7139079
        ]
      },
      "id": "way/1357929077"
    },
    {
      "type": "Feature",
      "properties": {
        "@id": "way/1359045690",
        "leisure": "playground",
        "@geometry": "center"
      },
      "geometry": {
        "type": "Point",
        "coordinates": [
          150.9311072,
          -33.746262
        ]
      },
      "id": "way/1359045690"
    },
    {
      "type": "Feature",
      "properties": {
        "@id": "way/1360489424",
        "access": "yes",
        "leisure": "playground",
        "surface": "paved",
        "@geometry": "center"
      },
      "geometry": {
        "type": "Point",
        "coordinates": [
          150.8627067,
          -33.729308
        ]
      },
      "id": "way/1360489424"
    },
    {
      "type": "Feature",
      "properties": {
        "@id": "way/1360489426",
        "access": "yes",
        "leisure": "playground",
        "surface": "paved",
        "@geometry": "center"
      },
      "geometry": {
        "type": "Point",
        "coordinates": [
          150.8632598,
          -33.7296006
        ]
      },
      "id": "way/1360489426"
    },
    {
      "type": "Feature",
      "properties": {
        "@id": "way/1360564677",
        "landuse": "recreation_ground",
        "@geometry": "center"
      },
      "geometry": {
        "type": "Point",
        "coordinates": [
          150.9133154,
          -33.7211349
        ]
      },
      "id": "way/1360564677"
    },
    {
      "type": "Feature",
      "properties": {
        "@id": "way/1362061137",
        "leisure": "park",
        "@geometry": "center"
      },
      "geometry": {
        "type": "Point",
        "coordinates": [
          150.9241182,
          -33.7123972
        ]
      },
      "id": "way/1362061137"
    },
    {
      "type": "Feature",
      "properties": {
        "@id": "way/1362061138",
        "leisure": "park",
        "@geometry": "center"
      },
      "geometry": {
        "type": "Point",
        "coordinates": [
          150.9222865,
          -33.7120436
        ]
      },
      "id": "way/1362061138"
    },
    {
      "type": "Feature",
      "properties": {
        "@id": "way/1362061139",
        "leisure": "park",
        "@geometry": "center"
      },
      "geometry": {
        "type": "Point",
        "coordinates": [
          150.9215026,
          -33.7148916
        ]
      },
      "id": "way/1362061139"
    },
    {
      "type": "Feature",
      "properties": {
        "@id": "way/1362061220",
        "access": "private",
        "leisure": "park",
        "name": "Parklands Clubhouse",
        "@geometry": "center"
      },
      "geometry": {
        "type": "Point",
        "coordinates": [
          150.9203725,
          -33.7164823
        ]
      },
      "id": "way/1362061220"
    },
    {
      "type": "Feature",
      "properties": {
        "@id": "way/1369520847",
        "leisure": "playground",
        "@geometry": "center"
      },
      "geometry": {
        "type": "Point",
        "coordinates": [
          150.9552343,
          -33.6983078
        ]
      },
      "id": "way/1369520847"
    },
    {
      "type": "Feature",
      "properties": {
        "@id": "way/1369613701",
        "access": "yes",
        "leisure": "playground",
        "source": "survey",
        "@geometry": "center"
      },
      "geometry": {
        "type": "Point",
        "coordinates": [
          150.9174241,
          -33.7081888
        ]
      },
      "id": "way/1369613701"
    },
    {
      "type": "Feature",
      "properties": {
        "@id": "way/1369613703",
        "leisure": "playground",
        "@geometry": "center"
      },
      "geometry": {
        "type": "Point",
        "coordinates": [
          150.9175365,
          -33.7080633
        ]
      },
      "id": "way/1369613703"
    },
    {
      "type": "Feature",
      "properties": {
        "@id": "way/1369613704",
        "leisure": "playground",
        "@geometry": "center"
      },
      "geometry": {
        "type": "Point",
        "coordinates": [
          150.9175965,
          -33.7081487
        ]
      },
      "id": "way/1369613704"
    },
    {
      "type": "Feature",
      "properties": {
        "@id": "way/1369613705",
        "leisure": "playground",
        "@geometry": "center"
      },
      "geometry": {
        "type": "Point",
        "coordinates": [
          150.9175786,
          -33.7082944
        ]
      },
      "id": "way/1369613705"
    },
    {
      "type": "Feature",
      "properties": {
        "@id": "way/1369613706",
        "leisure": "playground",
        "@geometry": "center"
      },
      "geometry": {
        "type": "Point",
        "coordinates": [
          150.9174817,
          -33.7083284
        ]
      },
      "id": "way/1369613706"
    },
    {
      "type": "Feature",
      "properties": {
        "@id": "way/1369613707",
        "leisure": "playground",
        "@geometry": "center"
      },
      "geometry": {
        "type": "Point",
        "coordinates": [
          150.9172999,
          -33.7081698
        ]
      },
      "id": "way/1369613707"
    },
    {
      "type": "Feature",
      "properties": {
        "@id": "way/1373318164",
        "landuse": "recreation_ground",
        "leisure": "pitch",
        "sport": "field_hockey;hockey",
        "surface": "artificial_turf",
        "@geometry": "center"
      },
      "geometry": {
        "type": "Point",
        "coordinates": [
          150.9072596,
          -33.6265152
        ]
      },
      "id": "way/1373318164"
    },
    {
      "type": "Feature",
      "properties": {
        "@id": "way/1373318165",
        "landuse": "recreation_ground",
        "leisure": "pitch",
        "sport": "field_hockey;hockey",
        "surface": "artificial_turf",
        "@geometry": "center"
      },
      "geometry": {
        "type": "Point",
        "coordinates": [
          150.9082647,
          -33.6267833
        ]
      },
      "id": "way/1373318165"
    },
    {
      "type": "Feature",
      "properties": {
        "@id": "way/1373318166",
        "landuse": "recreation_ground",
        "leisure": "pitch",
        "sport": "tennis;basketball",
        "surface": "acrylic",
        "@geometry": "center"
      },
      "geometry": {
        "type": "Point",
        "coordinates": [
          150.9068588,
          -33.6270322
        ]
      },
      "id": "way/1373318166"
    },
    {
      "type": "Feature",
      "properties": {
        "@id": "way/1373529008",
        "leisure": "park",
        "@geometry": "center"
      },
      "geometry": {
        "type": "Point",
        "coordinates": [
          150.8716141,
          -33.7786531
        ]
      },
      "id": "way/1373529008"
    },
    {
      "type": "Feature",
      "properties": {
        "@id": "way/1375834396",
        "leisure": "playground",
        "@geometry": "center"
      },
      "geometry": {
        "type": "Point",
        "coordinates": [
          150.9331026,
          -33.740487
        ]
      },
      "id": "way/1375834396"
    },
    {
      "type": "Feature",
      "properties": {
        "@id": "way/1386321921",
        "leisure": "park",
        "@geometry": "center"
      },
      "geometry": {
        "type": "Point",
        "coordinates": [
          150.9292109,
          -33.8211044
        ]
      },
      "id": "way/1386321921"
    },
    {
      "type": "Feature",
      "properties": {
        "@id": "way/1409113166",
        "leisure": "playground",
        "@geometry": "center"
      },
      "geometry": {
        "type": "Point",
        "coordinates": [
          150.8535088,
          -33.7704953
        ]
      },
      "id": "way/1409113166"
    },
    {
      "type": "Feature",
      "properties": {
        "@id": "way/1410238768",
        "leisure": "playground",
        "@geometry": "center"
      },
      "geometry": {
        "type": "Point",
        "coordinates": [
          150.9314804,
          -33.720754
        ]
      },
      "id": "way/1410238768"
    },
    {
      "type": "Feature",
      "properties": {
        "@id": "way/1410238771",
        "leisure": "park",
        "@geometry": "center"
      },
      "geometry": {
        "type": "Point",
        "coordinates": [
          150.9302631,
          -33.7205989
        ]
      },
      "id": "way/1410238771"
    },
    {
      "type": "Feature",
      "properties": {
        "@id": "way/1410300208",
        "leisure": "playground",
        "@geometry": "center"
      },
      "geometry": {
        "type": "Point",
        "coordinates": [
          150.8872687,
          -33.7550066
        ]
      },
      "id": "way/1410300208"
    },
    {
      "type": "Feature",
      "properties": {
        "@id": "way/1416946990",
        "leisure": "playground",
        "@geometry": "center"
      },
      "geometry": {
        "type": "Point",
        "coordinates": [
          150.9170199,
          -33.7199003
        ]
      },
      "id": "way/1416946990"
    },
    {
      "type": "Feature",
      "properties": {
        "@id": "way/1420312116",
        "leisure": "playground",
        "source": "survey",
        "@geometry": "center"
      },
      "geometry": {
        "type": "Point",
        "coordinates": [
          150.8913731,
          -33.7390355
        ]
      },
      "id": "way/1420312116"
    },
    {
      "type": "Feature",
      "properties": {
        "@id": "way/1420337236",
        "leisure": "playground",
        "@geometry": "center"
      },
      "geometry": {
        "type": "Point",
        "coordinates": [
          150.8966904,
          -33.7400388
        ]
      },
      "id": "way/1420337236"
    },
    {
      "type": "Feature",
      "properties": {
        "@id": "way/1436776530",
        "leisure": "playground",
        "@geometry": "center"
      },
      "geometry": {
        "type": "Point",
        "coordinates": [
          150.9010973,
          -33.632491
        ]
      },
      "id": "way/1436776530"
    },
    {
      "type": "Feature",
      "properties": {
        "@id": "way/1436896653",
        "access": "customers",
        "leisure": "playground",
        "@geometry": "center"
      },
      "geometry": {
        "type": "Point",
        "coordinates": [
          150.8738005,
          -33.6551235
        ]
      },
      "id": "way/1436896653"
    },
    {
      "type": "Feature",
      "properties": {
        "@id": "way/1448344790",
        "access": "customers",
        "leisure": "playground",
        "surface": "grass",
        "@geometry": "center"
      },
      "geometry": {
        "type": "Point",
        "coordinates": [
          150.8680333,
          -33.8193608
        ]
      },
      "id": "way/1448344790"
    },
    {
      "type": "Feature",
      "properties": {
        "@id": "way/1455429696",
        "leisure": "playground",
        "@geometry": "center"
      },
      "geometry": {
        "type": "Point",
        "coordinates": [
          150.9004255,
          -33.7558118
        ]
      },
      "id": "way/1455429696"
    },
    {
      "type": "Feature",
      "properties": {
        "@id": "way/1455429698",
        "leisure": "playground",
        "@geometry": "center"
      },
      "geometry": {
        "type": "Point",
        "coordinates": [
          150.9005535,
          -33.7557647
        ]
      },
      "id": "way/1455429698"
    },
    {
      "type": "Feature",
      "properties": {
        "@id": "way/1455429715",
        "leisure": "playground",
        "@geometry": "center"
      },
      "geometry": {
        "type": "Point",
        "coordinates": [
          150.900479,
          -33.755189
        ]
      },
      "id": "way/1455429715"
    },
    {
      "type": "Feature",
      "properties": {
        "@id": "way/1459979804",
        "leisure": "park",
        "@geometry": "center"
      },
      "geometry": {
        "type": "Point",
        "coordinates": [
          150.8190276,
          -33.7113339
        ]
      },
      "id": "way/1459979804"
    },
    {
      "type": "Feature",
      "properties": {
        "@id": "way/1461460029",
        "leisure": "playground",
        "@geometry": "center"
      },
      "geometry": {
        "type": "Point",
        "coordinates": [
          150.7817538,
          -33.7812761
        ]
      },
      "id": "way/1461460029"
    },
    {
      "type": "Feature",
      "properties": {
        "@id": "way/1461460033",
        "leisure": "playground",
        "playground": "swing",
        "@geometry": "center"
      },
      "geometry": {
        "type": "Point",
        "coordinates": [
          150.7897231,
          -33.776004
        ]
      },
      "id": "way/1461460033"
    },
    {
      "type": "Feature",
      "properties": {
        "@id": "way/1462191873",
        "leisure": "playground",
        "@geometry": "center"
      },
      "geometry": {
        "type": "Point",
        "coordinates": [
          150.9386123,
          -33.8148882
        ]
      },
      "id": "way/1462191873"
    },
    {
      "type": "Feature",
      "properties": {
        "@id": "way/1462197494",
        "leisure": "playground",
        "@geometry": "center"
      },
      "geometry": {
        "type": "Point",
        "coordinates": [
          150.9628826,
          -33.8329556
        ]
      },
      "id": "way/1462197494"
    },
    {
      "type": "Feature",
      "properties": {
        "@id": "way/1464018908",
        "leisure": "park",
        "@geometry": "center"
      },
      "geometry": {
        "type": "Point",
        "coordinates": [
          150.8042499,
          -33.7014188
        ]
      },
      "id": "way/1464018908"
    },
    {
      "type": "Feature",
      "properties": {
        "@id": "way/1466116415",
        "leisure": "playground",
        "@geometry": "center"
      },
      "geometry": {
        "type": "Point",
        "coordinates": [
          150.959805,
          -33.8478166
        ]
      },
      "id": "way/1466116415"
    },
    {
      "type": "Feature",
      "properties": {
        "@id": "way/1467713462",
        "leisure": "park",
        "@geometry": "center"
      },
      "geometry": {
        "type": "Point",
        "coordinates": [
          150.9504425,
          -33.7109313
        ]
      },
      "id": "way/1467713462"
    },
    {
      "type": "Feature",
      "properties": {
        "@id": "way/1467713463",
        "leisure": "park",
        "name": "Brodrick Boulevarde Reserve",
        "@geometry": "center"
      },
      "geometry": {
        "type": "Point",
        "coordinates": [
          150.9479749,
          -33.711923
        ]
      },
      "id": "way/1467713463"
    },
    {
      "type": "Feature",
      "properties": {
        "@id": "way/1467713465",
        "leisure": "park",
        "name": "Caddies Creek Conservation Area Reserve",
        "@geometry": "center"
      },
      "geometry": {
        "type": "Point",
        "coordinates": [
          150.9437639,
          -33.7075553
        ]
      },
      "id": "way/1467713465"
    },
    {
      "type": "Feature",
      "properties": {
        "@id": "way/1474912450",
        "leisure": "playground",
        "@geometry": "center"
      },
      "geometry": {
        "type": "Point",
        "coordinates": [
          150.8679252,
          -33.7870406
        ]
      },
      "id": "way/1474912450"
    },
    {
      "type": "Feature",
      "properties": {
        "@id": "way/1480117796",
        "landuse": "recreation_ground",
        "@geometry": "center"
      },
      "geometry": {
        "type": "Point",
        "coordinates": [
          150.8888466,
          -33.8040577
        ]
      },
      "id": "way/1480117796"
    },
    {
      "type": "Feature",
      "properties": {
        "@id": "way/1484612732",
        "access": "yes",
        "leisure": "playground",
        "source": "survey",
        "surface": "sand",
        "wheelchair": "no",
        "@geometry": "center"
      },
      "geometry": {
        "type": "Point",
        "coordinates": [
          150.9216093,
          -33.7106456
        ]
      },
      "id": "way/1484612732"
    },
    {
      "type": "Feature",
      "properties": {
        "@id": "way/1485934672",
        "access": "yes",
        "leisure": "playground",
        "@geometry": "center"
      },
      "geometry": {
        "type": "Point",
        "coordinates": [
          150.8994305,
          -33.6976965
        ]
      },
      "id": "way/1485934672"
    },
    {
      "type": "Feature",
      "properties": {
        "@id": "way/1485934673",
        "access": "yes",
        "leisure": "playground",
        "@geometry": "center"
      },
      "geometry": {
        "type": "Point",
        "coordinates": [
          150.8993314,
          -33.6977837
        ]
      },
      "id": "way/1485934673"
    },
    {
      "type": "Feature",
      "properties": {
        "@id": "way/1485934674",
        "access": "yes",
        "leisure": "playground",
        "@geometry": "center"
      },
      "geometry": {
        "type": "Point",
        "coordinates": [
          150.8991142,
          -33.6976577
        ]
      },
      "id": "way/1485934674"
    },
    {
      "type": "Feature",
      "properties": {
        "@id": "way/1489372475",
        "access": "yes",
        "leisure": "playground",
        "@geometry": "center"
      },
      "geometry": {
        "type": "Point",
        "coordinates": [
          150.9593643,
          -33.6936051
        ]
      },
      "id": "way/1489372475"
    },
    {
      "type": "Feature",
      "properties": {
        "@id": "way/1490445116",
        "leisure": "park",
        "@geometry": "center"
      },
      "geometry": {
        "type": "Point",
        "coordinates": [
          150.9127967,
          -33.6935378
        ]
      },
      "id": "way/1490445116"
    },
    {
      "type": "Feature",
      "properties": {
        "@id": "way/1490506497",
        "access": "yes",
        "leisure": "playground",
        "source": "survey",
        "@geometry": "center"
      },
      "geometry": {
        "type": "Point",
        "coordinates": [
          150.9209356,
          -33.7164512
        ]
      },
      "id": "way/1490506497"
    },
    {
      "type": "Feature",
      "properties": {
        "@id": "node/1744035557",
        "leisure": "playground"
      },
      "geometry": {
        "type": "Point",
        "coordinates": [
          150.871596,
          -33.7786603
        ]
      },
      "id": "node/1744035557"
    },
    {
      "type": "Feature",
      "properties": {
        "@id": "node/1974483254",
        "leisure": "playground"
      },
      "geometry": {
        "type": "Point",
        "coordinates": [
          150.9286606,
          -33.6842666
        ]
      },
      "id": "node/1974483254"
    },
    {
      "type": "Feature",
      "properties": {
        "@id": "node/2110405158",
        "access": "yes",
        "leisure": "playground",
        "source": "local knowledge"
      },
      "geometry": {
        "type": "Point",
        "coordinates": [
          150.8932937,
          -33.7857544
        ]
      },
      "id": "node/2110405158"
    },
    {
      "type": "Feature",
      "properties": {
        "@id": "node/2118943997",
        "leisure": "playground",
        "source": "local_knowledge"
      },
      "geometry": {
        "type": "Point",
        "coordinates": [
          150.893118,
          -33.767717
        ]
      },
      "id": "node/2118943997"
    },
    {
      "type": "Feature",
      "properties": {
        "@id": "node/2138466150",
        "leisure": "playground"
      },
      "geometry": {
        "type": "Point",
        "coordinates": [
          150.9510062,
          -33.7052305
        ]
      },
      "id": "node/2138466150"
    },
    {
      "type": "Feature",
      "properties": {
        "@id": "node/2187981356",
        "leisure": "playground",
        "source": "bing"
      },
      "geometry": {
        "type": "Point",
        "coordinates": [
          150.9491835,
          -33.7863224
        ]
      },
      "id": "node/2187981356"
    },
    {
      "type": "Feature",
      "properties": {
        "@id": "node/2323777837",
        "leisure": "playground",
        "source": "bing"
      },
      "geometry": {
        "type": "Point",
        "coordinates": [
          150.9765304,
          -33.7208116
        ]
      },
      "id": "node/2323777837"
    },
    {
      "type": "Feature",
      "properties": {
        "@id": "node/2355586891",
        "leisure": "playground",
        "shadecloth": "yes"
      },
      "geometry": {
        "type": "Point",
        "coordinates": [
          150.9044587,
          -33.6982501
        ]
      },
      "id": "node/2355586891"
    },
    {
      "type": "Feature",
      "properties": {
        "@id": "node/2355595447",
        "leisure": "playground"
      },
      "geometry": {
        "type": "Point",
        "coordinates": [
          150.9032768,
          -33.7143121
        ]
      },
      "id": "node/2355595447"
    },
    {
      "type": "Feature",
      "properties": {
        "@id": "node/2445319801",
        "leisure": "playground",
        "source": "bing"
      },
      "geometry": {
        "type": "Point",
        "coordinates": [
          150.9370808,
          -33.8270575
        ]
      },
      "id": "node/2445319801"
    },
    {
      "type": "Feature",
      "properties": {
        "@id": "node/2537723883",
        "leisure": "playground"
      },
      "geometry": {
        "type": "Point",
        "coordinates": [
          150.9397032,
          -33.7623175
        ]
      },
      "id": "node/2537723883"
    },
    {
      "type": "Feature",
      "properties": {
        "@id": "node/2741493185",
        "leisure": "playground"
      },
      "geometry": {
        "type": "Point",
        "coordinates": [
          150.9521057,
          -33.8040199
        ]
      },
      "id": "node/2741493185"
    },
    {
      "type": "Feature",
      "properties": {
        "@id": "node/2741493187",
        "leisure": "playground"
      },
      "geometry": {
        "type": "Point",
        "coordinates": [
          150.9534844,
          -33.8001997
        ]
      },
      "id": "node/2741493187"
    },
    {
      "type": "Feature",
      "properties": {
        "@id": "node/2741493190",
        "leisure": "playground"
      },
      "geometry": {
        "type": "Point",
        "coordinates": [
          150.9585537,
          -33.8034761
        ]
      },
      "id": "node/2741493190"
    },
    {
      "type": "Feature",
      "properties": {
        "@id": "node/2741493191",
        "leisure": "playground"
      },
      "geometry": {
        "type": "Point",
        "coordinates": [
          150.9528514,
          -33.8007213
        ]
      },
      "id": "node/2741493191"
    },
    {
      "type": "Feature",
      "properties": {
        "@id": "node/2748961783",
        "leisure": "playground"
      },
      "geometry": {
        "type": "Point",
        "coordinates": [
          150.9506811,
          -33.7875172
        ]
      },
      "id": "node/2748961783"
    },
    {
      "type": "Feature",
      "properties": {
        "@id": "node/2798276051",
        "leisure": "playground"
      },
      "geometry": {
        "type": "Point",
        "coordinates": [
          150.9535934,
          -33.7620147
        ]
      },
      "id": "node/2798276051"
    },
    {
      "type": "Feature",
      "properties": {
        "@id": "node/2802536179",
        "access": "yes",
        "leisure": "playground",
        "source": "survey"
      },
      "geometry": {
        "type": "Point",
        "coordinates": [
          150.932103,
          -33.6951953
        ]
      },
      "id": "node/2802536179"
    },
    {
      "type": "Feature",
      "properties": {
        "@id": "node/2802563171",
        "leisure": "playground",
        "source": "Bing"
      },
      "geometry": {
        "type": "Point",
        "coordinates": [
          150.9400557,
          -33.6927449
        ]
      },
      "id": "node/2802563171"
    },
    {
      "type": "Feature",
      "properties": {
        "@id": "node/2802958464",
        "leisure": "playground",
        "source": "survey"
      },
      "geometry": {
        "type": "Point",
        "coordinates": [
          150.9499855,
          -33.6994532
        ]
      },
      "id": "node/2802958464"
    },
    {
      "type": "Feature",
      "properties": {
        "@id": "node/2819336758",
        "leisure": "playground"
      },
      "geometry": {
        "type": "Point",
        "coordinates": [
          150.923635,
          -33.7589677
        ]
      },
      "id": "node/2819336758"
    },
    {
      "type": "Feature",
      "properties": {
        "@id": "node/2819336789",
        "leisure": "playground"
      },
      "geometry": {
        "type": "Point",
        "coordinates": [
          150.922411,
          -33.7580906
        ]
      },
      "id": "node/2819336789"
    },
    {
      "type": "Feature",
      "properties": {
        "@id": "node/2819424100",
        "leisure": "playground",
        "source": "survey"
      },
      "geometry": {
        "type": "Point",
        "coordinates": [
          150.9352266,
          -33.7627622
        ]
      },
      "id": "node/2819424100"
    },
    {
      "type": "Feature",
      "properties": {
        "@id": "node/2819582317",
        "leisure": "playground",
        "source": "survey"
      },
      "geometry": {
        "type": "Point",
        "coordinates": [
          150.933816,
          -33.7554185
        ]
      },
      "id": "node/2819582317"
    },
    {
      "type": "Feature",
      "properties": {
        "@id": "node/2845390320",
        "leisure": "playground",
        "source": "survey"
      },
      "geometry": {
        "type": "Point",
        "coordinates": [
          150.923288,
          -33.7317536
        ]
      },
      "id": "node/2845390320"
    },
    {
      "type": "Feature",
      "properties": {
        "@id": "node/2845524821",
        "leisure": "playground",
        "source": "survey"
      },
      "geometry": {
        "type": "Point",
        "coordinates": [
          150.9343926,
          -33.727192
        ]
      },
      "id": "node/2845524821"
    },
    {
      "type": "Feature",
      "properties": {
        "@id": "node/2847478940",
        "leisure": "playground",
        "source": "survey"
      },
      "geometry": {
        "type": "Point",
        "coordinates": [
          150.9236934,
          -33.7352541
        ]
      },
      "id": "node/2847478940"
    },
    {
      "type": "Feature",
      "properties": {
        "@id": "node/2872156212",
        "leisure": "playground",
        "source": "survey"
      },
      "geometry": {
        "type": "Point",
        "coordinates": [
          150.9633185,
          -33.7613211
        ]
      },
      "id": "node/2872156212"
    },
    {
      "type": "Feature",
      "properties": {
        "@id": "node/2872475584",
        "leisure": "playground",
        "source": "survey"
      },
      "geometry": {
        "type": "Point",
        "coordinates": [
          150.9351429,
          -33.7725095
        ]
      },
      "id": "node/2872475584"
    },
    {
      "type": "Feature",
      "properties": {
        "@id": "node/2872514144",
        "leisure": "playground",
        "source": "survey"
      },
      "geometry": {
        "type": "Point",
        "coordinates": [
          150.9221778,
          -33.7648397
        ]
      },
      "id": "node/2872514144"
    },
    {
      "type": "Feature",
      "properties": {
        "@id": "node/2896551181",
        "leisure": "playground",
        "source": "survey"
      },
      "geometry": {
        "type": "Point",
        "coordinates": [
          150.9412794,
          -33.7363372
        ]
      },
      "id": "node/2896551181"
    },
    {
      "type": "Feature",
      "properties": {
        "@id": "node/2900201495",
        "access": "yes",
        "leisure": "playground",
        "source": "survey"
      },
      "geometry": {
        "type": "Point",
        "coordinates": [
          150.933497,
          -33.7153015
        ]
      },
      "id": "node/2900201495"
    },
    {
      "type": "Feature",
      "properties": {
        "@id": "node/2900869060",
        "leisure": "playground",
        "source": "survey",
        "wheelchair": "yes"
      },
      "geometry": {
        "type": "Point",
        "coordinates": [
          150.900487,
          -33.7099239
        ]
      },
      "id": "node/2900869060"
    },
    {
      "type": "Feature",
      "properties": {
        "@id": "node/2905123559",
        "leisure": "playground",
        "source": "survey"
      },
      "geometry": {
        "type": "Point",
        "coordinates": [
          150.9137887,
          -33.7348988
        ]
      },
      "id": "node/2905123559"
    },
    {
      "type": "Feature",
      "properties": {
        "@id": "node/2906665979",
        "leisure": "playground",
        "source": "survey"
      },
      "geometry": {
        "type": "Point",
        "coordinates": [
          150.928633,
          -33.7077225
        ]
      },
      "id": "node/2906665979"
    },
    {
      "type": "Feature",
      "properties": {
        "@id": "node/2918499718",
        "access": "yes",
        "leisure": "playground",
        "source": "survey"
      },
      "geometry": {
        "type": "Point",
        "coordinates": [
          150.8945022,
          -33.7328436
        ]
      },
      "id": "node/2918499718"
    },
    {
      "type": "Feature",
      "properties": {
        "@id": "node/2918499726",
        "access": "yes",
        "leisure": "playground",
        "source": "survey"
      },
      "geometry": {
        "type": "Point",
        "coordinates": [
          150.8908759,
          -33.7323306
        ]
      },
      "id": "node/2918499726"
    },
    {
      "type": "Feature",
      "properties": {
        "@id": "node/2919825990",
        "access": "yes",
        "leisure": "playground",
        "source": "survey"
      },
      "geometry": {
        "type": "Point",
        "coordinates": [
          150.9047263,
          -33.7089428
        ]
      },
      "id": "node/2919825990"
    },
    {
      "type": "Feature",
      "properties": {
        "@id": "node/3168004982",
        "leisure": "playground",
        "source": "local knowledge"
      },
      "geometry": {
        "type": "Point",
        "coordinates": [
          150.8940747,
          -33.7865118
        ]
      },
      "id": "node/3168004982"
    },
    {
      "type": "Feature",
      "properties": {
        "@id": "node/3239026897",
        "leisure": "playground"
      },
      "geometry": {
        "type": "Point",
        "coordinates": [
          150.9298013,
          -33.8226777
        ]
      },
      "id": "node/3239026897"
    },
    {
      "type": "Feature",
      "properties": {
        "@id": "node/3239037437",
        "leisure": "playground"
      },
      "geometry": {
        "type": "Point",
        "coordinates": [
          150.9295777,
          -33.8290295
        ]
      },
      "id": "node/3239037437"
    },
    {
      "type": "Feature",
      "properties": {
        "@id": "node/3722563068",
        "leisure": "playground"
      },
      "geometry": {
        "type": "Point",
        "coordinates": [
          150.9302633,
          -33.8171586
        ]
      },
      "id": "node/3722563068"
    },
    {
      "type": "Feature",
      "properties": {
        "@id": "node/3806232211",
        "leisure": "playground"
      },
      "geometry": {
        "type": "Point",
        "coordinates": [
          150.9601332,
          -33.7062753
        ]
      },
      "id": "node/3806232211"
    },
    {
      "type": "Feature",
      "properties": {
        "@id": "node/4101244185",
        "leisure": "playground"
      },
      "geometry": {
        "type": "Point",
        "coordinates": [
          150.9505656,
          -33.7953151
        ]
      },
      "id": "node/4101244185"
    },
    {
      "type": "Feature",
      "properties": {
        "@id": "node/4101244190",
        "leisure": "playground"
      },
      "geometry": {
        "type": "Point",
        "coordinates": [
          150.9516168,
          -33.7942506
        ]
      },
      "id": "node/4101244190"
    },
    {
      "type": "Feature",
      "properties": {
        "@id": "node/4101244195",
        "leisure": "playground"
      },
      "geometry": {
        "type": "Point",
        "coordinates": [
          150.9509604,
          -33.7891587
        ]
      },
      "id": "node/4101244195"
    },
    {
      "type": "Feature",
      "properties": {
        "@id": "node/4101244197",
        "leisure": "playground"
      },
      "geometry": {
        "type": "Point",
        "coordinates": [
          150.9443036,
          -33.7948712
        ]
      },
      "id": "node/4101244197"
    },
    {
      "type": "Feature",
      "properties": {
        "@id": "node/4101244202",
        "leisure": "playground"
      },
      "geometry": {
        "type": "Point",
        "coordinates": [
          150.947543,
          -33.7976052
        ]
      },
      "id": "node/4101244202"
    },
    {
      "type": "Feature",
      "properties": {
        "@id": "node/4257976239",
        "leisure": "playground"
      },
      "geometry": {
        "type": "Point",
        "coordinates": [
          150.9506333,
          -33.7907578
        ]
      },
      "id": "node/4257976239"
    },
    {
      "type": "Feature",
      "properties": {
        "@id": "node/4293880556",
        "leisure": "playground",
        "source": "survey"
      },
      "geometry": {
        "type": "Point",
        "coordinates": [
          150.9691488,
          -33.7737519
        ]
      },
      "id": "node/4293880556"
    },
    {
      "type": "Feature",
      "properties": {
        "@id": "node/4293893550",
        "leisure": "playground",
        "source": "survey"
      },
      "geometry": {
        "type": "Point",
        "coordinates": [
          150.9652623,
          -33.7708891
        ]
      },
      "id": "node/4293893550"
    },
    {
      "type": "Feature",
      "properties": {
        "@id": "node/4361260989",
        "leisure": "playground",
        "source": "NSW LPI Base Map",
        "source:date": "2016-08"
      },
      "geometry": {
        "type": "Point",
        "coordinates": [
          150.9750292,
          -33.7824055
        ]
      },
      "id": "node/4361260989"
    },
    {
      "type": "Feature",
      "properties": {
        "@id": "node/4373541249",
        "leisure": "playground"
      },
      "geometry": {
        "type": "Point",
        "coordinates": [
          150.801512,
          -33.7322691
        ]
      },
      "id": "node/4373541249"
    },
    {
      "type": "Feature",
      "properties": {
        "@id": "node/4381813846",
        "leisure": "playground"
      },
      "geometry": {
        "type": "Point",
        "coordinates": [
          150.9540831,
          -33.8365891
        ]
      },
      "id": "node/4381813846"
    },
    {
      "type": "Feature",
      "properties": {
        "@id": "node/4640655981",
        "leisure": "playground"
      },
      "geometry": {
        "type": "Point",
        "coordinates": [
          150.8461464,
          -33.8406093
        ]
      },
      "id": "node/4640655981"
    },
    {
      "type": "Feature",
      "properties": {
        "@id": "node/4851180429",
        "leisure": "playground"
      },
      "geometry": {
        "type": "Point",
        "coordinates": [
          150.8037756,
          -33.7867065
        ]
      },
      "id": "node/4851180429"
    },
    {
      "type": "Feature",
      "properties": {
        "@id": "node/4914471966",
        "access": "yes",
        "leisure": "playground"
      },
      "geometry": {
        "type": "Point",
        "coordinates": [
          150.910897,
          -33.680578
        ]
      },
      "id": "node/4914471966"
    },
    {
      "type": "Feature",
      "properties": {
        "@id": "node/5023403875",
        "leisure": "playground"
      },
      "geometry": {
        "type": "Point",
        "coordinates": [
          150.9684209,
          -33.8016873
        ]
      },
      "id": "node/5023403875"
    },
    {
      "type": "Feature",
      "properties": {
        "@id": "node/5055308266",
        "leisure": "playground"
      },
      "geometry": {
        "type": "Point",
        "coordinates": [
          150.9613955,
          -33.8040396
        ]
      },
      "id": "node/5055308266"
    },
    {
      "type": "Feature",
      "properties": {
        "@id": "node/5118544902",
        "leisure": "playground"
      },
      "geometry": {
        "type": "Point",
        "coordinates": [
          150.9573331,
          -33.8329619
        ]
      },
      "id": "node/5118544902"
    },
    {
      "type": "Feature",
      "properties": {
        "@id": "node/5222449760",
        "access": "yes",
        "leisure": "playground",
        "source": "LPI Imagery",
        "source:date": "2017-5"
      },
      "geometry": {
        "type": "Point",
        "coordinates": [
          150.910939,
          -33.7854017
        ]
      },
      "id": "node/5222449760"
    },
    {
      "type": "Feature",
      "properties": {
        "@id": "node/5222450197",
        "leisure": "playground",
        "source": "LPI Imagery",
        "source:date": "2017-5"
      },
      "geometry": {
        "type": "Point",
        "coordinates": [
          150.908761,
          -33.7823119
        ]
      },
      "id": "node/5222450197"
    },
    {
      "type": "Feature",
      "properties": {
        "@id": "node/5252448708",
        "leisure": "playground"
      },
      "geometry": {
        "type": "Point",
        "coordinates": [
          150.8684779,
          -33.7719137
        ]
      },
      "id": "node/5252448708"
    },
    {
      "type": "Feature",
      "properties": {
        "@id": "node/5259355941",
        "leisure": "playground"
      },
      "geometry": {
        "type": "Point",
        "coordinates": [
          150.9652752,
          -33.7629418
        ]
      },
      "id": "node/5259355941"
    },
    {
      "type": "Feature",
      "properties": {
        "@id": "node/5367461575",
        "leisure": "playground"
      },
      "geometry": {
        "type": "Point",
        "coordinates": [
          150.7811433,
          -33.7561685
        ]
      },
      "id": "node/5367461575"
    },
    {
      "type": "Feature",
      "properties": {
        "@id": "node/5367467007",
        "leisure": "playground"
      },
      "geometry": {
        "type": "Point",
        "coordinates": [
          150.7869599,
          -33.7594005
        ]
      },
      "id": "node/5367467007"
    },
    {
      "type": "Feature",
      "properties": {
        "@id": "node/5367805541",
        "leisure": "playground"
      },
      "geometry": {
        "type": "Point",
        "coordinates": [
          150.9737338,
          -33.8434945
        ]
      },
      "id": "node/5367805541"
    },
    {
      "type": "Feature",
      "properties": {
        "@id": "node/5370118445",
        "leisure": "playground"
      },
      "geometry": {
        "type": "Point",
        "coordinates": [
          150.9774442,
          -33.803844
        ]
      },
      "id": "node/5370118445"
    },
    {
      "type": "Feature",
      "properties": {
        "@id": "node/5621187787",
        "leisure": "playground",
        "wheelchair": "yes"
      },
      "geometry": {
        "type": "Point",
        "coordinates": [
          150.8834035,
          -33.7051739
        ]
      },
      "id": "node/5621187787"
    },
    {
      "type": "Feature",
      "properties": {
        "@id": "node/5646739148",
        "leisure": "playground"
      },
      "geometry": {
        "type": "Point",
        "coordinates": [
          150.8603548,
          -33.7601966
        ]
      },
      "id": "node/5646739148"
    },
    {
      "type": "Feature",
      "properties": {
        "@id": "node/5701101139",
        "leisure": "park",
        "name": "Greenview Park"
      },
      "geometry": {
        "type": "Point",
        "coordinates": [
          150.9090352,
          -33.6974718
        ]
      },
      "id": "node/5701101139"
    },
    {
      "type": "Feature",
      "properties": {
        "@id": "node/5701101140",
        "leisure": "park",
        "name": "Arrowroot Park"
      },
      "geometry": {
        "type": "Point",
        "coordinates": [
          150.9095732,
          -33.6958523
        ]
      },
      "id": "node/5701101140"
    },
    {
      "type": "Feature",
      "properties": {
        "@id": "node/5729524569",
        "access": "yes",
        "leisure": "playground"
      },
      "geometry": {
        "type": "Point",
        "coordinates": [
          150.9138009,
          -33.7016133
        ]
      },
      "id": "node/5729524569"
    },
    {
      "type": "Feature",
      "properties": {
        "@id": "node/6071961054",
        "access": "yes",
        "leisure": "playground"
      },
      "geometry": {
        "type": "Point",
        "coordinates": [
          150.9356528,
          -33.6964591
        ]
      },
      "id": "node/6071961054"
    },
    {
      "type": "Feature",
      "properties": {
        "@id": "node/6083826049",
        "leisure": "playground"
      },
      "geometry": {
        "type": "Point",
        "coordinates": [
          150.8420508,
          -33.7099445
        ]
      },
      "id": "node/6083826049"
    },
    {
      "type": "Feature",
      "properties": {
        "@id": "node/6134141088",
        "leisure": "playground"
      },
      "geometry": {
        "type": "Point",
        "coordinates": [
          150.8787474,
          -33.7292721
        ]
      },
      "id": "node/6134141088"
    },
    {
      "type": "Feature",
      "properties": {
        "@id": "node/6134141089",
        "access": "yes",
        "leisure": "playground"
      },
      "geometry": {
        "type": "Point",
        "coordinates": [
          150.8926746,
          -33.7274728
        ]
      },
      "id": "node/6134141089"
    },
    {
      "type": "Feature",
      "properties": {
        "@id": "node/6189249795",
        "leisure": "park",
        "name": "Shakespeare Drive Reserve"
      },
      "geometry": {
        "type": "Point",
        "coordinates": [
          150.7866977,
          -33.8030573
        ]
      },
      "id": "node/6189249795"
    },
    {
      "type": "Feature",
      "properties": {
        "@id": "node/6397688502",
        "access": "yes",
        "leisure": "playground"
      },
      "geometry": {
        "type": "Point",
        "coordinates": [
          150.9334183,
          -33.7004029
        ]
      },
      "id": "node/6397688502"
    },
    {
      "type": "Feature",
      "properties": {
        "@id": "node/6436296339",
        "leisure": "playground"
      },
      "geometry": {
        "type": "Point",
        "coordinates": [
          150.8296005,
          -33.7623956
        ]
      },
      "id": "node/6436296339"
    },
    {
      "type": "Feature",
      "properties": {
        "@id": "node/6460502430",
        "leisure": "playground"
      },
      "geometry": {
        "type": "Point",
        "coordinates": [
          150.8187783,
          -33.6954447
        ]
      },
      "id": "node/6460502430"
    },
    {
      "type": "Feature",
      "properties": {
        "@id": "node/6474203749",
        "leisure": "playground"
      },
      "geometry": {
        "type": "Point",
        "coordinates": [
          150.946081,
          -33.7074264
        ]
      },
      "id": "node/6474203749"
    },
    {
      "type": "Feature",
      "properties": {
        "@id": "node/6722853774",
        "access": "customers",
        "brand": "McDonald's",
        "brand:wikidata": "Q38076",
        "brand:wikipedia": "en:McDonald's",
        "leisure": "playground",
        "name": "McDonald's PlayPlace"
      },
      "geometry": {
        "type": "Point",
        "coordinates": [
          150.9018079,
          -33.8496823
        ]
      },
      "id": "node/6722853774"
    },
    {
      "type": "Feature",
      "properties": {
        "@id": "node/6915121877",
        "access": "yes",
        "leisure": "playground"
      },
      "geometry": {
        "type": "Point",
        "coordinates": [
          150.9740865,
          -33.7059833
        ]
      },
      "id": "node/6915121877"
    },
    {
      "type": "Feature",
      "properties": {
        "@id": "node/7175230423",
        "access": "yes",
        "leisure": "playground"
      },
      "geometry": {
        "type": "Point",
        "coordinates": [
          150.9059749,
          -33.6330712
        ]
      },
      "id": "node/7175230423"
    },
    {
      "type": "Feature",
      "properties": {
        "@id": "node/7418536052",
        "leisure": "playground"
      },
      "geometry": {
        "type": "Point",
        "coordinates": [
          150.96629,
          -33.8457163
        ]
      },
      "id": "node/7418536052"
    },
    {
      "type": "Feature",
      "properties": {
        "@id": "node/7448558376",
        "leisure": "playground"
      },
      "geometry": {
        "type": "Point",
        "coordinates": [
          150.8322581,
          -33.7738186
        ]
      },
      "id": "node/7448558376"
    },
    {
      "type": "Feature",
      "properties": {
        "@id": "node/7528368635",
        "leisure": "playground"
      },
      "geometry": {
        "type": "Point",
        "coordinates": [
          150.7953451,
          -33.7446755
        ]
      },
      "id": "node/7528368635"
    },
    {
      "type": "Feature",
      "properties": {
        "@id": "node/7528823511",
        "access": "yes",
        "leisure": "playground"
      },
      "geometry": {
        "type": "Point",
        "coordinates": [
          150.9206881,
          -33.7274848
        ]
      },
      "id": "node/7528823511"
    },
    {
      "type": "Feature",
      "properties": {
        "@id": "node/7544457695",
        "leisure": "playground"
      },
      "geometry": {
        "type": "Point",
        "coordinates": [
          150.7952633,
          -33.7848414
        ]
      },
      "id": "node/7544457695"
    },
    {
      "type": "Feature",
      "properties": {
        "@id": "node/7550816190",
        "leisure": "playground"
      },
      "geometry": {
        "type": "Point",
        "coordinates": [
          150.8020223,
          -33.8023032
        ]
      },
      "id": "node/7550816190"
    },
    {
      "type": "Feature",
      "properties": {
        "@id": "node/7550989581",
        "leisure": "playground"
      },
      "geometry": {
        "type": "Point",
        "coordinates": [
          150.9043346,
          -33.7053045
        ]
      },
      "id": "node/7550989581"
    },
    {
      "type": "Feature",
      "properties": {
        "@id": "node/8170019707",
        "leisure": "playground"
      },
      "geometry": {
        "type": "Point",
        "coordinates": [
          150.8460216,
          -33.7718812
        ]
      },
      "id": "node/8170019707"
    },
    {
      "type": "Feature",
      "properties": {
        "@id": "node/8182424326",
        "leisure": "playground"
      },
      "geometry": {
        "type": "Point",
        "coordinates": [
          150.8574348,
          -33.7417692
        ]
      },
      "id": "node/8182424326"
    },
    {
      "type": "Feature",
      "properties": {
        "@id": "node/8301538621",
        "leisure": "playground"
      },
      "geometry": {
        "type": "Point",
        "coordinates": [
          150.8187856,
          -33.6895486
        ]
      },
      "id": "node/8301538621"
    },
    {
      "type": "Feature",
      "properties": {
        "@id": "node/8639307732",
        "leisure": "playground"
      },
      "geometry": {
        "type": "Point",
        "coordinates": [
          150.8717407,
          -33.7786868
        ]
      },
      "id": "node/8639307732"
    },
    {
      "type": "Feature",
      "properties": {
        "@id": "node/8670398108",
        "leisure": "playground"
      },
      "geometry": {
        "type": "Point",
        "coordinates": [
          150.8105044,
          -33.7015179
        ]
      },
      "id": "node/8670398108"
    },
    {
      "type": "Feature",
      "properties": {
        "@id": "node/8930556055",
        "leisure": "park",
        "name": "Casey Reserve"
      },
      "geometry": {
        "type": "Point",
        "coordinates": [
          150.8172606,
          -33.738483
        ]
      },
      "id": "node/8930556055"
    },
    {
      "type": "Feature",
      "properties": {
        "@id": "node/8930556056",
        "leisure": "park",
        "name": "Clune Reserve"
      },
      "geometry": {
        "type": "Point",
        "coordinates": [
          150.8191009,
          -33.7381684
        ]
      },
      "id": "node/8930556056"
    },
    {
      "type": "Feature",
      "properties": {
        "@id": "node/8934543933",
        "leisure": "park",
        "name": "Greystanes Creek Reserve"
      },
      "geometry": {
        "type": "Point",
        "coordinates": [
          150.9351019,
          -33.7980282
        ]
      },
      "id": "node/8934543933"
    },
    {
      "type": "Feature",
      "properties": {
        "@id": "node/8934543934",
        "leisure": "park",
        "name": "John Silverthorne Park"
      },
      "geometry": {
        "type": "Point",
        "coordinates": [
          150.9358242,
          -33.7974924
        ]
      },
      "id": "node/8934543934"
    },
    {
      "type": "Feature",
      "properties": {
        "@id": "node/8934544022",
        "leisure": "park",
        "name": "Toongabbie Road Reserve"
      },
      "geometry": {
        "type": "Point",
        "coordinates": [
          150.9397616,
          -33.7932399
        ]
      },
      "id": "node/8934544022"
    },
    {
      "type": "Feature",
      "properties": {
        "@id": "node/8934544023",
        "leisure": "park",
        "name": "Portia Road Reserve"
      },
      "geometry": {
        "type": "Point",
        "coordinates": [
          150.9436212,
          -33.7910971
        ]
      },
      "id": "node/8934544023"
    },
    {
      "type": "Feature",
      "properties": {
        "@id": "node/8957459488",
        "leisure": "park",
        "name": "Caddies Creek Reserve"
      },
      "geometry": {
        "type": "Point",
        "coordinates": [
          150.9333209,
          -33.6989185
        ]
      },
      "id": "node/8957459488"
    },
    {
      "type": "Feature",
      "properties": {
        "@id": "node/9057873122",
        "leisure": "park",
        "name": "Anthony Skarratt Reserve"
      },
      "geometry": {
        "type": "Point",
        "coordinates": [
          150.9072856,
          -33.6643108
        ]
      },
      "id": "node/9057873122"
    },
    {
      "type": "Feature",
      "properties": {
        "@id": "node/9102495418",
        "leisure": "playground",
        "name": "Peckys Playground"
      },
      "geometry": {
        "type": "Point",
        "coordinates": [
          150.9139977,
          -33.8121148
        ]
      },
      "id": "node/9102495418"
    },
    {
      "type": "Feature",
      "properties": {
        "@id": "node/9108055147",
        "leisure": "park",
        "name": "Arundel Park Drive Reserve"
      },
      "geometry": {
        "type": "Point",
        "coordinates": [
          150.7957172,
          -33.7999451
        ]
      },
      "id": "node/9108055147"
    },
    {
      "type": "Feature",
      "properties": {
        "@id": "node/9552116364",
        "leisure": "park",
        "name": "Eddie Aaw Reserve"
      },
      "geometry": {
        "type": "Point",
        "coordinates": [
          150.9116587,
          -33.7960983
        ]
      },
      "id": "node/9552116364"
    },
    {
      "type": "Feature",
      "properties": {
        "@id": "node/9552116365",
        "leisure": "park",
        "name": "Timbertop Reserve"
      },
      "geometry": {
        "type": "Point",
        "coordinates": [
          150.9111696,
          -33.8001934
        ]
      },
      "id": "node/9552116365"
    },
    {
      "type": "Feature",
      "properties": {
        "@id": "node/9722615219",
        "leisure": "park",
        "name": "Doreen Ross Reserve"
      },
      "geometry": {
        "type": "Point",
        "coordinates": [
          150.8652619,
          -33.67679
        ]
      },
      "id": "node/9722615219"
    },
    {
      "type": "Feature",
      "properties": {
        "@id": "node/9737825365",
        "leisure": "park",
        "name": "Rhondda Street Reserve"
      },
      "geometry": {
        "type": "Point",
        "coordinates": [
          150.9315787,
          -33.8441504
        ]
      },
      "id": "node/9737825365"
    },
    {
      "type": "Feature",
      "properties": {
        "@id": "node/9740542161",
        "leisure": "park",
        "name": "Chifley Street Reserve"
      },
      "geometry": {
        "type": "Point",
        "coordinates": [
          150.9390073,
          -33.8484974
        ]
      },
      "id": "node/9740542161"
    },
    {
      "type": "Feature",
      "properties": {
        "@id": "node/9761489719",
        "access": "yes",
        "leisure": "playground"
      },
      "geometry": {
        "type": "Point",
        "coordinates": [
          150.9220001,
          -33.7056842
        ]
      },
      "id": "node/9761489719"
    },
    {
      "type": "Feature",
      "properties": {
        "@id": "node/9813677116",
        "access": "private",
        "leisure": "playground"
      },
      "geometry": {
        "type": "Point",
        "coordinates": [
          150.7995074,
          -33.7998204
        ]
      },
      "id": "node/9813677116"
    },
    {
      "type": "Feature",
      "properties": {
        "@id": "node/9971184130",
        "leisure": "playground"
      },
      "geometry": {
        "type": "Point",
        "coordinates": [
          150.891801,
          -33.7072386
        ]
      },
      "id": "node/9971184130"
    },
    {
      "type": "Feature",
      "properties": {
        "@id": "node/10069659631",
        "access": "yes",
        "leisure": "playground",
        "surface": "rubbercrumb"
      },
      "geometry": {
        "type": "Point",
        "coordinates": [
          150.9513237,
          -33.7247254
        ]
      },
      "id": "node/10069659631"
    },
    {
      "type": "Feature",
      "properties": {
        "@id": "node/10069681162",
        "access": "private",
        "leisure": "playground",
        "surface": "rubbercrumb"
      },
      "geometry": {
        "type": "Point",
        "coordinates": [
          150.9547929,
          -33.7271378
        ]
      },
      "id": "node/10069681162"
    },
    {
      "type": "Feature",
      "properties": {
        "@id": "node/10079788674",
        "access": "private",
        "leisure": "playground"
      },
      "geometry": {
        "type": "Point",
        "coordinates": [
          150.9501902,
          -33.7121414
        ]
      },
      "id": "node/10079788674"
    },
    {
      "type": "Feature",
      "properties": {
        "@id": "node/10091627106",
        "leisure": "playground"
      },
      "geometry": {
        "type": "Point",
        "coordinates": [
          150.8800322,
          -33.6506567
        ]
      },
      "id": "node/10091627106"
    },
    {
      "type": "Feature",
      "properties": {
        "@id": "node/10091627108",
        "leisure": "playground"
      },
      "geometry": {
        "type": "Point",
        "coordinates": [
          150.8210602,
          -33.703733
        ]
      },
      "id": "node/10091627108"
    },
    {
      "type": "Feature",
      "properties": {
        "@id": "node/10173026831",
        "access": "yes",
        "leisure": "playground",
        "surface": "unpaved"
      },
      "geometry": {
        "type": "Point",
        "coordinates": [
          150.9089025,
          -33.7268831
        ]
      },
      "id": "node/10173026831"
    },
    {
      "type": "Feature",
      "properties": {
        "@id": "node/10253016323",
        "access": "yes",
        "leisure": "playground",
        "name": "Mungerie Playground"
      },
      "geometry": {
        "type": "Point",
        "coordinates": [
          150.9284036,
          -33.6949691
        ]
      },
      "id": "node/10253016323"
    },
    {
      "type": "Feature",
      "properties": {
        "@id": "node/10968498962",
        "leisure": "playground"
      },
      "geometry": {
        "type": "Point",
        "coordinates": [
          150.9521412,
          -33.7387388
        ]
      },
      "id": "node/10968498962"
    },
    {
      "type": "Feature",
      "properties": {
        "@id": "node/10976235895",
        "leisure": "playground"
      },
      "geometry": {
        "type": "Point",
        "coordinates": [
          150.8241251,
          -33.7006483
        ]
      },
      "id": "node/10976235895"
    },
    {
      "type": "Feature",
      "properties": {
        "@id": "node/11147662640",
        "fixme": "Change node into a way boundary",
        "leisure": "park",
        "name": "Yiraaldiya National Park",
        "old_name": "Shanes Park",
        "website": "https://www.environment.nsw.gov.au/topics/parks-reserves-and-protected-areas/park-management/return-of-threatened-and-declining-species/yiraaldiya-national-park-feral-predator-free-area"
      },
      "geometry": {
        "type": "Point",
        "coordinates": [
          150.7911722,
          -33.7113321
        ]
      },
      "id": "node/11147662640"
    },
    {
      "type": "Feature",
      "properties": {
        "@id": "node/11378846539",
        "access": "permissive",
        "leisure": "playground"
      },
      "geometry": {
        "type": "Point",
        "coordinates": [
          150.9251429,
          -33.6913775
        ]
      },
      "id": "node/11378846539"
    },
    {
      "type": "Feature",
      "properties": {
        "@id": "node/11509968586",
        "leisure": "playground"
      },
      "geometry": {
        "type": "Point",
        "coordinates": [
          150.8197931,
          -33.7049951
        ]
      },
      "id": "node/11509968586"
    },
    {
      "type": "Feature",
      "properties": {
        "@id": "node/11684525255",
        "access": "yes",
        "leisure": "playground"
      },
      "geometry": {
        "type": "Point",
        "coordinates": [
          150.9542008,
          -33.6851783
        ]
      },
      "id": "node/11684525255"
    },
    {
      "type": "Feature",
      "properties": {
        "@id": "node/12110501875",
        "leisure": "playground"
      },
      "geometry": {
        "type": "Point",
        "coordinates": [
          150.9049009,
          -33.6425852
        ]
      },
      "id": "node/12110501875"
    },
    {
      "type": "Feature",
      "properties": {
        "@id": "node/12152773225",
        "access": "yes",
        "leisure": "playground"
      },
      "geometry": {
        "type": "Point",
        "coordinates": [
          150.9060375,
          -33.6926466
        ]
      },
      "id": "node/12152773225"
    },
    {
      "type": "Feature",
      "properties": {
        "@id": "node/12361478317",
        "addr:housenumber": "123",
        "addr:unit": "15",
        "leisure": "park",
        "name": "park v",
        "operator": "b"
      },
      "geometry": {
        "type": "Point",
        "coordinates": [
          150.9334997,
          -33.7444046
        ]
      },
      "id": "node/12361478317"
    },
    {
      "type": "Feature",
      "properties": {
        "@id": "node/12681089382",
        "indoor": "yes",
        "leisure": "playground",
        "level": "0"
      },
      "geometry": {
        "type": "Point",
        "coordinates": [
          150.9200243,
          -33.7196968
        ]
      },
      "id": "node/12681089382"
    },
    {
      "type": "Feature",
      "properties": {
        "@id": "node/12681089383",
        "access": "yes",
        "indoor": "yes",
        "leisure": "playground",
        "level": "0"
      },
      "geometry": {
        "type": "Point",
        "coordinates": [
          150.919596,
          -33.7195202
        ]
      },
      "id": "node/12681089383"
    },
    {
      "type": "Feature",
      "properties": {
        "@id": "node/12690339493",
        "indoor": "yes",
        "leisure": "playground",
        "level": "0"
      },
      "geometry": {
        "type": "Point",
        "coordinates": [
          150.9196658,
          -33.7187221
        ]
      },
      "id": "node/12690339493"
    },
    {
      "type": "Feature",
      "properties": {
        "@id": "node/13099832263",
        "leisure": "playground"
      },
      "geometry": {
        "type": "Point",
        "coordinates": [
          150.8190641,
          -33.6967873
        ]
      },
      "id": "node/13099832263"
    },
    {
      "type": "Feature",
      "properties": {
        "@id": "node/13595477427",
        "leisure": "playground"
      },
      "geometry": {
        "type": "Point",
        "coordinates": [
          150.9252741,
          -33.7053156
        ]
      },
      "id": "node/13595477427"
    },
    {
      "type": "Feature",
      "properties": {
        "@id": "node/13595477428",
        "leisure": "playground"
      },
      "geometry": {
        "type": "Point",
        "coordinates": [
          150.9261166,
          -33.7056768
        ]
      },
      "id": "node/13595477428"
    }
  ]
}