{"type": "FeatureCollection", "name": "NPWS_FacilityPoint_Greater_Sydney", "features": [{"type": "Feature", "properties": {"ModifiedDa": "2023-11-29", "SAPEquipID": 0, "AssetName": "Shelter - Burralow Ck CA interps", "d_SubtypeC": "Shelter", "d_AssetTyp": "Display", "d_AssetMat": "Timber Post, Steel Roof Struct", "d_Branch": "Blue Mountains", "d_LGA": "Hawkesbury", "Comments": "Burralow Creek Campground Interps Shelter", "Easting": 277538.82, "Northing": 6284436.77, "Latitude": "33\u00c2\u00b0 33.394' S", "Longitude": "150\u00c2\u00b0 36.222' E", "VERDATE": "2025-12-05"}, "geometry": {"coordinates": [150.60370627800012, -33.556567863999874, 0.0], "type": "Point", "geometries": null}}, {"type": "Feature", "properties": {"ModifiedDa": "2022-03-04", "SAPEquipID": 0, "AssetName": "Shelter - camp kitchen - heartbreak hill", "d_SubtypeC": "Shelter", "d_AssetTyp": "Camp Kitchen", "d_AssetMat": "Timber Post, Steel Roof Struct", "d_Branch": "Blue Mountains", "d_LGA": "Hawkesbury", "Comments": null, "Easting": 304139.95, "Northing": 6316695.85, "Latitude": "33\u00c2\u00b0 16.261' S", "Longitude": "150\u00c2\u00b0 53.825' E", "VERDATE": "2025-12-05"}, "geometry": {"coordinates": [150.8970889999996, -33.27100993999983, 0.0], "type": "Point", "geometries": null}}, {"type": "Feature", "properties": {"ModifiedDa": "2022-05-11", "SAPEquipID": 0, "AssetName": "Shelter - Display - mill picnic", "d_SubtypeC": "Shelter", "d_AssetTyp": "Display", "d_AssetMat": "Timber Post, Steel Roof Struct", "d_Branch": "Blue Mountains", "d_LGA": "Central Coast", "Comments": null, "Easting": 318449.54, "Northing": 6302571.01, "Latitude": "33\u00c2\u00b0 24.051' S", "Longitude": "151\u00c2\u00b0 2.869' E", "VERDATE": "2025-12-05"}, "geometry": {"coordinates": [151.0478084333331, -33.40084383999982, 0.0], "type": "Point", "geometries": null}}, {"type": "Feature", "properties": {"ModifiedDa": "2022-05-11", "SAPEquipID": 0, "AssetName": "Shelter - Display bucketty wall", "d_SubtypeC": "Shelter", "d_AssetTyp": "Display", "d_AssetMat": "Timber Post, Steel Roof Struct", "d_Branch": "Blue Mountains", "d_LGA": "Hawkesbury", "Comments": "MOU Convict Trail Committee Display Shelter Bucketty Wall Picnic Area", "Easting": 325861.09, "Northing": 6334915.9, "Latitude": "33\u00c2\u00b0 6.629' S", "Longitude": "151\u00c2\u00b0 8.021' E", "VERDATE": "2025-12-05"}, "geometry": {"coordinates": [151.13367833333314, -33.11047666666644, 0.0], "type": "Point", "geometries": null}}, {"type": "Feature", "properties": {"ModifiedDa": "2022-03-04", "SAPEquipID": 0, "AssetName": "Shelter - entrance display", "d_SubtypeC": "Shelter", "d_AssetTyp": "Display", "d_AssetMat": "Timber Post and Roof Structure", "d_Branch": "Blue Mountains", "d_LGA": "Hawkesbury", "Comments": "interpretation shelter mogo", "Easting": 321993.2, "Northing": 6331040.81, "Latitude": "33\u00c2\u00b0 8.687' S", "Longitude": "151\u00c2\u00b0 5.489' E", "VERDATE": "2025-12-05"}, "geometry": {"coordinates": [151.09148827999968, -33.14478371999974, 0.0], "type": "Point", "geometries": null}}, {"type": "Feature", "properties": {"ModifiedDa": "2024-01-04", "SAPEquipID": 0, "AssetName": "Shelter - fuel interpretation", "d_SubtypeC": "Shelter", "d_AssetTyp": "Display", "d_AssetMat": "Timber Post and Roof Structure", "d_Branch": "Blue Mountains", "d_LGA": "Central Coast", "Comments": "Interpretation Shelter 4 display areas ?", "Easting": 317998.27, "Northing": 6302553.9, "Latitude": "33\u00c2\u00b0 24.055' S", "Longitude": "151\u00c2\u00b0 2.577' E", "VERDATE": "2025-12-05"}, "geometry": {"coordinates": [151.04295499999967, -33.400921666666534, 0.0], "type": "Point", "geometries": null}}, {"type": "Feature", "properties": {"ModifiedDa": "2022-03-04", "SAPEquipID": 0, "AssetName": "Shelter - mogo camp kitchen", "d_SubtypeC": "Shelter", "d_AssetTyp": "Camp Kitchen", "d_AssetMat": "Timber Post and Roof Structure", "d_Branch": "Blue Mountains", "d_LGA": "Hawkesbury", "Comments": "camp kitchen", "Easting": 321989.84, "Northing": 6330975.74, "Latitude": "33\u00c2\u00b0 8.722' S", "Longitude": "151\u00c2\u00b0 5.486' E", "VERDATE": "2025-12-05"}, "geometry": {"coordinates": [151.09143949999975, -33.145369719999906, 0.0], "type": "Point", "geometries": null}}, {"type": "Feature", "properties": {"ModifiedDa": "2024-01-04", "SAPEquipID": 0, "AssetName": "Shelter - over BBQ", "d_SubtypeC": "Shelter", "d_AssetTyp": "BBQ", "d_AssetMat": "Timber Post and Roof Structure", "d_Branch": "Blue Mountains", "d_LGA": "Central Coast", "Comments": null, "Easting": 318069.0, "Northing": 6302508.44, "Latitude": "33\u00c2\u00b0 24.081' S", "Longitude": "151\u00c2\u00b0 2.622' E", "VERDATE": "2025-12-05"}, "geometry": {"coordinates": [151.04370594666648, -33.40134349999977, 0.0], "type": "Point", "geometries": null}}, {"type": "Feature", "properties": {"ModifiedDa": "2022-03-04", "SAPEquipID": 0, "AssetName": "Shelter - Colo Meroo CA", "d_SubtypeC": "Shelter", "d_AssetTyp": "Picnic", "d_AssetMat": "Timber Post, Steel Roof Struct", "d_Branch": "Blue Mountains", "d_LGA": "Hawkesbury", "Comments": null, "Easting": 285404.14, "Northing": 6303758.71, "Latitude": "33\u00c2\u00b0 23.043' S", "Longitude": "150\u00c2\u00b0 41.579' E", "VERDATE": "2025-12-05"}, "geometry": {"coordinates": [150.6929894466673, -33.38404255333319, 0.0], "type": "Point", "geometries": null}}, {"type": "Feature", "properties": {"ModifiedDa": "2022-03-04", "SAPEquipID": 0, "AssetName": "Shelter - Wheeny Ck CA", "d_SubtypeC": "Shelter", "d_AssetTyp": "Display", "d_AssetMat": "Steel Post and Roof Structure", "d_Branch": "Blue Mountains", "d_LGA": "Hawkesbury", "Comments": null, "Easting": 288316.39, "Northing": 6295766.98, "Latitude": "33\u00c2\u00b0 27.399' S", "Longitude": "150\u00c2\u00b0 43.344' E", "VERDATE": "2025-12-05"}, "geometry": {"coordinates": [150.72239511333362, -33.45664694666647, 0.0], "type": "Point", "geometries": null}}, {"type": "Feature", "properties": {"ModifiedDa": "2022-03-04", "SAPEquipID": 0, "AssetName": "Shelter - Putty Road", "d_SubtypeC": "Shelter", "d_AssetTyp": "Other", "d_AssetMat": "Timber Post and Roof Structure", "d_Branch": "Blue Mountains", "d_LGA": "Hawkesbury", "Comments": null, "Easting": 298277.01, "Northing": 6299097.71, "Latitude": "33\u00c2\u00b0 25.713' S", "Longitude": "150\u00c2\u00b0 49.815' E", "VERDATE": "2025-12-05"}, "geometry": {"coordinates": [150.83024544666682, -33.42854838666648, 0.0], "type": "Point", "geometries": null}}, {"type": "Feature", "properties": {"ModifiedDa": "2022-03-04", "SAPEquipID": 0, "AssetName": "Shelter - Euroka Day Use Area", "d_SubtypeC": "Shelter", "d_AssetTyp": "Display", "d_AssetMat": "Timber Post, Steel Roof Struct", "d_Branch": "Blue Mountains", "d_LGA": "Blue Mountains", "Comments": "Info bay", "Easting": 279357.73, "Northing": 6257685.41, "Latitude": "33\u00c2\u00b0 47.881' S", "Longitude": "150\u00c2\u00b0 36.998' E", "VERDATE": "2025-12-05"}, "geometry": {"coordinates": [150.6166386666673, -33.79801766666657, 0.0], "type": "Point", "geometries": null}}, {"type": "Feature", "properties": {"ModifiedDa": "2023-04-03", "SAPEquipID": 0, "AssetName": "Shelter - Euroka Info Bay", "d_SubtypeC": "Shelter", "d_AssetTyp": "Display", "d_AssetMat": "Steel Post and Roof Structure", "d_Branch": "Blue Mountains", "d_LGA": "Blue Mountains", "Comments": "steel roof concrete base", "Easting": 279403.38, "Northing": 6257573.02, "Latitude": "33\u00c2\u00b0 47.942' S", "Longitude": "150\u00c2\u00b0 37.026' E", "VERDATE": "2025-12-05"}, "geometry": {"coordinates": [150.61710333333338, -33.799039999999934, 0.0], "type": "Point", "geometries": null}}, {"type": "Feature", "properties": {"ModifiedDa": "2023-07-24", "SAPEquipID": 0, "AssetName": "Shelter - Picnic - Mill Creek", "d_SubtypeC": "Shelter", "d_AssetTyp": "Picnic", "d_AssetMat": "Timber Post, Steel Roof Struct", "d_Branch": "Blue Mountains", "d_LGA": "Central Coast", "Comments": null, "Easting": 318434.62, "Northing": 6302605.07, "Latitude": "33\u00c2\u00b0 24.032' S", "Longitude": "151\u00c2\u00b0 2.859' E", "VERDATE": "2025-12-05"}, "geometry": {"coordinates": [151.04765494126787, -33.40053431931642, 0.0], "type": "Point", "geometries": null}}, {"type": "Feature", "properties": {"ModifiedDa": "2023-04-03", "SAPEquipID": 0, "AssetName": "Shelter picnic table", "d_SubtypeC": "Shelter", "d_AssetTyp": "Picnic", "d_AssetMat": "Timber Post, Steel Roof Struct", "d_Branch": "Blue Mountains", "d_LGA": "Hawkesbury", "Comments": null, "Easting": 321965.3, "Northing": 6331019.45, "Latitude": "33\u00c2\u00b0 8.698' S", "Longitude": "151\u00c2\u00b0 5.471' E", "VERDATE": "2025-12-05"}, "geometry": {"coordinates": [151.09118507333687, -33.14497167233691, 0.0], "type": "Point", "geometries": null}}, {"type": "Feature", "properties": {"ModifiedDa": "2024-01-04", "SAPEquipID": 0, "AssetName": "Shelter over water tank", "d_SubtypeC": "Shelter", "d_AssetTyp": "Other", "d_AssetMat": "Steel Post and Roof Structure", "d_Branch": "Blue Mountains", "d_LGA": "Central Coast", "Comments": "<Null>", "Easting": 318072.04, "Northing": 6302493.42, "Latitude": "33\u00c2\u00b0 24.089' S", "Longitude": "151\u00c2\u00b0 2.624' E", "VERDATE": "2025-12-05"}, "geometry": {"coordinates": [151.04373553399432, -33.40147937876924, 0.0], "type": "Point", "geometries": null}}, {"type": "Feature", "properties": {"ModifiedDa": "2024-01-04", "SAPEquipID": 0, "AssetName": "Shed - BBQ shelter", "d_SubtypeC": "Shelter", "d_AssetTyp": "BBQ", "d_AssetMat": "Timber Post, Steel Roof Struct", "d_Branch": "Blue Mountains", "d_LGA": "Central Coast", "Comments": null, "Easting": 318066.66, "Northing": 6302510.58, "Latitude": "33\u00c2\u00b0 24.079' S", "Longitude": "151\u00c2\u00b0 2.621' E", "VERDATE": "2025-12-05"}, "geometry": {"coordinates": [151.04368128228327, -33.40132376201956, 0.0], "type": "Point", "geometries": null}}, {"type": "Feature", "properties": {"ModifiedDa": "2024-05-16", "SAPEquipID": 0, "AssetName": "Shelter - Shaws Creek PA", "d_SubtypeC": "Shelter", "d_AssetTyp": "Picnic", "d_AssetMat": "Steel Post and Roof Structure", "d_Branch": "Blue Mountains", "d_LGA": "Hawkesbury", "Comments": "15m x 6m 2x picnic table", "Easting": 283198.22, "Northing": 6272908.66, "Latitude": "33\u00c2\u00b0 39.697' S", "Longitude": "150\u00c2\u00b0 39.709' E", "VERDATE": "2025-12-05"}, "geometry": {"coordinates": [150.66181847965413, -33.661623567131414, 0.0], "type": "Point", "geometries": null}}, {"type": "Feature", "properties": {"ModifiedDa": "2023-08-03", "SAPEquipID": 0, "AssetName": "Shelter - Waratah Garden DAU display", "d_SubtypeC": "Shelter", "d_AssetTyp": "Display", "d_AssetMat": "Timber Post, Steel Roof Struct", "d_Branch": "Blue Mountains", "d_LGA": "Hawkesbury", "Comments": "Waratah DUA Interps Shelter", "Easting": 265009.73, "Northing": 6286622.0, "Latitude": "33\u00c2\u00b0 32.052' S", "Longitude": "150\u00c2\u00b0 28.166' E", "VERDATE": "2025-12-05"}, "geometry": {"coordinates": [150.46943237459527, -33.53419216378052, 0.0], "type": "Point", "geometries": null}}, {"type": "Feature", "properties": {"ModifiedDa": "2023-09-08", "SAPEquipID": 0, "AssetName": "Shelter - Burragorang lge Picnic - 02", "d_SubtypeC": "Shelter", "d_AssetTyp": "Picnic", "d_AssetMat": "Steel Post and Roof Structure", "d_Branch": "Blue Mountains", "d_LGA": "Wollondilly", "Comments": null, "Easting": 263297.1, "Northing": 6227249.77, "Latitude": "34\u00c2\u00b0 4.126' S", "Longitude": "150\u00c2\u00b0 26.105' E", "VERDATE": "2025-12-05"}, "geometry": {"coordinates": [150.43508572200017, -34.06876985499997, 0.0], "type": "Point", "geometries": null}}, {"type": "Feature", "properties": {"ModifiedDa": "2023-09-08", "SAPEquipID": 0, "AssetName": "Shelter - Burragorang Picnic - 01", "d_SubtypeC": "Shelter", "d_AssetTyp": "Picnic", "d_AssetMat": "Steel Post and Roof Structure", "d_Branch": "Blue Mountains", "d_LGA": "Wollondilly", "Comments": null, "Easting": 263192.91, "Northing": 6227224.18, "Latitude": "34\u00c2\u00b0 4.139' S", "Longitude": "150\u00c2\u00b0 26.037' E", "VERDATE": "2025-12-05"}, "geometry": {"coordinates": [150.4339507190001, -34.068976867999936, 0.0], "type": "Point", "geometries": null}}, {"type": "Feature", "properties": {"ModifiedDa": "2023-09-08", "SAPEquipID": 0, "AssetName": "Shelter - Miners Memorial", "d_SubtypeC": "Shelter", "d_AssetTyp": "Other", "d_AssetMat": "Other", "d_Branch": "Blue Mountains", "d_LGA": "Wollondilly", "Comments": "shelter over memorial - concrete", "Easting": 263167.85, "Northing": 6227271.57, "Latitude": "34\u00c2\u00b0 4.113' S", "Longitude": "150\u00c2\u00b0 26.022' E", "VERDATE": "2025-12-05"}, "geometry": {"coordinates": [150.4336923730002, -34.06854424399995, 0.0], "type": "Point", "geometries": null}}, {"type": "Feature", "properties": {"ModifiedDa": "2024-05-13", "SAPEquipID": 0, "AssetName": "Shelter - Burragorang Lookout", "d_SubtypeC": "Shelter", "d_AssetTyp": "BBQ", "d_AssetMat": "Timber Post, Steel Roof Struct", "d_Branch": "Blue Mountains", "d_LGA": "Wollondilly", "Comments": null, "Easting": 263200.56, "Northing": 6227268.01, "Latitude": "34\u00c2\u00b0 4.115' S", "Longitude": "150\u00c2\u00b0 26.043' E", "VERDATE": "2025-12-05"}, "geometry": {"coordinates": [150.43404547400007, -34.06858367799998, 0.0], "type": "Point", "geometries": null}}, {"type": "Feature", "properties": {"ModifiedDa": "2024-05-13", "SAPEquipID": 0, "AssetName": "Shelter - Burragorang Lookout", "d_SubtypeC": "Shelter", "d_AssetTyp": "BBQ", "d_AssetMat": "Timber Post, Steel Roof Struct", "d_Branch": "Blue Mountains", "d_LGA": "Wollondilly", "Comments": null, "Easting": 263282.89, "Northing": 6227247.98, "Latitude": "34\u00c2\u00b0 4.127' S", "Longitude": "150\u00c2\u00b0 26.096' E", "VERDATE": "2025-12-05"}, "geometry": {"coordinates": [150.43493138700023, -34.068782760999966, 0.0], "type": "Point", "geometries": null}}, {"type": "Feature", "properties": {"ModifiedDa": "2024-12-05", "SAPEquipID": 0, "AssetName": "Shelter - The Oaks PA - Large Gable", "d_SubtypeC": "Shelter", "d_AssetTyp": "Picnic", "d_AssetMat": "Steel Post and Roof Structure", "d_Branch": "Blue Mountains", "d_LGA": "Blue Mountains", "Comments": "1418836", "Easting": 274676.61, "Northing": 6256097.11, "Latitude": "33\u00c2\u00b0 48.681' S", "Longitude": "150\u00c2\u00b0 33.942' E", "VERDATE": "2025-12-05"}, "geometry": {"coordinates": [150.5657075771269, -33.81134297106826, 0.0], "type": "Point", "geometries": null}}, {"type": "Feature", "properties": {"ModifiedDa": "2016-04-21", "SAPEquipID": 0, "AssetName": "Shelter - Picnic Shelter", "d_SubtypeC": "Shelter", "d_AssetTyp": "Other", "d_AssetMat": "Other", "d_Branch": "Greater Sydney", "d_LGA": "Ryde", "Comments": "Added to FP list from Buildings on request from AMS team", "Easting": 328928.52, "Northing": 6259467.0, "Latitude": "33\u00c2\u00b0 47.468' S", "Longitude": "151\u00c2\u00b0 9.13' E", "VERDATE": "2025-12-05"}, "geometry": {"coordinates": [151.15216483333325, -33.79114049999896, 0.0], "type": "Point", "geometries": null}}, {"type": "Feature", "properties": {"ModifiedDa": "2016-04-06", "SAPEquipID": 0, "AssetName": "Shelter - Picnic", "d_SubtypeC": "Shelter", "d_AssetTyp": "Picnic", "d_AssetMat": "Steel Post and Roof Structure", "d_Branch": "Greater Sydney", "d_LGA": "Ku-Ring-Gai", "Comments": null, "Easting": 328815.32, "Northing": 6259383.07, "Latitude": "33\u00c2\u00b0 47.513' S", "Longitude": "151\u00c2\u00b0 9.056' E", "VERDATE": "2025-12-05"}, "geometry": {"coordinates": [151.1509263866668, -33.791878719999374, 0.0], "type": "Point", "geometries": null}}, {"type": "Feature", "properties": {"ModifiedDa": "2016-04-06", "SAPEquipID": 0, "AssetName": "Shelter - Picnic - 01", "d_SubtypeC": "Shelter", "d_AssetTyp": "Picnic", "d_AssetMat": "Other", "d_Branch": "Greater Sydney", "d_LGA": "Ryde", "Comments": null, "Easting": 328381.96, "Northing": 6259590.97, "Latitude": "33\u00c2\u00b0 47.396' S", "Longitude": "151\u00c2\u00b0 8.777' E", "VERDATE": "2025-12-05"}, "geometry": {"coordinates": [151.14628794666703, -33.789934386666005, 0.0], "type": "Point", "geometries": null}}, {"type": "Feature", "properties": {"ModifiedDa": "2016-04-06", "SAPEquipID": 0, "AssetName": "Shelter - Picnic - 02", "d_SubtypeC": "Shelter", "d_AssetTyp": "Picnic", "d_AssetMat": "Other", "d_Branch": "Greater Sydney", "d_LGA": "Ryde", "Comments": null, "Easting": 328374.67, "Northing": 6259561.11, "Latitude": "33\u00c2\u00b0 47.412' S", "Longitude": "151\u00c2\u00b0 8.772' E", "VERDATE": "2025-12-05"}, "geometry": {"coordinates": [151.14620338666646, -33.79020238666607, 0.0], "type": "Point", "geometries": null}}, {"type": "Feature", "properties": {"ModifiedDa": "2016-04-06", "SAPEquipID": 0, "AssetName": "Shelter - Shade Sail", "d_SubtypeC": "Shelter", "d_AssetTyp": "Other", "d_AssetMat": "Other", "d_Branch": "Greater Sydney", "d_LGA": "Ku-Ring-Gai", "Comments": "SHADE SAIL FOR PLAYGROUND", "Easting": 329192.01, "Northing": 6259538.22, "Latitude": "33\u00c2\u00b0 47.432' S", "Longitude": "151\u00c2\u00b0 9.301' E", "VERDATE": "2025-12-05"}, "geometry": {"coordinates": [151.1550233866667, -33.79054105333279, 0.0], "type": "Point", "geometries": null}}, {"type": "Feature", "properties": {"ModifiedDa": "2016-04-06", "SAPEquipID": 0, "AssetName": "Shelter - Display", "d_SubtypeC": "Shelter", "d_AssetTyp": "Display", "d_AssetMat": "Steel Post and Roof Structure", "d_Branch": "Greater Sydney", "d_LGA": "Ryde", "Comments": "interps shelter 2x panels", "Easting": 327624.32, "Northing": 6260907.46, "Latitude": "33\u00c2\u00b0 46.677' S", "Longitude": "151\u00c2\u00b0 8.302' E", "VERDATE": "2025-12-05"}, "geometry": {"coordinates": [151.13836505333313, -33.777943719999314, 0.0], "type": "Point", "geometries": null}}, {"type": "Feature", "properties": {"ModifiedDa": "2016-04-06", "SAPEquipID": 0, "AssetName": "Shelter - Picnic", "d_SubtypeC": "Shelter", "d_AssetTyp": "Picnic", "d_AssetMat": "Steel Post and Roof Structure", "d_Branch": "Greater Sydney", "d_LGA": "Ryde", "Comments": "2 fixed tables and 4 fixed bench", "Easting": 328410.94, "Northing": 6259705.21, "Latitude": "33\u00c2\u00b0 47.335' S", "Longitude": "151\u00c2\u00b0 8.797' E", "VERDATE": "2025-12-05"}, "geometry": {"coordinates": [151.14662294666653, -33.788909279999245, 0.0], "type": "Point", "geometries": null}}, {"type": "Feature", "properties": {"ModifiedDa": "2016-04-06", "SAPEquipID": 0, "AssetName": "Shelter - Picnic", "d_SubtypeC": "Shelter", "d_AssetTyp": "Picnic", "d_AssetMat": "Timber Post, Steel Roof Struct", "d_Branch": "Greater Sydney", "d_LGA": "Ryde", "Comments": null, "Easting": 329255.79, "Northing": 6259395.56, "Latitude": "33\u00c2\u00b0 47.51' S", "Longitude": "151\u00c2\u00b0 9.341' E", "VERDATE": "2025-12-05"}, "geometry": {"coordinates": [151.15568444666667, -33.79183733333275, 0.0], "type": "Point", "geometries": null}}, {"type": "Feature", "properties": {"ModifiedDa": "2016-04-06", "SAPEquipID": 0, "AssetName": "Shelter - BBQ", "d_SubtypeC": "Shelter", "d_AssetTyp": "BBQ", "d_AssetMat": "Timber Post, Steel Roof Struct", "d_Branch": "Greater Sydney", "d_LGA": "Ryde", "Comments": null, "Easting": 327396.52, "Northing": 6260624.82, "Latitude": "33\u00c2\u00b0 46.827' S", "Longitude": "151\u00c2\u00b0 8.151' E", "VERDATE": "2025-12-05"}, "geometry": {"coordinates": [151.13585071999978, -33.78045444666617, 0.0], "type": "Point", "geometries": null}}, {"type": "Feature", "properties": {"ModifiedDa": "2016-04-06", "SAPEquipID": 0, "AssetName": "Shelter - Picnic Large", "d_SubtypeC": "Shelter", "d_AssetTyp": "Picnic", "d_AssetMat": "Timber Post, Steel Roof Struct", "d_Branch": "Greater Sydney", "d_LGA": "Ryde", "Comments": "TWO TABLES IN SHELTER", "Easting": 329304.23, "Northing": 6259379.16, "Latitude": "33\u00c2\u00b0 47.52' S", "Longitude": "151\u00c2\u00b0 9.372' E", "VERDATE": "2025-12-05"}, "geometry": {"coordinates": [151.15620421999984, -33.79199299999931, 0.0], "type": "Point", "geometries": null}}, {"type": "Feature", "properties": {"ModifiedDa": "2016-04-06", "SAPEquipID": 0, "AssetName": "Shelter - Picnic Small", "d_SubtypeC": "Shelter", "d_AssetTyp": "Picnic", "d_AssetMat": "Timber Post, Steel Roof Struct", "d_Branch": "Greater Sydney", "d_LGA": "Ryde", "Comments": "ONE PICNIC TABLE IN SHELTER", "Easting": 329324.48, "Northing": 6259362.88, "Latitude": "33\u00c2\u00b0 47.529' S", "Longitude": "151\u00c2\u00b0 9.385' E", "VERDATE": "2025-12-05"}, "geometry": {"coordinates": [151.15641971999992, -33.79214305333272, 0.0], "type": "Point", "geometries": null}}, {"type": "Feature", "properties": {"ModifiedDa": "2016-04-06", "SAPEquipID": 0, "AssetName": "Shelter - Picnic Standard", "d_SubtypeC": "Shelter", "d_AssetTyp": "Picnic", "d_AssetMat": "Timber Post, Steel Roof Struct", "d_Branch": "Greater Sydney", "d_LGA": "Ryde", "Comments": "TWO PICNIC TABLE IN SHELTER", "Easting": 329327.65, "Northing": 6259339.86, "Latitude": "33\u00c2\u00b0 47.541' S", "Longitude": "151\u00c2\u00b0 9.387' E", "VERDATE": "2025-12-05"}, "geometry": {"coordinates": [151.15644944666656, -33.79235105333271, 0.0], "type": "Point", "geometries": null}}, {"type": "Feature", "properties": {"ModifiedDa": "2016-04-06", "SAPEquipID": 0, "AssetName": "Shelter - Picnic", "d_SubtypeC": "Shelter", "d_AssetTyp": "Picnic", "d_AssetMat": "Timber Post, Steel Roof Struct", "d_Branch": "Greater Sydney", "d_LGA": "Ku-Ring-Gai", "Comments": "1 TABLE AND 2 SEATS", "Easting": 328493.35, "Northing": 6259486.92, "Latitude": "33\u00c2\u00b0 47.453' S", "Longitude": "151\u00c2\u00b0 8.848' E", "VERDATE": "2025-12-05"}, "geometry": {"coordinates": [151.14747028, -33.79089038666615, 0.0], "type": "Point", "geometries": null}}, {"type": "Feature", "properties": {"ModifiedDa": "2016-04-06", "SAPEquipID": 0, "AssetName": "Shelter - Display", "d_SubtypeC": "Shelter", "d_AssetTyp": "Display", "d_AssetMat": "Steel Post and Roof Structure", "d_Branch": "Greater Sydney", "d_LGA": "Ku-Ring-Gai", "Comments": null, "Easting": 328259.02, "Northing": 6260304.08, "Latitude": "33\u00c2\u00b0 47.009' S", "Longitude": "151\u00c2\u00b0 8.706' E", "VERDATE": "2025-12-05"}, "geometry": {"coordinates": [151.1450992800003, -33.78348611333257, 0.0], "type": "Point", "geometries": null}}, {"type": "Feature", "properties": {"ModifiedDa": "2016-04-06", "SAPEquipID": 0, "AssetName": "Shelter - BBQ Shelter", "d_SubtypeC": "Shelter", "d_AssetTyp": "BBQ", "d_AssetMat": "Timber Post, Steel Roof Struct", "d_Branch": "Greater Sydney", "d_LGA": "Ku-Ring-Gai", "Comments": null, "Easting": 329261.64, "Northing": 6259558.24, "Latitude": "33\u00c2\u00b0 47.422' S", "Longitude": "151\u00c2\u00b0 9.347' E", "VERDATE": "2025-12-05"}, "geometry": {"coordinates": [151.15577899999982, -33.790371779999475, 0.0], "type": "Point", "geometries": null}}, {"type": "Feature", "properties": {"ModifiedDa": "2016-04-06", "SAPEquipID": 0, "AssetName": "Shelter - BBQ", "d_SubtypeC": "Shelter", "d_AssetTyp": "BBQ", "d_AssetMat": "Timber Post, Steel Roof Struct", "d_Branch": "Greater Sydney", "d_LGA": "Ku-Ring-Gai", "Comments": null, "Easting": 329277.08, "Northing": 6259502.25, "Latitude": "33\u00c2\u00b0 47.453' S", "Longitude": "151\u00c2\u00b0 9.356' E", "VERDATE": "2025-12-05"}, "geometry": {"coordinates": [151.1559348866666, -33.790879053332674, 0.0], "type": "Point", "geometries": null}}, {"type": "Feature", "properties": {"ModifiedDa": "2016-04-06", "SAPEquipID": 0, "AssetName": "Shelter - Display - 01", "d_SubtypeC": "Shelter", "d_AssetTyp": "Display", "d_AssetMat": "Timber Post and Roof Structure", "d_Branch": "Greater Sydney", "d_LGA": "Hornsby", "Comments": null, "Easting": 328411.25, "Northing": 6273442.95, "Latitude": "33\u00c2\u00b0 39.904' S", "Longitude": "151\u00c2\u00b0 8.957' E", "VERDATE": "2025-12-05"}, "geometry": {"coordinates": [151.1492873333334, -33.665069166666626, 0.0], "type": "Point", "geometries": null}}, {"type": "Feature", "properties": {"ModifiedDa": "2016-04-06", "SAPEquipID": 0, "AssetName": "Shelter - Display - 02", "d_SubtypeC": "Shelter", "d_AssetTyp": "Display", "d_AssetMat": "Timber Post and Roof Structure", "d_Branch": "Greater Sydney", "d_LGA": "Hornsby", "Comments": null, "Easting": 328408.96, "Northing": 6273454.63, "Latitude": "33\u00c2\u00b0 39.898' S", "Longitude": "151\u00c2\u00b0 8.956' E", "VERDATE": "2025-12-05"}, "geometry": {"coordinates": [151.1492648333342, -33.66496349999983, 0.0], "type": "Point", "geometries": null}}, {"type": "Feature", "properties": {"ModifiedDa": "2016-04-06", "SAPEquipID": 0, "AssetName": "Shelter - Display", "d_SubtypeC": "Shelter", "d_AssetTyp": "Display", "d_AssetMat": "Timber Post and Roof Structure", "d_Branch": "Greater Sydney", "d_LGA": "Hornsby", "Comments": null, "Easting": 328947.91, "Northing": 6274917.44, "Latitude": "33\u00c2\u00b0 39.112' S", "Longitude": "151\u00c2\u00b0 9.321' E", "VERDATE": "2025-12-05"}, "geometry": {"coordinates": [151.15535666666744, -33.651863613333205, 0.0], "type": "Point", "geometries": null}}, {"type": "Feature", "properties": {"ModifiedDa": "2016-04-06", "SAPEquipID": 0, "AssetName": "Shelter - The Station", "d_SubtypeC": "Shelter", "d_AssetTyp": "Picnic", "d_AssetMat": "Other", "d_Branch": "Greater Sydney", "d_LGA": "Hornsby", "Comments": "The Station Shelter", "Easting": 329239.65, "Northing": 6273929.52, "Latitude": "33\u00c2\u00b0 39.649' S", "Longitude": "151\u00c2\u00b0 9.499' E", "VERDATE": "2025-12-05"}, "geometry": {"coordinates": [151.15831161333347, -33.66081633333329, 0.0], "type": "Point", "geometries": null}}, {"type": "Feature", "properties": {"ModifiedDa": "2016-04-06", "SAPEquipID": 0, "AssetName": "Shelter - EEC - 02", "d_SubtypeC": "Shelter", "d_AssetTyp": "Picnic", "d_AssetMat": "Timber Post and Roof Structure", "d_Branch": "Greater Sydney", "d_LGA": "Hornsby", "Comments": null, "Easting": 329284.79, "Northing": 6273997.58, "Latitude": "33\u00c2\u00b0 39.613' S", "Longitude": "151\u00c2\u00b0 9.529' E", "VERDATE": "2025-12-05"}, "geometry": {"coordinates": [151.15881133333392, -33.66020999999989, 0.0], "type": "Point", "geometries": null}}, {"type": "Feature", "properties": {"ModifiedDa": "2016-04-06", "SAPEquipID": 0, "AssetName": "Shelter - EEC - 03", "d_SubtypeC": "Shelter", "d_AssetTyp": "Picnic", "d_AssetMat": "Timber Post and Roof Structure", "d_Branch": "Greater Sydney", "d_LGA": "Hornsby", "Comments": null, "Easting": 329312.16, "Northing": 6274005.87, "Latitude": "33\u00c2\u00b0 39.608' S", "Longitude": "151\u00c2\u00b0 9.546' E", "VERDATE": "2025-12-05"}, "geometry": {"coordinates": [151.15910794666695, -33.66013971999985, 0.0], "type": "Point", "geometries": null}}, {"type": "Feature", "properties": {"ModifiedDa": "2016-04-06", "SAPEquipID": 0, "AssetName": "Shelter - EEC - 04", "d_SubtypeC": "Shelter", "d_AssetTyp": "Picnic", "d_AssetMat": "Timber Post and Roof Structure", "d_Branch": "Greater Sydney", "d_LGA": "Hornsby", "Comments": null, "Easting": 329316.53, "Northing": 6273996.84, "Latitude": "33\u00c2\u00b0 39.613' S", "Longitude": "151\u00c2\u00b0 9.549' E", "VERDATE": "2025-12-05"}, "geometry": {"coordinates": [151.15915341857237, -33.660221827108955, 0.0], "type": "Point", "geometries": null}}, {"type": "Feature", "properties": {"ModifiedDa": "2016-04-06", "SAPEquipID": 0, "AssetName": "Shelter - EEC - 05", "d_SubtypeC": "Shelter", "d_AssetTyp": "Picnic", "d_AssetMat": "Timber Post and Roof Structure", "d_Branch": "Greater Sydney", "d_LGA": "Hornsby", "Comments": null, "Easting": 329303.15, "Northing": 6273978.57, "Latitude": "33\u00c2\u00b0 39.623' S", "Longitude": "151\u00c2\u00b0 9.54' E", "VERDATE": "2025-12-05"}, "geometry": {"coordinates": [151.1590056666672, -33.66038433333307, 0.0], "type": "Point", "geometries": null}}, {"type": "Feature", "properties": {"ModifiedDa": "2016-04-06", "SAPEquipID": 0, "AssetName": "Shelter - Picnic", "d_SubtypeC": "Shelter", "d_AssetTyp": "Picnic", "d_AssetMat": "Timber Post and Roof Structure", "d_Branch": "Greater Sydney", "d_LGA": "Hornsby", "Comments": null, "Easting": 329275.45, "Northing": 6273896.28, "Latitude": "33\u00c2\u00b0 39.667' S", "Longitude": "151\u00c2\u00b0 9.521' E", "VERDATE": "2025-12-05"}, "geometry": {"coordinates": [151.15869122000026, -33.661121719999926, 0.0], "type": "Point", "geometries": null}}, {"type": "Feature", "properties": {"ModifiedDa": "2016-04-06", "SAPEquipID": 0, "AssetName": "Shelter - Info Bay", "d_SubtypeC": "Shelter", "d_AssetTyp": "Display", "d_AssetMat": "Timber Post, Steel Roof Struct", "d_Branch": "Greater Sydney", "d_LGA": "Hornsby", "Comments": null, "Easting": 329334.38, "Northing": 6274048.43, "Latitude": "33\u00c2\u00b0 39.586' S", "Longitude": "151\u00c2\u00b0 9.561' E", "VERDATE": "2025-12-05"}, "geometry": {"coordinates": [151.15935569678766, -33.659759553333174, 0.0], "type": "Point", "geometries": null}}, {"type": "Feature", "properties": {"ModifiedDa": "2016-04-06", "SAPEquipID": 0, "AssetName": "Shelter - Picnic - 01", "d_SubtypeC": "Shelter", "d_AssetTyp": "Picnic", "d_AssetMat": "Timber Post, Steel Roof Struct", "d_Branch": "Greater Sydney", "d_LGA": "Hornsby", "Comments": "4 TABLES IN SHELTER", "Easting": 329347.9, "Northing": 6274034.48, "Latitude": "33\u00c2\u00b0 39.593' S", "Longitude": "151\u00c2\u00b0 9.57' E", "VERDATE": "2025-12-05"}, "geometry": {"coordinates": [151.15949881012148, -33.6598874941194, 0.0], "type": "Point", "geometries": null}}, {"type": "Feature", "properties": {"ModifiedDa": "2016-04-06", "SAPEquipID": 0, "AssetName": "Shelter - Picnic - 02", "d_SubtypeC": "Shelter", "d_AssetTyp": "Picnic", "d_AssetMat": "Timber Post, Steel Roof Struct", "d_Branch": "Greater Sydney", "d_LGA": "Hornsby", "Comments": "4 TABLES IN SHELTER", "Easting": 329359.92, "Northing": 6274062.5, "Latitude": "33\u00c2\u00b0 39.578' S", "Longitude": "151\u00c2\u00b0 9.578' E", "VERDATE": "2025-12-05"}, "geometry": {"coordinates": [151.15963368452537, -33.659636861327215, 0.0], "type": "Point", "geometries": null}}, {"type": "Feature", "properties": {"ModifiedDa": "2016-04-06", "SAPEquipID": 0, "AssetName": "Shelter - Picnic - 03", "d_SubtypeC": "Shelter", "d_AssetTyp": "Picnic", "d_AssetMat": "Timber Post, Steel Roof Struct", "d_Branch": "Greater Sydney", "d_LGA": "Hornsby", "Comments": "4 TABLES IN SHELTER", "Easting": 329330.38, "Northing": 6274065.0, "Latitude": "33\u00c2\u00b0 39.577' S", "Longitude": "151\u00c2\u00b0 9.559' E", "VERDATE": "2025-12-05"}, "geometry": {"coordinates": [151.1593157239123, -33.65960958799383, 0.0], "type": "Point", "geometries": null}}, {"type": "Feature", "properties": {"ModifiedDa": "2016-04-06", "SAPEquipID": 0, "AssetName": "Shelter - EEC - 01", "d_SubtypeC": "Shelter", "d_AssetTyp": "Picnic", "d_AssetMat": "Timber Post and Roof Structure", "d_Branch": "Greater Sydney", "d_LGA": "Hornsby", "Comments": null, "Easting": 329278.49, "Northing": 6273954.9, "Latitude": "33\u00c2\u00b0 39.636' S", "Longitude": "151\u00c2\u00b0 9.524' E", "VERDATE": "2025-12-05"}, "geometry": {"coordinates": [151.15873522000072, -33.66059371999984, 0.0], "type": "Point", "geometries": null}}, {"type": "Feature", "properties": {"ModifiedDa": "2016-04-06", "SAPEquipID": 0, "AssetName": "Shelter - Picnic - 04", "d_SubtypeC": "Shelter", "d_AssetTyp": "Picnic", "d_AssetMat": "Timber Post, Steel Roof Struct", "d_Branch": "Greater Sydney", "d_LGA": "Hornsby", "Comments": "4 TABLES IN SHELTER", "Easting": 329312.26, "Northing": 6274095.25, "Latitude": "33\u00c2\u00b0 39.56' S", "Longitude": "151\u00c2\u00b0 9.548' E", "VERDATE": "2025-12-05"}, "geometry": {"coordinates": [151.15912622391193, -33.659333994590156, 0.0], "type": "Point", "geometries": null}}, {"type": "Feature", "properties": {"ModifiedDa": "2016-04-06", "SAPEquipID": 0, "AssetName": "Shelter - Picnic - 05", "d_SubtypeC": "Shelter", "d_AssetTyp": "Picnic", "d_AssetMat": "Timber Post, Steel Roof Struct", "d_Branch": "Greater Sydney", "d_LGA": "Hornsby", "Comments": "4 TABLES IN SHELTER", "Easting": 329372.37, "Northing": 6274089.98, "Latitude": "33\u00c2\u00b0 39.563' S", "Longitude": "151\u00c2\u00b0 9.586' E", "VERDATE": "2025-12-05"}, "geometry": {"coordinates": [151.1597731845252, -33.65939109421794, 0.0], "type": "Point", "geometries": null}}, {"type": "Feature", "properties": {"ModifiedDa": "2016-04-06", "SAPEquipID": 0, "AssetName": "Shelter - Picnic - 06", "d_SubtypeC": "Shelter", "d_AssetTyp": "Picnic", "d_AssetMat": "Timber Post, Steel Roof Struct", "d_Branch": "Greater Sydney", "d_LGA": "Hornsby", "Comments": "4 TABLES IN SHELTER", "Easting": 329384.87, "Northing": 6274117.65, "Latitude": "33\u00c2\u00b0 39.549' S", "Longitude": "151\u00c2\u00b0 9.595' E", "VERDATE": "2025-12-05"}, "geometry": {"coordinates": [151.1599132394573, -33.65914371493193, 0.0], "type": "Point", "geometries": null}}, {"type": "Feature", "properties": {"ModifiedDa": "2016-04-06", "SAPEquipID": 0, "AssetName": "Shelter - Picnic - 07", "d_SubtypeC": "Shelter", "d_AssetTyp": "Picnic", "d_AssetMat": "Timber Post, Steel Roof Struct", "d_Branch": "Greater Sydney", "d_LGA": "Hornsby", "Comments": "4 TABLES IN SHELTER", "Easting": 329392.16, "Northing": 6274145.73, "Latitude": "33\u00c2\u00b0 39.534' S", "Longitude": "151\u00c2\u00b0 9.6' E", "VERDATE": "2025-12-05"}, "geometry": {"coordinates": [151.15999722000015, -33.65889171999987, 0.0], "type": "Point", "geometries": null}}, {"type": "Feature", "properties": {"ModifiedDa": "2016-04-06", "SAPEquipID": 0, "AssetName": "Shelter - Picnic - 08", "d_SubtypeC": "Shelter", "d_AssetTyp": "Picnic", "d_AssetMat": "Timber Post, Steel Roof Struct", "d_Branch": "Greater Sydney", "d_LGA": "Hornsby", "Comments": "4 TABLES IN SHELTER", "Easting": 329423.18, "Northing": 6274173.0, "Latitude": "33\u00c2\u00b0 39.519' S", "Longitude": "151\u00c2\u00b0 9.62' E", "VERDATE": "2025-12-05"}, "geometry": {"coordinates": [151.16033688666687, -33.65865083333318, 0.0], "type": "Point", "geometries": null}}, {"type": "Feature", "properties": {"ModifiedDa": "2016-04-06", "SAPEquipID": 0, "AssetName": "Shelter - Picnic - 09", "d_SubtypeC": "Shelter", "d_AssetTyp": "Picnic", "d_AssetMat": "Timber Post, Steel Roof Struct", "d_Branch": "Greater Sydney", "d_LGA": "Hornsby", "Comments": "4 TABLES IN SHELTER", "Easting": 329398.29, "Northing": 6274171.27, "Latitude": "33\u00c2\u00b0 39.52' S", "Longitude": "151\u00c2\u00b0 9.604' E", "VERDATE": "2025-12-05"}, "geometry": {"coordinates": [151.16006822000054, -33.6586624466666, 0.0], "type": "Point", "geometries": null}}, {"type": "Feature", "properties": {"ModifiedDa": "2016-04-06", "SAPEquipID": 0, "AssetName": "Shelter - Picnic - 10", "d_SubtypeC": "Shelter", "d_AssetTyp": "Picnic", "d_AssetMat": "Timber Post, Steel Roof Struct", "d_Branch": "Greater Sydney", "d_LGA": "Hornsby", "Comments": "4 TABLES IN SHELTER", "Easting": 329373.37, "Northing": 6274156.43, "Latitude": "33\u00c2\u00b0 39.528' S", "Longitude": "151\u00c2\u00b0 9.588' E", "VERDATE": "2025-12-05"}, "geometry": {"coordinates": [151.15979678000008, -33.658792219999896, 0.0], "type": "Point", "geometries": null}}, {"type": "Feature", "properties": {"ModifiedDa": "2016-04-06", "SAPEquipID": 0, "AssetName": "Shelter - Picnic - 11", "d_SubtypeC": "Shelter", "d_AssetTyp": "Picnic", "d_AssetMat": "Timber Post, Steel Roof Struct", "d_Branch": "Greater Sydney", "d_LGA": "Hornsby", "Comments": "4 TABLES IN SHELTER", "Easting": 329353.02, "Northing": 6274149.08, "Latitude": "33\u00c2\u00b0 39.531' S", "Longitude": "151\u00c2\u00b0 9.575' E", "VERDATE": "2025-12-05"}, "geometry": {"coordinates": [151.15957600000013, -33.658855219999964, 0.0], "type": "Point", "geometries": null}}, {"type": "Feature", "properties": {"ModifiedDa": "2016-04-06", "SAPEquipID": 0, "AssetName": "Shelter - Picnic - 12", "d_SubtypeC": "Shelter", "d_AssetTyp": "Picnic", "d_AssetMat": "Timber Post, Steel Roof Struct", "d_Branch": "Greater Sydney", "d_LGA": "Hornsby", "Comments": "4 TABLES IN SHELTER", "Easting": 329332.2, "Northing": 6274160.22, "Latitude": "33\u00c2\u00b0 39.525' S", "Longitude": "151\u00c2\u00b0 9.561' E", "VERDATE": "2025-12-05"}, "geometry": {"coordinates": [151.15935366666736, -33.65875149999982, 0.0], "type": "Point", "geometries": null}}, {"type": "Feature", "properties": {"ModifiedDa": "2016-04-06", "SAPEquipID": 0, "AssetName": "Shelter - Picnic - 14", "d_SubtypeC": "Shelter", "d_AssetTyp": "BBQ", "d_AssetMat": "Timber Post, Steel Roof Struct", "d_Branch": "Greater Sydney", "d_LGA": "Hornsby", "Comments": null, "Easting": 329412.46, "Northing": 6274173.8, "Latitude": "33\u00c2\u00b0 39.519' S", "Longitude": "151\u00c2\u00b0 9.613' E", "VERDATE": "2025-12-05"}, "geometry": {"coordinates": [151.16022144666726, -33.65864194666648, 0.0], "type": "Point", "geometries": null}}, {"type": "Feature", "properties": {"ModifiedDa": "2023-12-08", "SAPEquipID": 0, "AssetName": "Shelter - Picnic - 15 - Pavilion", "d_SubtypeC": "Shelter", "d_AssetTyp": "Picnic", "d_AssetMat": "Timber Post, Steel Roof Struct", "d_Branch": "Greater Sydney", "d_LGA": "Hornsby", "Comments": "8 TABLES IN SHELTER ,GOOD CONDITION", "Easting": 329358.53, "Northing": 6274120.37, "Latitude": "33\u00c2\u00b0 39.547' S", "Longitude": "151\u00c2\u00b0 9.578' E", "VERDATE": "2025-12-05"}, "geometry": {"coordinates": [151.15962988666752, -33.659114946666534, 0.0], "type": "Point", "geometries": null}}, {"type": "Feature", "properties": {"ModifiedDa": "2016-04-06", "SAPEquipID": 0, "AssetName": "Shelter - Picnic - 01", "d_SubtypeC": "Shelter", "d_AssetTyp": "Picnic", "d_AssetMat": "Timber Post and Roof Structure", "d_Branch": "Greater Sydney", "d_LGA": "Hornsby", "Comments": "4 tabled rotunda", "Easting": 329288.41, "Northing": 6273890.35, "Latitude": "33\u00c2\u00b0 39.671' S", "Longitude": "151\u00c2\u00b0 9.53' E", "VERDATE": "2025-12-05"}, "geometry": {"coordinates": [151.15882978000036, -33.6611772199999, 0.0], "type": "Point", "geometries": null}}, {"type": "Feature", "properties": {"ModifiedDa": "2016-04-06", "SAPEquipID": 0, "AssetName": "Shelter - Picnic - 02", "d_SubtypeC": "Shelter", "d_AssetTyp": "Picnic", "d_AssetMat": "Timber Post and Roof Structure", "d_Branch": "Greater Sydney", "d_LGA": "Hornsby", "Comments": "4 tabled rotunda", "Easting": 329319.82, "Northing": 6273953.78, "Latitude": "33\u00c2\u00b0 39.637' S", "Longitude": "151\u00c2\u00b0 9.551' E", "VERDATE": "2025-12-05"}, "geometry": {"coordinates": [151.15918061333343, -33.660610499999905, 0.0], "type": "Point", "geometries": null}}, {"type": "Feature", "properties": {"ModifiedDa": "2016-04-06", "SAPEquipID": 0, "AssetName": "Shelter - Picnic - 03", "d_SubtypeC": "Shelter", "d_AssetTyp": "Picnic", "d_AssetMat": "Timber Post and Roof Structure", "d_Branch": "Greater Sydney", "d_LGA": "Hornsby", "Comments": null, "Easting": 329269.78, "Northing": 6273904.31, "Latitude": "33\u00c2\u00b0 39.663' S", "Longitude": "151\u00c2\u00b0 9.518' E", "VERDATE": "2025-12-05"}, "geometry": {"coordinates": [151.15863161333345, -33.661048446666484, 0.0], "type": "Point", "geometries": null}}, {"type": "Feature", "properties": {"ModifiedDa": "2016-04-06", "SAPEquipID": 0, "AssetName": "Shelter - Display", "d_SubtypeC": "Shelter", "d_AssetTyp": "Display", "d_AssetMat": "Timber Post and Roof Structure", "d_Branch": "Greater Sydney", "d_LGA": "Hornsby", "Comments": null, "Easting": 324968.3, "Northing": 6277695.79, "Latitude": "33\u00c2\u00b0 37.57' S", "Longitude": "151\u00c2\u00b0 6.78' E", "VERDATE": "2025-12-05"}, "geometry": {"coordinates": [151.11300688666745, -33.62617027999994, 0.0], "type": "Point", "geometries": null}}, {"type": "Feature", "properties": {"ModifiedDa": "2016-04-06", "SAPEquipID": 0, "AssetName": "Shelter - Bus Stop", "d_SubtypeC": "Shelter", "d_AssetTyp": "Bus", "d_AssetMat": "Other", "d_Branch": "Greater Sydney", "d_LGA": "Ku-Ring-Gai", "Comments": null, "Easting": 329396.83, "Northing": 6273930.94, "Latitude": "33\u00c2\u00b0 39.65' S", "Longitude": "151\u00c2\u00b0 9.6' E", "VERDATE": "2025-12-05"}, "geometry": {"coordinates": [151.16000638666685, -33.66082871999993, 0.0], "type": "Point", "geometries": null}}, {"type": "Feature", "properties": {"ModifiedDa": "2016-04-06", "SAPEquipID": 0, "AssetName": "Shelter - Kangaroo Feed Shelter", "d_SubtypeC": "Shelter", "d_AssetTyp": "Other", "d_AssetMat": "Timber Post and Roof Structure", "d_Branch": "Greater Sydney", "d_LGA": "Hornsby", "Comments": null, "Easting": 328323.09, "Northing": 6273625.63, "Latitude": "33\u00c2\u00b0 39.804' S", "Longitude": "151\u00c2\u00b0 8.902' E", "VERDATE": "2025-12-05"}, "geometry": {"coordinates": [151.14837216666717, -33.6634081666665, 0.0], "type": "Point", "geometries": null}}, {"type": "Feature", "properties": {"ModifiedDa": "2016-04-06", "SAPEquipID": 0, "AssetName": "Shelter - BBQ - 01", "d_SubtypeC": "Shelter", "d_AssetTyp": "BBQ", "d_AssetMat": "Steel Post and Roof Structure", "d_Branch": "Greater Sydney", "d_LGA": "Northern Beaches", "Comments": null, "Easting": 333604.72, "Northing": 6262084.03, "Latitude": "33\u00c2\u00b0 46.098' S", "Longitude": "151\u00c2\u00b0 12.189' E", "VERDATE": "2025-12-05"}, "geometry": {"coordinates": [151.20314572000052, -33.76829455333319, 0.0], "type": "Point", "geometries": null}}, {"type": "Feature", "properties": {"ModifiedDa": "2016-04-06", "SAPEquipID": 0, "AssetName": "Shelter - BBQ - 01", "d_SubtypeC": "Shelter", "d_AssetTyp": "BBQ", "d_AssetMat": null, "d_Branch": "Greater Sydney", "d_LGA": "Northern Beaches", "Comments": "shelter has 12 large timber tables with seats.", "Easting": 341566.78, "Northing": 6280426.0, "Latitude": "33\u00c2\u00b0 36.249' S", "Longitude": "151\u00c2\u00b0 17.542' E", "VERDATE": "2025-12-05"}, "geometry": {"coordinates": [151.29236533333392, -33.6041568866666, 0.0], "type": "Point", "geometries": null}}, {"type": "Feature", "properties": {"ModifiedDa": "2016-04-06", "SAPEquipID": 0, "AssetName": "Shelter - BBQ - 01", "d_SubtypeC": "Shelter", "d_AssetTyp": "BBQ", "d_AssetMat": "Timber Post, Steel Roof Struct", "d_Branch": "Greater Sydney", "d_LGA": "Northern Beaches", "Comments": null, "Easting": 335121.23, "Northing": 6276671.61, "Latitude": "33\u00c2\u00b0 38.221' S", "Longitude": "151\u00c2\u00b0 13.334' E", "VERDATE": "2025-12-05"}, "geometry": {"coordinates": [151.22222709333346, -33.637024873333246, 0.0], "type": "Point", "geometries": null}}, {"type": "Feature", "properties": {"ModifiedDa": "2016-04-06", "SAPEquipID": 0, "AssetName": "Shelter - BBQ - 02", "d_SubtypeC": "Shelter", "d_AssetTyp": "BBQ", "d_AssetMat": "Timber Post and Roof Structure", "d_Branch": "Greater Sydney", "d_LGA": "Northern Beaches", "Comments": null, "Easting": 333723.32, "Northing": 6261941.81, "Latitude": "33\u00c2\u00b0 46.176' S", "Longitude": "151\u00c2\u00b0 12.264' E", "VERDATE": "2025-12-05"}, "geometry": {"coordinates": [151.20439922000014, -33.76959527999992, 0.0], "type": "Point", "geometries": null}}, {"type": "Feature", "properties": {"ModifiedDa": "2016-04-06", "SAPEquipID": 0, "AssetName": "Shelter - BBQ - 02", "d_SubtypeC": "Shelter", "d_AssetTyp": "BBQ", "d_AssetMat": null, "d_Branch": "Greater Sydney", "d_LGA": "Northern Beaches", "Comments": null, "Easting": 341739.03, "Northing": 6280604.59, "Latitude": "33\u00c2\u00b0 36.154' S", "Longitude": "151\u00c2\u00b0 17.655' E", "VERDATE": "2025-12-05"}, "geometry": {"coordinates": [151.29425298000024, -33.602572413333064, 0.0], "type": "Point", "geometries": null}}, {"type": "Feature", "properties": {"ModifiedDa": "2016-04-06", "SAPEquipID": 0, "AssetName": "Shelter - BBQ - 02", "d_SubtypeC": "Shelter", "d_AssetTyp": "BBQ", "d_AssetMat": "Timber Post, Steel Roof Struct", "d_Branch": "Greater Sydney", "d_LGA": "Northern Beaches", "Comments": null, "Easting": 335092.49, "Northing": 6276732.27, "Latitude": "33\u00c2\u00b0 38.188' S", "Longitude": "151\u00c2\u00b0 13.316' E", "VERDATE": "2025-12-05"}, "geometry": {"coordinates": [151.2219285000001, -33.636473613333294, 0.0], "type": "Point", "geometries": null}}, {"type": "Feature", "properties": {"ModifiedDa": "2016-04-06", "SAPEquipID": 0, "AssetName": "Shelter - BBQ - 03", "d_SubtypeC": "Shelter", "d_AssetTyp": "BBQ", "d_AssetMat": "Timber Post and Roof Structure", "d_Branch": "Greater Sydney", "d_LGA": "Northern Beaches", "Comments": null, "Easting": 333726.27, "Northing": 6261901.1, "Latitude": "33\u00c2\u00b0 46.198' S", "Longitude": "151\u00c2\u00b0 12.265' E", "VERDATE": "2025-12-05"}, "geometry": {"coordinates": [151.20442338666703, -33.76996266666663, 0.0], "type": "Point", "geometries": null}}, {"type": "Feature", "properties": {"ModifiedDa": "2016-04-06", "SAPEquipID": 0, "AssetName": "Shelter - Display", "d_SubtypeC": "Shelter", "d_AssetTyp": "Display", "d_AssetMat": "Timber Post and Roof Structure", "d_Branch": "Greater Sydney", "d_LGA": "Northern Beaches", "Comments": "4 sided interpreted signs", "Easting": 342254.9, "Northing": 6283316.03, "Latitude": "33\u00c2\u00b0 34.692' S", "Longitude": "151\u00c2\u00b0 18.017' E", "VERDATE": "2025-12-05"}, "geometry": {"coordinates": [151.3002905000003, -33.578203886666586, 0.0], "type": "Point", "geometries": null}}, {"type": "Feature", "properties": {"ModifiedDa": "2016-04-06", "SAPEquipID": 0, "AssetName": "Shelter - Display", "d_SubtypeC": "Shelter", "d_AssetTyp": "Display", "d_AssetMat": "Timber Post and Roof Structure", "d_Branch": "Greater Sydney", "d_LGA": "Northern Beaches", "Comments": null, "Easting": 341582.47, "Northing": 6280549.23, "Latitude": "33\u00c2\u00b0 36.183' S", "Longitude": "151\u00c2\u00b0 17.553' E", "VERDATE": "2025-12-05"}, "geometry": {"coordinates": [151.2925563866669, -33.60304821999995, 0.0], "type": "Point", "geometries": null}}, {"type": "Feature", "properties": {"ModifiedDa": "2016-04-06", "SAPEquipID": 0, "AssetName": "Shelter - Picnic - 01", "d_SubtypeC": "Shelter", "d_AssetTyp": "Picnic", "d_AssetMat": "Timber Post and Roof Structure", "d_Branch": "Greater Sydney", "d_LGA": "Northern Beaches", "Comments": null, "Easting": 335118.46, "Northing": 6276649.19, "Latitude": "33\u00c2\u00b0 38.234' S", "Longitude": "151\u00c2\u00b0 13.332' E", "VERDATE": "2025-12-05"}, "geometry": {"coordinates": [151.22219300000052, -33.637226613333155, 0.0], "type": "Point", "geometries": null}}, {"type": "Feature", "properties": {"ModifiedDa": "2016-04-06", "SAPEquipID": 0, "AssetName": "Shelter - Picnic - 02", "d_SubtypeC": "Shelter", "d_AssetTyp": "Picnic", "d_AssetMat": "Unknown", "d_Branch": "Greater Sydney", "d_LGA": "Northern Beaches", "Comments": null, "Easting": 335095.89, "Northing": 6276648.49, "Latitude": "33\u00c2\u00b0 38.234' S", "Longitude": "151\u00c2\u00b0 13.317' E", "VERDATE": "2025-12-05"}, "geometry": {"coordinates": [151.22194961333378, -33.63722938666655, 0.0], "type": "Point", "geometries": null}}, {"type": "Feature", "properties": {"ModifiedDa": "2016-04-06", "SAPEquipID": 0, "AssetName": "Shelter - Picnic - 03", "d_SubtypeC": "Shelter", "d_AssetTyp": "Picnic", "d_AssetMat": "Timber Post and Roof Structure", "d_Branch": "Greater Sydney", "d_LGA": "Northern Beaches", "Comments": null, "Easting": 335077.54, "Northing": 6276725.16, "Latitude": "33\u00c2\u00b0 38.192' S", "Longitude": "151\u00c2\u00b0 13.306' E", "VERDATE": "2025-12-05"}, "geometry": {"coordinates": [151.22176605333368, -33.636535333333256, 0.0], "type": "Point", "geometries": null}}, {"type": "Feature", "properties": {"ModifiedDa": "2018-08-15", "SAPEquipID": 0, "AssetName": "Shelter - Wharf", "d_SubtypeC": "Shelter", "d_AssetTyp": null, "d_AssetMat": null, "d_Branch": "Greater Sydney", "d_LGA": "Northern Beaches", "Comments": null, "Easting": 341681.18, "Northing": 6280454.42, "Latitude": "33\u00c2\u00b0 36.235' S", "Longitude": "151\u00c2\u00b0 17.616' E", "VERDATE": "2025-12-05"}, "geometry": {"coordinates": [151.29360297333346, -33.60391771333326, 0.0], "type": "Point", "geometries": null}}, {"type": "Feature", "properties": {"ModifiedDa": "2019-03-15", "SAPEquipID": 0, "AssetName": "Shelter - Gazebo", "d_SubtypeC": "Shelter", "d_AssetTyp": "Picnic", "d_AssetMat": "Timber Post and Roof Structure", "d_Branch": "Greater Sydney", "d_LGA": "Unincorporated", "Comments": null, "Easting": 338831.24, "Northing": 6252185.55, "Latitude": "33\u00c2\u00b0 51.5' S", "Longitude": "151\u00c2\u00b0 15.465' E", "VERDATE": "2025-12-05"}, "geometry": {"coordinates": [151.25775366666676, -33.858338166666556, 0.0], "type": "Point", "geometries": null}}, {"type": "Feature", "properties": {"ModifiedDa": "2016-04-06", "SAPEquipID": 0, "AssetName": "Shelter - SummerhouseA - 01", "d_SubtypeC": "Shelter", "d_AssetTyp": "Picnic", "d_AssetMat": "Timber Post and Roof Structure", "d_Branch": "Greater Sydney", "d_LGA": "Unincorporated", "Comments": null, "Easting": 329152.31, "Northing": 6251471.84, "Latitude": "33\u00c2\u00b0 51.795' S", "Longitude": "151\u00c2\u00b0 9.182' E", "VERDATE": "2025-12-05"}, "geometry": {"coordinates": [151.15303143413166, -33.863248804874274, 0.0], "type": "Point", "geometries": null}}, {"type": "Feature", "properties": {"ModifiedDa": "2016-04-06", "SAPEquipID": 0, "AssetName": "Shelter - SummerhouseB - 02", "d_SubtypeC": "Shelter", "d_AssetTyp": "Picnic", "d_AssetMat": "Timber Post and Roof Structure", "d_Branch": "Greater Sydney", "d_LGA": "Unincorporated", "Comments": null, "Easting": 329184.84, "Northing": 6251467.26, "Latitude": "33\u00c2\u00b0 51.798' S", "Longitude": "151\u00c2\u00b0 9.203' E", "VERDATE": "2025-12-05"}, "geometry": {"coordinates": [151.15338205641592, -33.863295399300284, 0.0], "type": "Point", "geometries": null}}, {"type": "Feature", "properties": {"ModifiedDa": "2025-01-07", "SAPEquipID": 0, "AssetName": "Shelter - Whale Watch Platform", "d_SubtypeC": "Shelter", "d_AssetTyp": "Other", "d_AssetMat": "Steel Post and Roof Structure", "d_Branch": "Greater Sydney", "d_LGA": "Sutherland", "Comments": null, "Easting": 336646.33, "Northing": 6234532.74, "Latitude": "34\u00c2\u00b0 1.028' S", "Longitude": "151\u00c2\u00b0 13.851' E", "VERDATE": "2025-12-05"}, "geometry": {"coordinates": [151.23085514612444, -34.01713700775332, 0.0], "type": "Point", "geometries": null}}, {"type": "Feature", "properties": {"ModifiedDa": "2012-05-17", "SAPEquipID": 0, "AssetName": "Shelter - Morgans Creek DUA", "d_SubtypeC": "Shelter", "d_AssetTyp": "Picnic", "d_AssetMat": "Timber Post and Roof Structure", "d_Branch": "Greater Sydney", "d_LGA": "Canterbury-Bankstown", "Comments": null, "Easting": 317049.05, "Northing": 6238802.46, "Latitude": "33\u00c2\u00b0 58.525' S", "Longitude": "151\u00c2\u00b0 1.177' E", "VERDATE": "2025-12-05"}, "geometry": {"coordinates": [151.01961242049788, -33.97541630550012, 0.0], "type": "Point", "geometries": null}}, {"type": "Feature", "properties": {"ModifiedDa": "2012-05-09", "SAPEquipID": 0, "AssetName": "Shelter - 02 - Concrete", "d_SubtypeC": "Shelter", "d_AssetTyp": "Picnic", "d_AssetMat": "Timber Post, Steel Roof Struct", "d_Branch": "Greater Sydney", "d_LGA": "Canterbury-Bankstown", "Comments": null, "Easting": 316774.94, "Northing": 6238281.83, "Latitude": "33\u00c2\u00b0 58.804' S", "Longitude": "151\u00c2\u00b0 0.992' E", "VERDATE": "2025-12-05"}, "geometry": {"coordinates": [151.0165378488382, -33.98006129495133, 0.0], "type": "Point", "geometries": null}}, {"type": "Feature", "properties": {"ModifiedDa": "2012-05-09", "SAPEquipID": 0, "AssetName": "Shelter - 01 - Timber", "d_SubtypeC": "Shelter", "d_AssetTyp": "Picnic", "d_AssetMat": "Timber Post, Steel Roof Struct", "d_Branch": "Greater Sydney", "d_LGA": "Canterbury-Bankstown", "Comments": null, "Easting": 316865.07, "Northing": 6238418.01, "Latitude": "33\u00c2\u00b0 58.731' S", "Longitude": "151\u00c2\u00b0 1.052' E", "VERDATE": "2025-12-05"}, "geometry": {"coordinates": [151.0175415032944, -33.978849565790824, 0.0], "type": "Point", "geometries": null}}, {"type": "Feature", "properties": {"ModifiedDa": "2011-12-06", "SAPEquipID": 0, "AssetName": "Shelter - Tram Platform", "d_SubtypeC": "Shelter", "d_AssetTyp": "Other", "d_AssetMat": "Steel Post and Roof Structure", "d_Branch": "Greater Sydney", "d_LGA": "Sutherland", "Comments": null, "Easting": 320661.81, "Northing": 6229200.68, "Latitude": "34\u00c2\u00b0 3.755' S", "Longitude": "151\u00c2\u00b0 3.404' E", "VERDATE": "2025-12-05"}, "geometry": {"coordinates": [151.05672753909334, -34.06258685480179, 0.0], "type": "Point", "geometries": null}}, {"type": "Feature", "properties": {"ModifiedDa": "2011-12-07", "SAPEquipID": 0, "AssetName": "Shelter - Willow Tree Flat Pavilion", "d_SubtypeC": "Shelter", "d_AssetTyp": "Picnic", "d_AssetMat": "Other", "d_Branch": "Greater Sydney", "d_LGA": "Sutherland", "Comments": null, "Easting": 320501.07, "Northing": 6227340.67, "Latitude": "34\u00c2\u00b0 4.759' S", "Longitude": "151\u00c2\u00b0 3.276' E", "VERDATE": "2025-12-05"}, "geometry": {"coordinates": [151.0546034240882, -34.07932476706361, 0.0], "type": "Point", "geometries": null}}, {"type": "Feature", "properties": {"ModifiedDa": "2010-07-26", "SAPEquipID": 0, "AssetName": "Shelter Wattle forest", "d_SubtypeC": "Shelter", "d_AssetTyp": "Picnic", "d_AssetMat": "Other", "d_Branch": "Greater Sydney", "d_LGA": "Sutherland", "Comments": null, "Easting": 320583.97, "Northing": 6226953.7, "Latitude": "34\u00c2\u00b0 4.97' S", "Longitude": "151\u00c2\u00b0 3.325' E", "VERDATE": "2025-12-05"}, "geometry": {"coordinates": [151.05542166666646, -34.08282694666593, 0.0], "type": "Point", "geometries": null}}, {"type": "Feature", "properties": {"ModifiedDa": "2010-07-26", "SAPEquipID": 0, "AssetName": "BBQ shelter 3 Bonnievale", "d_SubtypeC": "Shelter", "d_AssetTyp": "BBQ", "d_AssetMat": "Timber Post, Steel Roof Struct", "d_Branch": "Greater Sydney", "d_LGA": "Sutherland", "Comments": "BBQ shelter 3 Bonnievale", "Easting": 328331.01, "Northing": 6227062.61, "Latitude": "34\u00c2\u00b0 4.989' S", "Longitude": "151\u00c2\u00b0 8.362' E", "VERDATE": "2025-12-05"}, "geometry": {"coordinates": [151.13936871999988, -34.08314521999921, 0.0], "type": "Point", "geometries": null}}, {"type": "Feature", "properties": {"ModifiedDa": "2010-07-26", "SAPEquipID": 0, "AssetName": "Shelter BBQ 2 Bonnievale", "d_SubtypeC": "Shelter", "d_AssetTyp": "BBQ", "d_AssetMat": "Timber Post, Steel Roof Struct", "d_Branch": "Greater Sydney", "d_LGA": "Sutherland", "Comments": "BBQ Shelter 2 Bonnievale", "Easting": 328445.05, "Northing": 6227117.79, "Latitude": "34\u00c2\u00b0 4.96' S", "Longitude": "151\u00c2\u00b0 8.437' E", "VERDATE": "2025-12-05"}, "geometry": {"coordinates": [151.14061505333314, -34.08266649999922, 0.0], "type": "Point", "geometries": null}}, {"type": "Feature", "properties": {"ModifiedDa": "2010-07-26", "SAPEquipID": 0, "AssetName": "Shelter BBQ 1 - Picnic area", "d_SubtypeC": "Shelter", "d_AssetTyp": "BBQ", "d_AssetMat": "Timber Post, Steel Roof Struct", "d_Branch": "Greater Sydney", "d_LGA": "Sutherland", "Comments": "Shelter 1 Picnic area", "Easting": 328542.47, "Northing": 6227147.96, "Latitude": "34\u00c2\u00b0 4.945' S", "Longitude": "151\u00c2\u00b0 8.501' E", "VERDATE": "2025-12-05"}, "geometry": {"coordinates": [151.14167638666652, -34.08241055333241, 0.0], "type": "Point", "geometries": null}}, {"type": "Feature", "properties": {"ModifiedDa": "2019-03-15", "SAPEquipID": 0, "AssetName": "Shelter - Picnic Shelter - 05", "d_SubtypeC": "Shelter", "d_AssetTyp": "Unknown", "d_AssetMat": "Unknown", "d_Branch": "Greater Sydney", "d_LGA": "Unincorporated", "Comments": null, "Easting": 338845.6, "Northing": 6252172.15, "Latitude": "33\u00c2\u00b0 51.508' S", "Longitude": "151\u00c2\u00b0 15.474' E", "VERDATE": "2025-12-05"}, "geometry": {"coordinates": [151.25790631333416, -33.85846115999993, 0.0], "type": "Point", "geometries": null}}, {"type": "Feature", "properties": {"ModifiedDa": "2019-03-15", "SAPEquipID": 0, "AssetName": "Shelter - Picnic Shelter - 01", "d_SubtypeC": "Shelter", "d_AssetTyp": "Picnic", "d_AssetMat": "Steel Post and Roof Structure", "d_Branch": "Greater Sydney", "d_LGA": "Unincorporated", "Comments": null, "Easting": 338870.27, "Northing": 6252145.99, "Latitude": "33\u00c2\u00b0 51.522' S", "Longitude": "151\u00c2\u00b0 15.49' E", "VERDATE": "2025-12-05"}, "geometry": {"coordinates": [151.2581681133338, -33.858700719999945, 0.0], "type": "Point", "geometries": null}}, {"type": "Feature", "properties": {"ModifiedDa": "2019-03-15", "SAPEquipID": 0, "AssetName": "Shelter - Picnic Shelter - 02", "d_SubtypeC": "Shelter", "d_AssetTyp": "Picnic", "d_AssetMat": "Steel Post and Roof Structure", "d_Branch": "Greater Sydney", "d_LGA": "Unincorporated", "Comments": null, "Easting": 338856.8, "Northing": 6252164.11, "Latitude": "33\u00c2\u00b0 51.512' S", "Longitude": "151\u00c2\u00b0 15.482' E", "VERDATE": "2025-12-05"}, "geometry": {"coordinates": [151.25802592666673, -33.85853531999976, 0.0], "type": "Point", "geometries": null}}, {"type": "Feature", "properties": {"ModifiedDa": "2019-03-15", "SAPEquipID": 0, "AssetName": "Shelter - Picnic Shelter - 03", "d_SubtypeC": "Shelter", "d_AssetTyp": "Picnic", "d_AssetMat": "Steel Post and Roof Structure", "d_Branch": "Greater Sydney", "d_LGA": "Unincorporated", "Comments": null, "Easting": 338853.07, "Northing": 6252166.7, "Latitude": "33\u00c2\u00b0 51.511' S", "Longitude": "151\u00c2\u00b0 15.479' E", "VERDATE": "2025-12-05"}, "geometry": {"coordinates": [151.25798605333364, -33.85851139999983, 0.0], "type": "Point", "geometries": null}}, {"type": "Feature", "properties": {"ModifiedDa": "2019-03-15", "SAPEquipID": 0, "AssetName": "Shelter - Picnic Shelter - 04", "d_SubtypeC": "Shelter", "d_AssetTyp": "Picnic", "d_AssetMat": "Steel Post and Roof Structure", "d_Branch": "Greater Sydney", "d_LGA": "Unincorporated", "Comments": null, "Easting": 338849.63, "Northing": 6252169.39, "Latitude": "33\u00c2\u00b0 51.509' S", "Longitude": "151\u00c2\u00b0 15.477' E", "VERDATE": "2025-12-05"}, "geometry": {"coordinates": [151.25794937333364, -33.85848667999983, 0.0], "type": "Point", "geometries": null}}, {"type": "Feature", "properties": {"ModifiedDa": "2017-04-03", "SAPEquipID": 0, "AssetName": "Shelter - Toddlers Playplace DUA", "d_SubtypeC": "Shelter", "d_AssetTyp": "Other", "d_AssetMat": "Timber Post, Steel Roof Struct", "d_Branch": "Greater Sydney", "d_LGA": "Blacktown", "Comments": null, "Easting": 306309.58, "Northing": 6271283.99, "Latitude": "33\u00c2\u00b0 40.844' S", "Longitude": "150\u00c2\u00b0 54.634' E", "VERDATE": "2025-12-05"}, "geometry": {"coordinates": [150.91056413514866, -33.680730549564885, 0.0], "type": "Point", "geometries": null}}, {"type": "Feature", "properties": {"ModifiedDa": "2012-09-28", "SAPEquipID": 0, "AssetName": "Shelter - North East", "d_SubtypeC": "Shelter", "d_AssetTyp": "Picnic", "d_AssetMat": "Timber Post and Roof Structure", "d_Branch": "Greater Sydney", "d_LGA": "Blacktown", "Comments": null, "Easting": 305951.32, "Northing": 6271421.29, "Latitude": "33\u00c2\u00b0 40.766' S", "Longitude": "150\u00c2\u00b0 54.404' E", "VERDATE": "2025-12-05"}, "geometry": {"coordinates": [150.90673165783483, -33.67942761225635, 0.0], "type": "Point", "geometries": null}}, {"type": "Feature", "properties": {"ModifiedDa": "2012-09-28", "SAPEquipID": 0, "AssetName": "Shelter - South West", "d_SubtypeC": "Shelter", "d_AssetTyp": "Picnic", "d_AssetMat": "Timber Post and Roof Structure", "d_Branch": "Greater Sydney", "d_LGA": "Blacktown", "Comments": null, "Easting": 305932.28, "Northing": 6271413.06, "Latitude": "33\u00c2\u00b0 40.77' S", "Longitude": "150\u00c2\u00b0 54.391' E", "VERDATE": "2025-12-05"}, "geometry": {"coordinates": [150.90652458240606, -33.67949830981473, 0.0], "type": "Point", "geometries": null}}, {"type": "Feature", "properties": {"ModifiedDa": "2012-09-28", "SAPEquipID": 0, "AssetName": "Shelter - North West", "d_SubtypeC": "Shelter", "d_AssetTyp": "Picnic", "d_AssetMat": "Timber Post and Roof Structure", "d_Branch": "Greater Sydney", "d_LGA": "Blacktown", "Comments": null, "Easting": 305986.85, "Northing": 6271302.67, "Latitude": "33\u00c2\u00b0 40.83' S", "Longitude": "150\u00c2\u00b0 54.425' E", "VERDATE": "2025-12-05"}, "geometry": {"coordinates": [150.90708878652424, -33.68050319838267, 0.0], "type": "Point", "geometries": null}}, {"type": "Feature", "properties": {"ModifiedDa": "2012-09-28", "SAPEquipID": 0, "AssetName": "Shelter - South East", "d_SubtypeC": "Shelter", "d_AssetTyp": "Picnic", "d_AssetMat": "Timber Post and Roof Structure", "d_Branch": "Greater Sydney", "d_LGA": "Blacktown", "Comments": null, "Easting": 306026.34, "Northing": 6271289.89, "Latitude": "33\u00c2\u00b0 40.838' S", "Longitude": "150\u00c2\u00b0 54.451' E", "VERDATE": "2025-12-05"}, "geometry": {"coordinates": [150.90751173367096, -33.68062563184657, 0.0], "type": "Point", "geometries": null}}, {"type": "Feature", "properties": {"ModifiedDa": "2012-09-28", "SAPEquipID": 0, "AssetName": "Shelter - Fibrosa Pavillion", "d_SubtypeC": "Shelter", "d_AssetTyp": "Picnic", "d_AssetMat": "Timber Post and Roof Structure", "d_Branch": "Greater Sydney", "d_LGA": "Blacktown", "Comments": null, "Easting": 306070.39, "Northing": 6271246.93, "Latitude": "33\u00c2\u00b0 40.861' S", "Longitude": "150\u00c2\u00b0 54.479' E", "VERDATE": "2025-12-05"}, "geometry": {"coordinates": [150.90797726548124, -33.68102093744699, 0.0], "type": "Point", "geometries": null}}, {"type": "Feature", "properties": {"ModifiedDa": "2012-09-28", "SAPEquipID": 0, "AssetName": "Shelter - Crebra Pavillion", "d_SubtypeC": "Shelter", "d_AssetTyp": "Picnic", "d_AssetMat": "Timber Post and Roof Structure", "d_Branch": "Greater Sydney", "d_LGA": "Blacktown", "Comments": null, "Easting": 306085.08, "Northing": 6271274.12, "Latitude": "33\u00c2\u00b0 40.847' S", "Longitude": "150\u00c2\u00b0 54.488' E", "VERDATE": "2025-12-05"}, "geometry": {"coordinates": [150.90814150419772, -33.680778543755025, 0.0], "type": "Point", "geometries": null}}, {"type": "Feature", "properties": {"ModifiedDa": "2012-09-27", "SAPEquipID": 0, "AssetName": "Shelter - 01", "d_SubtypeC": "Shelter", "d_AssetTyp": "Picnic", "d_AssetMat": "Timber Post and Roof Structure", "d_Branch": "Greater Sydney", "d_LGA": "Blacktown", "Comments": null, "Easting": 306332.24, "Northing": 6271372.53, "Latitude": "33\u00c2\u00b0 40.796' S", "Longitude": "150\u00c2\u00b0 54.65' E", "VERDATE": "2025-12-05"}, "geometry": {"coordinates": [150.91082775543055, -33.67993661489163, 0.0], "type": "Point", "geometries": null}}, {"type": "Feature", "properties": {"ModifiedDa": "2012-09-27", "SAPEquipID": 0, "AssetName": "Shelter - 02", "d_SubtypeC": "Shelter", "d_AssetTyp": "Picnic", "d_AssetMat": "Steel Post and Roof Structure", "d_Branch": "Greater Sydney", "d_LGA": "Blacktown", "Comments": null, "Easting": 306326.18, "Northing": 6271305.75, "Latitude": "33\u00c2\u00b0 40.832' S", "Longitude": "150\u00c2\u00b0 54.645' E", "VERDATE": "2025-12-05"}, "geometry": {"coordinates": [150.910747844762, -33.68053737991954, 0.0], "type": "Point", "geometries": null}}, {"type": "Feature", "properties": {"ModifiedDa": "2012-09-27", "SAPEquipID": 0, "AssetName": "Shelter - 03", "d_SubtypeC": "Shelter", "d_AssetTyp": "Picnic", "d_AssetMat": "Steel Post and Roof Structure", "d_Branch": "Greater Sydney", "d_LGA": "Blacktown", "Comments": null, "Easting": 306340.54, "Northing": 6271318.5, "Latitude": "33\u00c2\u00b0 40.826' S", "Longitude": "150\u00c2\u00b0 54.654' E", "VERDATE": "2025-12-05"}, "geometry": {"coordinates": [150.91090542768723, -33.68042512906874, 0.0], "type": "Point", "geometries": null}}, {"type": "Feature", "properties": {"ModifiedDa": "2012-09-27", "SAPEquipID": 0, "AssetName": "Shelter - 04", "d_SubtypeC": "Shelter", "d_AssetTyp": "Picnic", "d_AssetMat": "Timber Post, Steel Roof Struct", "d_Branch": "Greater Sydney", "d_LGA": "Blacktown", "Comments": null, "Easting": 306336.8, "Northing": 6271291.6, "Latitude": "33\u00c2\u00b0 40.84' S", "Longitude": "150\u00c2\u00b0 54.652' E", "VERDATE": "2025-12-05"}, "geometry": {"coordinates": [150.91085923214473, -33.68066690013188, 0.0], "type": "Point", "geometries": null}}, {"type": "Feature", "properties": {"ModifiedDa": "2012-09-27", "SAPEquipID": 0, "AssetName": "Shelter - 05", "d_SubtypeC": "Shelter", "d_AssetTyp": "Picnic", "d_AssetMat": "Timber Post, Steel Roof Struct", "d_Branch": "Greater Sydney", "d_LGA": "Blacktown", "Comments": null, "Easting": 306359.0, "Northing": 6271314.66, "Latitude": "33\u00c2\u00b0 40.828' S", "Longitude": "150\u00c2\u00b0 54.666' E", "VERDATE": "2025-12-05"}, "geometry": {"coordinates": [150.9111035936121, -33.68046312166439, 0.0], "type": "Point", "geometries": null}}, {"type": "Feature", "properties": {"ModifiedDa": "2012-09-27", "SAPEquipID": 0, "AssetName": "Shelter - 01", "d_SubtypeC": "Shelter", "d_AssetTyp": "Picnic", "d_AssetMat": "Timber Post, Steel Roof Struct", "d_Branch": "Greater Sydney", "d_LGA": "Blacktown", "Comments": null, "Easting": 306378.71, "Northing": 6271519.73, "Latitude": "33\u00c2\u00b0 40.717' S", "Longitude": "150\u00c2\u00b0 54.682' E", "VERDATE": "2025-12-05"}, "geometry": {"coordinates": [150.9113608024104, -33.67861830663725, 0.0], "type": "Point", "geometries": null}}, {"type": "Feature", "properties": {"ModifiedDa": "2012-09-27", "SAPEquipID": 0, "AssetName": "Shelter - 02", "d_SubtypeC": "Shelter", "d_AssetTyp": "Picnic", "d_AssetMat": "Timber Post, Steel Roof Struct", "d_Branch": "Greater Sydney", "d_LGA": "Blacktown", "Comments": null, "Easting": 306372.11, "Northing": 6271573.35, "Latitude": "33\u00c2\u00b0 40.688' S", "Longitude": "150\u00c2\u00b0 54.678' E", "VERDATE": "2025-12-05"}, "geometry": {"coordinates": [150.91130133333309, -33.67813383333316, 0.0], "type": "Point", "geometries": null}}, {"type": "Feature", "properties": {"ModifiedDa": "2012-09-27", "SAPEquipID": 0, "AssetName": "Shelter - 03", "d_SubtypeC": "Shelter", "d_AssetTyp": "Picnic", "d_AssetMat": "Timber Post, Steel Roof Struct", "d_Branch": "Greater Sydney", "d_LGA": "Blacktown", "Comments": null, "Easting": 306359.74, "Northing": 6271586.4, "Latitude": "33\u00c2\u00b0 40.681' S", "Longitude": "150\u00c2\u00b0 54.67' E", "VERDATE": "2025-12-05"}, "geometry": {"coordinates": [150.91117083333313, -33.67801388666652, 0.0], "type": "Point", "geometries": null}}, {"type": "Feature", "properties": {"ModifiedDa": "2012-09-27", "SAPEquipID": 0, "AssetName": "Shelter - 04", "d_SubtypeC": "Shelter", "d_AssetTyp": "Bird Hide", "d_AssetMat": "Timber Post and Roof Structure", "d_Branch": "Greater Sydney", "d_LGA": "Blacktown", "Comments": null, "Easting": 306504.39, "Northing": 6271461.79, "Latitude": "33\u00c2\u00b0 40.75' S", "Longitude": "150\u00c2\u00b0 54.762' E", "VERDATE": "2025-12-05"}, "geometry": {"coordinates": [150.91270316666646, -33.67916344666651, 0.0], "type": "Point", "geometries": null}}, {"type": "Feature", "properties": {"ModifiedDa": "2010-08-06", "SAPEquipID": 0, "AssetName": "Shelter - Information 01", "d_SubtypeC": "Shelter", "d_AssetTyp": "Other", "d_AssetMat": "Timber Post and Roof Structure", "d_Branch": "Greater Sydney", "d_LGA": "Hawkesbury", "Comments": null, "Easting": 306827.95, "Northing": 6284363.86, "Latitude": "33\u00c2\u00b0 33.776' S", "Longitude": "150\u00c2\u00b0 55.139' E", "VERDATE": "2025-12-05"}, "geometry": {"coordinates": [150.91899005333278, -33.56292955333322, 0.0], "type": "Point", "geometries": null}}, {"type": "Feature", "properties": {"ModifiedDa": "2010-08-06", "SAPEquipID": 0, "AssetName": "Shelter - Information 02", "d_SubtypeC": "Shelter", "d_AssetTyp": "Picnic", "d_AssetMat": "Steel Post, Timber Roof Struct", "d_Branch": "Greater Sydney", "d_LGA": "Hawkesbury", "Comments": null, "Easting": 307034.74, "Northing": 6284578.54, "Latitude": "33\u00c2\u00b0 33.662' S", "Longitude": "150\u00c2\u00b0 55.276' E", "VERDATE": "2025-12-05"}, "geometry": {"coordinates": [150.92126288666623, -33.56103188666657, 0.0], "type": "Point", "geometries": null}}, {"type": "Feature", "properties": {"ModifiedDa": "2010-08-06", "SAPEquipID": 0, "AssetName": "Shelter - Information 03", "d_SubtypeC": "Shelter", "d_AssetTyp": "Other", "d_AssetMat": "Steel Post and Roof Structure", "d_Branch": "Greater Sydney", "d_LGA": "Hawkesbury", "Comments": null, "Easting": 307050.85, "Northing": 6284553.79, "Latitude": "33\u00c2\u00b0 33.675' S", "Longitude": "150\u00c2\u00b0 55.286' E", "VERDATE": "2025-12-05"}, "geometry": {"coordinates": [150.92143099999976, -33.561257886666624, 0.0], "type": "Point", "geometries": null}}, {"type": "Feature", "properties": {"ModifiedDa": "2010-08-06", "SAPEquipID": 0, "AssetName": "Shelter - Information 04", "d_SubtypeC": "Shelter", "d_AssetTyp": "Picnic", "d_AssetMat": "Steel Post, Timber Roof Struct", "d_Branch": "Greater Sydney", "d_LGA": "Hawkesbury", "Comments": null, "Easting": 307111.12, "Northing": 6284485.86, "Latitude": "33\u00c2\u00b0 33.713' S", "Longitude": "150\u00c2\u00b0 55.324' E", "VERDATE": "2025-12-05"}, "geometry": {"coordinates": [150.92206516666636, -33.56188111333324, 0.0], "type": "Point", "geometries": null}}, {"type": "Feature", "properties": {"ModifiedDa": "2010-08-06", "SAPEquipID": 0, "AssetName": "Shelter - Information", "d_SubtypeC": "Shelter", "d_AssetTyp": "Display", "d_AssetMat": "Steel Post and Roof Structure", "d_Branch": "Greater Sydney", "d_LGA": "Hawkesbury", "Comments": null, "Easting": 307589.79, "Northing": 6284662.5, "Latitude": "33\u00c2\u00b0 33.623' S", "Longitude": "150\u00c2\u00b0 55.635' E", "VERDATE": "2025-12-05"}, "geometry": {"coordinates": [150.92725683333288, -33.560375333333184, 0.0], "type": "Point", "geometries": null}}, {"type": "Feature", "properties": {"ModifiedDa": "2010-08-06", "SAPEquipID": 0, "AssetName": "Shelter - 01", "d_SubtypeC": "Shelter", "d_AssetTyp": "Display", "d_AssetMat": "Steel Post and Roof Structure", "d_Branch": "Greater Sydney", "d_LGA": "Hawkesbury", "Comments": null, "Easting": 307424.39, "Northing": 6284521.39, "Latitude": "33\u00c2\u00b0 33.697' S", "Longitude": "150\u00c2\u00b0 55.527' E", "VERDATE": "2025-12-05"}, "geometry": {"coordinates": [150.92544563333308, -33.561617459999866, 0.0], "type": "Point", "geometries": null}}, {"type": "Feature", "properties": {"ModifiedDa": "2012-05-31", "SAPEquipID": 0, "AssetName": "Shelter - Picnic - 01", "d_SubtypeC": "Shelter", "d_AssetTyp": "Picnic", "d_AssetMat": "Timber Post, Steel Roof Struct", "d_Branch": "Greater Sydney", "d_LGA": "Hawkesbury", "Comments": null, "Easting": 303962.52, "Northing": 6279237.98, "Latitude": "33\u00c2\u00b0 36.516' S", "Longitude": "150\u00c2\u00b0 53.221' E", "VERDATE": "2025-12-05"}, "geometry": {"coordinates": [150.8870130318786, -33.60860831168435, 0.0], "type": "Point", "geometries": null}}, {"type": "Feature", "properties": {"ModifiedDa": "2012-05-31", "SAPEquipID": 0, "AssetName": "Shelter - Information", "d_SubtypeC": "Shelter", "d_AssetTyp": "Display", "d_AssetMat": "Timber Post and Roof Structure", "d_Branch": "Greater Sydney", "d_LGA": "Hawkesbury", "Comments": null, "Easting": 303967.51, "Northing": 6279220.74, "Latitude": "33\u00c2\u00b0 36.526' S", "Longitude": "150\u00c2\u00b0 53.224' E", "VERDATE": "2025-12-05"}, "geometry": {"coordinates": [150.88706304089862, -33.608764646188774, 0.0], "type": "Point", "geometries": null}}, {"type": "Feature", "properties": {"ModifiedDa": "2012-05-30", "SAPEquipID": 0, "AssetName": "Shelter - Picnic - 02", "d_SubtypeC": "Shelter", "d_AssetTyp": "Picnic", "d_AssetMat": "Timber Post, Steel Roof Struct", "d_Branch": "Greater Sydney", "d_LGA": "Hawkesbury", "Comments": null, "Easting": 304010.44, "Northing": 6279201.88, "Latitude": "33\u00c2\u00b0 36.537' S", "Longitude": "150\u00c2\u00b0 53.251' E", "VERDATE": "2025-12-05"}, "geometry": {"coordinates": [150.8875213666663, -33.608942573333195, 0.0], "type": "Point", "geometries": null}}, {"type": "Feature", "properties": {"ModifiedDa": "2016-04-06", "SAPEquipID": 0, "AssetName": "Shelter - Jennifer St", "d_SubtypeC": "Shelter", "d_AssetTyp": "Display", "d_AssetMat": "Timber Post, Steel Roof Struct", "d_Branch": "Greater Sydney", "d_LGA": "Randwick", "Comments": null, "Easting": 337530.45, "Northing": 6238057.66, "Latitude": "33\u00c2\u00b0 59.13' S", "Longitude": "151\u00c2\u00b0 14.465' E", "VERDATE": "2025-12-05"}, "geometry": {"coordinates": [151.24108161333368, -33.985498446666384, 0.0], "type": "Point", "geometries": null}}, {"type": "Feature", "properties": {"ModifiedDa": "2016-04-06", "SAPEquipID": 0, "AssetName": "Shelter - cemetery info", "d_SubtypeC": "Shelter", "d_AssetTyp": "Display", "d_AssetMat": "Timber Post, Steel Roof Struct", "d_Branch": "Greater Sydney", "d_LGA": "Randwick", "Comments": null, "Easting": 338377.18, "Northing": 6237515.68, "Latitude": "33\u00c2\u00b0 59.431' S", "Longitude": "151\u00c2\u00b0 15.009' E", "VERDATE": "2025-12-05"}, "geometry": {"coordinates": [151.2501445000006, -33.99051494666651, 0.0], "type": "Point", "geometries": null}}, {"type": "Feature", "properties": {"ModifiedDa": "2010-08-06", "SAPEquipID": 0, "AssetName": "Shelter", "d_SubtypeC": "Shelter", "d_AssetTyp": "Other", "d_AssetMat": "Steel Post, Timber Roof Struct", "d_Branch": "Greater Sydney", "d_LGA": "Liverpool", "Comments": null, "Easting": 281582.96, "Northing": 6242766.15, "Latitude": "33\u00c2\u00b0 55.975' S", "Longitude": "150\u00c2\u00b0 38.217' E", "VERDATE": "2025-12-05"}, "geometry": {"coordinates": [150.63695428000028, -33.932923553333296, 0.0], "type": "Point", "geometries": null}}, {"type": "Feature", "properties": {"ModifiedDa": "2016-04-06", "SAPEquipID": 0, "AssetName": "Shelter - Athol Hall", "d_SubtypeC": "Shelter", "d_AssetTyp": null, "d_AssetMat": null, "d_Branch": "Greater Sydney", "d_LGA": "Mosman", "Comments": "new", "Easting": 337660.05, "Northing": 6253388.33, "Latitude": "33\u00c2\u00b0 50.839' S", "Longitude": "151\u00c2\u00b0 14.719' E", "VERDATE": "2025-12-05"}, "geometry": {"coordinates": [151.24532000000056, -33.847315613333194, 0.0], "type": "Point", "geometries": null}}, {"type": "Feature", "properties": {"ModifiedDa": "2016-04-06", "SAPEquipID": 0, "AssetName": "Shelter - Gazebo", "d_SubtypeC": "Shelter", "d_AssetTyp": null, "d_AssetMat": null, "d_Branch": "Greater Sydney", "d_LGA": "Unincorporated", "Comments": "NEW", "Easting": 329140.77, "Northing": 6251438.26, "Latitude": "33\u00c2\u00b0 51.813' S", "Longitude": "151\u00c2\u00b0 9.174' E", "VERDATE": "2025-12-05"}, "geometry": {"coordinates": [151.15290016666688, -33.863549613333305, 0.0], "type": "Point", "geometries": null}}, {"type": "Feature", "properties": {"ModifiedDa": "2016-04-06", "SAPEquipID": 0, "AssetName": "Shelter - BBQ - Moola", "d_SubtypeC": "Shelter", "d_AssetTyp": "BBQ", "d_AssetMat": "Timber Post, Steel Roof Struct", "d_Branch": "Greater Sydney", "d_LGA": "Ryde", "Comments": "bbq shelter", "Easting": 328804.88, "Northing": 6259249.53, "Latitude": "33\u00c2\u00b0 47.585' S", "Longitude": "151\u00c2\u00b0 9.047' E", "VERDATE": "2025-12-05"}, "geometry": {"coordinates": [151.15078777490123, -33.79308083628996, 0.0], "type": "Point", "geometries": null}}, {"type": "Feature", "properties": {"ModifiedDa": "2016-04-06", "SAPEquipID": 0, "AssetName": "Shelter - BBQ - Area 30", "d_SubtypeC": "Shelter", "d_AssetTyp": "BBQ", "d_AssetMat": "Timber Post, Steel Roof Struct", "d_Branch": "Greater Sydney", "d_LGA": "Ku-Ring-Gai", "Comments": "bbq shelter", "Easting": 328650.23, "Northing": 6259171.48, "Latitude": "33\u00c2\u00b0 47.626' S", "Longitude": "151\u00c2\u00b0 8.946' E", "VERDATE": "2025-12-05"}, "geometry": {"coordinates": [151.14910289027648, -33.79375939878042, 0.0], "type": "Point", "geometries": null}}, {"type": "Feature", "properties": {"ModifiedDa": "2012-01-15", "SAPEquipID": 0, "AssetName": "Shelter - Reids Flat", "d_SubtypeC": "Shelter", "d_AssetTyp": "BBQ", "d_AssetMat": "Timber Post, Steel Roof Struct", "d_Branch": "Greater Sydney", "d_LGA": "Sutherland", "Comments": null, "Easting": 320959.48, "Northing": 6228376.77, "Latitude": "34\u00c2\u00b0 4.204' S", "Longitude": "151\u00c2\u00b0 3.587' E", "VERDATE": "2025-12-05"}, "geometry": {"coordinates": [151.0597821529734, -34.07006423153132, 0.0], "type": "Point", "geometries": null}}, {"type": "Feature", "properties": {"ModifiedDa": "2016-04-06", "SAPEquipID": 0, "AssetName": "Shelter - Davidson boat ramp", "d_SubtypeC": "Shelter", "d_AssetTyp": "Display", "d_AssetMat": "Steel Post and Roof Structure", "d_Branch": "Greater Sydney", "d_LGA": "Northern Beaches", "Comments": null, "Easting": 334118.93, "Northing": 6261324.23, "Latitude": "33\u00c2\u00b0 46.513' S", "Longitude": "151\u00c2\u00b0 12.513' E", "VERDATE": "2025-12-05"}, "geometry": {"coordinates": [151.20855356736456, -33.775224722933615, 0.0], "type": "Point", "geometries": null}}, {"type": "Feature", "properties": {"ModifiedDa": "2018-06-04", "SAPEquipID": 0, "AssetName": "Shelter - BBQ - swst of nth camp kitchen", "d_SubtypeC": "Shelter", "d_AssetTyp": "BBQ", "d_AssetMat": "Timber Post and Roof Structure", "d_Branch": "Greater Sydney", "d_LGA": "Ryde", "Comments": null, "Easting": 328076.42, "Northing": 6259811.69, "Latitude": "33\u00c2\u00b0 47.274' S", "Longitude": "151\u00c2\u00b0 8.582' E", "VERDATE": "2025-12-05"}, "geometry": {"coordinates": [151.14303215351276, -33.78789512957002, 0.0], "type": "Point", "geometries": null}}, {"type": "Feature", "properties": {"ModifiedDa": "2018-06-04", "SAPEquipID": 0, "AssetName": "Shelter -  Playground Shade Sail", "d_SubtypeC": "Shelter", "d_AssetTyp": "Other", "d_AssetMat": "Other", "d_Branch": "Greater Sydney", "d_LGA": "Ryde", "Comments": "SHADE SAILS x 3", "Easting": 328083.94, "Northing": 6259787.97, "Latitude": "33\u00c2\u00b0 47.287' S", "Longitude": "151\u00c2\u00b0 8.587' E", "VERDATE": "2025-12-05"}, "geometry": {"coordinates": [151.14310871591908, -33.78811009524418, 0.0], "type": "Point", "geometries": null}}, {"type": "Feature", "properties": {"ModifiedDa": "2018-06-04", "SAPEquipID": 0, "AssetName": "Shelter - Camp Kitchen - east", "d_SubtypeC": "Shelter", "d_AssetTyp": "Camp Kitchen", "d_AssetMat": "Other", "d_Branch": "Greater Sydney", "d_LGA": "Ryde", "Comments": "Canvas tent camp kitchen. 2x fridge 2x microwave, 2x toaster, small hot water urn, sink", "Easting": 328243.33, "Northing": 6259496.56, "Latitude": "33\u00c2\u00b0 47.446' S", "Longitude": "151\u00c2\u00b0 8.686' E", "VERDATE": "2025-12-05"}, "geometry": {"coordinates": [151.14477284948975, -33.790762987823484, 0.0], "type": "Point", "geometries": null}}, {"type": "Feature", "properties": {"ModifiedDa": "2018-06-04", "SAPEquipID": 0, "AssetName": "Shelter - BBQ - nr cabin L1", "d_SubtypeC": "Shelter", "d_AssetTyp": "BBQ", "d_AssetMat": "Timber Post and Roof Structure", "d_Branch": "Greater Sydney", "d_LGA": "Ryde", "Comments": null, "Easting": 328214.05, "Northing": 6259463.56, "Latitude": "33\u00c2\u00b0 47.463' S", "Longitude": "151\u00c2\u00b0 8.667' E", "VERDATE": "2025-12-05"}, "geometry": {"coordinates": [151.1444503202789, -33.79105570734714, 0.0], "type": "Point", "geometries": null}}, {"type": "Feature", "properties": {"ModifiedDa": "2018-06-04", "SAPEquipID": 0, "AssetName": "Shelter - BBQ - nr site 198", "d_SubtypeC": "Shelter", "d_AssetTyp": "BBQ", "d_AssetMat": "Timber Post and Roof Structure", "d_Branch": "Greater Sydney", "d_LGA": "Ryde", "Comments": null, "Easting": 328173.18, "Northing": 6259653.28, "Latitude": "33\u00c2\u00b0 47.36' S", "Longitude": "151\u00c2\u00b0 8.643' E", "VERDATE": "2025-12-05"}, "geometry": {"coordinates": [151.14404597774205, -33.78933877525117, 0.0], "type": "Point", "geometries": null}}, {"type": "Feature", "properties": {"ModifiedDa": "2018-06-04", "SAPEquipID": 0, "AssetName": "Shelter - BBQ nr playground", "d_SubtypeC": "Shelter", "d_AssetTyp": "BBQ", "d_AssetMat": "Steel Post and Roof Structure", "d_Branch": "Greater Sydney", "d_LGA": "Ryde", "Comments": null, "Easting": 328094.82, "Northing": 6259771.16, "Latitude": "33\u00c2\u00b0 47.296' S", "Longitude": "151\u00c2\u00b0 8.593' E", "VERDATE": "2025-12-05"}, "geometry": {"coordinates": [151.14322290686573, -33.78826344117374, 0.0], "type": "Point", "geometries": null}}, {"type": "Feature", "properties": {"ModifiedDa": "2018-06-04", "SAPEquipID": 0, "AssetName": "Shelter - BBQ - nr site 162", "d_SubtypeC": "Shelter", "d_AssetTyp": "BBQ", "d_AssetMat": "Steel Post and Roof Structure", "d_Branch": "Greater Sydney", "d_LGA": "Ryde", "Comments": null, "Easting": 328124.89, "Northing": 6259773.09, "Latitude": "33\u00c2\u00b0 47.295' S", "Longitude": "151\u00c2\u00b0 8.613' E", "VERDATE": "2025-12-05"}, "geometry": {"coordinates": [151.1435479497576, -33.78825088605714, 0.0], "type": "Point", "geometries": null}}, {"type": "Feature", "properties": {"ModifiedDa": "2018-06-04", "SAPEquipID": 0, "AssetName": "Shelter - Camp Kitchen - north", "d_SubtypeC": "Shelter", "d_AssetTyp": "Camp Kitchen", "d_AssetMat": "Steel Post and Roof Structure", "d_Branch": "Greater Sydney", "d_LGA": "Ryde", "Comments": "2x sinks, 2x fridge, microwave, hot water urn", "Easting": 328074.7, "Northing": 6259823.32, "Latitude": "33\u00c2\u00b0 47.267' S", "Longitude": "151\u00c2\u00b0 8.581' E", "VERDATE": "2025-12-05"}, "geometry": {"coordinates": [151.14301587244677, -33.78779001266065, 0.0], "type": "Point", "geometries": null}}, {"type": "Feature", "properties": {"ModifiedDa": "2016-07-26", "SAPEquipID": 0, "AssetName": "Bird Hide - Pitt Town Lagoon", "d_SubtypeC": "Shelter", "d_AssetTyp": "Bird Hide", "d_AssetMat": "Other", "d_Branch": "Greater Sydney", "d_LGA": "Hawkesbury", "Comments": "Bessa Block", "Easting": 300966.92, "Northing": 6281504.58, "Latitude": "33\u00c2\u00b0 35.257' S", "Longitude": "150\u00c2\u00b0 51.315' E", "VERDATE": "2025-12-05"}, "geometry": {"coordinates": [150.8552505872026, -33.58762345559978, 0.0], "type": "Point", "geometries": null}}, {"type": "Feature", "properties": {"ModifiedDa": "2020-04-01", "SAPEquipID": 0, "AssetName": "Shelter - 01", "d_SubtypeC": "Shelter", "d_AssetTyp": "Picnic", "d_AssetMat": "Steel Post and Roof Structure", "d_Branch": "Greater Sydney", "d_LGA": "Liverpool", "Comments": "concrete base", "Easting": 300522.12, "Northing": 6238649.2, "Latitude": "33\u00c2\u00b0 58.427' S", "Longitude": "150\u00c2\u00b0 50.447' E", "VERDATE": "2025-12-05"}, "geometry": {"coordinates": [150.8407854031982, -33.97378930969103, 0.0], "type": "Point", "geometries": null}}, {"type": "Feature", "properties": {"ModifiedDa": "2020-04-01", "SAPEquipID": 0, "AssetName": "Shelter - 02", "d_SubtypeC": "Shelter", "d_AssetTyp": "Picnic", "d_AssetMat": "Steel Post and Roof Structure", "d_Branch": "Greater Sydney", "d_LGA": "Liverpool", "Comments": "concrete base", "Easting": 300508.69, "Northing": 6238689.35, "Latitude": "33\u00c2\u00b0 58.405' S", "Longitude": "150\u00c2\u00b0 50.439' E", "VERDATE": "2025-12-05"}, "geometry": {"coordinates": [150.84064932213585, -33.97342484444971, 0.0], "type": "Point", "geometries": null}}, {"type": "Feature", "properties": {"ModifiedDa": "2022-10-31", "SAPEquipID": 0, "AssetName": "Shelter - RHILL - NEW", "d_SubtypeC": "Shelter", "d_AssetTyp": "Picnic", "d_AssetMat": "Steel Post and Roof Structure", "d_Branch": "Greater Sydney", "d_LGA": "Blacktown", "Comments": null, "Easting": 306360.24, "Northing": 6271457.15, "Latitude": "33\u00c2\u00b0 40.751' S", "Longitude": "150\u00c2\u00b0 54.669' E", "VERDATE": "2025-12-05"}, "geometry": {"coordinates": [150.91114800000003, -33.679178999999976, 0.0], "type": "Point", "geometries": null}}, {"type": "Feature", "properties": {"ModifiedDa": "2021-03-19", "SAPEquipID": 0, "AssetName": "Shelter - Koonjeree Rotunda", "d_SubtypeC": "Shelter", "d_AssetTyp": "Picnic", "d_AssetMat": "Timber Post, Steel Roof Struct", "d_Branch": "Greater Sydney", "d_LGA": "Ryde", "Comments": null, "Easting": 329254.83, "Northing": 6259395.36, "Latitude": "33\u00c2\u00b0 47.51' S", "Longitude": "151\u00c2\u00b0 9.34' E", "VERDATE": "2025-12-05"}, "geometry": {"coordinates": [151.1556740000001, -33.79183899999998, 0.0], "type": "Point", "geometries": null}}, {"type": "Feature", "properties": {"ModifiedDa": "2021-03-19", "SAPEquipID": 0, "AssetName": "Shelter - Blue Wren Rotunda", "d_SubtypeC": "Shelter", "d_AssetTyp": "Picnic", "d_AssetMat": "Timber Post, Steel Roof Struct", "d_Branch": "Greater Sydney", "d_LGA": "Ryde", "Comments": null, "Easting": 329008.85, "Northing": 6259435.66, "Latitude": "33\u00c2\u00b0 47.486' S", "Longitude": "151\u00c2\u00b0 9.182' E", "VERDATE": "2025-12-05"}, "geometry": {"coordinates": [151.15302599999995, -33.791435999999976, 0.0], "type": "Point", "geometries": null}}, {"type": "Feature", "properties": {"ModifiedDa": "2021-03-19", "SAPEquipID": 0, "AssetName": "Shelter - Blackbutt Rotunda 1", "d_SubtypeC": "Shelter", "d_AssetTyp": "Picnic", "d_AssetMat": "Timber Post, Steel Roof Struct", "d_Branch": "Greater Sydney", "d_LGA": "Ryde", "Comments": null, "Easting": 328375.58, "Northing": 6259595.78, "Latitude": "33\u00c2\u00b0 47.393' S", "Longitude": "151\u00c2\u00b0 8.773' E", "VERDATE": "2025-12-05"}, "geometry": {"coordinates": [151.14621999999997, -33.789890000000014, 0.0], "type": "Point", "geometries": null}}, {"type": "Feature", "properties": {"ModifiedDa": "2021-03-19", "SAPEquipID": 0, "AssetName": "Shelter - Blackbutt Rotunda 2", "d_SubtypeC": "Shelter", "d_AssetTyp": "Picnic", "d_AssetMat": "Timber Post, Steel Roof Struct", "d_Branch": "Greater Sydney", "d_LGA": "Ryde", "Comments": null, "Easting": 328375.74, "Northing": 6259586.91, "Latitude": "33\u00c2\u00b0 47.398' S", "Longitude": "151\u00c2\u00b0 8.773' E", "VERDATE": "2025-12-05"}, "geometry": {"coordinates": [151.14621999999997, -33.78996999999998, 0.0], "type": "Point", "geometries": null}}, {"type": "Feature", "properties": {"ModifiedDa": "2021-03-19", "SAPEquipID": 0, "AssetName": "Shelter - Commandment Rock Rotunda 1", "d_SubtypeC": "Shelter", "d_AssetTyp": "Picnic", "d_AssetMat": "Timber Post, Steel Roof Struct", "d_Branch": "Greater Sydney", "d_LGA": "Ryde", "Comments": null, "Easting": 328423.85, "Northing": 6259693.16, "Latitude": "33\u00c2\u00b0 47.341' S", "Longitude": "151\u00c2\u00b0 8.806' E", "VERDATE": "2025-12-05"}, "geometry": {"coordinates": [151.14676000000009, -33.789019999999994, 0.0], "type": "Point", "geometries": null}}, {"type": "Feature", "properties": {"ModifiedDa": "2021-03-19", "SAPEquipID": 0, "AssetName": "Shelter - Commandment Rock Rotunda 2", "d_SubtypeC": "Shelter", "d_AssetTyp": "Picnic", "d_AssetMat": "Timber Post, Steel Roof Struct", "d_Branch": "Greater Sydney", "d_LGA": "Ryde", "Comments": null, "Easting": 328403.9, "Northing": 6259669.5, "Latitude": "33\u00c2\u00b0 47.354' S", "Longitude": "151\u00c2\u00b0 8.792' E", "VERDATE": "2025-12-05"}, "geometry": {"coordinates": [151.14653999999996, -33.789229999999975, 0.0], "type": "Point", "geometries": null}}, {"type": "Feature", "properties": {"ModifiedDa": "2022-10-31", "SAPEquipID": 0, "AssetName": "Shelter - Gable Large", "d_SubtypeC": "Shelter", "d_AssetTyp": "Picnic", "d_AssetMat": "Timber Post, Steel Roof Struct", "d_Branch": "Greater Sydney", "d_LGA": "Ku-Ring-Gai", "Comments": null, "Easting": 328661.33, "Northing": 6259178.27, "Latitude": "33\u00c2\u00b0 47.622' S", "Longitude": "151\u00c2\u00b0 8.953' E", "VERDATE": "2025-12-05"}, "geometry": {"coordinates": [151.149224, -33.793699999999944, 0.0], "type": "Point", "geometries": null}}, {"type": "Feature", "properties": {"ModifiedDa": "2024-03-04", "SAPEquipID": 0, "AssetName": "Large Shelter - The Clearings", "d_SubtypeC": "Shelter", "d_AssetTyp": "Picnic", "d_AssetMat": "Steel Post and Roof Structure", "d_Branch": "Greater Sydney", "d_LGA": "Blacktown", "Comments": null, "Easting": 293640.0, "Northing": 6265851.0, "Latitude": "33\u00c2\u00b0 43.639' S", "Longitude": "150\u00c2\u00b0 46.363' E", "VERDATE": "2025-12-05"}, "geometry": {"coordinates": [150.7727143803611, -33.727309567560724, 0.0], "type": "Point", "geometries": null}}, {"type": "Feature", "properties": {"ModifiedDa": "2024-03-04", "SAPEquipID": 0, "AssetName": "Shelter 1 - The Clearings", "d_SubtypeC": "Shelter", "d_AssetTyp": "Picnic", "d_AssetMat": "Steel Post and Roof Structure", "d_Branch": "Greater Sydney", "d_LGA": "Blacktown", "Comments": null, "Easting": 293575.0, "Northing": 6265899.0, "Latitude": "33\u00c2\u00b0 43.612' S", "Longitude": "150\u00c2\u00b0 46.321' E", "VERDATE": "2025-12-05"}, "geometry": {"coordinates": [150.77202446965077, -33.72686431585123, 0.0], "type": "Point", "geometries": null}}, {"type": "Feature", "properties": {"ModifiedDa": "2024-03-04", "SAPEquipID": 0, "AssetName": "Shelter 2 - The Clearings", "d_SubtypeC": "Shelter", "d_AssetTyp": "Picnic", "d_AssetMat": "Steel Post and Roof Structure", "d_Branch": "Greater Sydney", "d_LGA": "Blacktown", "Comments": null, "Easting": 293578.0, "Northing": 6265934.0, "Latitude": "33\u00c2\u00b0 43.593' S", "Longitude": "150\u00c2\u00b0 46.324' E", "VERDATE": "2025-12-05"}, "geometry": {"coordinates": [150.7720649823267, -33.7265494630625, 0.0], "type": "Point", "geometries": null}}, {"type": "Feature", "properties": {"ModifiedDa": "2024-03-04", "SAPEquipID": 0, "AssetName": "Shelter - Gable Large", "d_SubtypeC": "Shelter", "d_AssetTyp": "Picnic", "d_AssetMat": "Timber Post, Steel Roof Struct", "d_Branch": "Greater Sydney", "d_LGA": "Ku-Ring-Gai", "Comments": null, "Easting": 328555.0, "Northing": 6259320.0, "Latitude": "33\u00c2\u00b0 47.544' S", "Longitude": "151\u00c2\u00b0 8.886' E", "VERDATE": "2025-12-05"}, "geometry": {"coordinates": [151.1481035126301, -33.79240511093144, 0.0], "type": "Point", "geometries": null}}, {"type": "Feature", "properties": {"ModifiedDa": "2025-01-13", "SAPEquipID": 0, "AssetName": "Shelter - Whale Watch Platform", "d_SubtypeC": "Shelter", "d_AssetTyp": "Other", "d_AssetMat": "Other", "d_Branch": "Greater Sydney", "d_LGA": "Sutherland", "Comments": null, "Easting": 336645.44, "Northing": 6234540.83, "Latitude": "34\u00c2\u00b0 1.024' S", "Longitude": "151\u00c2\u00b0 13.851' E", "VERDATE": "2025-12-05"}, "geometry": {"coordinates": [151.23084700000015, -34.01706399999995, 0.0], "type": "Point", "geometries": null}}, {"type": "Feature", "properties": {"ModifiedDa": "2025-01-13", "SAPEquipID": 0, "AssetName": "Shelter - Playground Shade Sail - 01", "d_SubtypeC": "Shelter", "d_AssetTyp": "Other", "d_AssetMat": "Other", "d_Branch": "Greater Sydney", "d_LGA": "Hornsby", "Comments": null, "Easting": 329262.4, "Northing": 6273846.87, "Latitude": "33\u00c2\u00b0 39.694' S", "Longitude": "151\u00c2\u00b0 9.512' E", "VERDATE": "2025-12-05"}, "geometry": {"coordinates": [151.15854100000013, -33.661564999999996, 0.0], "type": "Point", "geometries": null}}, {"type": "Feature", "properties": {"ModifiedDa": "2025-01-13", "SAPEquipID": 0, "AssetName": "Shelter - Playground Shade Sail - 02", "d_SubtypeC": "Shelter", "d_AssetTyp": "Other", "d_AssetMat": "Other", "d_Branch": "Greater Sydney", "d_LGA": "Hornsby", "Comments": null, "Easting": 329264.3, "Northing": 6273833.6, "Latitude": "33\u00c2\u00b0 39.701' S", "Longitude": "151\u00c2\u00b0 9.514' E", "VERDATE": "2025-12-05"}, "geometry": {"coordinates": [151.15855899999997, -33.66168499999998, 0.0], "type": "Point", "geometries": null}}, {"type": "Feature", "properties": {"ModifiedDa": "2025-01-13", "SAPEquipID": 0, "AssetName": "Shelter - Playground Shade Sail - 03", "d_SubtypeC": "Shelter", "d_AssetTyp": "Other", "d_AssetMat": "Other", "d_Branch": "Greater Sydney", "d_LGA": "Hornsby", "Comments": null, "Easting": 329255.12, "Northing": 6273807.81, "Latitude": "33\u00c2\u00b0 39.715' S", "Longitude": "151\u00c2\u00b0 9.507' E", "VERDATE": "2025-12-05"}, "geometry": {"coordinates": [151.15845500000012, -33.66191600000002, 0.0], "type": "Point", "geometries": null}}, {"type": "Feature", "properties": {"ModifiedDa": "2025-05-08", "SAPEquipID": 0, "AssetName": "Shelter - Bus Stop North Fort", "d_SubtypeC": "Shelter", "d_AssetTyp": "Bus", "d_AssetMat": "Timber Post, Steel Roof Struct", "d_Branch": "Greater Sydney", "d_LGA": "Northern Beaches", "Comments": null, "Easting": 342203.88, "Northing": 6256677.72, "Latitude": "33\u00c2\u00b0 49.101' S", "Longitude": "151\u00c2\u00b0 17.7' E", "VERDATE": "2025-12-05"}, "geometry": {"coordinates": [151.295002442802, -33.818350429678674, 0.0], "type": "Point", "geometries": null}}, {"type": "Feature", "properties": {"ModifiedDa": "2025-05-08", "SAPEquipID": 0, "AssetName": "Shelter - Picnic Carpark 01", "d_SubtypeC": "Shelter", "d_AssetTyp": "Picnic", "d_AssetMat": "Other", "d_Branch": "Greater Sydney", "d_LGA": "Northern Beaches", "Comments": null, "Easting": 342386.3, "Northing": 6256584.95, "Latitude": "33\u00c2\u00b0 49.153' S", "Longitude": "151\u00c2\u00b0 17.817' E", "VERDATE": "2025-12-05"}, "geometry": {"coordinates": [151.29695612146384, -33.819213997850056, 0.0], "type": "Point", "geometries": null}}, {"type": "Feature", "properties": {"ModifiedDa": "2025-07-17", "SAPEquipID": 0, "AssetName": "Shelter - Campground 01", "d_SubtypeC": "Shelter", "d_AssetTyp": "BBQ", "d_AssetMat": "Steel Post and Roof Structure", "d_Branch": "Greater Sydney", "d_LGA": "Sutherland", "Comments": null, "Easting": 328207.24, "Northing": 6227039.02, "Latitude": "34\u00c2\u00b0 5.0' S", "Longitude": "151\u00c2\u00b0 8.281' E", "VERDATE": "2025-12-05"}, "geometry": {"coordinates": [151.13802314077964, -34.083337542786694, 0.0], "type": "Point", "geometries": null}}, {"type": "Feature", "properties": {"ModifiedDa": "2025-07-17", "SAPEquipID": 0, "AssetName": "Shelter - Campground 02", "d_SubtypeC": "Shelter", "d_AssetTyp": "BBQ", "d_AssetMat": "Steel Post and Roof Structure", "d_Branch": "Greater Sydney", "d_LGA": "Sutherland", "Comments": null, "Easting": 328149.94, "Northing": 6227041.33, "Latitude": "34\u00c2\u00b0 4.998' S", "Longitude": "151\u00c2\u00b0 8.244' E", "VERDATE": "2025-12-05"}, "geometry": {"coordinates": [151.13740291054285, -34.08330724418323, 0.0], "type": "Point", "geometries": null}}, {"type": "Feature", "properties": {"ModifiedDa": "2025-07-17", "SAPEquipID": 0, "AssetName": "Shelter - Campground 03", "d_SubtypeC": "Shelter", "d_AssetTyp": "BBQ", "d_AssetMat": "Steel Post and Roof Structure", "d_Branch": "Greater Sydney", "d_LGA": "Sutherland", "Comments": null, "Easting": 328007.18, "Northing": 6227057.12, "Latitude": "34\u00c2\u00b0 4.988' S", "Longitude": "151\u00c2\u00b0 8.152' E", "VERDATE": "2025-12-05"}, "geometry": {"coordinates": [151.13585946403396, -34.083141492999175, 0.0], "type": "Point", "geometries": null}}, {"type": "Feature", "properties": {"ModifiedDa": "2025-07-17", "SAPEquipID": 0, "AssetName": "Shelter - Campground 04", "d_SubtypeC": "Shelter", "d_AssetTyp": "BBQ", "d_AssetMat": "Steel Post and Roof Structure", "d_Branch": "Greater Sydney", "d_LGA": "Sutherland", "Comments": null, "Easting": 328024.85, "Northing": 6227017.7, "Latitude": "34\u00c2\u00b0 5.01' S", "Longitude": "151\u00c2\u00b0 8.163' E", "VERDATE": "2025-12-05"}, "geometry": {"coordinates": [151.1360430379258, -34.08349972942909, 0.0], "type": "Point", "geometries": null}}, {"type": "Feature", "properties": {"ModifiedDa": "2019-07-01", "SAPEquipID": 0, "AssetName": "Shelter - 01", "d_SubtypeC": "Shelter", "d_AssetTyp": "BBQ", "d_AssetMat": "Steel Post and Roof Structure", "d_Branch": "Hunter Central Coast", "d_LGA": "Central Coast", "Comments": null, "Easting": 339771.5, "Northing": 6299531.06, "Latitude": "33\u00c2\u00b0 25.899' S", "Longitude": "151\u00c2\u00b0 16.587' E", "VERDATE": "2025-12-05"}, "geometry": {"coordinates": [151.27644316878173, -33.431646143547084, 0.0], "type": "Point", "geometries": null}}, {"type": "Feature", "properties": {"ModifiedDa": "2015-06-13", "SAPEquipID": 0, "AssetName": "Shelter - 02", "d_SubtypeC": "Shelter", "d_AssetTyp": "BBQ", "d_AssetMat": "Timber Post and Roof Structure", "d_Branch": "Hunter Central Coast", "d_LGA": "Central Coast", "Comments": null, "Easting": 339763.49, "Northing": 6299594.46, "Latitude": "33\u00c2\u00b0 25.864' S", "Longitude": "151\u00c2\u00b0 16.582' E", "VERDATE": "2025-12-05"}, "geometry": {"coordinates": [151.2763683916554, -33.43107337656505, 0.0], "type": "Point", "geometries": null}}, {"type": "Feature", "properties": {"ModifiedDa": "2015-08-03", "SAPEquipID": 0, "AssetName": "Shelter - bottom bbq", "d_SubtypeC": "Shelter", "d_AssetTyp": "BBQ", "d_AssetMat": "Timber Post and Roof Structure", "d_Branch": "Hunter Central Coast", "d_LGA": "Central Coast", "Comments": null, "Easting": 339758.06, "Northing": 6299444.04, "Latitude": "33\u00c2\u00b0 25.946' S", "Longitude": "151\u00c2\u00b0 16.577' E", "VERDATE": "2025-12-05"}, "geometry": {"coordinates": [151.27628321122313, -33.43242870804073, 0.0], "type": "Point", "geometries": null}}, {"type": "Feature", "properties": {"ModifiedDa": "2024-12-13", "SAPEquipID": 0, "AssetName": "Shelter - Somersby BBQ1", "d_SubtypeC": "Shelter", "d_AssetTyp": "BBQ", "d_AssetMat": "Timber Post, Steel Roof Struct", "d_Branch": "Hunter Central Coast", "d_LGA": "Central Coast", "Comments": null, "Easting": 339151.54, "Northing": 6302882.01, "Latitude": "33\u00c2\u00b0 24.081' S", "Longitude": "151\u00c2\u00b0 16.223' E", "VERDATE": "2025-12-05"}, "geometry": {"coordinates": [151.27037621854106, -33.40134235709411, 0.0], "type": "Point", "geometries": null}}, {"type": "Feature", "properties": {"ModifiedDa": "2015-06-13", "SAPEquipID": 0, "AssetName": "Shelter - interp structure", "d_SubtypeC": "Shelter", "d_AssetTyp": "Display", "d_AssetMat": "Timber Post, Steel Roof Struct", "d_Branch": "Hunter Central Coast", "d_LGA": "Central Coast", "Comments": null, "Easting": 349818.23, "Northing": 6289854.0, "Latitude": "33\u00c2\u00b0 31.221' S", "Longitude": "151\u00c2\u00b0 22.971' E", "VERDATE": "2025-12-05"}, "geometry": {"coordinates": [151.3828553375888, -33.520349958329575, 0.0], "type": "Point", "geometries": null}}, {"type": "Feature", "properties": {"ModifiedDa": "2015-06-13", "SAPEquipID": 0, "AssetName": "Shelter - interp structure", "d_SubtypeC": "Shelter", "d_AssetTyp": "Display", "d_AssetMat": "Timber Post, Steel Roof Struct", "d_Branch": "Hunter Central Coast", "d_LGA": "Central Coast", "Comments": "fletchers  glenn", "Easting": 348277.48, "Northing": 6290089.52, "Latitude": "33\u00c2\u00b0 31.081' S", "Longitude": "151\u00c2\u00b0 21.979' E", "VERDATE": "2025-12-05"}, "geometry": {"coordinates": [151.3663105000004, -33.51800883333323, 0.0], "type": "Point", "geometries": null}}, {"type": "Feature", "properties": {"ModifiedDa": "2015-06-13", "SAPEquipID": 0, "AssetName": "Shelter - display - popran", "d_SubtypeC": "Shelter", "d_AssetTyp": "Display", "d_AssetMat": "Timber Post, Steel Roof Struct", "d_Branch": "Hunter Central Coast", "d_LGA": "Central Coast", "Comments": "Interpretation Shelter", "Easting": 331471.82, "Northing": 6304607.85, "Latitude": "33\u00c2\u00b0 23.076' S", "Longitude": "151\u00c2\u00b0 11.289' E", "VERDATE": "2025-12-05"}, "geometry": {"coordinates": [151.18815333333328, -33.38460499999985, 0.0], "type": "Point", "geometries": null}}, {"type": "Feature", "properties": {"ModifiedDa": "2015-06-13", "SAPEquipID": 0, "AssetName": "Shelter - Somersby falls interp", "d_SubtypeC": "Shelter", "d_AssetTyp": "Display", "d_AssetMat": "Timber Post, Steel Roof Struct", "d_Branch": "Hunter Central Coast", "d_LGA": "Central Coast", "Comments": null, "Easting": 339117.91, "Northing": 6302907.31, "Latitude": "33\u00c2\u00b0 24.067' S", "Longitude": "151\u00c2\u00b0 16.201' E", "VERDATE": "2025-12-05"}, "geometry": {"coordinates": [151.270019315784, -33.40110918295926, 0.0], "type": "Point", "geometries": null}}, {"type": "Feature", "properties": {"ModifiedDa": "2015-06-13", "SAPEquipID": 0, "AssetName": "Shelter - Cockle Bay Interpretation", "d_SubtypeC": "Shelter", "d_AssetTyp": "Display", "d_AssetMat": "Timber Post, Steel Roof Struct", "d_Branch": "Hunter Central Coast", "d_LGA": "Central Coast", "Comments": null, "Easting": 347981.58, "Northing": 6291702.96, "Latitude": "33\u00c2\u00b0 30.205' S", "Longitude": "151\u00c2\u00b0 21.804' E", "VERDATE": "2025-12-05"}, "geometry": {"coordinates": [151.36339938666697, -33.50342011999976, 0.0], "type": "Point", "geometries": null}}, {"type": "Feature", "properties": {"ModifiedDa": "2015-02-11", "SAPEquipID": 0, "AssetName": "Shelter - interp daleys point", "d_SubtypeC": "Shelter", "d_AssetTyp": "Display", "d_AssetMat": "Timber Post, Steel Roof Struct", "d_Branch": "Hunter Central Coast", "d_LGA": "Central Coast", "Comments": null, "Easting": 348575.97, "Northing": 6290549.36, "Latitude": "33\u00c2\u00b0 30.834' S", "Longitude": "151\u00c2\u00b0 22.176' E", "VERDATE": "2025-12-05"}, "geometry": {"coordinates": [151.36960118887941, -33.51390527845655, 0.0], "type": "Point", "geometries": null}}, {"type": "Feature", "properties": {"ModifiedDa": "2015-07-30", "SAPEquipID": 0, "AssetName": "Shelter - interps display", "d_SubtypeC": "Shelter", "d_AssetTyp": "Display", "d_AssetMat": "Timber Post and Roof Structure", "d_Branch": "Hunter Central Coast", "d_LGA": "Central Coast", "Comments": null, "Easting": 348750.16, "Northing": 6289083.93, "Latitude": "33\u00c2\u00b0 31.629' S", "Longitude": "151\u00c2\u00b0 22.274' E", "VERDATE": "2025-12-05"}, "geometry": {"coordinates": [151.37122835721686, -33.527142244370395, 0.0], "type": "Point", "geometries": null}}, {"type": "Feature", "properties": {"ModifiedDa": "2015-07-30", "SAPEquipID": 0, "AssetName": "Shelter - camping 1", "d_SubtypeC": "Shelter", "d_AssetTyp": "Picnic", "d_AssetMat": "Timber Post, Steel Roof Struct", "d_Branch": "Hunter Central Coast", "d_LGA": "Central Coast", "Comments": null, "Easting": 348778.18, "Northing": 6289077.18, "Latitude": "33\u00c2\u00b0 31.632' S", "Longitude": "151\u00c2\u00b0 22.292' E", "VERDATE": "2025-12-05"}, "geometry": {"coordinates": [151.37152888500623, -33.52720706371167, 0.0], "type": "Point", "geometries": null}}, {"type": "Feature", "properties": {"ModifiedDa": "2015-07-30", "SAPEquipID": 0, "AssetName": "Shelter - camping 8", "d_SubtypeC": "Shelter", "d_AssetTyp": "Picnic", "d_AssetMat": "Timber Post, Steel Roof Struct", "d_Branch": "Hunter Central Coast", "d_LGA": "Central Coast", "Comments": null, "Easting": 348749.58, "Northing": 6289060.51, "Latitude": "33\u00c2\u00b0 31.641' S", "Longitude": "151\u00c2\u00b0 22.273' E", "VERDATE": "2025-12-05"}, "geometry": {"coordinates": [151.37121819133688, -33.52735330642844, 0.0], "type": "Point", "geometries": null}}, {"type": "Feature", "properties": {"ModifiedDa": "2015-07-30", "SAPEquipID": 0, "AssetName": "Shelter - camping 19", "d_SubtypeC": "Shelter", "d_AssetTyp": "Picnic", "d_AssetMat": "Timber Post, Steel Roof Struct", "d_Branch": "Hunter Central Coast", "d_LGA": "Central Coast", "Comments": null, "Easting": 348786.44, "Northing": 6289026.85, "Latitude": "33\u00c2\u00b0 31.66' S", "Longitude": "151\u00c2\u00b0 22.297' E", "VERDATE": "2025-12-05"}, "geometry": {"coordinates": [151.37160922068676, -33.527662055472206, 0.0], "type": "Point", "geometries": null}}, {"type": "Feature", "properties": {"ModifiedDa": "2017-10-06", "SAPEquipID": 0, "AssetName": "Shelter - Putty Day Use Area", "d_SubtypeC": "Shelter", "d_AssetTyp": "BBQ", "d_AssetMat": "Timber Post, Steel Roof Struct", "d_Branch": "Hunter Central Coast", "d_LGA": "Central Coast", "Comments": null, "Easting": 348927.52, "Northing": 6288971.94, "Latitude": "33\u00c2\u00b0 31.691' S", "Longitude": "151\u00c2\u00b0 22.387' E", "VERDATE": "2025-12-05"}, "geometry": {"coordinates": [151.37311874174725, -33.52817708474885, 0.0], "type": "Point", "geometries": null}}, {"type": "Feature", "properties": {"ModifiedDa": "2019-07-09", "SAPEquipID": 0, "AssetName": "Shelter - girrakool  interps", "d_SubtypeC": "Shelter", "d_AssetTyp": "Display", "d_AssetMat": "Timber Post and Roof Structure", "d_Branch": "Hunter Central Coast", "d_LGA": "Central Coast", "Comments": null, "Easting": 339782.18, "Northing": 6299505.32, "Latitude": "33\u00c2\u00b0 25.913' S", "Longitude": "151\u00c2\u00b0 16.593' E", "VERDATE": "2025-12-05"}, "geometry": {"coordinates": [151.2765535232121, -33.431879801938635, 0.0], "type": "Point", "geometries": null}}, {"type": "Feature", "properties": {"ModifiedDa": "2024-06-20", "SAPEquipID": 0, "AssetName": "Shelter -  Somersby BBQ2", "d_SubtypeC": "Shelter", "d_AssetTyp": "BBQ", "d_AssetMat": "Timber Post, Steel Roof Struct", "d_Branch": "Hunter Central Coast", "d_LGA": "Central Coast", "Comments": "new FL", "Easting": 339147.93, "Northing": 6302871.99, "Latitude": "33\u00c2\u00b0 24.086' S", "Longitude": "151\u00c2\u00b0 16.22' E", "VERDATE": "2025-12-05"}, "geometry": {"coordinates": [151.27033568618958, -33.4014321348223, 0.0], "type": "Point", "geometries": null}}, {"type": "Feature", "properties": {"ModifiedDa": "2014-09-09", "SAPEquipID": 0, "AssetName": "Shelter - Victoria Rd Interps", "d_SubtypeC": "Shelter", "d_AssetTyp": "Display", "d_AssetMat": "Timber Post, Steel Roof Struct", "d_Branch": "South Coast", "d_LGA": "Campbelltown", "Comments": null, "Easting": 299927.71, "Northing": 6218172.9, "Latitude": "34\u00c2\u00b0 9.493' S", "Longitude": "150\u00c2\u00b0 49.779' E", "VERDATE": "2025-12-05"}, "geometry": {"coordinates": [150.829653214289, -34.15821578170858, 0.0], "type": "Point", "geometries": null}}, {"type": "Feature", "properties": {"ModifiedDa": "2024-01-04", "SAPEquipID": 300001734, "AssetName": "BBQ - 01 - firepit group near gate", "d_SubtypeC": "BBQ/Fireplace", "d_AssetTyp": "No Roof", "d_AssetMat": "Steel", "d_Branch": "Blue Mountains", "d_LGA": "Central Coast", "Comments": null, "Easting": 318357.0, "Northing": 6302604.0, "Latitude": "33\u00c2\u00b0 24.032' S", "Longitude": "151\u00c2\u00b0 2.809' E", "VERDATE": "2025-12-05"}, "geometry": {"coordinates": [151.046820510001, -33.40053083800012, 0.0], "type": "Point", "geometries": null}}, {"type": "Feature", "properties": {"ModifiedDa": "2016-04-06", "SAPEquipID": 300002523, "AssetName": "BBQ - Gibberagong playground", "d_SubtypeC": "BBQ/Fireplace", "d_AssetTyp": "With Roof", "d_AssetMat": null, "d_Branch": "Greater Sydney", "d_LGA": "Hornsby", "Comments": null, "Easting": 329226.32, "Northing": 6273850.37, "Latitude": "33\u00c2\u00b0 39.692' S", "Longitude": "151\u00c2\u00b0 9.489' E", "VERDATE": "2025-12-05"}, "geometry": {"coordinates": [151.1581527301414, -33.661527664412404, 0.0], "type": "Point", "geometries": null}}, {"type": "Feature", "properties": {"ModifiedDa": "2016-04-06", "SAPEquipID": 300002528, "AssetName": "Seat - Gap - organic - 02", "d_SubtypeC": "Seat", "d_AssetTyp": "Without Pad", "d_AssetMat": "Timber", "d_Branch": "Greater Sydney", "d_LGA": "Woollahra", "Comments": "timber ss", "Easting": 341311.38, "Northing": 6254033.76, "Latitude": "33\u00c2\u00b0 50.523' S", "Longitude": "151\u00c2\u00b0 17.093' E", "VERDATE": "2025-12-05"}, "geometry": {"coordinates": [151.2848866931056, -33.842052388243474, 0.0], "type": "Point", "geometries": null}}, {"type": "Feature", "properties": {"ModifiedDa": "2012-06-28", "SAPEquipID": 300004290, "AssetName": "Seat - Banks-Solander Track", "d_SubtypeC": "Seat", "d_AssetTyp": "Without Pad", "d_AssetMat": "Timber", "d_Branch": "Greater Sydney", "d_LGA": "Sutherland", "Comments": null, "Easting": 335725.09, "Northing": 6235749.01, "Latitude": "34\u00c2\u00b0 0.362' S", "Longitude": "151\u00c2\u00b0 13.267' E", "VERDATE": "2025-12-05"}, "geometry": {"coordinates": [151.22111090127294, -34.00602901851505, 0.0], "type": "Point", "geometries": null}}, {"type": "Feature", "properties": {"ModifiedDa": "2016-04-06", "SAPEquipID": 300004871, "AssetName": "Life Buoy Stand - articulated ramp", "d_SubtypeC": "Life Buoy Stand", "d_AssetTyp": "Not Applicable", "d_AssetMat": "Not Applicable", "d_Branch": "Greater Sydney", "d_LGA": "Northern Beaches", "Comments": "angel ring", "Easting": 334118.35, "Northing": 6261281.73, "Latitude": "33\u00c2\u00b0 46.536' S", "Longitude": "151\u00c2\u00b0 12.512' E", "VERDATE": "2025-12-05"}, "geometry": {"coordinates": [151.20853938065318, -33.775607778126584, 0.6667900000000001], "type": "Point", "geometries": null}}, {"type": "Feature", "properties": {"ModifiedDa": "2016-04-06", "SAPEquipID": 300005285, "AssetName": "Picnic Table - No Roof - 01", "d_SubtypeC": "Picnic Table", "d_AssetTyp": "No Roof", "d_AssetMat": "Timber", "d_Branch": "Greater Sydney", "d_LGA": "Hornsby", "Comments": null, "Easting": 329367.16, "Northing": 6274105.54, "Latitude": "33\u00c2\u00b0 39.555' S", "Longitude": "151\u00c2\u00b0 9.583' E", "VERDATE": "2025-12-05"}, "geometry": {"coordinates": [151.159720043863, -33.65925001314196, 0.0], "type": "Point", "geometries": null}}, {"type": "Feature", "properties": {"ModifiedDa": "2016-04-06", "SAPEquipID": 300006833, "AssetName": "Picnic Table - No Roof - 02", "d_SubtypeC": "Picnic Table", "d_AssetTyp": "No Roof", "d_AssetMat": "Timber Treated", "d_Branch": "Greater Sydney", "d_LGA": "Hornsby", "Comments": null, "Easting": 325021.72, "Northing": 6277754.08, "Latitude": "33\u00c2\u00b0 37.539' S", "Longitude": "151\u00c2\u00b0 6.816' E", "VERDATE": "2025-12-05"}, "geometry": {"coordinates": [151.1135939466668, -33.625653666666494, 0.0], "type": "Point", "geometries": null}}, {"type": "Feature", "properties": {"ModifiedDa": "2016-04-06", "SAPEquipID": 300006842, "AssetName": "PE - Barnetts Lookout", "d_SubtypeC": "Playground Equipment", "d_AssetTyp": "Not Applicable", "d_AssetMat": "Not Applicable", "d_Branch": "Greater Sydney", "d_LGA": "Hornsby", "Comments": null, "Easting": 326466.57, "Northing": 6278759.32, "Latitude": "33\u00c2\u00b0 37.01' S", "Longitude": "151\u00c2\u00b0 7.762' E", "VERDATE": "2025-12-05"}, "geometry": {"coordinates": [151.12935916666686, -33.6168283333331, 0.0], "type": "Point", "geometries": null}}, {"type": "Feature", "properties": {"ModifiedDa": "2016-04-06", "SAPEquipID": 300006850, "AssetName": "WRS - 05", "d_SubtypeC": "Waste/Recycling Stn", "d_AssetTyp": "Not Applicable", "d_AssetMat": "Not Applicable", "d_Branch": "Greater Sydney", "d_LGA": "Hornsby", "Comments": null, "Easting": 329322.75, "Northing": 6274021.83, "Latitude": "33\u00c2\u00b0 39.6' S", "Longitude": "151\u00c2\u00b0 9.554' E", "VERDATE": "2025-12-05"}, "geometry": {"coordinates": [151.15922526685574, -33.659997520518175, 0.0], "type": "Point", "geometries": null}}, {"type": "Feature", "properties": {"ModifiedDa": "2016-04-06", "SAPEquipID": 300006858, "AssetName": "Picnic Table - No Roof - 02", "d_SubtypeC": "Picnic Table", "d_AssetTyp": "No Roof", "d_AssetMat": "Timber", "d_Branch": "Greater Sydney", "d_LGA": "Ku-Ring-Gai", "Comments": null, "Easting": 329063.94, "Northing": 6270852.07, "Latitude": "33\u00c2\u00b0 41.312' S", "Longitude": "151\u00c2\u00b0 9.35' E", "VERDATE": "2025-12-05"}, "geometry": {"coordinates": [151.15582511333344, -33.688530386666514, 0.0], "type": "Point", "geometries": null}}, {"type": "Feature", "properties": {"ModifiedDa": "2016-04-06", "SAPEquipID": 300006877, "AssetName": "Seat - Timber - 09", "d_SubtypeC": "Seat", "d_AssetTyp": "With Pad", "d_AssetMat": "Timber", "d_Branch": "Greater Sydney", "d_LGA": "Hornsby", "Comments": null, "Easting": 328389.18, "Northing": 6273408.21, "Latitude": "33\u00c2\u00b0 39.923' S", "Longitude": "151\u00c2\u00b0 8.943' E", "VERDATE": "2025-12-05"}, "geometry": {"coordinates": [151.1490426200006, -33.665378813333234, 0.0], "type": "Point", "geometries": null}}, {"type": "Feature", "properties": {"ModifiedDa": "2016-04-06", "SAPEquipID": 300006886, "AssetName": "Seat - Timber - 12", "d_SubtypeC": "Seat", "d_AssetTyp": "With Pad", "d_AssetMat": "Timber", "d_Branch": "Greater Sydney", "d_LGA": "Hornsby", "Comments": null, "Easting": 328387.25, "Northing": 6273398.8, "Latitude": "33\u00c2\u00b0 39.928' S", "Longitude": "151\u00c2\u00b0 8.941' E", "VERDATE": "2025-12-05"}, "geometry": {"coordinates": [151.14902000000052, -33.66546333333321, 0.0], "type": "Point", "geometries": null}}, {"type": "Feature", "properties": {"ModifiedDa": "2016-04-06", "SAPEquipID": 300006931, "AssetName": "Seat - Timber - 02", "d_SubtypeC": "Seat", "d_AssetTyp": "Without Pad", "d_AssetMat": "Timber", "d_Branch": "Greater Sydney", "d_LGA": "Hornsby", "Comments": null, "Easting": 322662.94, "Northing": 6273713.18, "Latitude": "33\u00c2\u00b0 39.701' S", "Longitude": "151\u00c2\u00b0 5.242' E", "VERDATE": "2025-12-05"}, "geometry": {"coordinates": [151.08737105333398, -33.66168955333325, 0.0], "type": "Point", "geometries": null}}, {"type": "Feature", "properties": {"ModifiedDa": "2016-04-06", "SAPEquipID": 300007377, "AssetName": "BBQ - Fire Pit - 01", "d_SubtypeC": "BBQ/Fireplace", "d_AssetTyp": "No Roof", "d_AssetMat": "Block - Stone", "d_Branch": "Greater Sydney", "d_LGA": "Northern Beaches", "Comments": "fire pit", "Easting": 341502.53, "Northing": 6280311.39, "Latitude": "33\u00c2\u00b0 36.311' S", "Longitude": "151\u00c2\u00b0 17.499' E", "VERDATE": "2025-12-05"}, "geometry": {"coordinates": [151.29165272000023, -33.6051805533333, 0.0], "type": "Point", "geometries": null}}, {"type": "Feature", "properties": {"ModifiedDa": "2016-04-06", "SAPEquipID": 300007386, "AssetName": "BBQ - Gas - 01", "d_SubtypeC": "BBQ/Fireplace", "d_AssetTyp": "No Roof", "d_AssetMat": null, "d_Branch": "Greater Sydney", "d_LGA": "Northern Beaches", "Comments": null, "Easting": 341570.89, "Northing": 6280424.6, "Latitude": "33\u00c2\u00b0 36.25' S", "Longitude": "151\u00c2\u00b0 17.545' E", "VERDATE": "2025-12-05"}, "geometry": {"coordinates": [151.29240941333364, -33.60417008666661, 0.0], "type": "Point", "geometries": null}}, {"type": "Feature", "properties": {"ModifiedDa": "2016-04-06", "SAPEquipID": 300007395, "AssetName": "BBQ - Gas - 02", "d_SubtypeC": "BBQ/Fireplace", "d_AssetTyp": "With Roof", "d_AssetMat": "Steel Stainless", "d_Branch": "Greater Sydney", "d_LGA": "Northern Beaches", "Comments": null, "Easting": 342271.79, "Northing": 6283320.95, "Latitude": "33\u00c2\u00b0 34.69' S", "Longitude": "151\u00c2\u00b0 18.028' E", "VERDATE": "2025-12-05"}, "geometry": {"coordinates": [151.30047328000012, -33.57816199999991, 0.0], "type": "Point", "geometries": null}}, {"type": "Feature", "properties": {"ModifiedDa": "2016-04-06", "SAPEquipID": 300007412, "AssetName": "BBQ - Gas - 03", "d_SubtypeC": "BBQ/Fireplace", "d_AssetTyp": "No Roof", "d_AssetMat": null, "d_Branch": "Greater Sydney", "d_LGA": "Northern Beaches", "Comments": null, "Easting": 341734.49, "Northing": 6280603.63, "Latitude": "33\u00c2\u00b0 36.155' S", "Longitude": "151\u00c2\u00b0 17.652' E", "VERDATE": "2025-12-05"}, "geometry": {"coordinates": [151.29420383333343, -33.602580386666546, 0.0], "type": "Point", "geometries": null}}, {"type": "Feature", "properties": {"ModifiedDa": "2016-04-06", "SAPEquipID": 300007421, "AssetName": "BBQ - Wood - 02", "d_SubtypeC": "BBQ/Fireplace", "d_AssetTyp": "No Roof", "d_AssetMat": "Steel", "d_Branch": "Greater Sydney", "d_LGA": "Northern Beaches", "Comments": null, "Easting": 333451.65, "Northing": 6262149.27, "Latitude": "33\u00c2\u00b0 46.061' S", "Longitude": "151\u00c2\u00b0 12.09' E", "VERDATE": "2025-12-05"}, "geometry": {"coordinates": [151.2015058333335, -33.767682333333255, 0.0], "type": "Point", "geometries": null}}, {"type": "Feature", "properties": {"ModifiedDa": "2016-04-06", "SAPEquipID": 300007429, "AssetName": "BBQ - Wood - 04", "d_SubtypeC": "BBQ/Fireplace", "d_AssetTyp": "No Roof", "d_AssetMat": null, "d_Branch": "Greater Sydney", "d_LGA": "Northern Beaches", "Comments": null, "Easting": 341554.33, "Northing": 6280431.96, "Latitude": "33\u00c2\u00b0 36.246' S", "Longitude": "151\u00c2\u00b0 17.534' E", "VERDATE": "2025-12-05"}, "geometry": {"coordinates": [151.29223228000058, -33.60410133333329, 0.0], "type": "Point", "geometries": null}}, {"type": "Feature", "properties": {"ModifiedDa": "2016-04-06", "SAPEquipID": 300007437, "AssetName": "BBQ - Wood - 06", "d_SubtypeC": "BBQ/Fireplace", "d_AssetTyp": "No Roof", "d_AssetMat": "Steel", "d_Branch": "Greater Sydney", "d_LGA": "Northern Beaches", "Comments": null, "Easting": 333582.5, "Northing": 6262134.99, "Latitude": "33\u00c2\u00b0 46.07' S", "Longitude": "151\u00c2\u00b0 12.175' E", "VERDATE": "2025-12-05"}, "geometry": {"coordinates": [151.20291550000047, -33.76783166666661, 0.0], "type": "Point", "geometries": null}}, {"type": "Feature", "properties": {"ModifiedDa": "2016-04-06", "SAPEquipID": 300007446, "AssetName": "BBQ - Wood - 10", "d_SubtypeC": "BBQ/Fireplace", "d_AssetTyp": "No Roof", "d_AssetMat": "Steel", "d_Branch": "Greater Sydney", "d_LGA": "Northern Beaches", "Comments": null, "Easting": 333724.55, "Northing": 6261970.52, "Latitude": "33\u00c2\u00b0 46.16' S", "Longitude": "151\u00c2\u00b0 12.265' E", "VERDATE": "2025-12-05"}, "geometry": {"coordinates": [151.20441783333376, -33.769336666666504, 0.0], "type": "Point", "geometries": null}}, {"type": "Feature", "properties": {"ModifiedDa": "2016-04-06", "SAPEquipID": 300007518, "AssetName": "BBQ - Wood - 01", "d_SubtypeC": "BBQ/Fireplace", "d_AssetTyp": "No Roof", "d_AssetMat": "Steel", "d_Branch": "Greater Sydney", "d_LGA": "Northern Beaches", "Comments": null, "Easting": 336332.21, "Northing": 6261107.96, "Latitude": "33\u00c2\u00b0 46.651' S", "Longitude": "151\u00c2\u00b0 13.944' E", "VERDATE": "2025-12-05"}, "geometry": {"coordinates": [151.23240600000054, -33.7775189999997, 0.0], "type": "Point", "geometries": null}}, {"type": "Feature", "properties": {"ModifiedDa": "2015-06-13", "SAPEquipID": 300008163, "AssetName": "Picnic Table - 05", "d_SubtypeC": "Picnic Table", "d_AssetTyp": "No Roof", "d_AssetMat": "Steel", "d_Branch": "Hunter Central Coast", "d_LGA": "Central Coast", "Comments": "timber top steel frame", "Easting": 339768.03, "Northing": 6299604.52, "Latitude": "33\u00c2\u00b0 25.859' S", "Longitude": "151\u00c2\u00b0 16.585' E", "VERDATE": "2025-12-05"}, "geometry": {"coordinates": [151.27641899999992, -33.430983333333074, 0.0], "type": "Point", "geometries": null}}, {"type": "Feature", "properties": {"ModifiedDa": "2024-01-16", "SAPEquipID": 300008171, "AssetName": "BBQ - twin nr lower tables", "d_SubtypeC": "BBQ/Fireplace", "d_AssetTyp": "No Roof", "d_AssetMat": "Steel", "d_Branch": "Hunter Central Coast", "d_LGA": "Central Coast", "Comments": null, "Easting": 339754.65, "Northing": 6299428.22, "Latitude": "33\u00c2\u00b0 25.954' S", "Longitude": "151\u00c2\u00b0 16.575' E", "VERDATE": "2025-12-05"}, "geometry": {"coordinates": [151.276243677597, -33.43257084806646, 0.0], "type": "Point", "geometries": null}}, {"type": "Feature", "properties": {"ModifiedDa": "2015-06-13", "SAPEquipID": 300008412, "AssetName": "Gas Enclosure - girrakool picnic area", "d_SubtypeC": "Gas Enclosure", "d_AssetTyp": "Not Applicable", "d_AssetMat": "Not Applicable", "d_Branch": "Hunter Central Coast", "d_LGA": "Central Coast", "Comments": null, "Easting": 339780.9, "Northing": 6299511.82, "Latitude": "33\u00c2\u00b0 25.909' S", "Longitude": "151\u00c2\u00b0 16.592' E", "VERDATE": "2025-12-05"}, "geometry": {"coordinates": [151.27654081077844, -33.43182107915959, 0.0], "type": "Point", "geometries": null}}, {"type": "Feature", "properties": {"ModifiedDa": "2015-07-12", "SAPEquipID": 300008443, "AssetName": "Picnic Table - dorrigo table", "d_SubtypeC": "Picnic Table", "d_AssetTyp": "No Roof", "d_AssetMat": "Timber", "d_Branch": "Hunter Central Coast", "d_LGA": "Central Coast", "Comments": null, "Easting": 339756.87, "Northing": 6299438.3, "Latitude": "33\u00c2\u00b0 25.949' S", "Longitude": "151\u00c2\u00b0 16.576' E", "VERDATE": "2025-12-05"}, "geometry": {"coordinates": [151.27626941028495, -33.432480280676316, 0.0], "type": "Point", "geometries": null}}, {"type": "Feature", "properties": {"ModifiedDa": "2015-08-03", "SAPEquipID": 300008453, "AssetName": "BBQ - under bottom shelter", "d_SubtypeC": "BBQ/Fireplace", "d_AssetTyp": "No Roof", "d_AssetMat": "Steel Stainless", "d_Branch": "Hunter Central Coast", "d_LGA": "Central Coast", "Comments": null, "Easting": 339758.06, "Northing": 6299444.02, "Latitude": "33\u00c2\u00b0 25.946' S", "Longitude": "151\u00c2\u00b0 16.577' E", "VERDATE": "2025-12-05"}, "geometry": {"coordinates": [151.27628322522537, -33.43242892716705, 0.0], "type": "Point", "geometries": null}}, {"type": "Feature", "properties": {"ModifiedDa": "2015-06-13", "SAPEquipID": 300008483, "AssetName": "Bin - 1 garbage bin", "d_SubtypeC": "Bin", "d_AssetTyp": "Garbage", "d_AssetMat": "Not Applicable", "d_Branch": "Hunter Central Coast", "d_LGA": "Central Coast", "Comments": null, "Easting": 339812.65, "Northing": 6299527.7, "Latitude": "33\u00c2\u00b0 25.901' S", "Longitude": "151\u00c2\u00b0 16.613' E", "VERDATE": "2025-12-05"}, "geometry": {"coordinates": [151.2768850866671, -33.43168260666636, 0.0], "type": "Point", "geometries": null}}, {"type": "Feature", "properties": {"ModifiedDa": "2015-06-13", "SAPEquipID": 300008503, "AssetName": "Gas Enclosure - cylinder - putty camping", "d_SubtypeC": "Gas Enclosure", "d_AssetTyp": "Not Applicable", "d_AssetMat": "Not Applicable", "d_Branch": "Hunter Central Coast", "d_LGA": "Central Coast", "Comments": null, "Easting": 348825.03, "Northing": 6289001.68, "Latitude": "33\u00c2\u00b0 31.674' S", "Longitude": "151\u00c2\u00b0 22.321' E", "VERDATE": "2025-12-05"}, "geometry": {"coordinates": [151.37202046745676, -33.52789444868557, 0.0], "type": "Point", "geometries": null}}, {"type": "Feature", "properties": {"ModifiedDa": "2015-06-13", "SAPEquipID": 300008524, "AssetName": "Seat - no pad", "d_SubtypeC": "Seat", "d_AssetTyp": "Without Pad", "d_AssetMat": "Timber", "d_Branch": "Hunter Central Coast", "d_LGA": "Central Coast", "Comments": null, "Easting": 345983.44, "Northing": 6288879.74, "Latitude": "33\u00c2\u00b0 31.715' S", "Longitude": "151\u00c2\u00b0 20.485' E", "VERDATE": "2025-12-05"}, "geometry": {"coordinates": [151.3414098133336, -33.52858781333316, 0.0], "type": "Point", "geometries": null}}, {"type": "Feature", "properties": {"ModifiedDa": "2015-06-13", "SAPEquipID": 300008535, "AssetName": "Bin - Tallow Beach CA - 02", "d_SubtypeC": "Bin", "d_AssetTyp": "Garbage", "d_AssetMat": "Not Applicable", "d_Branch": "Hunter Central Coast", "d_LGA": "Central Coast", "Comments": null, "Easting": 346869.13, "Northing": 6287976.63, "Latitude": "33\u00c2\u00b0 32.211' S", "Longitude": "151\u00c2\u00b0 21.047' E", "VERDATE": "2025-12-05"}, "geometry": {"coordinates": [151.35078966666674, -33.53685749999988, 0.0], "type": "Point", "geometries": null}}, {"type": "Feature", "properties": {"ModifiedDa": "2017-10-06", "SAPEquipID": 300008545, "AssetName": "Picnic Table - putty beach dayuse - 03", "d_SubtypeC": "Picnic Table", "d_AssetTyp": "No Roof", "d_AssetMat": "Timber", "d_Branch": "Hunter Central Coast", "d_LGA": "Central Coast", "Comments": null, "Easting": 348939.04, "Northing": 6288973.97, "Latitude": "33\u00c2\u00b0 31.69' S", "Longitude": "151\u00c2\u00b0 22.395' E", "VERDATE": "2025-12-05"}, "geometry": {"coordinates": [151.3732430381924, -33.52816038125411, 0.0], "type": "Point", "geometries": null}}, {"type": "Feature", "properties": {"ModifiedDa": "2023-12-11", "SAPEquipID": 300008933, "AssetName": "Picnic Table - No Roof - 03", "d_SubtypeC": "Picnic Table", "d_AssetTyp": "No Roof", "d_AssetMat": "Steel", "d_Branch": "Greater Sydney", "d_LGA": "Hornsby", "Comments": null, "Easting": 323932.48, "Northing": 6289178.97, "Latitude": "33\u00c2\u00b0 31.349' S", "Longitude": "151\u00c2\u00b0 6.247' E", "VERDATE": "2025-12-05"}, "geometry": {"coordinates": [151.10411033333378, -33.522483333333184, 0.0], "type": "Point", "geometries": null}}, {"type": "Feature", "properties": {"ModifiedDa": "2016-04-06", "SAPEquipID": 300008942, "AssetName": "Picnic Table - No Roof - 03", "d_SubtypeC": "Picnic Table", "d_AssetTyp": "No Roof", "d_AssetMat": "Timber Treated", "d_Branch": "Greater Sydney", "d_LGA": "Hornsby", "Comments": null, "Easting": 324931.48, "Northing": 6277742.5, "Latitude": "33\u00c2\u00b0 37.545' S", "Longitude": "151\u00c2\u00b0 6.757' E", "VERDATE": "2025-12-05"}, "geometry": {"coordinates": [151.1126192200005, -33.62574321999995, 0.0], "type": "Point", "geometries": null}}, {"type": "Feature", "properties": {"ModifiedDa": "2016-04-06", "SAPEquipID": 300009055, "AssetName": "Picnic Table - No Roof - 06", "d_SubtypeC": "Picnic Table", "d_AssetTyp": "No Roof", "d_AssetMat": "Timber Treated", "d_Branch": "Greater Sydney", "d_LGA": "Hornsby", "Comments": null, "Easting": 324783.4, "Northing": 6277622.29, "Latitude": "33\u00c2\u00b0 37.608' S", "Longitude": "151\u00c2\u00b0 6.66' E", "VERDATE": "2025-12-05"}, "geometry": {"coordinates": [151.11099988666695, -33.6268024466666, 0.0], "type": "Point", "geometries": null}}, {"type": "Feature", "properties": {"ModifiedDa": "2016-04-06", "SAPEquipID": 300009163, "AssetName": "Tree Guard - 03", "d_SubtypeC": "Tree Guard", "d_AssetTyp": "Not Applicable", "d_AssetMat": "Not Applicable", "d_Branch": "Greater Sydney", "d_LGA": "Ku-Ring-Gai", "Comments": null, "Easting": 329423.58, "Northing": 6273978.95, "Latitude": "33\u00c2\u00b0 39.624' S", "Longitude": "151\u00c2\u00b0 9.618' E", "VERDATE": "2025-12-05"}, "geometry": {"coordinates": [151.1603039466671, -33.660400219999815, 0.0], "type": "Point", "geometries": null}}, {"type": "Feature", "properties": {"ModifiedDa": "2016-04-06", "SAPEquipID": 300009174, "AssetName": "WRS - 01", "d_SubtypeC": "Waste/Recycling Stn", "d_AssetTyp": "Not Applicable", "d_AssetMat": "Not Applicable", "d_Branch": "Greater Sydney", "d_LGA": "Ku-Ring-Gai", "Comments": "3 recycle 2 garbage", "Easting": 329453.21, "Northing": 6273996.79, "Latitude": "33\u00c2\u00b0 39.615' S", "Longitude": "151\u00c2\u00b0 9.638' E", "VERDATE": "2025-12-05"}, "geometry": {"coordinates": [151.1606268333337, -33.66024416666653, 0.0], "type": "Point", "geometries": null}}, {"type": "Feature", "properties": {"ModifiedDa": "2016-04-06", "SAPEquipID": 300009184, "AssetName": "Picnic Table - With Roof - 01", "d_SubtypeC": "Picnic Table", "d_AssetTyp": "With Roof", "d_AssetMat": "Timber Treated", "d_Branch": "Greater Sydney", "d_LGA": "Hornsby", "Comments": "table burnt", "Easting": 324960.56, "Northing": 6277755.87, "Latitude": "33\u00c2\u00b0 37.538' S", "Longitude": "151\u00c2\u00b0 6.776' E", "VERDATE": "2025-12-05"}, "geometry": {"coordinates": [151.11293528000056, -33.62562744666661, 0.0], "type": "Point", "geometries": null}}, {"type": "Feature", "properties": {"ModifiedDa": "2019-07-01", "SAPEquipID": 300011910, "AssetName": "Picnic Table - 02", "d_SubtypeC": "Picnic Table", "d_AssetTyp": "No Roof", "d_AssetMat": "Steel", "d_Branch": "Hunter Central Coast", "d_LGA": "Central Coast", "Comments": "timber  top steel frame", "Easting": 339763.96, "Northing": 6299531.84, "Latitude": "33\u00c2\u00b0 25.898' S", "Longitude": "151\u00c2\u00b0 16.582' E", "VERDATE": "2025-12-05"}, "geometry": {"coordinates": [151.27636227632706, -33.431637995178335, 0.0], "type": "Point", "geometries": null}}, {"type": "Feature", "properties": {"ModifiedDa": "2016-04-06", "SAPEquipID": 300013708, "AssetName": "Picnic Table - No Roof - 01", "d_SubtypeC": "Picnic Table", "d_AssetTyp": "No Roof", "d_AssetMat": "Timber", "d_Branch": "Greater Sydney", "d_LGA": "Ku-Ring-Gai", "Comments": null, "Easting": 329262.95, "Northing": 6259508.29, "Latitude": "33\u00c2\u00b0 47.449' S", "Longitude": "151\u00c2\u00b0 9.347' E", "VERDATE": "2025-12-05"}, "geometry": {"coordinates": [151.1557835000002, -33.7908223333327, 0.0], "type": "Point", "geometries": null}}, {"type": "Feature", "properties": {"ModifiedDa": "2016-04-06", "SAPEquipID": 300013718, "AssetName": "Seat - TImber", "d_SubtypeC": "Seat", "d_AssetTyp": "Without Pad", "d_AssetMat": "Timber", "d_Branch": "Greater Sydney", "d_LGA": "Ryde", "Comments": null, "Easting": 329216.72, "Northing": 6259417.52, "Latitude": "33\u00c2\u00b0 47.498' S", "Longitude": "151\u00c2\u00b0 9.316' E", "VERDATE": "2025-12-05"}, "geometry": {"coordinates": [151.15526683333326, -33.79163311333281, 0.0], "type": "Point", "geometries": null}}, {"type": "Feature", "properties": {"ModifiedDa": "2023-04-03", "SAPEquipID": 300014126, "AssetName": "BBQ - mogo camp kitchen", "d_SubtypeC": "BBQ/Fireplace", "d_AssetTyp": "With Roof", "d_AssetMat": "Steel", "d_Branch": "Blue Mountains", "d_LGA": "Hawkesbury", "Comments": "7 and 8 in camp kitchen", "Easting": 321989.84, "Northing": 6330975.74, "Latitude": "33\u00c2\u00b0 8.722' S", "Longitude": "151\u00c2\u00b0 5.486' E", "VERDATE": "2025-12-05"}, "geometry": {"coordinates": [151.09143949999975, -33.145369719999906, 0.0], "type": "Point", "geometries": null}}, {"type": "Feature", "properties": {"ModifiedDa": "2022-03-04", "SAPEquipID": 300014136, "AssetName": "BBQ - wood fire ring", "d_SubtypeC": "BBQ/Fireplace", "d_AssetTyp": "No Roof", "d_AssetMat": "Stone", "d_Branch": "Blue Mountains", "d_LGA": "Hawkesbury", "Comments": null, "Easting": 304140.25, "Northing": 6316696.52, "Latitude": "33\u00c2\u00b0 16.26' S", "Longitude": "150\u00c2\u00b0 53.826' E", "VERDATE": "2025-12-05"}, "geometry": {"coordinates": [150.8970924599995, -33.27100393999996, 0.0], "type": "Point", "geometries": null}}, {"type": "Feature", "properties": {"ModifiedDa": "2024-01-04", "SAPEquipID": 300014146, "AssetName": "Bin - firewood shared", "d_SubtypeC": "Bin", "d_AssetTyp": "Firewood", "d_AssetMat": "Not Applicable", "d_Branch": "Blue Mountains", "d_LGA": "Central Coast", "Comments": "main visitor firewood bin", "Easting": 318085.82, "Northing": 6302443.9, "Latitude": "33\u00c2\u00b0 24.116' S", "Longitude": "151\u00c2\u00b0 2.632' E", "VERDATE": "2025-12-05"}, "geometry": {"coordinates": [151.04387366666685, -33.401928113333156, 0.0], "type": "Point", "geometries": null}}, {"type": "Feature", "properties": {"ModifiedDa": "2022-03-04", "SAPEquipID": 300014676, "AssetName": "Picnic Table - steel - mill picnic - 02", "d_SubtypeC": "Picnic Table", "d_AssetTyp": "No Roof", "d_AssetMat": "Steel", "d_Branch": "Blue Mountains", "d_LGA": "Central Coast", "Comments": null, "Easting": 318420.23, "Northing": 6302613.16, "Latitude": "33\u00c2\u00b0 24.028' S", "Longitude": "151\u00c2\u00b0 2.85' E", "VERDATE": "2025-12-05"}, "geometry": {"coordinates": [151.04750188666685, -33.400458999999955, 0.0], "type": "Point", "geometries": null}}, {"type": "Feature", "properties": {"ModifiedDa": "2015-06-13", "SAPEquipID": 300014686, "AssetName": "Picnic Table - timber - popran", "d_SubtypeC": "Picnic Table", "d_AssetTyp": "No Roof", "d_AssetMat": "Timber", "d_Branch": "Hunter Central Coast", "d_LGA": "Central Coast", "Comments": "Hardwood Picnic Table", "Easting": 331470.84, "Northing": 6304610.42, "Latitude": "33\u00c2\u00b0 23.075' S", "Longitude": "151\u00c2\u00b0 11.289' E", "VERDATE": "2025-12-05"}, "geometry": {"coordinates": [151.18814333333364, -33.384581666666634, 0.0], "type": "Point", "geometries": null}}, {"type": "Feature", "properties": {"ModifiedDa": "2024-08-20", "SAPEquipID": 300022057, "AssetName": "Pay\u00c2\u00a0Machine\u00c2\u00a0HCCB\u00c2\u00a0NPWS0012", "d_SubtypeC": "Fee Collection Station - Unmanned", "d_AssetTyp": "Parking Meter", "d_AssetMat": "Not Applicable", "d_Branch": "Hunter Central Coast", "d_LGA": "Central Coast", "Comments": null, "Easting": 348777.29, "Northing": 6289087.6, "Latitude": "33\u00c2\u00b0 31.627' S", "Longitude": "151\u00c2\u00b0 22.291' E", "VERDATE": "2025-12-05"}, "geometry": {"coordinates": [151.37152100000003, -33.52711299999993, 0.0], "type": "Point", "geometries": null}}, {"type": "Feature", "properties": {"ModifiedDa": "2024-12-04", "SAPEquipID": 300022067, "AssetName": "Pay\u00c2\u00a0Machine\u00c2\u00a0HCCB\u00c2\u00a0NPWS0015", "d_SubtypeC": "Fee Collection Station - Unmanned", "d_AssetTyp": "Parking Meter", "d_AssetMat": "Not Applicable", "d_Branch": "Hunter Central Coast", "d_LGA": "Central Coast", "Comments": null, "Easting": 339180.46, "Northing": 6302929.23, "Latitude": "33\u00c2\u00b0 24.055' S", "Longitude": "151\u00c2\u00b0 16.242' E", "VERDATE": "2025-12-05"}, "geometry": {"coordinates": [151.27069549998055, -33.40092096655269, 0.0], "type": "Point", "geometries": null}}, {"type": "Feature", "properties": {"ModifiedDa": "2010-08-06", "SAPEquipID": 300022537, "AssetName": "Bin - 14", "d_SubtypeC": "Bin", "d_AssetTyp": "Garbage", "d_AssetMat": "Not Applicable", "d_Branch": "Greater Sydney", "d_LGA": "Liverpool", "Comments": "gal steel garbage bin on steel post", "Easting": 281566.7, "Northing": 6242851.52, "Latitude": "33\u00c2\u00b0 55.929' S", "Longitude": "150\u00c2\u00b0 38.208' E", "VERDATE": "2025-12-05"}, "geometry": {"coordinates": [150.63679978000096, -33.93215088666648, 0.0], "type": "Point", "geometries": null}}, {"type": "Feature", "properties": {"ModifiedDa": "2010-08-06", "SAPEquipID": 300022546, "AssetName": "Bin - 02", "d_SubtypeC": "Bin", "d_AssetTyp": "Garbage", "d_AssetMat": "Not Applicable", "d_Branch": "Greater Sydney", "d_LGA": "Liverpool", "Comments": "gal steel garbage bin on steel post", "Easting": 281515.27, "Northing": 6242857.66, "Latitude": "33\u00c2\u00b0 55.925' S", "Longitude": "150\u00c2\u00b0 38.175' E", "VERDATE": "2025-12-05"}, "geometry": {"coordinates": [150.6362453333337, -33.93208494666652, 0.0], "type": "Point", "geometries": null}}, {"type": "Feature", "properties": {"ModifiedDa": "2010-08-06", "SAPEquipID": 300022556, "AssetName": "Bin - Durrawi East firewood", "d_SubtypeC": "Bin", "d_AssetTyp": "Firewood", "d_AssetMat": "Not Applicable", "d_Branch": "Greater Sydney", "d_LGA": "Liverpool", "Comments": null, "Easting": 281263.37, "Northing": 6242790.51, "Latitude": "33\u00c2\u00b0 55.958' S", "Longitude": "150\u00c2\u00b0 38.01' E", "VERDATE": "2025-12-05"}, "geometry": {"coordinates": [150.6335053333338, -33.93263766666661, 0.0], "type": "Point", "geometries": null}}, {"type": "Feature", "properties": {"ModifiedDa": "2010-08-06", "SAPEquipID": 300022569, "AssetName": "Bin - Durrawi East - 02", "d_SubtypeC": "Bin", "d_AssetTyp": "Garbage", "d_AssetMat": "Not Applicable", "d_Branch": "Greater Sydney", "d_LGA": "Liverpool", "Comments": "guess loc tjc", "Easting": 281329.85, "Northing": 6242816.55, "Latitude": "33\u00c2\u00b0 55.945' S", "Longitude": "150\u00c2\u00b0 38.054' E", "VERDATE": "2025-12-05"}, "geometry": {"coordinates": [150.63423057333364, -33.93241684666663, 0.0], "type": "Point", "geometries": null}}, {"type": "Feature", "properties": {"ModifiedDa": "2010-08-06", "SAPEquipID": 300022580, "AssetName": "BBQ - Durrawi East - 03", "d_SubtypeC": "BBQ/Fireplace", "d_AssetTyp": "No Roof", "d_AssetMat": "Steel", "d_Branch": "Greater Sydney", "d_LGA": "Liverpool", "Comments": "concrete pad", "Easting": 281290.71, "Northing": 6242813.31, "Latitude": "33\u00c2\u00b0 55.946' S", "Longitude": "150\u00c2\u00b0 38.028' E", "VERDATE": "2025-12-05"}, "geometry": {"coordinates": [150.63380661333372, -33.932437946666596, 0.0], "type": "Point", "geometries": null}}, {"type": "Feature", "properties": {"ModifiedDa": "2010-08-06", "SAPEquipID": 300022590, "AssetName": "BBQ - Durrawi East - 05", "d_SubtypeC": "BBQ/Fireplace", "d_AssetTyp": "No Roof", "d_AssetMat": "Steel", "d_Branch": "Greater Sydney", "d_LGA": "Liverpool", "Comments": "concrete pad", "Easting": 281257.65, "Northing": 6242794.67, "Latitude": "33\u00c2\u00b0 55.956' S", "Longitude": "150\u00c2\u00b0 38.007' E", "VERDATE": "2025-12-05"}, "geometry": {"coordinates": [150.6334445533338, -33.932598999999925, 0.0], "type": "Point", "geometries": null}}, {"type": "Feature", "properties": {"ModifiedDa": "2010-08-06", "SAPEquipID": 300022599, "AssetName": "BBQ - Durrawi Central - 02", "d_SubtypeC": "BBQ/Fireplace", "d_AssetTyp": "No Roof", "d_AssetMat": "Steel", "d_Branch": "Greater Sydney", "d_LGA": "Liverpool", "Comments": "concrete pad", "Easting": 281246.81, "Northing": 6242849.64, "Latitude": "33\u00c2\u00b0 55.926' S", "Longitude": "150\u00c2\u00b0 38.0' E", "VERDATE": "2025-12-05"}, "geometry": {"coordinates": [150.63334100000077, -33.932101446666536, 0.0], "type": "Point", "geometries": null}}, {"type": "Feature", "properties": {"ModifiedDa": "2010-08-06", "SAPEquipID": 300022608, "AssetName": "Bin - Durrawi Central - 02", "d_SubtypeC": "Bin", "d_AssetTyp": "Garbage", "d_AssetMat": "Not Applicable", "d_Branch": "Greater Sydney", "d_LGA": "Liverpool", "Comments": null, "Easting": 281237.94, "Northing": 6242823.97, "Latitude": "33\u00c2\u00b0 55.94' S", "Longitude": "150\u00c2\u00b0 37.994' E", "VERDATE": "2025-12-05"}, "geometry": {"coordinates": [150.63323872000012, -33.932330886666534, 0.0], "type": "Point", "geometries": null}}, {"type": "Feature", "properties": {"ModifiedDa": "2010-08-06", "SAPEquipID": 300022618, "AssetName": "Bin - Durrawi Central - 04", "d_SubtypeC": "Bin", "d_AssetTyp": "Garbage", "d_AssetMat": "Not Applicable", "d_Branch": "Greater Sydney", "d_LGA": "Liverpool", "Comments": null, "Easting": 281230.86, "Northing": 6242812.64, "Latitude": "33\u00c2\u00b0 55.946' S", "Longitude": "150\u00c2\u00b0 37.99' E", "VERDATE": "2025-12-05"}, "geometry": {"coordinates": [150.63315938666733, -33.932431499999836, 0.0], "type": "Point", "geometries": null}}, {"type": "Feature", "properties": {"ModifiedDa": "2010-08-06", "SAPEquipID": 300022628, "AssetName": "Bin - Durrawi Central - 06", "d_SubtypeC": "Bin", "d_AssetTyp": "Garbage", "d_AssetMat": "Not Applicable", "d_Branch": "Greater Sydney", "d_LGA": "Liverpool", "Comments": null, "Easting": 281259.73, "Northing": 6242789.53, "Latitude": "33\u00c2\u00b0 55.959' S", "Longitude": "150\u00c2\u00b0 38.008' E", "VERDATE": "2025-12-05"}, "geometry": {"coordinates": [150.63346578000062, -33.93264577999997, 0.0], "type": "Point", "geometries": null}}, {"type": "Feature", "properties": {"ModifiedDa": "2010-08-06", "SAPEquipID": 300022638, "AssetName": "BBQ - 02", "d_SubtypeC": "BBQ/Fireplace", "d_AssetTyp": "No Roof", "d_AssetMat": "Steel", "d_Branch": "Greater Sydney", "d_LGA": "Liverpool", "Comments": "bbq plate and billy holder on side post", "Easting": 281725.56, "Northing": 6242780.41, "Latitude": "33\u00c2\u00b0 55.969' S", "Longitude": "150\u00c2\u00b0 38.31' E", "VERDATE": "2025-12-05"}, "geometry": {"coordinates": [150.63849944666686, -33.93282471999987, 0.0], "type": "Point", "geometries": null}}, {"type": "Feature", "properties": {"ModifiedDa": "2010-08-06", "SAPEquipID": 300022647, "AssetName": "BBQ - 05", "d_SubtypeC": "BBQ/Fireplace", "d_AssetTyp": "No Roof", "d_AssetMat": "Steel", "d_Branch": "Greater Sydney", "d_LGA": "Liverpool", "Comments": "low level on 1m sq concrete slab", "Easting": 281661.44, "Northing": 6242756.67, "Latitude": "33\u00c2\u00b0 55.982' S", "Longitude": "150\u00c2\u00b0 38.268' E", "VERDATE": "2025-12-05"}, "geometry": {"coordinates": [150.63780038666675, -33.933025279999924, 0.0], "type": "Point", "geometries": null}}, {"type": "Feature", "properties": {"ModifiedDa": "2010-08-06", "SAPEquipID": 300022656, "AssetName": "BBQ - 08", "d_SubtypeC": "BBQ/Fireplace", "d_AssetTyp": "No Roof", "d_AssetMat": "Steel", "d_Branch": "Greater Sydney", "d_LGA": "Liverpool", "Comments": "low level on 1m sq concrete slab", "Easting": 281620.71, "Northing": 6242834.81, "Latitude": "33\u00c2\u00b0 55.939' S", "Longitude": "150\u00c2\u00b0 38.243' E", "VERDATE": "2025-12-05"}, "geometry": {"coordinates": [150.6373795000004, -33.93231271999986, 0.0], "type": "Point", "geometries": null}}, {"type": "Feature", "properties": {"ModifiedDa": "2010-08-06", "SAPEquipID": 300022665, "AssetName": "Bin - 16", "d_SubtypeC": "Bin", "d_AssetTyp": "Garbage", "d_AssetMat": "Not Applicable", "d_Branch": "Greater Sydney", "d_LGA": "Liverpool", "Comments": "gal steel garbage bin on steel post", "Easting": 281555.94, "Northing": 6242808.06, "Latitude": "33\u00c2\u00b0 55.952' S", "Longitude": "150\u00c2\u00b0 38.2' E", "VERDATE": "2025-12-05"}, "geometry": {"coordinates": [150.63667266666687, -33.93254033333329, 0.0], "type": "Point", "geometries": null}}, {"type": "Feature", "properties": {"ModifiedDa": "2010-08-06", "SAPEquipID": 300022674, "AssetName": "BBQ - 31", "d_SubtypeC": "BBQ/Fireplace", "d_AssetTyp": "No Roof", "d_AssetMat": "Steel", "d_Branch": "Greater Sydney", "d_LGA": "Liverpool", "Comments": "low level on 1m sq concrete slab", "Easting": 281587.85, "Northing": 6242869.91, "Latitude": "33\u00c2\u00b0 55.919' S", "Longitude": "150\u00c2\u00b0 38.222' E", "VERDATE": "2025-12-05"}, "geometry": {"coordinates": [150.63703305333388, -33.931989553333096, 0.0], "type": "Point", "geometries": null}}, {"type": "Feature", "properties": {"ModifiedDa": "2010-08-06", "SAPEquipID": 300022684, "AssetName": "BBQ - 14", "d_SubtypeC": "BBQ/Fireplace", "d_AssetTyp": "No Roof", "d_AssetMat": "Steel", "d_Branch": "Greater Sydney", "d_LGA": "Liverpool", "Comments": "low level on 1m sq concrete slab", "Easting": 281655.08, "Northing": 6242707.34, "Latitude": "33\u00c2\u00b0 56.008' S", "Longitude": "150\u00c2\u00b0 38.263' E", "VERDATE": "2025-12-05"}, "geometry": {"coordinates": [150.63771938666696, -33.93346855333317, 0.0], "type": "Point", "geometries": null}}, {"type": "Feature", "properties": {"ModifiedDa": "2010-08-06", "SAPEquipID": 300022693, "AssetName": "BBQ - 16", "d_SubtypeC": "BBQ/Fireplace", "d_AssetTyp": "No Roof", "d_AssetMat": "Steel", "d_Branch": "Greater Sydney", "d_LGA": "Liverpool", "Comments": "bbq plate and billy holder on side post", "Easting": 281588.38, "Northing": 6242826.82, "Latitude": "33\u00c2\u00b0 55.943' S", "Longitude": "150\u00c2\u00b0 38.222' E", "VERDATE": "2025-12-05"}, "geometry": {"coordinates": [150.63702800000033, -33.93237799999986, 0.0], "type": "Point", "geometries": null}}, {"type": "Feature", "properties": {"ModifiedDa": "2010-08-06", "SAPEquipID": 300022703, "AssetName": "BBQ - 18", "d_SubtypeC": "BBQ/Fireplace", "d_AssetTyp": "No Roof", "d_AssetMat": "Steel", "d_Branch": "Greater Sydney", "d_LGA": "Liverpool", "Comments": "bbq plate and billy holder on side post", "Easting": 281693.38, "Northing": 6242827.75, "Latitude": "33\u00c2\u00b0 55.943' S", "Longitude": "150\u00c2\u00b0 38.29' E", "VERDATE": "2025-12-05"}, "geometry": {"coordinates": [150.63816338666675, -33.932391446666486, 0.0], "type": "Point", "geometries": null}}, {"type": "Feature", "properties": {"ModifiedDa": "2010-08-06", "SAPEquipID": 300022712, "AssetName": "BBQ - 21", "d_SubtypeC": "BBQ/Fireplace", "d_AssetTyp": "No Roof", "d_AssetMat": "Steel", "d_Branch": "Greater Sydney", "d_LGA": "Liverpool", "Comments": "bbq plate and billy holder on side post", "Easting": 281555.04, "Northing": 6242838.74, "Latitude": "33\u00c2\u00b0 55.936' S", "Longitude": "150\u00c2\u00b0 38.2' E", "VERDATE": "2025-12-05"}, "geometry": {"coordinates": [150.63667050000038, -33.93226366666664, 0.0], "type": "Point", "geometries": null}}, {"type": "Feature", "properties": {"ModifiedDa": "2010-08-06", "SAPEquipID": 300022721, "AssetName": "BBQ - 23", "d_SubtypeC": "BBQ/Fireplace", "d_AssetTyp": "No Roof", "d_AssetMat": "Steel", "d_Branch": "Greater Sydney", "d_LGA": "Liverpool", "Comments": "bbq plate and billy holder on side post", "Easting": 281512.68, "Northing": 6242845.99, "Latitude": "33\u00c2\u00b0 55.931' S", "Longitude": "150\u00c2\u00b0 38.173' E", "VERDATE": "2025-12-05"}, "geometry": {"coordinates": [150.6362144466675, -33.93218949999988, 0.0], "type": "Point", "geometries": null}}, {"type": "Feature", "properties": {"ModifiedDa": "2010-08-06", "SAPEquipID": 300022731, "AssetName": "BBQ - 25", "d_SubtypeC": "BBQ/Fireplace", "d_AssetTyp": "No Roof", "d_AssetMat": "Steel", "d_Branch": "Greater Sydney", "d_LGA": "Liverpool", "Comments": "bbq plate and billy holder on side post", "Easting": 281445.96, "Northing": 6242895.75, "Latitude": "33\u00c2\u00b0 55.904' S", "Longitude": "150\u00c2\u00b0 38.13' E", "VERDATE": "2025-12-05"}, "geometry": {"coordinates": [150.63550550000025, -33.931727279999734, 0.0], "type": "Point", "geometries": null}}, {"type": "Feature", "properties": {"ModifiedDa": "2010-08-06", "SAPEquipID": 300022740, "AssetName": "BBQ - 28", "d_SubtypeC": "BBQ/Fireplace", "d_AssetTyp": "No Roof", "d_AssetMat": "Steel", "d_Branch": "Greater Sydney", "d_LGA": "Liverpool", "Comments": "large steel ring only", "Easting": 281551.76, "Northing": 6242897.13, "Latitude": "33\u00c2\u00b0 55.904' S", "Longitude": "150\u00c2\u00b0 38.199' E", "VERDATE": "2025-12-05"}, "geometry": {"coordinates": [150.63664966666693, -33.93173683333316, 0.0], "type": "Point", "geometries": null}}, {"type": "Feature", "properties": {"ModifiedDa": "2010-08-06", "SAPEquipID": 300022749, "AssetName": "Bin - 12", "d_SubtypeC": "Bin", "d_AssetTyp": "Garbage", "d_AssetMat": "Not Applicable", "d_Branch": "Greater Sydney", "d_LGA": "Liverpool", "Comments": "gal steel garbage bin on steel post", "Easting": 281591.75, "Northing": 6242799.1, "Latitude": "33\u00c2\u00b0 55.958' S", "Longitude": "150\u00c2\u00b0 38.223' E", "VERDATE": "2025-12-05"}, "geometry": {"coordinates": [150.63705755333342, -33.93262844666663, 0.0], "type": "Point", "geometries": null}}, {"type": "Feature", "properties": {"ModifiedDa": "2010-08-06", "SAPEquipID": 300022759, "AssetName": "Bin - 09", "d_SubtypeC": "Bin", "d_AssetTyp": "Garbage", "d_AssetMat": "Not Applicable", "d_Branch": "Greater Sydney", "d_LGA": "Liverpool", "Comments": "gal steel garbage bin on steel post", "Easting": 281686.0, "Northing": 6242789.79, "Latitude": "33\u00c2\u00b0 55.964' S", "Longitude": "150\u00c2\u00b0 38.284' E", "VERDATE": "2025-12-05"}, "geometry": {"coordinates": [150.6380741133337, -33.93273194666659, 0.0], "type": "Point", "geometries": null}}, {"type": "Feature", "properties": {"ModifiedDa": "2010-08-06", "SAPEquipID": 300022769, "AssetName": "Bin - 07", "d_SubtypeC": "Bin", "d_AssetTyp": "Garbage", "d_AssetMat": "Not Applicable", "d_Branch": "Greater Sydney", "d_LGA": "Liverpool", "Comments": "gal steel garbage bin on steel post", "Easting": 281649.38, "Northing": 6242890.91, "Latitude": "33\u00c2\u00b0 55.909' S", "Longitude": "150\u00c2\u00b0 38.262' E", "VERDATE": "2025-12-05"}, "geometry": {"coordinates": [150.6377034466674, -33.93181311333325, 0.0], "type": "Point", "geometries": null}}, {"type": "Feature", "properties": {"ModifiedDa": "2010-08-06", "SAPEquipID": 300022778, "AssetName": "Bin - 05", "d_SubtypeC": "Bin", "d_AssetTyp": "Garbage", "d_AssetMat": "Not Applicable", "d_Branch": "Greater Sydney", "d_LGA": "Liverpool", "Comments": "gal steel garbage bin on steel post", "Easting": 281529.85, "Northing": 6242899.29, "Latitude": "33\u00c2\u00b0 55.903' S", "Longitude": "150\u00c2\u00b0 38.185' E", "VERDATE": "2025-12-05"}, "geometry": {"coordinates": [150.6364133333334, -33.931712779999884, 0.0], "type": "Point", "geometries": null}}, {"type": "Feature", "properties": {"ModifiedDa": "2010-08-06", "SAPEquipID": 300022788, "AssetName": "BBQ - 11", "d_SubtypeC": "BBQ/Fireplace", "d_AssetTyp": "No Roof", "d_AssetMat": "Steel", "d_Branch": "Greater Sydney", "d_LGA": "Liverpool", "Comments": "low level on 1m sq concrete slab", "Easting": 281509.84, "Northing": 6242822.48, "Latitude": "33\u00c2\u00b0 55.944' S", "Longitude": "150\u00c2\u00b0 38.171' E", "VERDATE": "2025-12-05"}, "geometry": {"coordinates": [150.63617788666716, -33.932400779999966, 0.0], "type": "Point", "geometries": null}}, {"type": "Feature", "properties": {"ModifiedDa": "2024-12-06", "SAPEquipID": 300022936, "AssetName": "Pay Machine GSB NPWS0124", "d_SubtypeC": "Fee Collection Station - Unmanned", "d_AssetTyp": "Parking Meter", "d_AssetMat": "Not Applicable", "d_Branch": "Greater Sydney", "d_LGA": "Sutherland", "Comments": null, "Easting": 326154.27, "Northing": 6220926.03, "Latitude": "34\u00c2\u00b0 8.286' S", "Longitude": "151\u00c2\u00b0 6.874' E", "VERDATE": "2025-12-05"}, "geometry": {"coordinates": [151.11455999999998, -34.13809999999995, 0.0], "type": "Point", "geometries": null}}, {"type": "Feature", "properties": {"ModifiedDa": "2024-12-06", "SAPEquipID": 300022968, "AssetName": "Pay Machine GSB NPWS0137", "d_SubtypeC": "Fee Collection Station - Unmanned", "d_AssetTyp": "Parking Meter", "d_AssetMat": "Not Applicable", "d_Branch": "Greater Sydney", "d_LGA": "Northern Beaches", "Comments": null, "Easting": 342317.21, "Northing": 6256657.8, "Latitude": "33\u00c2\u00b0 49.113' S", "Longitude": "151\u00c2\u00b0 17.773' E", "VERDATE": "2025-12-05"}, "geometry": {"coordinates": [151.29622300000005, -33.818547000000024, 0.0], "type": "Point", "geometries": null}}, {"type": "Feature", "properties": {"ModifiedDa": "2010-08-06", "SAPEquipID": 300023357, "AssetName": "Picnic Table - 05", "d_SubtypeC": "Picnic Table", "d_AssetTyp": "No Roof", "d_AssetMat": "Timber", "d_Branch": "Greater Sydney", "d_LGA": "Liverpool", "Comments": "picnic table", "Easting": 281302.08, "Northing": 6242786.23, "Latitude": "33\u00c2\u00b0 55.961' S", "Longitude": "150\u00c2\u00b0 38.035' E", "VERDATE": "2025-12-05"}, "geometry": {"coordinates": [150.63392278000094, -33.93268433333321, 0.0], "type": "Point", "geometries": null}}, {"type": "Feature", "properties": {"ModifiedDa": "2024-07-09", "SAPEquipID": 300025132, "AssetName": "Picnic Table - west lawn - 03", "d_SubtypeC": "Picnic Table", "d_AssetTyp": "No Roof", "d_AssetMat": "Timber", "d_Branch": "Greater Sydney", "d_LGA": "Canterbury-Bankstown", "Comments": null, "Easting": 326753.8, "Northing": 6244149.19, "Latitude": "33\u00c2\u00b0 55.732' S", "Longitude": "151\u00c2\u00b0 7.54' E", "VERDATE": "2025-12-05"}, "geometry": {"coordinates": [151.12567000000013, -33.928865666666525, 0.0], "type": "Point", "geometries": null}}, {"type": "Feature", "properties": {"ModifiedDa": "2024-07-09", "SAPEquipID": 300025144, "AssetName": "Picnic Table - lawn - 02", "d_SubtypeC": "Picnic Table", "d_AssetTyp": "No Roof", "d_AssetMat": "Timber", "d_Branch": "Greater Sydney", "d_LGA": "Canterbury-Bankstown", "Comments": null, "Easting": 326845.32, "Northing": 6244110.87, "Latitude": "33\u00c2\u00b0 55.754' S", "Longitude": "151\u00c2\u00b0 7.599' E", "VERDATE": "2025-12-05"}, "geometry": {"coordinates": [151.12665216666687, -33.92922621999992, 0.0], "type": "Point", "geometries": null}}, {"type": "Feature", "properties": {"ModifiedDa": "2024-07-09", "SAPEquipID": 300025155, "AssetName": "Picnic Table - lawn setting - 01", "d_SubtypeC": "Picnic Table", "d_AssetTyp": "With Roof", "d_AssetMat": "Timber", "d_Branch": "Greater Sydney", "d_LGA": "Canterbury-Bankstown", "Comments": null, "Easting": 326831.5, "Northing": 6244139.07, "Latitude": "33\u00c2\u00b0 55.738' S", "Longitude": "151\u00c2\u00b0 7.59' E", "VERDATE": "2025-12-05"}, "geometry": {"coordinates": [151.1265082800004, -33.92896971999994, 0.0], "type": "Point", "geometries": null}}, {"type": "Feature", "properties": {"ModifiedDa": "2024-07-09", "SAPEquipID": 300025165, "AssetName": "Picnic Table - lawn setting - 03", "d_SubtypeC": "Picnic Table", "d_AssetTyp": "With Roof", "d_AssetMat": "Timber", "d_Branch": "Greater Sydney", "d_LGA": "Canterbury-Bankstown", "Comments": null, "Easting": 326817.34, "Northing": 6244129.22, "Latitude": "33\u00c2\u00b0 55.743' S", "Longitude": "151\u00c2\u00b0 7.581' E", "VERDATE": "2025-12-05"}, "geometry": {"coordinates": [151.12635322000017, -33.929056166666555, 0.0], "type": "Point", "geometries": null}}, {"type": "Feature", "properties": {"ModifiedDa": "2024-07-09", "SAPEquipID": 300025175, "AssetName": "Bin - recycling at BBQ", "d_SubtypeC": "Bin", "d_AssetTyp": "Recycle", "d_AssetMat": "Not Applicable", "d_Branch": "Greater Sydney", "d_LGA": "Canterbury-Bankstown", "Comments": null, "Easting": 326835.42, "Northing": 6244123.42, "Latitude": "33\u00c2\u00b0 55.747' S", "Longitude": "151\u00c2\u00b0 7.593' E", "VERDATE": "2025-12-05"}, "geometry": {"coordinates": [151.12654752666708, -33.929111419999856, 0.0], "type": "Point", "geometries": null}}, {"type": "Feature", "properties": {"ModifiedDa": "2010-08-06", "SAPEquipID": 300025698, "AssetName": "Picnic Table - 02", "d_SubtypeC": "Picnic Table", "d_AssetTyp": "No Roof", "d_AssetMat": "Timber", "d_Branch": "Greater Sydney", "d_LGA": "Liverpool", "Comments": "picnic table", "Easting": 281279.98, "Northing": 6242822.01, "Latitude": "33\u00c2\u00b0 55.941' S", "Longitude": "150\u00c2\u00b0 38.022' E", "VERDATE": "2025-12-05"}, "geometry": {"coordinates": [150.63369272000057, -33.932357279999906, 0.0], "type": "Point", "geometries": null}}, {"type": "Feature", "properties": {"ModifiedDa": "2010-08-06", "SAPEquipID": 300025708, "AssetName": "Bin - 02", "d_SubtypeC": "Bin", "d_AssetTyp": "Garbage", "d_AssetMat": "Not Applicable", "d_Branch": "Greater Sydney", "d_LGA": "Liverpool", "Comments": null, "Easting": 281253.16, "Northing": 6242741.99, "Latitude": "33\u00c2\u00b0 55.984' S", "Longitude": "150\u00c2\u00b0 38.003' E", "VERDATE": "2025-12-05"}, "geometry": {"coordinates": [150.63338288666682, -33.9330728333332, 0.0], "type": "Point", "geometries": null}}, {"type": "Feature", "properties": {"ModifiedDa": "2022-06-01", "SAPEquipID": 300027635, "AssetName": "Gravesite - Kings Cave", "d_SubtypeC": "Gravesite", "d_AssetTyp": "Not Applicable", "d_AssetMat": "Not Applicable", "d_Branch": "Blue Mountains", "d_LGA": "Blue Mountains", "Comments": "Donohue's Grave 1837", "Easting": 268209.35, "Northing": 6266580.57, "Latitude": "33\u00c2\u00b0 42.929' S", "Longitude": "150\u00c2\u00b0 29.919' E", "VERDATE": "2025-12-05"}, "geometry": {"coordinates": [150.49864311333397, -33.71548194666656, 0.0], "type": "Point", "geometries": null}}, {"type": "Feature", "properties": {"ModifiedDa": "2024-01-04", "SAPEquipID": 300027641, "AssetName": "BBQ - Mill Ck CA - 11", "d_SubtypeC": "BBQ/Fireplace", "d_AssetTyp": "No Roof", "d_AssetMat": "Concrete", "d_Branch": "Blue Mountains", "d_LGA": "Central Coast", "Comments": "site 11", "Easting": 318045.6, "Northing": 6302547.94, "Latitude": "33\u00c2\u00b0 24.059' S", "Longitude": "151\u00c2\u00b0 2.608' E", "VERDATE": "2025-12-05"}, "geometry": {"coordinates": [151.04346249000014, -33.40098345999991, 0.0], "type": "Point", "geometries": null}}, {"type": "Feature", "properties": {"ModifiedDa": "2024-01-04", "SAPEquipID": 300027653, "AssetName": "BBQ - Mill Ck CA - 13", "d_SubtypeC": "BBQ/Fireplace", "d_AssetTyp": "No Roof", "d_AssetMat": "Concrete", "d_Branch": "Blue Mountains", "d_LGA": "Central Coast", "Comments": "site 13", "Easting": 318057.94, "Northing": 6302540.61, "Latitude": "33\u00c2\u00b0 24.063' S", "Longitude": "151\u00c2\u00b0 2.616' E", "VERDATE": "2025-12-05"}, "geometry": {"coordinates": [151.0435935900001, -33.40105165999995, 0.0], "type": "Point", "geometries": null}}, {"type": "Feature", "properties": {"ModifiedDa": "2024-01-04", "SAPEquipID": 300027665, "AssetName": "BBQ - Mill Ck CA - 15", "d_SubtypeC": "BBQ/Fireplace", "d_AssetTyp": "No Roof", "d_AssetMat": "Concrete", "d_Branch": "Blue Mountains", "d_LGA": "Central Coast", "Comments": "site 15", "Easting": 318061.58, "Northing": 6302510.79, "Latitude": "33\u00c2\u00b0 24.079' S", "Longitude": "151\u00c2\u00b0 2.618' E", "VERDATE": "2025-12-05"}, "geometry": {"coordinates": [151.04362669000022, -33.40132105999987, 0.0], "type": "Point", "geometries": null}}, {"type": "Feature", "properties": {"ModifiedDa": "2024-01-04", "SAPEquipID": 300027677, "AssetName": "BBQ - Mill Ck CA - 18", "d_SubtypeC": "BBQ/Fireplace", "d_AssetTyp": "No Roof", "d_AssetMat": "Concrete", "d_Branch": "Blue Mountains", "d_LGA": "Central Coast", "Comments": "site 18", "Easting": 318073.71, "Northing": 6302510.95, "Latitude": "33\u00c2\u00b0 24.079' S", "Longitude": "151\u00c2\u00b0 2.625' E", "VERDATE": "2025-12-05"}, "geometry": {"coordinates": [151.0437570900001, -33.40132165999995, 0.0], "type": "Point", "geometries": null}}, {"type": "Feature", "properties": {"ModifiedDa": "2024-01-04", "SAPEquipID": 300027689, "AssetName": "BBQ - Mill Ck CA - 21", "d_SubtypeC": "BBQ/Fireplace", "d_AssetTyp": "No Roof", "d_AssetMat": "Concrete", "d_Branch": "Blue Mountains", "d_LGA": "Central Coast", "Comments": "site 21", "Easting": 318095.39, "Northing": 6302454.01, "Latitude": "33\u00c2\u00b0 24.11' S", "Longitude": "151\u00c2\u00b0 2.639' E", "VERDATE": "2025-12-05"}, "geometry": {"coordinates": [151.04397859000017, -33.401838659999896, 0.0], "type": "Point", "geometries": null}}, {"type": "Feature", "properties": {"ModifiedDa": "2024-01-04", "SAPEquipID": 300027701, "AssetName": "BBQ - Mill Ck CA - 29", "d_SubtypeC": "BBQ/Fireplace", "d_AssetTyp": "No Roof", "d_AssetMat": "Concrete", "d_Branch": "Blue Mountains", "d_LGA": "Central Coast", "Comments": "site 29", "Easting": 318079.51, "Northing": 6302439.82, "Latitude": "33\u00c2\u00b0 24.118' S", "Longitude": "151\u00c2\u00b0 2.628' E", "VERDATE": "2025-12-05"}, "geometry": {"coordinates": [151.0438050900002, -33.40196385999997, 0.0], "type": "Point", "geometries": null}}, {"type": "Feature", "properties": {"ModifiedDa": "2023-11-29", "SAPEquipID": 300027775, "AssetName": "BBQ - Mill Ck CA - 07", "d_SubtypeC": "BBQ/Fireplace", "d_AssetTyp": "No Roof", "d_AssetMat": "Concrete", "d_Branch": "Blue Mountains", "d_LGA": "Central Coast", "Comments": "site 7", "Easting": 317971.58, "Northing": 6302551.66, "Latitude": "33\u00c2\u00b0 24.056' S", "Longitude": "151\u00c2\u00b0 2.56' E", "VERDATE": "2025-12-05"}, "geometry": {"coordinates": [151.04266769000003, -33.40093735999994, 0.0], "type": "Point", "geometries": null}}, {"type": "Feature", "properties": {"ModifiedDa": "2023-11-29", "SAPEquipID": 300027869, "AssetName": "Picnic Table - Burralow Ck CA - 01", "d_SubtypeC": "Picnic Table", "d_AssetTyp": "No Roof", "d_AssetMat": "Steel", "d_Branch": "Blue Mountains", "d_LGA": "Hawkesbury", "Comments": "Low steel tables Burralow Campground", "Easting": 277555.82, "Northing": 6284596.07, "Latitude": "33\u00c2\u00b0 33.308' S", "Longitude": "150\u00c2\u00b0 36.236' E", "VERDATE": "2025-12-05"}, "geometry": {"coordinates": [150.6039289780001, -33.555135863999965, 0.0], "type": "Point", "geometries": null}}, {"type": "Feature", "properties": {"ModifiedDa": "2023-11-29", "SAPEquipID": 300027880, "AssetName": "Picnic Table - Burralow Ck CA - 03", "d_SubtypeC": "Picnic Table", "d_AssetTyp": "No Roof", "d_AssetMat": "Steel", "d_Branch": "Blue Mountains", "d_LGA": "Hawkesbury", "Comments": "Low steel tables Burralow Campground", "Easting": 277513.51, "Northing": 6284571.14, "Latitude": "33\u00c2\u00b0 33.321' S", "Longitude": "150\u00c2\u00b0 36.208' E", "VERDATE": "2025-12-05"}, "geometry": {"coordinates": [150.60346737800012, -33.55535166399994, 0.0], "type": "Point", "geometries": null}}, {"type": "Feature", "properties": {"ModifiedDa": "2023-11-29", "SAPEquipID": 300027892, "AssetName": "Picnic Table - Burralow Ck CA - 05", "d_SubtypeC": "Picnic Table", "d_AssetTyp": "No Roof", "d_AssetMat": "Steel", "d_Branch": "Blue Mountains", "d_LGA": "Hawkesbury", "Comments": "Low steel tables Burralow Campground", "Easting": 277531.99, "Northing": 6284543.21, "Latitude": "33\u00c2\u00b0 33.336' S", "Longitude": "150\u00c2\u00b0 36.22' E", "VERDATE": "2025-12-05"}, "geometry": {"coordinates": [150.603659278, -33.555607263999946, 0.0], "type": "Point", "geometries": null}}, {"type": "Feature", "properties": {"ModifiedDa": "2023-11-29", "SAPEquipID": 300027902, "AssetName": "Picnic Table - Burralow Ck CA - 08", "d_SubtypeC": "Picnic Table", "d_AssetTyp": "No Roof", "d_AssetMat": "Steel", "d_Branch": "Blue Mountains", "d_LGA": "Hawkesbury", "Comments": null, "Easting": 277534.77, "Northing": 6284580.4, "Latitude": "33\u00c2\u00b0 33.316' S", "Longitude": "150\u00c2\u00b0 36.222' E", "VERDATE": "2025-12-05"}, "geometry": {"coordinates": [150.60369847800007, -33.55527266399997, 0.0], "type": "Point", "geometries": null}}, {"type": "Feature", "properties": {"ModifiedDa": "2023-11-29", "SAPEquipID": 300027949, "AssetName": "BBQ - Mill Ck CA - 04", "d_SubtypeC": "BBQ/Fireplace", "d_AssetTyp": "No Roof", "d_AssetMat": "Concrete", "d_Branch": "Blue Mountains", "d_LGA": "Central Coast", "Comments": "site 4", "Easting": 317943.68, "Northing": 6302559.82, "Latitude": "33\u00c2\u00b0 24.052' S", "Longitude": "151\u00c2\u00b0 2.542' E", "VERDATE": "2025-12-05"}, "geometry": {"coordinates": [151.04236949000006, -33.40085905999996, 0.0], "type": "Point", "geometries": null}}, {"type": "Feature", "properties": {"ModifiedDa": "2023-11-29", "SAPEquipID": 300027960, "AssetName": "BBQ - Burralow Ck CA - 07", "d_SubtypeC": "BBQ/Fireplace", "d_AssetTyp": "No Roof", "d_AssetMat": "Steel", "d_Branch": "Blue Mountains", "d_LGA": "Hawkesbury", "Comments": "Old fire rings at Burralow Creek Campground", "Easting": 277477.27, "Northing": 6284558.42, "Latitude": "33\u00c2\u00b0 33.328' S", "Longitude": "150\u00c2\u00b0 36.184' E", "VERDATE": "2025-12-05"}, "geometry": {"coordinates": [150.60307407800008, -33.55545876399992, 0.0], "type": "Point", "geometries": null}}, {"type": "Feature", "properties": {"ModifiedDa": "2023-11-29", "SAPEquipID": 300028107, "AssetName": "BBQ - Burralow Ck CA - 12", "d_SubtypeC": "BBQ/Fireplace", "d_AssetTyp": "No Roof", "d_AssetMat": "Steel", "d_Branch": "Blue Mountains", "d_LGA": "Hawkesbury", "Comments": "Old fire rings at Burralow Creek Campground", "Easting": 277565.23, "Northing": 6284547.06, "Latitude": "33\u00c2\u00b0 33.335' S", "Longitude": "150\u00c2\u00b0 36.241' E", "VERDATE": "2025-12-05"}, "geometry": {"coordinates": [150.60401797800023, -33.55557946399989, 0.0], "type": "Point", "geometries": null}}, {"type": "Feature", "properties": {"ModifiedDa": "2016-04-06", "SAPEquipID": 300028155, "AssetName": "BBQ - Electric - Area 30", "d_SubtypeC": "BBQ/Fireplace", "d_AssetTyp": "With Roof", "d_AssetMat": "Steel Stainless", "d_Branch": "Greater Sydney", "d_LGA": "Ku-Ring-Gai", "Comments": "new electric", "Easting": 328650.23, "Northing": 6259171.48, "Latitude": "33\u00c2\u00b0 47.626' S", "Longitude": "151\u00c2\u00b0 8.946' E", "VERDATE": "2025-12-05"}, "geometry": {"coordinates": [151.14910289027648, -33.79375939878042, 0.0], "type": "Point", "geometries": null}}, {"type": "Feature", "properties": {"ModifiedDa": "2023-11-29", "SAPEquipID": 300028235, "AssetName": "BBQ - Burralow Ck CA - 02", "d_SubtypeC": "BBQ/Fireplace", "d_AssetTyp": "No Roof", "d_AssetMat": "Steel", "d_Branch": "Blue Mountains", "d_LGA": "Hawkesbury", "Comments": "Old fire rings at Burralow Creek Campground", "Easting": 277511.42, "Northing": 6284465.12, "Latitude": "33\u00c2\u00b0 33.378' S", "Longitude": "150\u00c2\u00b0 36.205' E", "VERDATE": "2025-12-05"}, "geometry": {"coordinates": [150.60341847800032, -33.55630666399992, 0.0], "type": "Point", "geometries": null}}, {"type": "Feature", "properties": {"ModifiedDa": "2023-11-29", "SAPEquipID": 300028246, "AssetName": "BBQ - Burralow Ck CA - 04", "d_SubtypeC": "BBQ/Fireplace", "d_AssetTyp": "No Roof", "d_AssetMat": "Steel", "d_Branch": "Blue Mountains", "d_LGA": "Hawkesbury", "Comments": "Old fire rings at Burralow Creek Campground", "Easting": 277561.38, "Northing": 6284524.72, "Latitude": "33\u00c2\u00b0 33.347' S", "Longitude": "150\u00c2\u00b0 36.238' E", "VERDATE": "2025-12-05"}, "geometry": {"coordinates": [150.60397097800023, -33.55577996399995, 0.0], "type": "Point", "geometries": null}}, {"type": "Feature", "properties": {"ModifiedDa": "2010-08-06", "SAPEquipID": 300028248, "AssetName": "Seat - 02", "d_SubtypeC": "Seat", "d_AssetTyp": "With Pad", "d_AssetMat": "Timber", "d_Branch": "Greater Sydney", "d_LGA": "Liverpool", "Comments": null, "Easting": 281183.42, "Northing": 6242779.35, "Latitude": "33\u00c2\u00b0 55.963' S", "Longitude": "150\u00c2\u00b0 37.958' E", "VERDATE": "2025-12-05"}, "geometry": {"coordinates": [150.63263822000033, -33.932721613333285, 0.0], "type": "Point", "geometries": null}}, {"type": "Feature", "properties": {"ModifiedDa": "2010-08-06", "SAPEquipID": 300028473, "AssetName": "Picnic Table - 01", "d_SubtypeC": "Picnic Table", "d_AssetTyp": "With Roof", "d_AssetMat": "Timber", "d_Branch": "Greater Sydney", "d_LGA": "Blacktown", "Comments": null, "Easting": 306330.01, "Northing": 6271309.52, "Latitude": "33\u00c2\u00b0 40.83' S", "Longitude": "150\u00c2\u00b0 54.647' E", "VERDATE": "2025-12-05"}, "geometry": {"coordinates": [150.91078988666618, -33.68050411333326, 0.0], "type": "Point", "geometries": null}}, {"type": "Feature", "properties": {"ModifiedDa": "2012-09-27", "SAPEquipID": 300028485, "AssetName": "Picnic Table - 03", "d_SubtypeC": "Picnic Table", "d_AssetTyp": "No Roof", "d_AssetMat": "Timber", "d_Branch": "Greater Sydney", "d_LGA": "Blacktown", "Comments": null, "Easting": 306334.4, "Northing": 6271313.25, "Latitude": "33\u00c2\u00b0 40.828' S", "Longitude": "150\u00c2\u00b0 54.65' E", "VERDATE": "2025-12-05"}, "geometry": {"coordinates": [150.91083807717666, -33.68047132461112, 0.0], "type": "Point", "geometries": null}}, {"type": "Feature", "properties": {"ModifiedDa": "2012-09-27", "SAPEquipID": 300028497, "AssetName": "Picnic Table - 04", "d_SubtypeC": "Picnic Table", "d_AssetTyp": "With Roof", "d_AssetMat": "Timber", "d_Branch": "Greater Sydney", "d_LGA": "Blacktown", "Comments": null, "Easting": 306336.98, "Northing": 6271314.59, "Latitude": "33\u00c2\u00b0 40.828' S", "Longitude": "150\u00c2\u00b0 54.652' E", "VERDATE": "2025-12-05"}, "geometry": {"coordinates": [150.91086613988932, -33.68045966779198, 0.0], "type": "Point", "geometries": null}}, {"type": "Feature", "properties": {"ModifiedDa": "2010-08-06", "SAPEquipID": 300028514, "AssetName": "WRS - Pumps", "d_SubtypeC": "Waste/Recycling Stn", "d_AssetTyp": "Not Applicable", "d_AssetMat": "Not Applicable", "d_Branch": "Greater Sydney", "d_LGA": "The Hills", "Comments": null, "Easting": 304490.44, "Northing": 6285896.15, "Latitude": "33\u00c2\u00b0 32.922' S", "Longitude": "150\u00c2\u00b0 53.65' E", "VERDATE": "2025-12-05"}, "geometry": {"coordinates": [150.89415849999978, -33.548692446666564, 0.0], "type": "Point", "geometries": null}}, {"type": "Feature", "properties": {"ModifiedDa": "2010-08-06", "SAPEquipID": 300028526, "AssetName": "BBQ - 01", "d_SubtypeC": "BBQ/Fireplace", "d_AssetTyp": "No Roof", "d_AssetMat": "Steel", "d_Branch": "Greater Sydney", "d_LGA": "Hawkesbury", "Comments": null, "Easting": 307165.55, "Northing": 6284522.07, "Latitude": "33\u00c2\u00b0 33.694' S", "Longitude": "150\u00c2\u00b0 55.36' E", "VERDATE": "2025-12-05"}, "geometry": {"coordinates": [150.92265899999984, -33.561564553333255, 0.0], "type": "Point", "geometries": null}}, {"type": "Feature", "properties": {"ModifiedDa": "2010-08-06", "SAPEquipID": 300028538, "AssetName": "BBQ - 02", "d_SubtypeC": "BBQ/Fireplace", "d_AssetTyp": "No Roof", "d_AssetMat": "Steel", "d_Branch": "Greater Sydney", "d_LGA": "Hawkesbury", "Comments": null, "Easting": 307056.03, "Northing": 6284551.32, "Latitude": "33\u00c2\u00b0 33.677' S", "Longitude": "150\u00c2\u00b0 55.289' E", "VERDATE": "2025-12-05"}, "geometry": {"coordinates": [150.92148624666606, -33.561281113333166, 0.0], "type": "Point", "geometries": null}}, {"type": "Feature", "properties": {"ModifiedDa": "2012-05-31", "SAPEquipID": 300028551, "AssetName": "Bin - Firewood", "d_SubtypeC": "Bin", "d_AssetTyp": "Firewood", "d_AssetMat": "Not Applicable", "d_Branch": "Greater Sydney", "d_LGA": "Hawkesbury", "Comments": null, "Easting": 303969.93, "Northing": 6278685.08, "Latitude": "33\u00c2\u00b0 36.816' S", "Longitude": "150\u00c2\u00b0 53.218' E", "VERDATE": "2025-12-05"}, "geometry": {"coordinates": [150.88697123333316, -33.61359318666655, 0.0], "type": "Point", "geometries": null}}, {"type": "Feature", "properties": {"ModifiedDa": "2010-08-06", "SAPEquipID": 300028568, "AssetName": "Picnic Table - 01", "d_SubtypeC": "Picnic Table", "d_AssetTyp": "Unknown", "d_AssetMat": "Timber", "d_Branch": "Greater Sydney", "d_LGA": "Liverpool", "Comments": null, "Easting": 281182.42, "Northing": 6242806.36, "Latitude": "33\u00c2\u00b0 55.949' S", "Longitude": "150\u00c2\u00b0 37.958' E", "VERDATE": "2025-12-05"}, "geometry": {"coordinates": [150.63263416666757, -33.932477999999946, 0.0], "type": "Point", "geometries": null}}, {"type": "Feature", "properties": {"ModifiedDa": "2010-08-06", "SAPEquipID": 300028600, "AssetName": "BBQ - 02", "d_SubtypeC": "BBQ/Fireplace", "d_AssetTyp": "Unknown", "d_AssetMat": "Steel", "d_Branch": "Greater Sydney", "d_LGA": "Liverpool", "Comments": null, "Easting": 281152.0, "Northing": 6242811.12, "Latitude": "33\u00c2\u00b0 55.946' S", "Longitude": "150\u00c2\u00b0 37.938' E", "VERDATE": "2025-12-05"}, "geometry": {"coordinates": [150.63230650000025, -33.93242877999995, 0.0], "type": "Point", "geometries": null}}, {"type": "Feature", "properties": {"ModifiedDa": "2024-01-04", "SAPEquipID": 300028699, "AssetName": "BBQ - wood - 02", "d_SubtypeC": "BBQ/Fireplace", "d_AssetTyp": "No Roof", "d_AssetMat": "Concrete", "d_Branch": "Blue Mountains", "d_LGA": "Central Coast", "Comments": "Sites 23 and 24 new concrete ring", "Easting": 318112.81, "Northing": 6302427.43, "Latitude": "33\u00c2\u00b0 24.125' S", "Longitude": "151\u00c2\u00b0 2.65' E", "VERDATE": "2025-12-05"}, "geometry": {"coordinates": [151.0441603887059, -33.40208118238303, 0.0], "type": "Point", "geometries": null}}, {"type": "Feature", "properties": {"ModifiedDa": "2024-05-16", "SAPEquipID": 300028944, "AssetName": "PT - Shaws Creek PA shelter - 02", "d_SubtypeC": "Picnic Table", "d_AssetTyp": "No Roof", "d_AssetMat": "Steel", "d_Branch": "Blue Mountains", "d_LGA": "Hawkesbury", "Comments": "Under large shelter / pad captured separately", "Easting": 283193.54, "Northing": 6272909.6, "Latitude": "33\u00c2\u00b0 39.697' S", "Longitude": "150\u00c2\u00b0 39.706' E", "VERDATE": "2025-12-05"}, "geometry": {"coordinates": [150.66176828000005, -33.66161416699998, 0.0], "type": "Point", "geometries": null}}, {"type": "Feature", "properties": {"ModifiedDa": "2010-08-06", "SAPEquipID": 300028993, "AssetName": "Bin - 01", "d_SubtypeC": "Bin", "d_AssetTyp": "Garbage", "d_AssetMat": "Not Applicable", "d_Branch": "Greater Sydney", "d_LGA": "Liverpool", "Comments": null, "Easting": 281184.41, "Northing": 6242818.82, "Latitude": "33\u00c2\u00b0 55.942' S", "Longitude": "150\u00c2\u00b0 37.96' E", "VERDATE": "2025-12-05"}, "geometry": {"coordinates": [150.63265872000045, -33.93236611333327, 0.0], "type": "Point", "geometries": null}}, {"type": "Feature", "properties": {"ModifiedDa": "2016-04-06", "SAPEquipID": 300029006, "AssetName": "Seat - Henry Head", "d_SubtypeC": "Seat", "d_AssetTyp": "Without Pad", "d_AssetMat": "Timber Treated", "d_Branch": "Greater Sydney", "d_LGA": "Randwick", "Comments": null, "Easting": 337276.07, "Northing": 6236676.1, "Latitude": "33\u00c2\u00b0 59.875' S", "Longitude": "151\u00c2\u00b0 14.284' E", "VERDATE": "2025-12-05"}, "geometry": {"coordinates": [151.2380716133339, -33.99791333333326, 0.0], "type": "Point", "geometries": null}}, {"type": "Feature", "properties": {"ModifiedDa": "2012-02-02", "SAPEquipID": 300029019, "AssetName": "Seat - Leacocks Walk", "d_SubtypeC": "Seat", "d_AssetTyp": "Without Pad", "d_AssetMat": "Timber", "d_Branch": "Greater Sydney", "d_LGA": "Liverpool", "Comments": "500x300x2300 piece of hardwood on small timber pads to form seat", "Easting": 306417.8, "Northing": 6240382.19, "Latitude": "33\u00c2\u00b0 57.556' S", "Longitude": "150\u00c2\u00b0 54.297' E", "VERDATE": "2025-12-05"}, "geometry": {"coordinates": [150.9049473786306, -33.959272930416546, 0.0], "type": "Point", "geometries": null}}, {"type": "Feature", "properties": {"ModifiedDa": "2012-02-01", "SAPEquipID": 300029032, "AssetName": "Seat - Bellbird Visitor Area", "d_SubtypeC": "Seat", "d_AssetTyp": "With Pad", "d_AssetMat": "Timber", "d_Branch": "Greater Sydney", "d_LGA": "Liverpool", "Comments": null, "Easting": 306473.16, "Northing": 6241194.75, "Latitude": "33\u00c2\u00b0 57.118' S", "Longitude": "150\u00c2\u00b0 54.344' E", "VERDATE": "2025-12-05"}, "geometry": {"coordinates": [150.90572572489737, -33.95195963177059, 0.0], "type": "Point", "geometries": null}}, {"type": "Feature", "properties": {"ModifiedDa": "2012-04-30", "SAPEquipID": 300029046, "AssetName": "Picnic Table - Combined Seat - 01", "d_SubtypeC": "Picnic Table", "d_AssetTyp": "No Roof", "d_AssetMat": "Timber", "d_Branch": "Greater Sydney", "d_LGA": "Camden", "Comments": "1750mm sq combination seat and table", "Easting": 292012.12, "Northing": 6228446.92, "Latitude": "34\u00c2\u00b0 3.845' S", "Longitude": "150\u00c2\u00b0 44.778' E", "VERDATE": "2025-12-05"}, "geometry": {"coordinates": [150.74630176753192, -34.064080889129514, 0.0], "type": "Point", "geometries": null}}, {"type": "Feature", "properties": {"ModifiedDa": "2016-04-06", "SAPEquipID": 300029061, "AssetName": "Seat - 03", "d_SubtypeC": "Seat", "d_AssetTyp": "Without Pad", "d_AssetMat": "Timber", "d_Branch": "Greater Sydney", "d_LGA": "Hunters Hill", "Comments": "200x400mm hardwood with two steel legs", "Easting": 327156.46, "Northing": 6253938.76, "Latitude": "33\u00c2\u00b0 50.441' S", "Longitude": "151\u00c2\u00b0 7.917' E", "VERDATE": "2025-12-05"}, "geometry": {"coordinates": [151.13194928000007, -33.84068599999995, 0.0], "type": "Point", "geometries": null}}, {"type": "Feature", "properties": {"ModifiedDa": "2016-04-06", "SAPEquipID": 300029073, "AssetName": "Life Buoy Stand - 01", "d_SubtypeC": "Life Buoy Stand", "d_AssetTyp": "Not Applicable", "d_AssetMat": "Not Applicable", "d_Branch": "Greater Sydney", "d_LGA": "Hunters Hill", "Comments": null, "Easting": 327072.9, "Northing": 6253963.87, "Latitude": "33\u00c2\u00b0 50.427' S", "Longitude": "151\u00c2\u00b0 7.863' E", "VERDATE": "2025-12-05"}, "geometry": {"coordinates": [151.13105155333358, -33.840445999999815, 0.0], "type": "Point", "geometries": null}}, {"type": "Feature", "properties": {"ModifiedDa": "2016-04-06", "SAPEquipID": 300029086, "AssetName": "Cycle Rack - 01", "d_SubtypeC": "Cycle Rack", "d_AssetTyp": "Not Applicable", "d_AssetMat": "Not Applicable", "d_Branch": "Greater Sydney", "d_LGA": "Unincorporated", "Comments": "dingy rack holding 9 boats", "Easting": 327050.18, "Northing": 6253956.43, "Latitude": "33\u00c2\u00b0 50.431' S", "Longitude": "151\u00c2\u00b0 7.848' E", "VERDATE": "2025-12-05"}, "geometry": {"coordinates": [151.1308046133338, -33.84050938666638, 0.0], "type": "Point", "geometries": null}}, {"type": "Feature", "properties": {"ModifiedDa": "2016-04-06", "SAPEquipID": 300029098, "AssetName": "Cycle Rack - 03", "d_SubtypeC": "Cycle Rack", "d_AssetTyp": "Not Applicable", "d_AssetMat": "Not Applicable", "d_Branch": "Greater Sydney", "d_LGA": "Unincorporated", "Comments": "dingy rack holding 8 boats", "Easting": 327047.12, "Northing": 6253949.42, "Latitude": "33\u00c2\u00b0 50.434' S", "Longitude": "151\u00c2\u00b0 7.846' E", "VERDATE": "2025-12-05"}, "geometry": {"coordinates": [151.13077028000077, -33.84057199999984, 0.0], "type": "Point", "geometries": null}}, {"type": "Feature", "properties": {"ModifiedDa": "2016-04-06", "SAPEquipID": 300029110, "AssetName": "Seat - Foreshore WT - 02", "d_SubtypeC": "Seat", "d_AssetTyp": "Without Pad", "d_AssetMat": "Timber", "d_Branch": "Greater Sydney", "d_LGA": "Hunters Hill", "Comments": "200x400mm hardwood on two steel legs", "Easting": 326989.88, "Northing": 6253884.73, "Latitude": "33\u00c2\u00b0 50.469' S", "Longitude": "151\u00c2\u00b0 7.808' E", "VERDATE": "2025-12-05"}, "geometry": {"coordinates": [151.13013916666728, -33.841145833333144, 0.0], "type": "Point", "geometries": null}}, {"type": "Feature", "properties": {"ModifiedDa": "2016-04-06", "SAPEquipID": 300029123, "AssetName": "Seat - Foreshore WT - 05", "d_SubtypeC": "Seat", "d_AssetTyp": "Without Pad", "d_AssetMat": "Timber", "d_Branch": "Greater Sydney", "d_LGA": "Hunters Hill", "Comments": "200x400mm hardwood on two steel legs", "Easting": 326834.07, "Northing": 6253883.48, "Latitude": "33\u00c2\u00b0 50.468' S", "Longitude": "151\u00c2\u00b0 7.707' E", "VERDATE": "2025-12-05"}, "geometry": {"coordinates": [151.12845572000072, -33.8411315533333, 0.0], "type": "Point", "geometries": null}}, {"type": "Feature", "properties": {"ModifiedDa": "2010-08-06", "SAPEquipID": 300029161, "AssetName": "Picnic Table - Calley's Lookout", "d_SubtypeC": "Picnic Table", "d_AssetTyp": "No Roof", "d_AssetMat": "Timber", "d_Branch": "Greater Sydney", "d_LGA": "Liverpool", "Comments": "2100L x 1700W", "Easting": 280900.42, "Northing": 6242955.84, "Latitude": "33\u00c2\u00b0 55.864' S", "Longitude": "150\u00c2\u00b0 37.777' E", "VERDATE": "2025-12-05"}, "geometry": {"coordinates": [150.62962283333377, -33.93107233333325, 0.0], "type": "Point", "geometries": null}}, {"type": "Feature", "properties": {"ModifiedDa": "2016-04-06", "SAPEquipID": 300029201, "AssetName": "WRS - bins Fig Tree Road", "d_SubtypeC": "Waste/Recycling Stn", "d_AssetTyp": "Not Applicable", "d_AssetMat": "Not Applicable", "d_Branch": "Greater Sydney", "d_LGA": "Woollahra", "Comments": "8 general garbage  4 recycling", "Easting": 339756.45, "Northing": 6253001.83, "Latitude": "33\u00c2\u00b0 51.067' S", "Longitude": "151\u00c2\u00b0 16.074' E", "VERDATE": "2025-12-05"}, "geometry": {"coordinates": [151.26789978000045, -33.85112038666648, 0.0], "type": "Point", "geometries": null}}, {"type": "Feature", "properties": {"ModifiedDa": "2016-04-06", "SAPEquipID": 300029215, "AssetName": "Tree Guard - Bottle n Glass Brewster", "d_SubtypeC": "Tree Guard", "d_AssetTyp": "Not Applicable", "d_AssetMat": "Not Applicable", "d_Branch": "Greater Sydney", "d_LGA": "Woollahra", "Comments": null, "Easting": 339794.39, "Northing": 6253219.28, "Latitude": "33\u00c2\u00b0 50.95' S", "Longitude": "151\u00c2\u00b0 16.101' E", "VERDATE": "2025-12-05"}, "geometry": {"coordinates": [151.26834933333384, -33.849165833333245, 0.0], "type": "Point", "geometries": null}}, {"type": "Feature", "properties": {"ModifiedDa": "2016-04-06", "SAPEquipID": 300029228, "AssetName": "Seat - Bottle n Glass - 04", "d_SubtypeC": "Seat", "d_AssetTyp": "Without Pad", "d_AssetMat": "Timber", "d_Branch": "Greater Sydney", "d_LGA": "Woollahra", "Comments": null, "Easting": 339923.48, "Northing": 6253337.72, "Latitude": "33\u00c2\u00b0 50.887' S", "Longitude": "151\u00c2\u00b0 16.186' E", "VERDATE": "2025-12-05"}, "geometry": {"coordinates": [151.2697656133338, -33.84811766666655, 0.0], "type": "Point", "geometries": null}}, {"type": "Feature", "properties": {"ModifiedDa": "2016-04-06", "SAPEquipID": 300029240, "AssetName": "Seat - Bottle n Glass - Shakespears", "d_SubtypeC": "Seat", "d_AssetTyp": "Without Pad", "d_AssetMat": "Timber", "d_Branch": "Greater Sydney", "d_LGA": "Woollahra", "Comments": null, "Easting": 339762.57, "Northing": 6253124.68, "Latitude": "33\u00c2\u00b0 51.001' S", "Longitude": "151\u00c2\u00b0 16.079' E", "VERDATE": "2025-12-05"}, "geometry": {"coordinates": [151.2679882800005, -33.85001377999981, 0.0], "type": "Point", "geometries": null}}, {"type": "Feature", "properties": {"ModifiedDa": "2016-04-06", "SAPEquipID": 300029253, "AssetName": "Tree Guard - B n G - Shakespears - 02", "d_SubtypeC": "Tree Guard", "d_AssetTyp": "Not Applicable", "d_AssetMat": "Not Applicable", "d_Branch": "Greater Sydney", "d_LGA": "Woollahra", "Comments": null, "Easting": 339764.46, "Northing": 6253121.37, "Latitude": "33\u00c2\u00b0 51.003' S", "Longitude": "151\u00c2\u00b0 16.08' E", "VERDATE": "2025-12-05"}, "geometry": {"coordinates": [151.26800816666685, -33.85004388666658, 0.0], "type": "Point", "geometries": null}}, {"type": "Feature", "properties": {"ModifiedDa": "2018-10-22", "SAPEquipID": 300029265, "AssetName": "Picnic Table - Strickland grass - 02", "d_SubtypeC": "Picnic Table", "d_AssetTyp": "No Roof", "d_AssetMat": "Timber", "d_Branch": "Greater Sydney", "d_LGA": "Woollahra", "Comments": null, "Easting": 339771.38, "Northing": 6252346.74, "Latitude": "33\u00c2\u00b0 51.422' S", "Longitude": "151\u00c2\u00b0 16.077' E", "VERDATE": "2025-12-05"}, "geometry": {"coordinates": [151.2679419078512, -33.85702826989984, 0.0], "type": "Point", "geometries": null}}, {"type": "Feature", "properties": {"ModifiedDa": "2018-10-22", "SAPEquipID": 300029278, "AssetName": "Picnic Table - Strickland grass - 03", "d_SubtypeC": "Picnic Table", "d_AssetTyp": "Unknown", "d_AssetMat": "Unknown", "d_Branch": "Greater Sydney", "d_LGA": "Woollahra", "Comments": null, "Easting": 339779.36, "Northing": 6252345.21, "Latitude": "33\u00c2\u00b0 51.423' S", "Longitude": "151\u00c2\u00b0 16.082' E", "VERDATE": "2025-12-05"}, "geometry": {"coordinates": [151.26802779778905, -33.85704325534607, 0.0], "type": "Point", "geometries": null}}, {"type": "Feature", "properties": {"ModifiedDa": "2016-04-06", "SAPEquipID": 300029291, "AssetName": "Seat - between Tingara & Hermit Bay", "d_SubtypeC": "Seat", "d_AssetTyp": "Without Pad", "d_AssetMat": "Timber", "d_Branch": "Greater Sydney", "d_LGA": "Woollahra", "Comments": null, "Easting": 339884.34, "Northing": 6252198.29, "Latitude": "33\u00c2\u00b0 51.503' S", "Longitude": "151\u00c2\u00b0 16.148' E", "VERDATE": "2025-12-05"}, "geometry": {"coordinates": [151.26913544666684, -33.858383719999836, 0.0], "type": "Point", "geometries": null}}, {"type": "Feature", "properties": {"ModifiedDa": "2016-04-06", "SAPEquipID": 300029303, "AssetName": "Picnic Table - Hermit Bay - 03", "d_SubtypeC": "Picnic Table", "d_AssetTyp": "No Roof", "d_AssetMat": "Timber", "d_Branch": "Greater Sydney", "d_LGA": "Woollahra", "Comments": null, "Easting": 339820.13, "Northing": 6252108.35, "Latitude": "33\u00c2\u00b0 51.551' S", "Longitude": "151\u00c2\u00b0 16.106' E", "VERDATE": "2025-12-05"}, "geometry": {"coordinates": [151.26842533333354, -33.85918471999986, 0.0], "type": "Point", "geometries": null}}, {"type": "Feature", "properties": {"ModifiedDa": "2016-04-06", "SAPEquipID": 300029317, "AssetName": "Cycle Rack - Hermit Point boat racks", "d_SubtypeC": "Cycle Rack", "d_AssetTyp": "Not Applicable", "d_AssetMat": "Not Applicable", "d_Branch": "Greater Sydney", "d_LGA": "Woollahra", "Comments": "this is boat racks", "Easting": 339803.43, "Northing": 6252069.18, "Latitude": "33\u00c2\u00b0 51.572' S", "Longitude": "151\u00c2\u00b0 16.094' E", "VERDATE": "2025-12-05"}, "geometry": {"coordinates": [151.26823772000034, -33.85953527999982, 0.0], "type": "Point", "geometries": null}}, {"type": "Feature", "properties": {"ModifiedDa": "2016-04-06", "SAPEquipID": 300029342, "AssetName": "Seat - Jennifer St south", "d_SubtypeC": "Seat", "d_AssetTyp": "Without Pad", "d_AssetMat": "Timber", "d_Branch": "Greater Sydney", "d_LGA": "Randwick", "Comments": null, "Easting": 337614.99, "Northing": 6237801.41, "Latitude": "33\u00c2\u00b0 59.269' S", "Longitude": "151\u00c2\u00b0 14.517' E", "VERDATE": "2025-12-05"}, "geometry": {"coordinates": [151.24194888666682, -33.98782155333316, 0.0], "type": "Point", "geometries": null}}, {"type": "Feature", "properties": {"ModifiedDa": "2010-08-06", "SAPEquipID": 300029355, "AssetName": "Picnic Table - 03", "d_SubtypeC": "Picnic Table", "d_AssetTyp": "No Roof", "d_AssetMat": "Timber", "d_Branch": "Greater Sydney", "d_LGA": "Liverpool", "Comments": null, "Easting": 281359.09, "Northing": 6242725.37, "Latitude": "33\u00c2\u00b0 55.995' S", "Longitude": "150\u00c2\u00b0 38.071' E", "VERDATE": "2025-12-05"}, "geometry": {"coordinates": [150.6345238866669, -33.93324455333328, 0.0], "type": "Point", "geometries": null}}, {"type": "Feature", "properties": {"ModifiedDa": "2010-08-06", "SAPEquipID": 300029367, "AssetName": "BBQ - 01", "d_SubtypeC": "BBQ/Fireplace", "d_AssetTyp": "No Roof", "d_AssetMat": "Steel", "d_Branch": "Greater Sydney", "d_LGA": "Liverpool", "Comments": "raised on steel post", "Easting": 281471.22, "Northing": 6242787.12, "Latitude": "33\u00c2\u00b0 55.963' S", "Longitude": "150\u00c2\u00b0 38.145' E", "VERDATE": "2025-12-05"}, "geometry": {"coordinates": [150.63575155333353, -33.932711446666474, 0.0], "type": "Point", "geometries": null}}, {"type": "Feature", "properties": {"ModifiedDa": "2016-04-06", "SAPEquipID": 300029380, "AssetName": "Seat - north", "d_SubtypeC": "Seat", "d_AssetTyp": "Without Pad", "d_AssetMat": "Timber Treated", "d_Branch": "Greater Sydney", "d_LGA": "Woollahra", "Comments": null, "Easting": 340622.08, "Northing": 6254192.57, "Latitude": "33\u00c2\u00b0 50.431' S", "Longitude": "151\u00c2\u00b0 16.648' E", "VERDATE": "2025-12-05"}, "geometry": {"coordinates": [151.27746833333356, -33.84051688666648, 0.0], "type": "Point", "geometries": null}}, {"type": "Feature", "properties": {"ModifiedDa": "2016-04-06", "SAPEquipID": 300029393, "AssetName": "Seat - Camp Cove jump", "d_SubtypeC": "Seat", "d_AssetTyp": "With Pad", "d_AssetMat": "Timber", "d_Branch": "Greater Sydney", "d_LGA": "Woollahra", "Comments": "Old seat, new conc pad", "Easting": 340740.28, "Northing": 6254492.32, "Latitude": "33\u00c2\u00b0 50.27' S", "Longitude": "151\u00c2\u00b0 16.728' E", "VERDATE": "2025-12-05"}, "geometry": {"coordinates": [151.27879952689023, -33.837832422491886, 0.0], "type": "Point", "geometries": null}}, {"type": "Feature", "properties": {"ModifiedDa": "2016-04-06", "SAPEquipID": 300029406, "AssetName": "Bin - Lady Bay bins", "d_SubtypeC": "Bin", "d_AssetTyp": "Recycle", "d_AssetMat": "Not Applicable", "d_Branch": "Greater Sydney", "d_LGA": "Woollahra", "Comments": null, "Easting": 340747.08, "Northing": 6254667.74, "Latitude": "33\u00c2\u00b0 50.175' S", "Longitude": "151\u00c2\u00b0 16.734' E", "VERDATE": "2025-12-05"}, "geometry": {"coordinates": [151.2789046666669, -33.83625199999989, 0.0], "type": "Point", "geometries": null}}, {"type": "Feature", "properties": {"ModifiedDa": "2024-07-09", "SAPEquipID": 300029422, "AssetName": "Picnic Table - Middle Lawn - 01", "d_SubtypeC": "Picnic Table", "d_AssetTyp": "No Roof", "d_AssetMat": "Timber", "d_Branch": "Greater Sydney", "d_LGA": "Canterbury-Bankstown", "Comments": null, "Easting": 326829.44, "Northing": 6244062.49, "Latitude": "33\u00c2\u00b0 55.78' S", "Longitude": "151\u00c2\u00b0 7.588' E", "VERDATE": "2025-12-05"}, "geometry": {"coordinates": [151.126470833334, -33.929659666666566, 0.0], "type": "Point", "geometries": null}}, {"type": "Feature", "properties": {"ModifiedDa": "2024-07-09", "SAPEquipID": 300029436, "AssetName": "Picnic Table - Middle Lawn - 03", "d_SubtypeC": "Picnic Table", "d_AssetTyp": "No Roof", "d_AssetMat": "Timber", "d_Branch": "Greater Sydney", "d_LGA": "Canterbury-Bankstown", "Comments": null, "Easting": 326797.35, "Northing": 6244055.47, "Latitude": "33\u00c2\u00b0 55.783' S", "Longitude": "151\u00c2\u00b0 7.567' E", "VERDATE": "2025-12-05"}, "geometry": {"coordinates": [151.1261225000003, -33.92971771999993, 0.0], "type": "Point", "geometries": null}}, {"type": "Feature", "properties": {"ModifiedDa": "2024-07-09", "SAPEquipID": 300029449, "AssetName": "Seat - Sutton Ave steps", "d_SubtypeC": "Seat", "d_AssetTyp": "Without Pad", "d_AssetMat": "Timber Treated", "d_Branch": "Greater Sydney", "d_LGA": "Canterbury-Bankstown", "Comments": null, "Easting": 326943.83, "Northing": 6244145.99, "Latitude": "33\u00c2\u00b0 55.736' S", "Longitude": "151\u00c2\u00b0 7.663' E", "VERDATE": "2025-12-05"}, "geometry": {"coordinates": [151.12772438666696, -33.92892583333327, 0.0], "type": "Point", "geometries": null}}, {"type": "Feature", "properties": {"ModifiedDa": "2024-07-09", "SAPEquipID": 300029462, "AssetName": "Seat - Middle Lawn south", "d_SubtypeC": "Seat", "d_AssetTyp": "Without Pad", "d_AssetMat": "Timber Treated", "d_Branch": "Greater Sydney", "d_LGA": "Canterbury-Bankstown", "Comments": null, "Easting": 326828.67, "Northing": 6244021.23, "Latitude": "33\u00c2\u00b0 55.802' S", "Longitude": "151\u00c2\u00b0 7.587' E", "VERDATE": "2025-12-05"}, "geometry": {"coordinates": [151.12645438666686, -33.93003149999976, 0.0], "type": "Point", "geometries": null}}, {"type": "Feature", "properties": {"ModifiedDa": "2016-04-06", "SAPEquipID": 300029476, "AssetName": "Seat - Sutton St playground", "d_SubtypeC": "Seat", "d_AssetTyp": "Without Pad", "d_AssetMat": "Timber Treated", "d_Branch": "Greater Sydney", "d_LGA": "Canterbury-Bankstown", "Comments": null, "Easting": 327098.93, "Northing": 6244164.64, "Latitude": "33\u00c2\u00b0 55.727' S", "Longitude": "151\u00c2\u00b0 7.764' E", "VERDATE": "2025-12-05"}, "geometry": {"coordinates": [151.12940522000008, -33.92878321999996, 0.0], "type": "Point", "geometries": null}}, {"type": "Feature", "properties": {"ModifiedDa": "2024-07-09", "SAPEquipID": 300029492, "AssetName": "PE - Sutton St", "d_SubtypeC": "Playground Equipment", "d_AssetTyp": "Not Applicable", "d_AssetMat": "Not Applicable", "d_Branch": "Greater Sydney", "d_LGA": "Canterbury-Bankstown", "Comments": null, "Easting": 327109.02, "Northing": 6244147.87, "Latitude": "33\u00c2\u00b0 55.736' S", "Longitude": "151\u00c2\u00b0 7.771' E", "VERDATE": "2025-12-05"}, "geometry": {"coordinates": [151.12951100000032, -33.92893599999991, 0.0], "type": "Point", "geometries": null}}, {"type": "Feature", "properties": {"ModifiedDa": "2016-04-06", "SAPEquipID": 300029505, "AssetName": "Seat - Steele Point Road - 01", "d_SubtypeC": "Seat", "d_AssetTyp": "With Pad", "d_AssetMat": "Timber", "d_Branch": "Greater Sydney", "d_LGA": "Woollahra", "Comments": null, "Easting": 339562.9, "Northing": 6252795.86, "Latitude": "33\u00c2\u00b0 51.177' S", "Longitude": "151\u00c2\u00b0 15.946' E", "VERDATE": "2025-12-05"}, "geometry": {"coordinates": [151.26577100000088, -33.85294771999992, 0.0], "type": "Point", "geometries": null}}, {"type": "Feature", "properties": {"ModifiedDa": "2016-04-06", "SAPEquipID": 300029518, "AssetName": "Seat - Greycliffe Gardens east", "d_SubtypeC": "Seat", "d_AssetTyp": "With Pad", "d_AssetMat": "Stone", "d_Branch": "Greater Sydney", "d_LGA": "Woollahra", "Comments": null, "Easting": 339663.09, "Northing": 6252939.52, "Latitude": "33\u00c2\u00b0 51.1' S", "Longitude": "151\u00c2\u00b0 16.013' E", "VERDATE": "2025-12-05"}, "geometry": {"coordinates": [151.26687972000025, -33.851667886666576, 0.0], "type": "Point", "geometries": null}}, {"type": "Feature", "properties": {"ModifiedDa": "2010-08-06", "SAPEquipID": 300029532, "AssetName": "BBQ - 04", "d_SubtypeC": "BBQ/Fireplace", "d_AssetTyp": "No Roof", "d_AssetMat": "Steel", "d_Branch": "Greater Sydney", "d_LGA": "Liverpool", "Comments": "raised on steel post", "Easting": 281357.76, "Northing": 6242755.69, "Latitude": "33\u00c2\u00b0 55.978' S", "Longitude": "150\u00c2\u00b0 38.071' E", "VERDATE": "2025-12-05"}, "geometry": {"coordinates": [150.63451711333403, -33.932971113333224, 0.0], "type": "Point", "geometries": null}}, {"type": "Feature", "properties": {"ModifiedDa": "2016-04-06", "SAPEquipID": 300029547, "AssetName": "Seat - 01", "d_SubtypeC": "Seat", "d_AssetTyp": "With Pad", "d_AssetMat": "Timber", "d_Branch": "Greater Sydney", "d_LGA": "Woollahra", "Comments": null, "Easting": 339704.46, "Northing": 6253057.63, "Latitude": "33\u00c2\u00b0 51.037' S", "Longitude": "151\u00c2\u00b0 16.041' E", "VERDATE": "2025-12-05"}, "geometry": {"coordinates": [151.26734828000042, -33.85060938666646, 0.0], "type": "Point", "geometries": null}}, {"type": "Feature", "properties": {"ModifiedDa": "2016-04-06", "SAPEquipID": 300029561, "AssetName": "Seat - 05", "d_SubtypeC": "Seat", "d_AssetTyp": "Without Pad", "d_AssetMat": "Timber", "d_Branch": "Greater Sydney", "d_LGA": "Woollahra", "Comments": null, "Easting": 339662.58, "Northing": 6253022.99, "Latitude": "33\u00c2\u00b0 51.055' S", "Longitude": "151\u00c2\u00b0 16.013' E", "VERDATE": "2025-12-05"}, "geometry": {"coordinates": [151.26688944666682, -33.85091533333315, 0.0], "type": "Point", "geometries": null}}, {"type": "Feature", "properties": {"ModifiedDa": "2016-04-06", "SAPEquipID": 300029575, "AssetName": "Seat - 08", "d_SubtypeC": "Seat", "d_AssetTyp": "With Pad", "d_AssetMat": "Timber", "d_Branch": "Greater Sydney", "d_LGA": "Woollahra", "Comments": null, "Easting": 339621.74, "Northing": 6253022.74, "Latitude": "33\u00c2\u00b0 51.055' S", "Longitude": "151\u00c2\u00b0 15.987' E", "VERDATE": "2025-12-05"}, "geometry": {"coordinates": [151.26644811333392, -33.850911386666496, 0.0], "type": "Point", "geometries": null}}, {"type": "Feature", "properties": {"ModifiedDa": "2016-04-06", "SAPEquipID": 300029588, "AssetName": "Seat - 09", "d_SubtypeC": "Seat", "d_AssetTyp": "With Pad", "d_AssetMat": "Timber", "d_Branch": "Greater Sydney", "d_LGA": "Woollahra", "Comments": null, "Easting": 339610.78, "Northing": 6253020.93, "Latitude": "33\u00c2\u00b0 51.056' S", "Longitude": "151\u00c2\u00b0 15.98' E", "VERDATE": "2025-12-05"}, "geometry": {"coordinates": [151.26632938666683, -33.8509259999999, 0.0], "type": "Point", "geometries": null}}, {"type": "Feature", "properties": {"ModifiedDa": "2016-04-06", "SAPEquipID": 300029601, "AssetName": "Seat - 11", "d_SubtypeC": "Seat", "d_AssetTyp": "With Pad", "d_AssetMat": "Timber", "d_Branch": "Greater Sydney", "d_LGA": "Woollahra", "Comments": null, "Easting": 339580.59, "Northing": 6253009.49, "Latitude": "33\u00c2\u00b0 51.061' S", "Longitude": "151\u00c2\u00b0 15.96' E", "VERDATE": "2025-12-05"}, "geometry": {"coordinates": [151.2660011133337, -33.85102461333321, 0.0], "type": "Point", "geometries": null}}, {"type": "Feature", "properties": {"ModifiedDa": "2016-04-06", "SAPEquipID": 300029615, "AssetName": "Seat - 12", "d_SubtypeC": "Seat", "d_AssetTyp": "With Pad", "d_AssetMat": "Timber", "d_Branch": "Greater Sydney", "d_LGA": "Woollahra", "Comments": null, "Easting": 339555.88, "Northing": 6253003.13, "Latitude": "33\u00c2\u00b0 51.065' S", "Longitude": "151\u00c2\u00b0 15.944' E", "VERDATE": "2025-12-05"}, "geometry": {"coordinates": [151.26573288666737, -33.851078166666525, 0.0], "type": "Point", "geometries": null}}, {"type": "Feature", "properties": {"ModifiedDa": "2016-04-06", "SAPEquipID": 300029629, "AssetName": "Seat - 14", "d_SubtypeC": "Seat", "d_AssetTyp": "With Pad", "d_AssetMat": "Timber", "d_Branch": "Greater Sydney", "d_LGA": "Woollahra", "Comments": null, "Easting": 339546.61, "Northing": 6253014.3, "Latitude": "33\u00c2\u00b0 51.059' S", "Longitude": "151\u00c2\u00b0 15.938' E", "VERDATE": "2025-12-05"}, "geometry": {"coordinates": [151.2656348333336, -33.850976053333284, 0.0], "type": "Point", "geometries": null}}, {"type": "Feature", "properties": {"ModifiedDa": "2016-04-06", "SAPEquipID": 300029642, "AssetName": "Tree Guard - west end of beach front", "d_SubtypeC": "Tree Guard", "d_AssetTyp": "Not Applicable", "d_AssetMat": "Not Applicable", "d_Branch": "Greater Sydney", "d_LGA": "Woollahra", "Comments": null, "Easting": 339576.2, "Northing": 6253016.11, "Latitude": "33\u00c2\u00b0 51.058' S", "Longitude": "151\u00c2\u00b0 15.957' E", "VERDATE": "2025-12-05"}, "geometry": {"coordinates": [151.26595483333392, -33.85096421999987, 0.0], "type": "Point", "geometries": null}}, {"type": "Feature", "properties": {"ModifiedDa": "2016-04-06", "SAPEquipID": 300029655, "AssetName": "Tree Guard - 02", "d_SubtypeC": "Tree Guard", "d_AssetTyp": "Not Applicable", "d_AssetMat": "Not Applicable", "d_Branch": "Greater Sydney", "d_LGA": "Woollahra", "Comments": null, "Easting": 339695.44, "Northing": 6253062.24, "Latitude": "33\u00c2\u00b0 51.034' S", "Longitude": "151\u00c2\u00b0 16.035' E", "VERDATE": "2025-12-05"}, "geometry": {"coordinates": [151.26725161333366, -33.85056644666656, 0.0], "type": "Point", "geometries": null}}, {"type": "Feature", "properties": {"ModifiedDa": "2016-04-06", "SAPEquipID": 300029670, "AssetName": "Seat - 16", "d_SubtypeC": "Seat", "d_AssetTyp": "With Pad", "d_AssetMat": "Timber", "d_Branch": "Greater Sydney", "d_LGA": "Woollahra", "Comments": null, "Easting": 339729.05, "Northing": 6253050.33, "Latitude": "33\u00c2\u00b0 51.041' S", "Longitude": "151\u00c2\u00b0 16.057' E", "VERDATE": "2025-12-05"}, "geometry": {"coordinates": [151.26761255333395, -33.85067894666662, 0.0], "type": "Point", "geometries": null}}, {"type": "Feature", "properties": {"ModifiedDa": "2016-04-06", "SAPEquipID": 300029685, "AssetName": "WRS - kiosk bin station", "d_SubtypeC": "Waste/Recycling Stn", "d_AssetTyp": "Not Applicable", "d_AssetMat": "Not Applicable", "d_Branch": "Greater Sydney", "d_LGA": "Woollahra", "Comments": "12 general garbage  16 recycling", "Easting": 339687.91, "Northing": 6252996.58, "Latitude": "33\u00c2\u00b0 51.069' S", "Longitude": "151\u00c2\u00b0 16.029' E", "VERDATE": "2025-12-05"}, "geometry": {"coordinates": [151.26715828000056, -33.85115727999994, 0.0], "type": "Point", "geometries": null}}, {"type": "Feature", "properties": {"ModifiedDa": "2010-08-06", "SAPEquipID": 300029699, "AssetName": "Picnic Table - 02", "d_SubtypeC": "Picnic Table", "d_AssetTyp": "No Roof", "d_AssetMat": "Timber", "d_Branch": "Greater Sydney", "d_LGA": "Liverpool", "Comments": null, "Easting": 281566.75, "Northing": 6242845.04, "Latitude": "33\u00c2\u00b0 55.933' S", "Longitude": "150\u00c2\u00b0 38.208' E", "VERDATE": "2025-12-05"}, "geometry": {"coordinates": [150.63679872000034, -33.932209279999825, 0.0], "type": "Point", "geometries": null}}, {"type": "Feature", "properties": {"ModifiedDa": "2016-04-06", "SAPEquipID": 300029713, "AssetName": "Seat - 03", "d_SubtypeC": "Seat", "d_AssetTyp": "Without Pad", "d_AssetMat": "Timber", "d_Branch": "Greater Sydney", "d_LGA": "Woollahra", "Comments": null, "Easting": 339694.14, "Northing": 6253042.9, "Latitude": "33\u00c2\u00b0 51.044' S", "Longitude": "151\u00c2\u00b0 16.034' E", "VERDATE": "2025-12-05"}, "geometry": {"coordinates": [151.2672340000006, -33.850740613333244, 0.0], "type": "Point", "geometries": null}}, {"type": "Feature", "properties": {"ModifiedDa": "2015-07-30", "SAPEquipID": 300030544, "AssetName": "Picnic Table - camping 19", "d_SubtypeC": "Picnic Table", "d_AssetTyp": "No Roof", "d_AssetMat": "Timber", "d_Branch": "Hunter Central Coast", "d_LGA": "Central Coast", "Comments": null, "Easting": 348750.57, "Northing": 6289062.31, "Latitude": "33\u00c2\u00b0 31.64' S", "Longitude": "151\u00c2\u00b0 22.274' E", "VERDATE": "2025-12-05"}, "geometry": {"coordinates": [151.3712290510191, -33.527337237304494, 0.0], "type": "Point", "geometries": null}}, {"type": "Feature", "properties": {"ModifiedDa": "2015-07-30", "SAPEquipID": 300030558, "AssetName": "BBQ - camping 1", "d_SubtypeC": "BBQ/Fireplace", "d_AssetTyp": "No Roof", "d_AssetMat": "Steel Stainless", "d_Branch": "Hunter Central Coast", "d_LGA": "Central Coast", "Comments": null, "Easting": 348778.92, "Northing": 6289078.65, "Latitude": "33\u00c2\u00b0 31.632' S", "Longitude": "151\u00c2\u00b0 22.292' E", "VERDATE": "2025-12-05"}, "geometry": {"coordinates": [151.37153705043033, -33.527193906757134, 0.0], "type": "Point", "geometries": null}}, {"type": "Feature", "properties": {"ModifiedDa": "2015-07-30", "SAPEquipID": 300030573, "AssetName": "BBQ - camping 19", "d_SubtypeC": "BBQ/Fireplace", "d_AssetTyp": "No Roof", "d_AssetMat": "Steel Stainless", "d_Branch": "Hunter Central Coast", "d_LGA": "Central Coast", "Comments": null, "Easting": 348748.77, "Northing": 6289059.04, "Latitude": "33\u00c2\u00b0 31.642' S", "Longitude": "151\u00c2\u00b0 22.273' E", "VERDATE": "2025-12-05"}, "geometry": {"coordinates": [151.3712091462039, -33.527366451788794, 0.0], "type": "Point", "geometries": null}}, {"type": "Feature", "properties": {"ModifiedDa": "2015-07-30", "SAPEquipID": 300030587, "AssetName": "Bin - camping 2-garbage", "d_SubtypeC": "Bin", "d_AssetTyp": "Garbage", "d_AssetMat": "Not Applicable", "d_Branch": "Hunter Central Coast", "d_LGA": "Central Coast", "Comments": null, "Easting": 348795.17, "Northing": 6289032.73, "Latitude": "33\u00c2\u00b0 31.657' S", "Longitude": "151\u00c2\u00b0 22.302' E", "VERDATE": "2025-12-05"}, "geometry": {"coordinates": [151.3717042572847, -33.52761020464811, 0.0], "type": "Point", "geometries": null}}, {"type": "Feature", "properties": {"ModifiedDa": "2015-07-30", "SAPEquipID": 300030603, "AssetName": "Bin - camping 2-recycling", "d_SubtypeC": "Bin", "d_AssetTyp": "Recycle", "d_AssetMat": "Not Applicable", "d_Branch": "Hunter Central Coast", "d_LGA": "Central Coast", "Comments": null, "Easting": 348795.17, "Northing": 6289032.73, "Latitude": "33\u00c2\u00b0 31.657' S", "Longitude": "151\u00c2\u00b0 22.302' E", "VERDATE": "2025-12-05"}, "geometry": {"coordinates": [151.3717042572847, -33.52761020464811, 0.0], "type": "Point", "geometries": null}}, {"type": "Feature", "properties": {"ModifiedDa": "2024-03-07", "SAPEquipID": 300033534, "AssetName": "Picnic Table - Glenbrook depot workshop", "d_SubtypeC": "Picnic Table", "d_AssetTyp": "No Roof", "d_AssetMat": "Steel", "d_Branch": "Blue Mountains", "d_LGA": "Blue Mountains", "Comments": "Behind main depot shed", "Easting": 279805.29, "Northing": 6259809.36, "Latitude": "33\u00c2\u00b0 46.738' S", "Longitude": "150\u00c2\u00b0 37.32' E", "VERDATE": "2025-12-05"}, "geometry": {"coordinates": [150.62199897900018, -33.77897116999998, 0.0], "type": "Point", "geometries": null}}, {"type": "Feature", "properties": {"ModifiedDa": "2015-08-03", "SAPEquipID": 300033648, "AssetName": "Fireplace - stone cirlce", "d_SubtypeC": "BBQ/Fireplace", "d_AssetTyp": "No Roof", "d_AssetMat": "Stone", "d_Branch": "Hunter Central Coast", "d_LGA": "Central Coast", "Comments": null, "Easting": 339753.88, "Northing": 6299447.28, "Latitude": "33\u00c2\u00b0 25.944' S", "Longitude": "151\u00c2\u00b0 16.574' E", "VERDATE": "2025-12-05"}, "geometry": {"coordinates": [151.27623883947115, -33.43239888530678, 0.0], "type": "Point", "geometries": null}}, {"type": "Feature", "properties": {"ModifiedDa": "2023-11-29", "SAPEquipID": 300033667, "AssetName": "Picnic Table - Burralow Ck CA - 07", "d_SubtypeC": "Picnic Table", "d_AssetTyp": "No Roof", "d_AssetMat": "Steel", "d_Branch": "Blue Mountains", "d_LGA": "Hawkesbury", "Comments": "Low steel tables Burralow Campground", "Easting": 277562.39, "Northing": 6284500.88, "Latitude": "33\u00c2\u00b0 33.36' S", "Longitude": "150\u00c2\u00b0 36.239' E", "VERDATE": "2025-12-05"}, "geometry": {"coordinates": [150.6039759780001, -33.55599506399989, 0.0], "type": "Point", "geometries": null}}, {"type": "Feature", "properties": {"ModifiedDa": "2024-01-04", "SAPEquipID": 300033948, "AssetName": "BBQ - Mill Ck CA - 10", "d_SubtypeC": "BBQ/Fireplace", "d_AssetTyp": "No Roof", "d_AssetMat": "Concrete", "d_Branch": "Blue Mountains", "d_LGA": "Central Coast", "Comments": "site 10", "Easting": 318043.6, "Northing": 6302535.52, "Latitude": "33\u00c2\u00b0 24.066' S", "Longitude": "151\u00c2\u00b0 2.606' E", "VERDATE": "2025-12-05"}, "geometry": {"coordinates": [151.04343849000009, -33.40109505999993, 0.0], "type": "Point", "geometries": null}}, {"type": "Feature", "properties": {"ModifiedDa": "2012-05-09", "SAPEquipID": 300035556, "AssetName": "Picnic Table - adj Toilet Block 2 - 01", "d_SubtypeC": "Picnic Table", "d_AssetTyp": "No Roof", "d_AssetMat": "Steel Stainless", "d_Branch": "Greater Sydney", "d_LGA": "Canterbury-Bankstown", "Comments": null, "Easting": 316849.93, "Northing": 6238453.98, "Latitude": "33\u00c2\u00b0 58.711' S", "Longitude": "151\u00c2\u00b0 1.043' E", "VERDATE": "2025-12-05"}, "geometry": {"coordinates": [151.01738521999982, -33.97852271999915, 0.0], "type": "Point", "geometries": null}}, {"type": "Feature", "properties": {"ModifiedDa": "2016-04-06", "SAPEquipID": 300037342, "AssetName": "Seat - Timber - 01", "d_SubtypeC": "Seat", "d_AssetTyp": "With Pad", "d_AssetMat": "Timber", "d_Branch": "Greater Sydney", "d_LGA": "Northern Beaches", "Comments": null, "Easting": 334120.18, "Northing": 6261323.68, "Latitude": "33\u00c2\u00b0 46.514' S", "Longitude": "151\u00c2\u00b0 12.514' E", "VERDATE": "2025-12-05"}, "geometry": {"coordinates": [151.20856702337596, -33.77522982388234, 0.0], "type": "Point", "geometries": null}}, {"type": "Feature", "properties": {"ModifiedDa": "2016-04-06", "SAPEquipID": 300037363, "AssetName": "Seat - Timber - 02", "d_SubtypeC": "Seat", "d_AssetTyp": "Without Pad", "d_AssetMat": "Timber", "d_Branch": "Greater Sydney", "d_LGA": "Northern Beaches", "Comments": null, "Easting": 335094.53, "Northing": 6276720.9, "Latitude": "33\u00c2\u00b0 38.195' S", "Longitude": "151\u00c2\u00b0 13.317' E", "VERDATE": "2025-12-05"}, "geometry": {"coordinates": [151.221948386667, -33.636576386666604, 0.0], "type": "Point", "geometries": null}}, {"type": "Feature", "properties": {"ModifiedDa": "2016-04-06", "SAPEquipID": 300037384, "AssetName": "Seat - Timber - 04", "d_SubtypeC": "Seat", "d_AssetTyp": "Without Pad", "d_AssetMat": "Timber", "d_Branch": "Greater Sydney", "d_LGA": "Northern Beaches", "Comments": null, "Easting": 341588.35, "Northing": 6280404.74, "Latitude": "33\u00c2\u00b0 36.261' S", "Longitude": "151\u00c2\u00b0 17.556' E", "VERDATE": "2025-12-05"}, "geometry": {"coordinates": [151.2925939800001, -33.60435175999987, 0.0], "type": "Point", "geometries": null}}, {"type": "Feature", "properties": {"ModifiedDa": "2016-04-06", "SAPEquipID": 300037554, "AssetName": "Gas Enclosure", "d_SubtypeC": "Gas Enclosure", "d_AssetTyp": "Not Applicable", "d_AssetMat": "Not Applicable", "d_Branch": "Greater Sydney", "d_LGA": "Northern Beaches", "Comments": null, "Easting": 335085.29, "Northing": 6276644.44, "Latitude": "33\u00c2\u00b0 38.236' S", "Longitude": "151\u00c2\u00b0 13.31' E", "VERDATE": "2025-12-05"}, "geometry": {"coordinates": [151.22183461333373, -33.637264219999906, 0.0], "type": "Point", "geometries": null}}, {"type": "Feature", "properties": {"ModifiedDa": "2024-05-17", "SAPEquipID": 300038172, "AssetName": "Picnic Table - Kingfisher Pool", "d_SubtypeC": "Picnic Table", "d_AssetTyp": "No Roof", "d_AssetMat": "Timber Treated", "d_Branch": "Greater Sydney", "d_LGA": "Sutherland", "Comments": null, "Easting": 313538.92, "Northing": 6221983.74, "Latitude": "34\u00c2\u00b0 7.583' S", "Longitude": "150\u00c2\u00b0 58.682' E", "VERDATE": "2025-12-05"}, "geometry": {"coordinates": [150.97803999999996, -34.1263899999999, 0.0], "type": "Point", "geometries": null}}, {"type": "Feature", "properties": {"ModifiedDa": "2022-03-04", "SAPEquipID": 300038251, "AssetName": "BBQ - Colo Meroo CA - 01", "d_SubtypeC": "BBQ/Fireplace", "d_AssetTyp": "No Roof", "d_AssetMat": "Steel", "d_Branch": "Blue Mountains", "d_LGA": "Hawkesbury", "Comments": null, "Easting": 285399.22, "Northing": 6303755.15, "Latitude": "33\u00c2\u00b0 23.044' S", "Longitude": "150\u00c2\u00b0 41.576' E", "VERDATE": "2025-12-05"}, "geometry": {"coordinates": [150.6929357800003, -33.38407361333327, 0.0], "type": "Point", "geometries": null}}, {"type": "Feature", "properties": {"ModifiedDa": "2022-03-04", "SAPEquipID": 300038272, "AssetName": "Bin - Wheeny Ck CA - 02", "d_SubtypeC": "Bin", "d_AssetTyp": "Garbage", "d_AssetMat": "Not Applicable", "d_Branch": "Blue Mountains", "d_LGA": "Hawkesbury", "Comments": null, "Easting": 288156.64, "Northing": 6295704.36, "Latitude": "33\u00c2\u00b0 27.431' S", "Longitude": "150\u00c2\u00b0 43.24' E", "VERDATE": "2025-12-05"}, "geometry": {"coordinates": [150.7206627200003, -33.45717964666659, 0.0], "type": "Point", "geometries": null}}, {"type": "Feature", "properties": {"ModifiedDa": "2022-03-04", "SAPEquipID": 300038312, "AssetName": "Picnic Table - Hawkesbury Lookout - 01", "d_SubtypeC": "Picnic Table", "d_AssetTyp": "No Roof", "d_AssetMat": "Timber Treated", "d_Branch": "Blue Mountains", "d_LGA": "Blue Mountains", "Comments": null, "Easting": 282263.25, "Northing": 6272250.36, "Latitude": "33\u00c2\u00b0 40.042' S", "Longitude": "150\u00c2\u00b0 39.095' E", "VERDATE": "2025-12-05"}, "geometry": {"coordinates": [150.65158106690762, -33.667364979888816, 0.0], "type": "Point", "geometries": null}}, {"type": "Feature", "properties": {"ModifiedDa": "2022-03-04", "SAPEquipID": 300038333, "AssetName": "Bin -  Wheeny Ck CA", "d_SubtypeC": "Bin", "d_AssetTyp": "Garbage", "d_AssetMat": "Not Applicable", "d_Branch": "Blue Mountains", "d_LGA": "Hawkesbury", "Comments": null, "Easting": 288317.91, "Northing": 6295786.73, "Latitude": "33\u00c2\u00b0 27.388' S", "Longitude": "150\u00c2\u00b0 43.345' E", "VERDATE": "2025-12-05"}, "geometry": {"coordinates": [150.7224161666669, -33.45646916666658, 0.0], "type": "Point", "geometries": null}}, {"type": "Feature", "properties": {"ModifiedDa": "2023-11-29", "SAPEquipID": 300038354, "AssetName": "BBQ - Burralow Ck CA - 08", "d_SubtypeC": "BBQ/Fireplace", "d_AssetTyp": "No Roof", "d_AssetMat": "Steel", "d_Branch": "Blue Mountains", "d_LGA": "Hawkesbury", "Comments": "Old fire rings at Burralow Creek Campground", "Easting": 277462.83, "Northing": 6284558.39, "Latitude": "33\u00c2\u00b0 33.327' S", "Longitude": "150\u00c2\u00b0 36.175' E", "VERDATE": "2025-12-05"}, "geometry": {"coordinates": [150.60291867800004, -33.555456063999884, 0.0], "type": "Point", "geometries": null}}, {"type": "Feature", "properties": {"ModifiedDa": "2022-03-04", "SAPEquipID": 300038374, "AssetName": "BBQ - Noika CA - 01", "d_SubtypeC": "BBQ/Fireplace", "d_AssetTyp": "No Roof", "d_AssetMat": "Steel", "d_Branch": "Blue Mountains", "d_LGA": "Blue Mountains", "Comments": "Nioka Camping Area", "Easting": 279253.75, "Northing": 6257536.08, "Latitude": "33\u00c2\u00b0 47.96' S", "Longitude": "150\u00c2\u00b0 36.929' E", "VERDATE": "2025-12-05"}, "geometry": {"coordinates": [150.61547900000062, -33.79934166666658, 0.0], "type": "Point", "geometries": null}}, {"type": "Feature", "properties": {"ModifiedDa": "2022-03-04", "SAPEquipID": 300038395, "AssetName": "Picnic Table - Euroka DUA - 01", "d_SubtypeC": "Picnic Table", "d_AssetTyp": "No Roof", "d_AssetMat": "Timber", "d_Branch": "Blue Mountains", "d_LGA": "Blue Mountains", "Comments": "Main Flat - Concrete base", "Easting": 279464.63, "Northing": 6257642.97, "Latitude": "33\u00c2\u00b0 47.905' S", "Longitude": "150\u00c2\u00b0 37.067' E", "VERDATE": "2025-12-05"}, "geometry": {"coordinates": [150.61778188666722, -33.798422446666564, 0.0], "type": "Point", "geometries": null}}, {"type": "Feature", "properties": {"ModifiedDa": "2016-04-06", "SAPEquipID": 300038414, "AssetName": "Seat - Treated Timber - 01", "d_SubtypeC": "Seat", "d_AssetTyp": "With Pad", "d_AssetMat": "Timber Treated", "d_Branch": "Greater Sydney", "d_LGA": "Ku-Ring-Gai", "Comments": null, "Easting": 329405.43, "Northing": 6273945.63, "Latitude": "33\u00c2\u00b0 39.642' S", "Longitude": "151\u00c2\u00b0 9.606' E", "VERDATE": "2025-12-05"}, "geometry": {"coordinates": [151.160101886667, -33.660697719999916, 0.0], "type": "Point", "geometries": null}}, {"type": "Feature", "properties": {"ModifiedDa": "2022-03-04", "SAPEquipID": 300038415, "AssetName": "Park Use Fee Station - Glenbrook Office", "d_SubtypeC": "Fee Collection Station - Unmanned", "d_AssetTyp": null, "d_AssetMat": "Not Applicable", "d_Branch": "Blue Mountains", "d_LGA": "Blue Mountains", "Comments": "Operational but not currently in use - covered over", "Easting": 279690.75, "Northing": 6259893.52, "Latitude": "33\u00c2\u00b0 46.691' S", "Longitude": "150\u00c2\u00b0 37.247' E", "VERDATE": "2025-12-05"}, "geometry": {"coordinates": [150.6207838866669, -33.778188886666555, 0.0], "type": "Point", "geometries": null}}, {"type": "Feature", "properties": {"ModifiedDa": "2016-04-06", "SAPEquipID": 300038435, "AssetName": "Picnic Table - No Roof - 04", "d_SubtypeC": "Picnic Table", "d_AssetTyp": "No Roof", "d_AssetMat": "Timber Treated", "d_Branch": "Greater Sydney", "d_LGA": "Hornsby", "Comments": null, "Easting": 324901.98, "Northing": 6277722.1, "Latitude": "33\u00c2\u00b0 37.555' S", "Longitude": "151\u00c2\u00b0 6.738' E", "VERDATE": "2025-12-05"}, "geometry": {"coordinates": [151.11229738666736, -33.62592227999994, 0.0], "type": "Point", "geometries": null}}, {"type": "Feature", "properties": {"ModifiedDa": "2018-03-06", "SAPEquipID": 300038455, "AssetName": "Picnic Table - No Roof", "d_SubtypeC": "Picnic Table", "d_AssetTyp": "No Roof", "d_AssetMat": "Timber Treated", "d_Branch": "Greater Sydney", "d_LGA": "Hornsby", "Comments": null, "Easting": 321183.31, "Northing": 6266270.14, "Latitude": "33\u00c2\u00b0 43.712' S", "Longitude": "151\u00c2\u00b0 4.195' E", "VERDATE": "2025-12-05"}, "geometry": {"coordinates": [151.06992066666692, -33.72853494666663, 0.0], "type": "Point", "geometries": null}}, {"type": "Feature", "properties": {"ModifiedDa": "2022-03-04", "SAPEquipID": 300038461, "AssetName": "Park Use Fee Station - The Oaks Trl", "d_SubtypeC": "Fee Collection Station - Unmanned", "d_AssetTyp": null, "d_AssetMat": "Not Applicable", "d_Branch": "Blue Mountains", "d_LGA": "Blue Mountains", "Comments": null, "Easting": 279668.17, "Northing": 6259894.22, "Latitude": "33\u00c2\u00b0 46.691' S", "Longitude": "150\u00c2\u00b0 37.232' E", "VERDATE": "2025-12-05"}, "geometry": {"coordinates": [150.62054038666702, -33.77817794666663, 0.0], "type": "Point", "geometries": null}}, {"type": "Feature", "properties": {"ModifiedDa": "2016-04-06", "SAPEquipID": 300038475, "AssetName": "Seat - Timber - 01", "d_SubtypeC": "Seat", "d_AssetTyp": "With Pad", "d_AssetMat": "Timber", "d_Branch": "Greater Sydney", "d_LGA": "Hornsby", "Comments": null, "Easting": 326471.66, "Northing": 6278768.8, "Latitude": "33\u00c2\u00b0 37.005' S", "Longitude": "151\u00c2\u00b0 7.765' E", "VERDATE": "2025-12-05"}, "geometry": {"coordinates": [151.12941592666675, -33.616743706666625, 0.0], "type": "Point", "geometries": null}}, {"type": "Feature", "properties": {"ModifiedDa": "2022-03-04", "SAPEquipID": 300038482, "AssetName": "BBQ - Euroka CA", "d_SubtypeC": "BBQ/Fireplace", "d_AssetTyp": "No Roof", "d_AssetMat": "Steel", "d_Branch": "Blue Mountains", "d_LGA": "Blue Mountains", "Comments": "Redgum", "Easting": 279288.47, "Northing": 6257617.88, "Latitude": "33\u00c2\u00b0 47.917' S", "Longitude": "150\u00c2\u00b0 36.952' E", "VERDATE": "2025-12-05"}, "geometry": {"coordinates": [150.61587421333343, -33.79861183999992, 0.0], "type": "Point", "geometries": null}}, {"type": "Feature", "properties": {"ModifiedDa": "2016-04-06", "SAPEquipID": 300038497, "AssetName": "Seat - Timber - 03", "d_SubtypeC": "Seat", "d_AssetTyp": "With Pad", "d_AssetMat": "Timber", "d_Branch": "Greater Sydney", "d_LGA": "Ku-Ring-Gai", "Comments": null, "Easting": 328786.98, "Northing": 6270817.94, "Latitude": "33\u00c2\u00b0 41.328' S", "Longitude": "151\u00c2\u00b0 9.17' E", "VERDATE": "2025-12-05"}, "geometry": {"coordinates": [151.1528318466669, -33.68879342666651, 0.0], "type": "Point", "geometries": null}}, {"type": "Feature", "properties": {"ModifiedDa": "2022-03-04", "SAPEquipID": 300038503, "AssetName": "BBQ - Appletree CA", "d_SubtypeC": "BBQ/Fireplace", "d_AssetTyp": "No Roof", "d_AssetMat": "Steel", "d_Branch": "Blue Mountains", "d_LGA": "Blue Mountains", "Comments": "Appletree Flat", "Easting": 279404.54, "Northing": 6257456.19, "Latitude": "33\u00c2\u00b0 48.006' S", "Longitude": "150\u00c2\u00b0 37.025' E", "VERDATE": "2025-12-05"}, "geometry": {"coordinates": [150.6170866666672, -33.80009307999984, 0.0], "type": "Point", "geometries": null}}, {"type": "Feature", "properties": {"ModifiedDa": "2016-04-06", "SAPEquipID": 300038518, "AssetName": "Picnic Table - No Roof - 04", "d_SubtypeC": "Picnic Table", "d_AssetTyp": "No Roof", "d_AssetMat": "Timber", "d_Branch": "Greater Sydney", "d_LGA": "Hornsby", "Comments": null, "Easting": 328379.32, "Northing": 6273461.53, "Latitude": "33\u00c2\u00b0 39.894' S", "Longitude": "151\u00c2\u00b0 8.937' E", "VERDATE": "2025-12-05"}, "geometry": {"coordinates": [151.14894666666714, -33.664896546666625, 0.0], "type": "Point", "geometries": null}}, {"type": "Feature", "properties": {"ModifiedDa": "2022-03-04", "SAPEquipID": 300038525, "AssetName": "Picnic Table - Euroka DUA - 04", "d_SubtypeC": "Picnic Table", "d_AssetTyp": "No Roof", "d_AssetMat": "Steel", "d_Branch": "Blue Mountains", "d_LGA": "Blue Mountains", "Comments": "Main Flat", "Easting": 279469.3, "Northing": 6257587.2, "Latitude": "33\u00c2\u00b0 47.936' S", "Longitude": "150\u00c2\u00b0 37.069' E", "VERDATE": "2025-12-05"}, "geometry": {"coordinates": [150.6178183333335, -33.798926033333146, 0.0], "type": "Point", "geometries": null}}, {"type": "Feature", "properties": {"ModifiedDa": "2022-03-04", "SAPEquipID": 300038546, "AssetName": "Picnic Table - The Rock Lookout WT", "d_SubtypeC": "Picnic Table", "d_AssetTyp": "No Roof", "d_AssetMat": "Steel", "d_Branch": "Blue Mountains", "d_LGA": "Penrith", "Comments": null, "Easting": 279617.73, "Northing": 6255383.62, "Latitude": "33\u00c2\u00b0 49.129' S", "Longitude": "150\u00c2\u00b0 37.132' E", "VERDATE": "2025-12-05"}, "geometry": {"coordinates": [150.61887016666685, -33.81881425333319, 0.0], "type": "Point", "geometries": null}}, {"type": "Feature", "properties": {"ModifiedDa": "2022-03-04", "SAPEquipID": 300038567, "AssetName": "Picnic Table - Daruk CA", "d_SubtypeC": "Picnic Table", "d_AssetTyp": "No Roof", "d_AssetMat": "Concrete", "d_Branch": "Blue Mountains", "d_LGA": "Blue Mountains", "Comments": "Darug campsite", "Easting": 279515.01, "Northing": 6257685.74, "Latitude": "33\u00c2\u00b0 47.883' S", "Longitude": "150\u00c2\u00b0 37.1' E", "VERDATE": "2025-12-05"}, "geometry": {"coordinates": [150.61833633333356, -33.79804749999988, 0.0], "type": "Point", "geometries": null}}, {"type": "Feature", "properties": {"ModifiedDa": "2022-03-04", "SAPEquipID": 300038589, "AssetName": "Picnic Table - Yellow Rock Lookout - 02", "d_SubtypeC": "Picnic Table", "d_AssetTyp": "No Roof", "d_AssetMat": "Concrete", "d_Branch": "Blue Mountains", "d_LGA": "Blue Mountains", "Comments": null, "Easting": 282254.87, "Northing": 6270754.06, "Latitude": "33\u00c2\u00b0 40.851' S", "Longitude": "150\u00c2\u00b0 39.067' E", "VERDATE": "2025-12-05"}, "geometry": {"coordinates": [150.6511239133339, -33.68084760666659, 0.0], "type": "Point", "geometries": null}}, {"type": "Feature", "properties": {"ModifiedDa": "2023-04-03", "SAPEquipID": 300038910, "AssetName": "Picnic Table - Murphys Glen Camp - 03", "d_SubtypeC": "Picnic Table", "d_AssetTyp": "No Roof", "d_AssetMat": "Timber", "d_Branch": "Blue Mountains", "d_LGA": "Blue Mountains", "Comments": "Murphys Glen Campground", "Easting": 267243.22, "Northing": 6260613.82, "Latitude": "33\u00c2\u00b0 46.142' S", "Longitude": "150\u00c2\u00b0 29.199' E", "VERDATE": "2025-12-05"}, "geometry": {"coordinates": [150.48665732679262, -33.76903445263832, 0.0], "type": "Point", "geometries": null}}, {"type": "Feature", "properties": {"ModifiedDa": "2012-03-12", "SAPEquipID": 300040056, "AssetName": "Seat - Regional Office Entrance - 02", "d_SubtypeC": "Seat", "d_AssetTyp": "Without Pad", "d_AssetMat": "Timber Treated", "d_Branch": "Greater Sydney", "d_LGA": "Sutherland", "Comments": null, "Easting": 320774.24, "Northing": 6229046.48, "Latitude": "34\u00c2\u00b0 3.84' S", "Longitude": "151\u00c2\u00b0 3.475' E", "VERDATE": "2025-12-05"}, "geometry": {"coordinates": [151.0579135007364, -34.06399604943459, 0.0], "type": "Point", "geometries": null}}, {"type": "Feature", "properties": {"ModifiedDa": "2024-08-16", "SAPEquipID": 300040166, "AssetName": "Picnic Table - 01", "d_SubtypeC": "Picnic Table", "d_AssetTyp": "Unknown", "d_AssetMat": "Timber", "d_Branch": "Greater Sydney", "d_LGA": "Sutherland", "Comments": null, "Easting": 321079.24, "Northing": 6228209.77, "Latitude": "34\u00c2\u00b0 4.295' S", "Longitude": "151\u00c2\u00b0 3.663' E", "VERDATE": "2025-12-05"}, "geometry": {"coordinates": [151.06104500000004, -34.07158999999996, 0.0], "type": "Point", "geometries": null}}, {"type": "Feature", "properties": {"ModifiedDa": "2022-03-04", "SAPEquipID": 300040964, "AssetName": "WRS 1 Carpark  - Burragorang Lout", "d_SubtypeC": "Waste/Recycling Stn", "d_AssetTyp": "Not Applicable", "d_AssetMat": "Not Applicable", "d_Branch": "Blue Mountains", "d_LGA": "Wollondilly", "Comments": null, "Easting": 263309.42, "Northing": 6227214.29, "Latitude": "34\u00c2\u00b0 4.146' S", "Longitude": "150\u00c2\u00b0 26.113' E", "VERDATE": "2025-12-05"}, "geometry": {"coordinates": [150.4352094466642, -34.069092333332605, 0.0], "type": "Point", "geometries": null}}, {"type": "Feature", "properties": {"ModifiedDa": "2018-06-04", "SAPEquipID": 300042754, "AssetName": "BBQ - Gas - nr playground", "d_SubtypeC": "BBQ/Fireplace", "d_AssetTyp": "With Roof", "d_AssetMat": "Unknown", "d_Branch": "Greater Sydney", "d_LGA": "Ryde", "Comments": null, "Easting": 328095.31, "Northing": 6259772.11, "Latitude": "33\u00c2\u00b0 47.295' S", "Longitude": "151\u00c2\u00b0 8.594' E", "VERDATE": "2025-12-05"}, "geometry": {"coordinates": [151.14322833333358, -33.788254999999765, 0.0], "type": "Point", "geometries": null}}, {"type": "Feature", "properties": {"ModifiedDa": "2018-06-04", "SAPEquipID": 300042777, "AssetName": "BBQ - Gas -  - nr site 198", "d_SubtypeC": "BBQ/Fireplace", "d_AssetTyp": "With Roof", "d_AssetMat": "Steel Stainless", "d_Branch": "Greater Sydney", "d_LGA": "Ryde", "Comments": null, "Easting": 328173.68, "Northing": 6259655.09, "Latitude": "33\u00c2\u00b0 47.359' S", "Longitude": "151\u00c2\u00b0 8.643' E", "VERDATE": "2025-12-05"}, "geometry": {"coordinates": [151.14405168023268, -33.789322588135974, 0.0], "type": "Point", "geometries": null}}, {"type": "Feature", "properties": {"ModifiedDa": "2018-06-04", "SAPEquipID": 300042800, "AssetName": "Picnic Table - sw of Amenity A4", "d_SubtypeC": "Picnic Table", "d_AssetTyp": "No Roof", "d_AssetMat": "Steel", "d_Branch": "Greater Sydney", "d_LGA": "Ryde", "Comments": null, "Easting": 328216.34, "Northing": 6259316.39, "Latitude": "33\u00c2\u00b0 47.543' S", "Longitude": "151\u00c2\u00b0 8.667' E", "VERDATE": "2025-12-05"}, "geometry": {"coordinates": [151.144446376495, -33.79238266231721, 0.0], "type": "Point", "geometries": null}}, {"type": "Feature", "properties": {"ModifiedDa": "2024-05-13", "SAPEquipID": 300043023, "AssetName": "Cycle Rack - Yellomundee DUA", "d_SubtypeC": "Cycle Rack", "d_AssetTyp": "Not Applicable", "d_AssetMat": "Not Applicable", "d_Branch": "Blue Mountains", "d_LGA": "Hawkesbury", "Comments": "Shaws creek AP", "Easting": 282872.54, "Northing": 6272525.14, "Latitude": "33\u00c2\u00b0 39.901' S", "Longitude": "150\u00c2\u00b0 39.493' E", "VERDATE": "2025-12-05"}, "geometry": {"coordinates": [150.65821491000008, -33.66501333299993, 0.0], "type": "Point", "geometries": null}}, {"type": "Feature", "properties": {"ModifiedDa": "2017-03-30", "SAPEquipID": 300043036, "AssetName": "WRS", "d_SubtypeC": "Waste/Recycling Stn", "d_AssetTyp": "Not Applicable", "d_AssetMat": "Not Applicable", "d_Branch": "Greater Sydney", "d_LGA": "Woollahra", "Comments": "4mx9m Concrete slab. Surrounding perimeter sand stone retaining wall/garden bed.", "Easting": 339698.89, "Northing": 6252958.75, "Latitude": "33\u00c2\u00b0 51.09' S", "Longitude": "151\u00c2\u00b0 16.036' E", "VERDATE": "2025-12-05"}, "geometry": {"coordinates": [151.26727000000005, -33.851499999999874, 0.0], "type": "Point", "geometries": null}}, {"type": "Feature", "properties": {"ModifiedDa": "2010-07-26", "SAPEquipID": 300044060, "AssetName": "Picnic Table 1 - West", "d_SubtypeC": "Picnic Table", "d_AssetTyp": "No Roof", "d_AssetMat": "Timber", "d_Branch": "Greater Sydney", "d_LGA": "Sutherland", "Comments": null, "Easting": 320423.83, "Northing": 6226977.86, "Latitude": "34\u00c2\u00b0 4.955' S", "Longitude": "151\u00c2\u00b0 3.222' E", "VERDATE": "2025-12-05"}, "geometry": {"coordinates": [151.05369188666634, -34.08258171999921, 0.0], "type": "Point", "geometries": null}}, {"type": "Feature", "properties": {"ModifiedDa": "2011-08-02", "SAPEquipID": 300044083, "AssetName": "WRS - Garie Day Use Area - North", "d_SubtypeC": "Waste/Recycling Stn", "d_AssetTyp": "Not Applicable", "d_AssetMat": "Not Applicable", "d_Branch": "Greater Sydney", "d_LGA": "Sutherland", "Comments": null, "Easting": 321809.37, "Northing": 6217303.54, "Latitude": "34\u00c2\u00b0 10.201' S", "Longitude": "151\u00c2\u00b0 4.003' E", "VERDATE": "2025-12-05"}, "geometry": {"coordinates": [151.0667166357265, -34.17001893999026, 0.0], "type": "Point", "geometries": null}}, {"type": "Feature", "properties": {"ModifiedDa": "2023-11-29", "SAPEquipID": 300044086, "AssetName": "BBQ - Burralow Ck CA - 11", "d_SubtypeC": "BBQ/Fireplace", "d_AssetTyp": "No Roof", "d_AssetMat": "Steel", "d_Branch": "Blue Mountains", "d_LGA": "Hawkesbury", "Comments": "Old fire rings at Burralow Creek Campground", "Easting": 277562.53, "Northing": 6284573.45, "Latitude": "33\u00c2\u00b0 33.32' S", "Longitude": "150\u00c2\u00b0 36.24' E", "VERDATE": "2025-12-05"}, "geometry": {"coordinates": [150.60399557800008, -33.55534106399995, 0.0], "type": "Point", "geometries": null}}, {"type": "Feature", "properties": {"ModifiedDa": "2024-01-04", "SAPEquipID": 300044109, "AssetName": "BBQ - Mill Ck CA - 17", "d_SubtypeC": "BBQ/Fireplace", "d_AssetTyp": "No Roof", "d_AssetMat": "Concrete", "d_Branch": "Blue Mountains", "d_LGA": "Central Coast", "Comments": "site 17", "Easting": 318073.9, "Northing": 6302502.39, "Latitude": "33\u00c2\u00b0 24.084' S", "Longitude": "151\u00c2\u00b0 2.625' E", "VERDATE": "2025-12-05"}, "geometry": {"coordinates": [151.04375739000034, -33.401398859999915, 0.0], "type": "Point", "geometries": null}}, {"type": "Feature", "properties": {"ModifiedDa": "2011-08-02", "SAPEquipID": 300044672, "AssetName": "WRS - Garie Day Use Area - South", "d_SubtypeC": "Waste/Recycling Stn", "d_AssetTyp": "Not Applicable", "d_AssetMat": "Not Applicable", "d_Branch": "Greater Sydney", "d_LGA": "Sutherland", "Comments": null, "Easting": 321786.54, "Northing": 6217251.17, "Latitude": "34\u00c2\u00b0 10.229' S", "Longitude": "151\u00c2\u00b0 3.988' E", "VERDATE": "2025-12-05"}, "geometry": {"coordinates": [151.06645833333369, -34.17048711333257, 0.0], "type": "Point", "geometries": null}}, {"type": "Feature", "properties": {"ModifiedDa": "2010-07-26", "SAPEquipID": 300044719, "AssetName": "SEAT 1 WEST  WALUMARRA TRACK", "d_SubtypeC": "Seat", "d_AssetTyp": "Without Pad", "d_AssetMat": "Timber", "d_Branch": "Greater Sydney", "d_LGA": "Sutherland", "Comments": null, "Easting": 318717.95, "Northing": 6219785.25, "Latitude": "34\u00c2\u00b0 8.827' S", "Longitude": "151\u00c2\u00b0 2.023' E", "VERDATE": "2025-12-05"}, "geometry": {"coordinates": [151.0337121666663, -34.147117613332625, 0.0], "type": "Point", "geometries": null}}, {"type": "Feature", "properties": {"ModifiedDa": "2010-07-26", "SAPEquipID": 300045183, "AssetName": "pICNIC TABLE warumbl pICNIC area", "d_SubtypeC": "Picnic Table", "d_AssetTyp": "No Roof", "d_AssetMat": "Timber", "d_Branch": "Greater Sydney", "d_LGA": "Sutherland", "Comments": null, "Easting": 324987.43, "Northing": 6227742.62, "Latitude": "34\u00c2\u00b0 4.588' S", "Longitude": "151\u00c2\u00b0 6.197' E", "VERDATE": "2025-12-05"}, "geometry": {"coordinates": [151.10328338666636, -34.0764617199992, 0.0], "type": "Point", "geometries": null}}, {"type": "Feature", "properties": {"ModifiedDa": "2024-06-04", "SAPEquipID": 300045229, "AssetName": "Seat - Thelma Head North - 01", "d_SubtypeC": "Seat", "d_AssetTyp": "Without Pad", "d_AssetMat": "Timber Treated", "d_Branch": "Greater Sydney", "d_LGA": "Wollongong", "Comments": null, "Easting": 321342.97, "Northing": 6216570.25, "Latitude": "34\u00c2\u00b0 10.593' S", "Longitude": "151\u00c2\u00b0 3.69' E", "VERDATE": "2025-12-05"}, "geometry": {"coordinates": [151.06150783333328, -34.176548666665894, 0.0], "type": "Point", "geometries": null}}, {"type": "Feature", "properties": {"ModifiedDa": "2010-07-26", "SAPEquipID": 300045252, "AssetName": "tree guard forest island near bridge", "d_SubtypeC": "Tree Guard", "d_AssetTyp": "Not Applicable", "d_AssetMat": "Not Applicable", "d_Branch": "Greater Sydney", "d_LGA": "Sutherland", "Comments": "rock material used", "Easting": 317968.12, "Northing": 6220509.7, "Latitude": "34\u00c2\u00b0 8.427' S", "Longitude": "151\u00c2\u00b0 1.544' E", "VERDATE": "2025-12-05"}, "geometry": {"coordinates": [151.02573533333305, -34.140457386665844, 0.0], "type": "Point", "geometries": null}}, {"type": "Feature", "properties": {"ModifiedDa": "2010-07-26", "SAPEquipID": 300045275, "AssetName": "Seat Jersey Springs", "d_SubtypeC": "Seat", "d_AssetTyp": "Without Pad", "d_AssetMat": "Timber", "d_Branch": "Greater Sydney", "d_LGA": "Sutherland", "Comments": null, "Easting": 320201.06, "Northing": 6225207.22, "Latitude": "34\u00c2\u00b0 5.91' S", "Longitude": "151\u00c2\u00b0 3.055' E", "VERDATE": "2025-12-05"}, "geometry": {"coordinates": [151.05091272000027, -34.09850316666598, 0.0], "type": "Point", "geometries": null}}, {"type": "Feature", "properties": {"ModifiedDa": "2018-06-04", "SAPEquipID": 300045446, "AssetName": "Seats x 2 - Timber - outside Amenity A2", "d_SubtypeC": "Seat", "d_AssetTyp": "With Pad", "d_AssetMat": "Timber", "d_Branch": "Greater Sydney", "d_LGA": "Ryde", "Comments": "not secured to the ground", "Easting": 328134.82, "Northing": 6259680.1, "Latitude": "33\u00c2\u00b0 47.345' S", "Longitude": "151\u00c2\u00b0 8.618' E", "VERDATE": "2025-12-05"}, "geometry": {"coordinates": [151.14363698136492, -33.7890908323771, 0.0], "type": "Point", "geometries": null}}, {"type": "Feature", "properties": {"ModifiedDa": "2018-06-04", "SAPEquipID": 300045514, "AssetName": "Seat - Plastic - 01 - deck chairs - pool", "d_SubtypeC": "Seat", "d_AssetTyp": "Without Pad", "d_AssetMat": "Plastic", "d_Branch": "Greater Sydney", "d_LGA": "Ryde", "Comments": "9 moveable deck chairs", "Easting": 328119.48, "Northing": 6259632.57, "Latitude": "33\u00c2\u00b0 47.371' S", "Longitude": "151\u00c2\u00b0 8.608' E", "VERDATE": "2025-12-05"}, "geometry": {"coordinates": [151.14346213823205, -33.78951680813606, 0.0], "type": "Point", "geometries": null}}, {"type": "Feature", "properties": {"ModifiedDa": "2018-06-04", "SAPEquipID": 300045537, "AssetName": "Picnic Table - nth Camp Kitchen - fixed", "d_SubtypeC": "Picnic Table", "d_AssetTyp": "With Roof", "d_AssetMat": "Timber", "d_Branch": "Greater Sydney", "d_LGA": "Ryde", "Comments": "In camp kitchen", "Easting": 328072.25, "Northing": 6259821.77, "Latitude": "33\u00c2\u00b0 47.268' S", "Longitude": "151\u00c2\u00b0 8.579' E", "VERDATE": "2025-12-05"}, "geometry": {"coordinates": [151.1429890585083, -33.78780354210966, 0.0], "type": "Point", "geometries": null}}, {"type": "Feature", "properties": {"ModifiedDa": "2016-04-06", "SAPEquipID": 300045565, "AssetName": "Seat - old", "d_SubtypeC": "Seat", "d_AssetTyp": "Without Pad", "d_AssetMat": "Timber", "d_Branch": "Greater Sydney", "d_LGA": "Mosman", "Comments": "new", "Easting": 337839.27, "Northing": 6253489.46, "Latitude": "33\u00c2\u00b0 50.786' S", "Longitude": "151\u00c2\u00b0 14.836' E", "VERDATE": "2025-12-05"}, "geometry": {"coordinates": [151.24727494666695, -33.84643149999988, 0.0], "type": "Point", "geometries": null}}, {"type": "Feature", "properties": {"ModifiedDa": "2016-04-06", "SAPEquipID": 300045635, "AssetName": "Seat - OnGround Lookout Barrabooka", "d_SubtypeC": "Seat", "d_AssetTyp": null, "d_AssetMat": null, "d_Branch": "Greater Sydney", "d_LGA": "Northern Beaches", "Comments": "new", "Easting": 338980.4, "Northing": 6257188.32, "Latitude": "33\u00c2\u00b0 48.796' S", "Longitude": "151\u00c2\u00b0 15.617' E", "VERDATE": "2025-12-05"}, "geometry": {"coordinates": [151.26027963768172, -33.81326101962645, 0.0], "type": "Point", "geometries": null}}, {"type": "Feature", "properties": {"ModifiedDa": "2024-01-04", "SAPEquipID": 300047160, "AssetName": "BBQ - 02 - firepit group top", "d_SubtypeC": "BBQ/Fireplace", "d_AssetTyp": "No Roof", "d_AssetMat": "Concrete", "d_Branch": "Blue Mountains", "d_LGA": "Central Coast", "Comments": null, "Easting": 318307.0, "Northing": 6302665.0, "Latitude": "33\u00c2\u00b0 23.998' S", "Longitude": "151\u00c2\u00b0 2.778' E", "VERDATE": "2025-12-05"}, "geometry": {"coordinates": [151.04629545000114, -33.39997248800012, 0.0], "type": "Point", "geometries": null}}, {"type": "Feature", "properties": {"ModifiedDa": "2022-03-04", "SAPEquipID": 300048205, "AssetName": "Seat - 3 ten mile hollow firepit", "d_SubtypeC": "Seat", "d_AssetTyp": "Without Pad", "d_AssetMat": "Timber", "d_Branch": "Blue Mountains", "d_LGA": "Central Coast", "Comments": "timber seat, metal frame", "Easting": 322203.63, "Northing": 6310745.93, "Latitude": "33\u00c2\u00b0 19.667' S", "Longitude": "151\u00c2\u00b0 5.386' E", "VERDATE": "2025-12-05"}, "geometry": {"coordinates": [151.0897676175482, -33.32777691085096, 0.0], "type": "Point", "geometries": null}}, {"type": "Feature", "properties": {"ModifiedDa": "2022-03-04", "SAPEquipID": 300048504, "AssetName": "Seat - 1 ten mile hollow firepit", "d_SubtypeC": "Seat", "d_AssetTyp": "Without Pad", "d_AssetMat": "Timber", "d_Branch": "Blue Mountains", "d_LGA": "Central Coast", "Comments": "timber seat, metal frame", "Easting": 322203.63, "Northing": 6310746.15, "Latitude": "33\u00c2\u00b0 19.666' S", "Longitude": "151\u00c2\u00b0 5.386' E", "VERDATE": "2025-12-05"}, "geometry": {"coordinates": [151.08976766128353, -33.32777490729126, 0.0], "type": "Point", "geometries": null}}, {"type": "Feature", "properties": {"ModifiedDa": "2016-04-06", "SAPEquipID": 300048670, "AssetName": "WRS", "d_SubtypeC": "Waste/Recycling Stn", "d_AssetTyp": "Not Applicable", "d_AssetMat": "Not Applicable", "d_Branch": "Greater Sydney", "d_LGA": "Northern Beaches", "Comments": null, "Easting": 341594.07, "Northing": 6280523.37, "Latitude": "33\u00c2\u00b0 36.197' S", "Longitude": "151\u00c2\u00b0 17.561' E", "VERDATE": "2025-12-05"}, "geometry": {"coordinates": [151.29267666666738, -33.60328311333325, 0.0], "type": "Point", "geometries": null}}, {"type": "Feature", "properties": {"ModifiedDa": "2016-04-06", "SAPEquipID": 300048692, "AssetName": "WRS - 02", "d_SubtypeC": "Waste/Recycling Stn", "d_AssetTyp": "Not Applicable", "d_AssetMat": "Not Applicable", "d_Branch": "Greater Sydney", "d_LGA": "Northern Beaches", "Comments": null, "Easting": 333620.24, "Northing": 6262100.1, "Latitude": "33\u00c2\u00b0 46.089' S", "Longitude": "151\u00c2\u00b0 12.199' E", "VERDATE": "2025-12-05"}, "geometry": {"coordinates": [151.20331633333376, -33.76815213333322, 0.0], "type": "Point", "geometries": null}}, {"type": "Feature", "properties": {"ModifiedDa": "2019-03-08", "SAPEquipID": 300048844, "AssetName": "Playground Equipment - Kukundi", "d_SubtypeC": "Playground Equipment", "d_AssetTyp": "Not Applicable", "d_AssetMat": "Not Applicable", "d_Branch": "Greater Sydney", "d_LGA": "Ku-Ring-Gai", "Comments": null, "Easting": 329161.14, "Northing": 6259563.74, "Latitude": "33\u00c2\u00b0 47.418' S", "Longitude": "151\u00c2\u00b0 9.282' E", "VERDATE": "2025-12-05"}, "geometry": {"coordinates": [151.15469500000006, -33.79030599999999, 0.0], "type": "Point", "geometries": null}}, {"type": "Feature", "properties": {"ModifiedDa": "2016-04-06", "SAPEquipID": 300048922, "AssetName": "Seat - Timber - 10", "d_SubtypeC": "Seat", "d_AssetTyp": "Without Pad", "d_AssetMat": "Timber", "d_Branch": "Greater Sydney", "d_LGA": "Northern Beaches", "Comments": null, "Easting": 341503.93, "Northing": 6280339.88, "Latitude": "33\u00c2\u00b0 36.295' S", "Longitude": "151\u00c2\u00b0 17.5' E", "VERDATE": "2025-12-05"}, "geometry": {"coordinates": [151.29167294666695, -33.604923946666474, 0.0], "type": "Point", "geometries": null}}, {"type": "Feature", "properties": {"ModifiedDa": "2016-04-06", "SAPEquipID": 300048945, "AssetName": "Seat - Timber - 12", "d_SubtypeC": "Seat", "d_AssetTyp": "Without Pad", "d_AssetMat": "Timber", "d_Branch": "Greater Sydney", "d_LGA": "Northern Beaches", "Comments": "do not feed the wildlife plaque", "Easting": 343065.69, "Northing": 6283244.06, "Latitude": "33\u00c2\u00b0 34.738' S", "Longitude": "151\u00c2\u00b0 18.541' E", "VERDATE": "2025-12-05"}, "geometry": {"coordinates": [151.3090107800008, -33.57897233333324, 0.0], "type": "Point", "geometries": null}}, {"type": "Feature", "properties": {"ModifiedDa": "2016-04-06", "SAPEquipID": 300048968, "AssetName": "Seat - Timber - 13", "d_SubtypeC": "Seat", "d_AssetTyp": "Without Pad", "d_AssetMat": "Timber", "d_Branch": "Greater Sydney", "d_LGA": "Northern Beaches", "Comments": null, "Easting": 341522.73, "Northing": 6280376.75, "Latitude": "33\u00c2\u00b0 36.276' S", "Longitude": "151\u00c2\u00b0 17.513' E", "VERDATE": "2025-12-05"}, "geometry": {"coordinates": [151.2918820533339, -33.604594333333296, 0.0], "type": "Point", "geometries": null}}, {"type": "Feature", "properties": {"ModifiedDa": "2017-01-27", "SAPEquipID": 300048988, "AssetName": "Seat - Victoria Rd - O'Hares", "d_SubtypeC": "Seat", "d_AssetTyp": "With Pad", "d_AssetMat": "Timber", "d_Branch": "South Coast", "d_LGA": "Campbelltown", "Comments": "Moved from road FL", "Easting": 300693.08, "Northing": 6218179.04, "Latitude": "34\u00c2\u00b0 9.498' S", "Longitude": "150\u00c2\u00b0 50.277' E", "VERDATE": "2025-12-05"}, "geometry": {"coordinates": [150.83795200770464, -34.158306961020855, 0.0], "type": "Point", "geometries": null}}, {"type": "Feature", "properties": {"ModifiedDa": "2016-04-06", "SAPEquipID": 300048990, "AssetName": "Seat - Timber - 15", "d_SubtypeC": "Seat", "d_AssetTyp": "Without Pad", "d_AssetMat": "Timber", "d_Branch": "Greater Sydney", "d_LGA": "Northern Beaches", "Comments": null, "Easting": 341506.02, "Northing": 6280399.99, "Latitude": "33\u00c2\u00b0 36.263' S", "Longitude": "151\u00c2\u00b0 17.502' E", "VERDATE": "2025-12-05"}, "geometry": {"coordinates": [151.2917061400002, -33.604382366666584, 0.0], "type": "Point", "geometries": null}}, {"type": "Feature", "properties": {"ModifiedDa": "2017-01-27", "SAPEquipID": 300049010, "AssetName": "Cycle Rack - Victoria Rd - O'Hares", "d_SubtypeC": "Cycle Rack", "d_AssetTyp": "Not Applicable", "d_AssetMat": "Not Applicable", "d_Branch": "South Coast", "d_LGA": "Campbelltown", "Comments": "Moved from road FL", "Easting": 300698.0, "Northing": 6218172.88, "Latitude": "34\u00c2\u00b0 9.502' S", "Longitude": "150\u00c2\u00b0 50.28' E", "VERDATE": "2025-12-05"}, "geometry": {"coordinates": [150.8380039701815, -34.158363345836165, 0.0], "type": "Point", "geometries": null}}, {"type": "Feature", "properties": {"ModifiedDa": "2025-05-13", "SAPEquipID": 300049016, "AssetName": "Seat - Timber - 17", "d_SubtypeC": "Seat", "d_AssetTyp": "Without Pad", "d_AssetMat": "Timber", "d_Branch": "Greater Sydney", "d_LGA": "Northern Beaches", "Comments": "do not feed the wildlife plaque", "Easting": 343080.13, "Northing": 6283208.59, "Latitude": "33\u00c2\u00b0 34.758' S", "Longitude": "151\u00c2\u00b0 18.55' E", "VERDATE": "2025-12-05"}, "geometry": {"coordinates": [151.30916010742624, -33.57929427411591, 0.0], "type": "Point", "geometries": null}}, {"type": "Feature", "properties": {"ModifiedDa": "2016-04-06", "SAPEquipID": 300049038, "AssetName": "Seat - Timber - 19", "d_SubtypeC": "Seat", "d_AssetTyp": "Without Pad", "d_AssetMat": "Timber", "d_Branch": "Greater Sydney", "d_LGA": "Northern Beaches", "Comments": null, "Easting": 343076.5, "Northing": 6283202.83, "Latitude": "33\u00c2\u00b0 34.761' S", "Longitude": "151\u00c2\u00b0 18.547' E", "VERDATE": "2025-12-05"}, "geometry": {"coordinates": [151.30912000000023, -33.57934566666654, 0.0], "type": "Point", "geometries": null}}, {"type": "Feature", "properties": {"ModifiedDa": "2016-04-06", "SAPEquipID": 300049060, "AssetName": "Seat - Timber - 21", "d_SubtypeC": "Seat", "d_AssetTyp": "Without Pad", "d_AssetMat": null, "d_Branch": "Greater Sydney", "d_LGA": "Northern Beaches", "Comments": null, "Easting": 341628.36, "Northing": 6280441.92, "Latitude": "33\u00c2\u00b0 36.241' S", "Longitude": "151\u00c2\u00b0 17.582' E", "VERDATE": "2025-12-05"}, "geometry": {"coordinates": [151.29303166666693, -33.604022499999814, 0.0], "type": "Point", "geometries": null}}, {"type": "Feature", "properties": {"ModifiedDa": "2016-04-06", "SAPEquipID": 300049084, "AssetName": "Seat - Treated Timber", "d_SubtypeC": "Seat", "d_AssetTyp": "Without Pad", "d_AssetMat": "Timber Treated", "d_Branch": "Greater Sydney", "d_LGA": "Northern Beaches", "Comments": null, "Easting": 333860.33, "Northing": 6261550.95, "Latitude": "33\u00c2\u00b0 46.388' S", "Longitude": "151\u00c2\u00b0 12.348' E", "VERDATE": "2025-12-05"}, "geometry": {"coordinates": [151.2058046666674, -33.77314033333312, 0.0], "type": "Point", "geometries": null}}, {"type": "Feature", "properties": {"ModifiedDa": "2016-04-06", "SAPEquipID": 300049430, "AssetName": "Seat - Timber - 06", "d_SubtypeC": "Seat", "d_AssetTyp": "Without Pad", "d_AssetMat": "Timber", "d_Branch": "Greater Sydney", "d_LGA": "Northern Beaches", "Comments": null, "Easting": 335119.54, "Northing": 6276661.47, "Latitude": "33\u00c2\u00b0 38.227' S", "Longitude": "151\u00c2\u00b0 13.332' E", "VERDATE": "2025-12-05"}, "geometry": {"coordinates": [151.22220694666692, -33.63711605333316, 0.0], "type": "Point", "geometries": null}}, {"type": "Feature", "properties": {"ModifiedDa": "2022-03-04", "SAPEquipID": 300050780, "AssetName": "Picnic Table - Bennetts CA -01", "d_SubtypeC": "Picnic Table", "d_AssetTyp": "No Roof", "d_AssetMat": "Concrete", "d_Branch": "Blue Mountains", "d_LGA": "Blue Mountains", "Comments": "Bennett Ridge", "Easting": 279540.12, "Northing": 6257509.95, "Latitude": "33\u00c2\u00b0 47.978' S", "Longitude": "150\u00c2\u00b0 37.114' E", "VERDATE": "2025-12-05"}, "geometry": {"coordinates": [150.61856355333373, -33.799636886666406, 0.0], "type": "Point", "geometries": null}}, {"type": "Feature", "properties": {"ModifiedDa": "2022-03-04", "SAPEquipID": 300050825, "AssetName": "Picnic Table - Bennetts CA -02", "d_SubtypeC": "Picnic Table", "d_AssetTyp": "No Roof", "d_AssetMat": "Concrete", "d_Branch": "Blue Mountains", "d_LGA": "Blue Mountains", "Comments": "Bennett Ridge", "Easting": 279454.54, "Northing": 6257459.22, "Latitude": "33\u00c2\u00b0 48.005' S", "Longitude": "150\u00c2\u00b0 37.058' E", "VERDATE": "2025-12-05"}, "geometry": {"coordinates": [150.61762705333422, -33.80007621999994, 0.0], "type": "Point", "geometries": null}}, {"type": "Feature", "properties": {"ModifiedDa": "2022-03-04", "SAPEquipID": 300050848, "AssetName": "BBQ - Euroka DUA - 03", "d_SubtypeC": "BBQ/Fireplace", "d_AssetTyp": "No Roof", "d_AssetMat": "Steel", "d_Branch": "Blue Mountains", "d_LGA": "Blue Mountains", "Comments": "Main flat", "Easting": 279376.68, "Northing": 6257549.52, "Latitude": "33\u00c2\u00b0 47.955' S", "Longitude": "150\u00c2\u00b0 37.009' E", "VERDATE": "2025-12-05"}, "geometry": {"coordinates": [150.61680922000016, -33.79924621999993, 0.0], "type": "Point", "geometries": null}}, {"type": "Feature", "properties": {"ModifiedDa": "2024-01-10", "SAPEquipID": 300051780, "AssetName": "Picnic Table - Burragorang Lookout - 07", "d_SubtypeC": "Picnic Table", "d_AssetTyp": "No Roof", "d_AssetMat": "Timber", "d_Branch": "Blue Mountains", "d_LGA": "Wollondilly", "Comments": null, "Easting": 263217.07, "Northing": 6227275.36, "Latitude": "34\u00c2\u00b0 4.111' S", "Longitude": "150\u00c2\u00b0 26.054' E", "VERDATE": "2025-12-05"}, "geometry": {"coordinates": [150.43422627366965, -34.06852117783069, 0.0], "type": "Point", "geometries": null}}, {"type": "Feature", "properties": {"ModifiedDa": "2022-03-04", "SAPEquipID": 300051788, "AssetName": "Bin - Daruk CA", "d_SubtypeC": "Bin", "d_AssetTyp": "Garbage", "d_AssetMat": "Not Applicable", "d_Branch": "Blue Mountains", "d_LGA": "Blue Mountains", "Comments": "Darug camping area, Otto bins", "Easting": 279496.86, "Northing": 6257702.44, "Latitude": "33\u00c2\u00b0 47.874' S", "Longitude": "150\u00c2\u00b0 37.089' E", "VERDATE": "2025-12-05"}, "geometry": {"coordinates": [150.6181446133337, -33.79789321999971, 0.0], "type": "Point", "geometries": null}}, {"type": "Feature", "properties": {"ModifiedDa": "2022-03-04", "SAPEquipID": 300051812, "AssetName": "Picnic Table - Euroka DUA - 03", "d_SubtypeC": "Picnic Table", "d_AssetTyp": "No Roof", "d_AssetMat": "Steel", "d_Branch": "Blue Mountains", "d_LGA": "Blue Mountains", "Comments": "Entrance left hand side", "Easting": 279414.91, "Northing": 6257702.16, "Latitude": "33\u00c2\u00b0 47.873' S", "Longitude": "150\u00c2\u00b0 37.036' E", "VERDATE": "2025-12-05"}, "geometry": {"coordinates": [150.61726000000067, -33.79787871999986, 0.0], "type": "Point", "geometries": null}}, {"type": "Feature", "properties": {"ModifiedDa": "2022-03-04", "SAPEquipID": 300051836, "AssetName": "Picnic Table - The Iron Barks DUA", "d_SubtypeC": "Picnic Table", "d_AssetTyp": "No Roof", "d_AssetMat": "Timber", "d_Branch": "Blue Mountains", "d_LGA": "Blue Mountains", "Comments": null, "Easting": 278668.1, "Northing": 6258042.92, "Latitude": "33\u00c2\u00b0 47.679' S", "Longitude": "150\u00c2\u00b0 36.557' E", "VERDATE": "2025-12-05"}, "geometry": {"coordinates": [150.60928455333385, -33.79465192666652, 0.0], "type": "Point", "geometries": null}}, {"type": "Feature", "properties": {"ModifiedDa": "2022-03-04", "SAPEquipID": 300052051, "AssetName": "Seat - 4 ten mile hollow firepit", "d_SubtypeC": "Seat", "d_AssetTyp": "Without Pad", "d_AssetMat": "Timber", "d_Branch": "Blue Mountains", "d_LGA": "Central Coast", "Comments": "timber seat, metal frame", "Easting": 322203.52, "Northing": 6310746.04, "Latitude": "33\u00c2\u00b0 19.667' S", "Longitude": "151\u00c2\u00b0 5.386' E", "VERDATE": "2025-12-05"}, "geometry": {"coordinates": [151.08976638924526, -33.327775889839586, 0.0], "type": "Point", "geometries": null}}, {"type": "Feature", "properties": {"ModifiedDa": "2016-04-06", "SAPEquipID": 300052895, "AssetName": "Seat - Timber - 08", "d_SubtypeC": "Seat", "d_AssetTyp": "Without Pad", "d_AssetMat": "Timber", "d_Branch": "Greater Sydney", "d_LGA": "Northern Beaches", "Comments": null, "Easting": 335066.73, "Northing": 6276722.4, "Latitude": "33\u00c2\u00b0 38.194' S", "Longitude": "151\u00c2\u00b0 13.299' E", "VERDATE": "2025-12-05"}, "geometry": {"coordinates": [151.22164905333432, -33.6365585533332, 0.0], "type": "Point", "geometries": null}}, {"type": "Feature", "properties": {"ModifiedDa": "2024-08-20", "SAPEquipID": 300052966, "AssetName": "Pay\u00c2\u00a0Machine\u00c2\u00a0HCCB\u00c2\u00a0NPWS0013", "d_SubtypeC": "Fee Collection Station - Unmanned", "d_AssetTyp": "Parking Meter", "d_AssetMat": "Not Applicable", "d_Branch": "Hunter Central Coast", "d_LGA": "Central Coast", "Comments": null, "Easting": 339781.4, "Northing": 6299504.96, "Latitude": "33\u00c2\u00b0 25.913' S", "Longitude": "151\u00c2\u00b0 16.593' E", "VERDATE": "2025-12-05"}, "geometry": {"coordinates": [151.27654500000006, -33.43188299999986, 0.0], "type": "Point", "geometries": null}}, {"type": "Feature", "properties": {"ModifiedDa": "2022-03-04", "SAPEquipID": 300053649, "AssetName": "Bin -  Bennetts CA", "d_SubtypeC": "Bin", "d_AssetTyp": "Garbage", "d_AssetMat": "Not Applicable", "d_Branch": "Blue Mountains", "d_LGA": "Blue Mountains", "Comments": "Bennett Ridge", "Easting": 279537.87, "Northing": 6257446.7, "Latitude": "33\u00c2\u00b0 48.012' S", "Longitude": "150\u00c2\u00b0 37.111' E", "VERDATE": "2025-12-05"}, "geometry": {"coordinates": [150.6185233866671, -33.80020638666656, 0.0], "type": "Point", "geometries": null}}, {"type": "Feature", "properties": {"ModifiedDa": "2016-04-06", "SAPEquipID": 300053876, "AssetName": "Seat - Timber - 12", "d_SubtypeC": "Seat", "d_AssetTyp": "Without Pad", "d_AssetMat": "Timber", "d_Branch": "Greater Sydney", "d_LGA": "Hornsby", "Comments": null, "Easting": 328831.58, "Northing": 6274769.51, "Latitude": "33\u00c2\u00b0 39.191' S", "Longitude": "151\u00c2\u00b0 9.244' E", "VERDATE": "2025-12-05"}, "geometry": {"coordinates": [151.15407431695394, -33.653178392928965, 0.0], "type": "Point", "geometries": null}}, {"type": "Feature", "properties": {"ModifiedDa": "2016-04-06", "SAPEquipID": 300053900, "AssetName": "WRS - 01", "d_SubtypeC": "Waste/Recycling Stn", "d_AssetTyp": "Not Applicable", "d_AssetMat": "Not Applicable", "d_Branch": "Greater Sydney", "d_LGA": "Hornsby", "Comments": null, "Easting": 328771.72, "Northing": 6274745.11, "Latitude": "33\u00c2\u00b0 39.203' S", "Longitude": "151\u00c2\u00b0 9.205' E", "VERDATE": "2025-12-05"}, "geometry": {"coordinates": [151.15342435866194, -33.6533887471669, 0.0], "type": "Point", "geometries": null}}, {"type": "Feature", "properties": {"ModifiedDa": "2016-04-06", "SAPEquipID": 300053925, "AssetName": "WRS - 02", "d_SubtypeC": "Waste/Recycling Stn", "d_AssetTyp": "Not Applicable", "d_AssetMat": "Not Applicable", "d_Branch": "Greater Sydney", "d_LGA": "Hornsby", "Comments": null, "Easting": 328785.55, "Northing": 6274817.58, "Latitude": "33\u00c2\u00b0 39.164' S", "Longitude": "151\u00c2\u00b0 9.215' E", "VERDATE": "2025-12-05"}, "geometry": {"coordinates": [151.15358736000076, -33.652737639999884, 0.0], "type": "Point", "geometries": null}}, {"type": "Feature", "properties": {"ModifiedDa": "2016-04-06", "SAPEquipID": 300053948, "AssetName": "Seat - Timber - 19", "d_SubtypeC": "Seat", "d_AssetTyp": "Without Pad", "d_AssetMat": "Timber", "d_Branch": "Greater Sydney", "d_LGA": "Hornsby", "Comments": null, "Easting": 328814.38, "Northing": 6274843.22, "Latitude": "33\u00c2\u00b0 39.151' S", "Longitude": "151\u00c2\u00b0 9.234' E", "VERDATE": "2025-12-05"}, "geometry": {"coordinates": [151.15390309333372, -33.652511193333225, 0.0], "type": "Point", "geometries": null}}, {"type": "Feature", "properties": {"ModifiedDa": "2016-04-06", "SAPEquipID": 300053993, "AssetName": "Seat - Timber - 23", "d_SubtypeC": "Seat", "d_AssetTyp": "Without Pad", "d_AssetMat": "Timber", "d_Branch": "Greater Sydney", "d_LGA": "Hornsby", "Comments": null, "Easting": 328892.85, "Northing": 6274884.4, "Latitude": "33\u00c2\u00b0 39.129' S", "Longitude": "151\u00c2\u00b0 9.285' E", "VERDATE": "2025-12-05"}, "geometry": {"coordinates": [151.15475687455955, -33.65215259333303, 0.0], "type": "Point", "geometries": null}}, {"type": "Feature", "properties": {"ModifiedDa": "2016-04-06", "SAPEquipID": 300054015, "AssetName": "Picnic Table - The Station - 01", "d_SubtypeC": "Picnic Table", "d_AssetTyp": "No Roof", "d_AssetMat": "Timber", "d_Branch": "Greater Sydney", "d_LGA": "Hornsby", "Comments": "The Station picnic table1", "Easting": 329239.37, "Northing": 6273943.33, "Latitude": "33\u00c2\u00b0 39.642' S", "Longitude": "151\u00c2\u00b0 9.499' E", "VERDATE": "2025-12-05"}, "geometry": {"coordinates": [151.15831133333415, -33.660691779999866, 0.0], "type": "Point", "geometries": null}}, {"type": "Feature", "properties": {"ModifiedDa": "2016-04-06", "SAPEquipID": 300054082, "AssetName": "Seat - Steel - 01", "d_SubtypeC": "Seat", "d_AssetTyp": "Without Pad", "d_AssetMat": "Steel", "d_Branch": "Greater Sydney", "d_LGA": "Hornsby", "Comments": null, "Easting": 329234.13, "Northing": 6274132.12, "Latitude": "33\u00c2\u00b0 39.539' S", "Longitude": "151\u00c2\u00b0 9.497' E", "VERDATE": "2025-12-05"}, "geometry": {"coordinates": [151.15829111333392, -33.65898905333319, 0.0], "type": "Point", "geometries": null}}, {"type": "Feature", "properties": {"ModifiedDa": "2016-04-06", "SAPEquipID": 300054106, "AssetName": "BBQ - Wood - 02", "d_SubtypeC": "BBQ/Fireplace", "d_AssetTyp": "No Roof", "d_AssetMat": "Steel", "d_Branch": "Greater Sydney", "d_LGA": "Hornsby", "Comments": null, "Easting": 328370.98, "Northing": 6295548.88, "Latitude": "33\u00c2\u00b0 27.947' S", "Longitude": "151\u00c2\u00b0 9.186' E", "VERDATE": "2025-12-05"}, "geometry": {"coordinates": [151.15310194666688, -33.46578116666649, 0.0], "type": "Point", "geometries": null}}, {"type": "Feature", "properties": {"ModifiedDa": "2016-04-06", "SAPEquipID": 300054127, "AssetName": "Seat - Plastic - 03", "d_SubtypeC": "Seat", "d_AssetTyp": "With Pad", "d_AssetMat": "Plastic", "d_Branch": "Greater Sydney", "d_LGA": "Hornsby", "Comments": null, "Easting": 329163.73, "Northing": 6274727.32, "Latitude": "33\u00c2\u00b0 39.217' S", "Longitude": "151\u00c2\u00b0 9.459' E", "VERDATE": "2025-12-05"}, "geometry": {"coordinates": [151.15764650000017, -33.65361216666662, 0.0], "type": "Point", "geometries": null}}, {"type": "Feature", "properties": {"ModifiedDa": "2016-04-06", "SAPEquipID": 300054149, "AssetName": "Seat - Timber - 09", "d_SubtypeC": "Seat", "d_AssetTyp": "Without Pad", "d_AssetMat": "Timber", "d_Branch": "Greater Sydney", "d_LGA": "Hornsby", "Comments": null, "Easting": 328858.68, "Northing": 6274783.56, "Latitude": "33\u00c2\u00b0 39.183' S", "Longitude": "151\u00c2\u00b0 9.262' E", "VERDATE": "2025-12-05"}, "geometry": {"coordinates": [151.15436909055643, -33.65305608239322, 0.0], "type": "Point", "geometries": null}}, {"type": "Feature", "properties": {"ModifiedDa": "2016-04-06", "SAPEquipID": 300054171, "AssetName": "Seat - Timber - 05", "d_SubtypeC": "Seat", "d_AssetTyp": "Without Pad", "d_AssetMat": "Timber", "d_Branch": "Greater Sydney", "d_LGA": "Hornsby", "Comments": null, "Easting": 328505.55, "Northing": 6273569.73, "Latitude": "33\u00c2\u00b0 39.836' S", "Longitude": "151\u00c2\u00b0 9.02' E", "VERDATE": "2025-12-05"}, "geometry": {"coordinates": [151.15032833333373, -33.66394149999991, 0.0], "type": "Point", "geometries": null}}, {"type": "Feature", "properties": {"ModifiedDa": "2016-04-06", "SAPEquipID": 300054193, "AssetName": "Picnic Table - No Roof - 22", "d_SubtypeC": "Picnic Table", "d_AssetTyp": "No Roof", "d_AssetMat": "Timber", "d_Branch": "Greater Sydney", "d_LGA": "Hornsby", "Comments": null, "Easting": 329263.93, "Northing": 6274003.07, "Latitude": "33\u00c2\u00b0 39.609' S", "Longitude": "151\u00c2\u00b0 9.515' E", "VERDATE": "2025-12-05"}, "geometry": {"coordinates": [151.15858750000064, -33.66015716666652, 0.0], "type": "Point", "geometries": null}}, {"type": "Feature", "properties": {"ModifiedDa": "2016-04-06", "SAPEquipID": 300054216, "AssetName": "Picnic Table - No Roof - 01", "d_SubtypeC": "Picnic Table", "d_AssetTyp": "No Roof", "d_AssetMat": "Steel", "d_Branch": "Greater Sydney", "d_LGA": "Hornsby", "Comments": null, "Easting": 329237.83, "Northing": 6273895.75, "Latitude": "33\u00c2\u00b0 39.667' S", "Longitude": "151\u00c2\u00b0 9.497' E", "VERDATE": "2025-12-05"}, "geometry": {"coordinates": [151.1582855533336, -33.661120446666644, 0.0], "type": "Point", "geometries": null}}, {"type": "Feature", "properties": {"ModifiedDa": "2016-04-06", "SAPEquipID": 300054238, "AssetName": "Picnic Table - No Roof - 04", "d_SubtypeC": "Picnic Table", "d_AssetTyp": "No Roof", "d_AssetMat": "Steel", "d_Branch": "Greater Sydney", "d_LGA": "Hornsby", "Comments": "CENTRE POST Timber top No 4", "Easting": 329227.93, "Northing": 6273836.18, "Latitude": "33\u00c2\u00b0 39.699' S", "Longitude": "151\u00c2\u00b0 9.49' E", "VERDATE": "2025-12-05"}, "geometry": {"coordinates": [151.15816738666695, -33.661655833333214, 0.0], "type": "Point", "geometries": null}}, {"type": "Feature", "properties": {"ModifiedDa": "2016-04-06", "SAPEquipID": 300054261, "AssetName": "WRS - 03", "d_SubtypeC": "Waste/Recycling Stn", "d_AssetTyp": "Not Applicable", "d_AssetMat": "Not Applicable", "d_Branch": "Greater Sydney", "d_LGA": "Hornsby", "Comments": null, "Easting": 328933.51, "Northing": 6274907.46, "Latitude": "33\u00c2\u00b0 39.117' S", "Longitude": "151\u00c2\u00b0 9.312' E", "VERDATE": "2025-12-05"}, "geometry": {"coordinates": [151.15519954666706, -33.651951213333064, 0.0], "type": "Point", "geometries": null}}, {"type": "Feature", "properties": {"ModifiedDa": "2016-04-06", "SAPEquipID": 300054284, "AssetName": "Picnic Table - No Roof - 07", "d_SubtypeC": "Picnic Table", "d_AssetTyp": "No Roof", "d_AssetMat": "Steel", "d_Branch": "Greater Sydney", "d_LGA": "Hornsby", "Comments": "CENTRE POST  timber top No 6", "Easting": 329198.02, "Northing": 6273767.85, "Latitude": "33\u00c2\u00b0 39.736' S", "Longitude": "151\u00c2\u00b0 9.47' E", "VERDATE": "2025-12-05"}, "geometry": {"coordinates": [151.15783183333372, -33.662266999999815, 0.0], "type": "Point", "geometries": null}}, {"type": "Feature", "properties": {"ModifiedDa": "2016-04-06", "SAPEquipID": 300054647, "AssetName": "WRS - 02", "d_SubtypeC": "Waste/Recycling Stn", "d_AssetTyp": "Not Applicable", "d_AssetMat": "Not Applicable", "d_Branch": "Greater Sydney", "d_LGA": "Hornsby", "Comments": "Stand with 2 bins", "Easting": 324952.32, "Northing": 6277743.96, "Latitude": "33\u00c2\u00b0 37.544' S", "Longitude": "151\u00c2\u00b0 6.771' E", "VERDATE": "2025-12-05"}, "geometry": {"coordinates": [151.1128441133336, -33.62573349999985, 0.0], "type": "Point", "geometries": null}}, {"type": "Feature", "properties": {"ModifiedDa": "2016-04-06", "SAPEquipID": 300054670, "AssetName": "Seat - Stone - 01", "d_SubtypeC": "Seat", "d_AssetTyp": "With Pad", "d_AssetMat": "Stone", "d_Branch": "Greater Sydney", "d_LGA": "Hornsby", "Comments": null, "Easting": 326325.38, "Northing": 6278814.46, "Latitude": "33\u00c2\u00b0 36.978' S", "Longitude": "151\u00c2\u00b0 7.671' E", "VERDATE": "2025-12-05"}, "geometry": {"coordinates": [151.12784864666673, -33.61630822666649, 0.0], "type": "Point", "geometries": null}}, {"type": "Feature", "properties": {"ModifiedDa": "2016-04-06", "SAPEquipID": 300054694, "AssetName": "Seat - Timber - 01", "d_SubtypeC": "Seat", "d_AssetTyp": "Without Pad", "d_AssetMat": "Timber", "d_Branch": "Greater Sydney", "d_LGA": "Hornsby", "Comments": null, "Easting": 325935.43, "Northing": 6272343.95, "Latitude": "33\u00c2\u00b0 40.474' S", "Longitude": "151\u00c2\u00b0 7.343' E", "VERDATE": "2025-12-05"}, "geometry": {"coordinates": [151.12238083333364, -33.67457349999995, 0.0], "type": "Point", "geometries": null}}, {"type": "Feature", "properties": {"ModifiedDa": "2016-04-06", "SAPEquipID": 300054718, "AssetName": "Picnic Table - No Roof - 02", "d_SubtypeC": "Picnic Table", "d_AssetTyp": "No Roof", "d_AssetMat": "Timber", "d_Branch": "Greater Sydney", "d_LGA": "Hornsby", "Comments": null, "Easting": 328412.49, "Northing": 6273446.45, "Latitude": "33\u00c2\u00b0 39.902' S", "Longitude": "151\u00c2\u00b0 8.958' E", "VERDATE": "2025-12-05"}, "geometry": {"coordinates": [151.14930133333348, -33.66503783333326, 0.0], "type": "Point", "geometries": null}}, {"type": "Feature", "properties": {"ModifiedDa": "2016-04-06", "SAPEquipID": 300054741, "AssetName": "Bin - Garbage", "d_SubtypeC": "Bin", "d_AssetTyp": "Garbage", "d_AssetMat": "Not Applicable", "d_Branch": "Greater Sydney", "d_LGA": "Hornsby", "Comments": null, "Easting": 326504.76, "Northing": 6278761.5, "Latitude": "33\u00c2\u00b0 37.009' S", "Longitude": "151\u00c2\u00b0 7.786' E", "VERDATE": "2025-12-05"}, "geometry": {"coordinates": [151.12977115333388, -33.616814873333055, 0.0], "type": "Point", "geometries": null}}, {"type": "Feature", "properties": {"ModifiedDa": "2016-04-06", "SAPEquipID": 300054908, "AssetName": "BBQ - Pit - 01", "d_SubtypeC": "BBQ/Fireplace", "d_AssetTyp": "No Roof", "d_AssetMat": "Other", "d_Branch": "Greater Sydney", "d_LGA": "Hornsby", "Comments": null, "Easting": 325045.54, "Northing": 6277761.4, "Latitude": "33\u00c2\u00b0 37.535' S", "Longitude": "151\u00c2\u00b0 6.831' E", "VERDATE": "2025-12-05"}, "geometry": {"coordinates": [151.11385200000018, -33.625591613333256, 0.0], "type": "Point", "geometries": null}}, {"type": "Feature", "properties": {"ModifiedDa": "2015-07-30", "SAPEquipID": 300054925, "AssetName": "Picnic Table - camping standalone", "d_SubtypeC": "Picnic Table", "d_AssetTyp": "No Roof", "d_AssetMat": "Timber", "d_Branch": "Hunter Central Coast", "d_LGA": "Central Coast", "Comments": null, "Easting": 348784.15, "Northing": 6289073.18, "Latitude": "33\u00c2\u00b0 31.635' S", "Longitude": "151\u00c2\u00b0 22.296' E", "VERDATE": "2025-12-05"}, "geometry": {"coordinates": [151.37159242220218, -33.52724400779255, 0.0], "type": "Point", "geometries": null}}, {"type": "Feature", "properties": {"ModifiedDa": "2015-07-30", "SAPEquipID": 300054948, "AssetName": "Bin - camping 1-garbage", "d_SubtypeC": "Bin", "d_AssetTyp": "Garbage", "d_AssetMat": "Not Applicable", "d_Branch": "Hunter Central Coast", "d_LGA": "Central Coast", "Comments": null, "Easting": 348786.34, "Northing": 6289051.29, "Latitude": "33\u00c2\u00b0 31.646' S", "Longitude": "151\u00c2\u00b0 22.297' E", "VERDATE": "2025-12-05"}, "geometry": {"coordinates": [151.37161227544425, -33.52744161885488, 0.0], "type": "Point", "geometries": null}}, {"type": "Feature", "properties": {"ModifiedDa": "2016-04-06", "SAPEquipID": 300054955, "AssetName": "Picnic Table - No Roof - 11", "d_SubtypeC": "Picnic Table", "d_AssetTyp": "No Roof", "d_AssetMat": "Steel", "d_Branch": "Greater Sydney", "d_LGA": "Hornsby", "Comments": "CENTRE POST  timber top No 10", "Easting": 329147.46, "Northing": 6273728.0, "Latitude": "33\u00c2\u00b0 39.757' S", "Longitude": "151\u00c2\u00b0 9.437' E", "VERDATE": "2025-12-05"}, "geometry": {"coordinates": [151.15727911333397, -33.66261811333317, 0.0], "type": "Point", "geometries": null}}, {"type": "Feature", "properties": {"ModifiedDa": "2024-03-04", "SAPEquipID": 300054978, "AssetName": "BBQ - Playground", "d_SubtypeC": "BBQ/Fireplace", "d_AssetTyp": "With Roof", "d_AssetMat": "Steel Stainless", "d_Branch": "Greater Sydney", "d_LGA": "Hornsby", "Comments": null, "Easting": 329228.46, "Northing": 6273859.14, "Latitude": "33\u00c2\u00b0 39.687' S", "Longitude": "151\u00c2\u00b0 9.491' E", "VERDATE": "2025-12-05"}, "geometry": {"coordinates": [151.15817750000008, -33.661449000000005, 0.0], "type": "Point", "geometries": null}}, {"type": "Feature", "properties": {"ModifiedDa": "2021-02-19", "SAPEquipID": 300055083, "AssetName": "Seat - Gerrin Pt Lookout", "d_SubtypeC": "Seat", "d_AssetTyp": "Without Pad", "d_AssetMat": "Timber Treated", "d_Branch": "Hunter Central Coast", "d_LGA": "Central Coast", "Comments": null, "Easting": 349843.41, "Northing": 6288675.18, "Latitude": "33\u00c2\u00b0 31.859' S", "Longitude": "151\u00c2\u00b0 22.976' E", "VERDATE": "2025-12-05"}, "geometry": {"coordinates": [151.38292850659832, -33.53098182191866, 0.0], "type": "Point", "geometries": null}}, {"type": "Feature", "properties": {"ModifiedDa": "2018-06-04", "SAPEquipID": 300055303, "AssetName": "BBQ - Gas - nr site 162", "d_SubtypeC": "BBQ/Fireplace", "d_AssetTyp": "With Roof", "d_AssetMat": "Steel Stainless", "d_Branch": "Greater Sydney", "d_LGA": "Ryde", "Comments": null, "Easting": 328124.59, "Northing": 6259771.88, "Latitude": "33\u00c2\u00b0 47.296' S", "Longitude": "151\u00c2\u00b0 8.613' E", "VERDATE": "2025-12-05"}, "geometry": {"coordinates": [151.14354447590915, -33.78826177823106, 0.0], "type": "Point", "geometries": null}}, {"type": "Feature", "properties": {"ModifiedDa": "2016-03-04", "SAPEquipID": 300055517, "AssetName": "Picnic Table - Amenities - South", "d_SubtypeC": "Picnic Table", "d_AssetTyp": "No Roof", "d_AssetMat": "Steel", "d_Branch": "South Coast", "d_LGA": "Campbelltown", "Comments": "Disable Access", "Easting": 300007.37, "Northing": 6218045.57, "Latitude": "34\u00c2\u00b0 9.563' S", "Longitude": "150\u00c2\u00b0 49.829' E", "VERDATE": "2025-12-05"}, "geometry": {"coordinates": [150.83048746692918, -34.15937852425401, 0.0], "type": "Point", "geometries": null}}, {"type": "Feature", "properties": {"ModifiedDa": "2016-04-06", "SAPEquipID": 300055607, "AssetName": "Picnic Table - No Roof - 14", "d_SubtypeC": "Picnic Table", "d_AssetTyp": "No Roof", "d_AssetMat": "Timber", "d_Branch": "Greater Sydney", "d_LGA": "Hornsby", "Comments": "CENTRE POST  timber top No 13", "Easting": 329118.5, "Northing": 6273697.81, "Latitude": "33\u00c2\u00b0 39.773' S", "Longitude": "151\u00c2\u00b0 9.418' E", "VERDATE": "2025-12-05"}, "geometry": {"coordinates": [151.15696105333382, -33.66288566666651, 0.0], "type": "Point", "geometries": null}}, {"type": "Feature", "properties": {"ModifiedDa": "2016-04-06", "SAPEquipID": 300055676, "AssetName": "Picnic Table - No Roof - 01", "d_SubtypeC": "Picnic Table", "d_AssetTyp": "No Roof", "d_AssetMat": "Timber", "d_Branch": "Greater Sydney", "d_LGA": "Hornsby", "Comments": null, "Easting": 322320.49, "Northing": 6289187.22, "Latitude": "33\u00c2\u00b0 31.329' S", "Longitude": "151\u00c2\u00b0 5.206' E", "VERDATE": "2025-12-05"}, "geometry": {"coordinates": [151.08676244666685, -33.52214211333319, 0.0], "type": "Point", "geometries": null}}, {"type": "Feature", "properties": {"ModifiedDa": "2011-12-09", "SAPEquipID": 300055695, "AssetName": "Picnic Table - Bus Stop Flat - North", "d_SubtypeC": "Picnic Table", "d_AssetTyp": "No Roof", "d_AssetMat": "Timber Treated", "d_Branch": "Greater Sydney", "d_LGA": "Sutherland", "Comments": null, "Easting": 320770.81, "Northing": 6228135.25, "Latitude": "34\u00c2\u00b0 4.333' S", "Longitude": "151\u00c2\u00b0 3.461' E", "VERDATE": "2025-12-05"}, "geometry": {"coordinates": [151.0576889186816, -34.072208958630256, 0.0], "type": "Point", "geometries": null}}, {"type": "Feature", "properties": {"ModifiedDa": "2016-04-06", "SAPEquipID": 300055699, "AssetName": "Gas Enclosure - Gibberagong South", "d_SubtypeC": "Gas Enclosure", "d_AssetTyp": "Not Applicable", "d_AssetMat": "Not Applicable", "d_Branch": "Greater Sydney", "d_LGA": "Hornsby", "Comments": null, "Easting": 329154.87, "Northing": 6273758.55, "Latitude": "33\u00c2\u00b0 39.741' S", "Longitude": "151\u00c2\u00b0 9.442' E", "VERDATE": "2025-12-05"}, "geometry": {"coordinates": [151.15736487891638, -33.66234392875111, 0.0], "type": "Point", "geometries": null}}, {"type": "Feature", "properties": {"ModifiedDa": "2016-04-06", "SAPEquipID": 300055722, "AssetName": "Tree Guard", "d_SubtypeC": "Tree Guard", "d_AssetTyp": "Not Applicable", "d_AssetMat": "Not Applicable", "d_Branch": "Greater Sydney", "d_LGA": "Hornsby", "Comments": "no tree", "Easting": 324964.39, "Northing": 6277738.8, "Latitude": "33\u00c2\u00b0 37.547' S", "Longitude": "151\u00c2\u00b0 6.778' E", "VERDATE": "2025-12-05"}, "geometry": {"coordinates": [151.11297311333362, -33.62578194666662, 0.0], "type": "Point", "geometries": null}}, {"type": "Feature", "properties": {"ModifiedDa": "2016-04-06", "SAPEquipID": 300055745, "AssetName": "WRS - 03", "d_SubtypeC": "Waste/Recycling Stn", "d_AssetTyp": "Not Applicable", "d_AssetMat": "Not Applicable", "d_Branch": "Greater Sydney", "d_LGA": "Hornsby", "Comments": "stand with 2 bins", "Easting": 324915.23, "Northing": 6277725.82, "Latitude": "33\u00c2\u00b0 37.553' S", "Longitude": "151\u00c2\u00b0 6.746' E", "VERDATE": "2025-12-05"}, "geometry": {"coordinates": [151.1124408866675, -33.62589088666658, 0.0], "type": "Point", "geometries": null}}, {"type": "Feature", "properties": {"ModifiedDa": "2016-04-06", "SAPEquipID": 300055769, "AssetName": "BBQ - Pit - 04", "d_SubtypeC": "BBQ/Fireplace", "d_AssetTyp": "No Roof", "d_AssetMat": "Other", "d_Branch": "Greater Sydney", "d_LGA": "Hornsby", "Comments": null, "Easting": 324810.77, "Northing": 6277666.1, "Latitude": "33\u00c2\u00b0 37.585' S", "Longitude": "151\u00c2\u00b0 6.678' E", "VERDATE": "2025-12-05"}, "geometry": {"coordinates": [151.11130350000053, -33.62641199999996, 0.0], "type": "Point", "geometries": null}}, {"type": "Feature", "properties": {"ModifiedDa": "2016-04-06", "SAPEquipID": 300055793, "AssetName": "Seat - Treated Timber - 04", "d_SubtypeC": "Seat", "d_AssetTyp": "Without Pad", "d_AssetMat": "Timber Treated", "d_Branch": "Greater Sydney", "d_LGA": "Hornsby", "Comments": null, "Easting": 326366.83, "Northing": 6279156.96, "Latitude": "33\u00c2\u00b0 36.794' S", "Longitude": "151\u00c2\u00b0 7.702' E", "VERDATE": "2025-12-05"}, "geometry": {"coordinates": [151.1283620800001, -33.61322749999982, 0.0], "type": "Point", "geometries": null}}, {"type": "Feature", "properties": {"ModifiedDa": "2016-04-06", "SAPEquipID": 300055814, "AssetName": "Picnic Table - No Roof - 02", "d_SubtypeC": "Picnic Table", "d_AssetTyp": "No Roof", "d_AssetMat": "Timber", "d_Branch": "Greater Sydney", "d_LGA": "Hornsby", "Comments": null, "Easting": 331556.46, "Northing": 6285889.24, "Latitude": "33\u00c2\u00b0 33.202' S", "Longitude": "151\u00c2\u00b0 11.133' E", "VERDATE": "2025-12-05"}, "geometry": {"coordinates": [151.18554866666727, -33.55336971999992, 0.0], "type": "Point", "geometries": null}}, {"type": "Feature", "properties": {"ModifiedDa": "2016-04-06", "SAPEquipID": 300055836, "AssetName": "Seat - Timber - 29", "d_SubtypeC": "Seat", "d_AssetTyp": "Without Pad", "d_AssetMat": "Timber", "d_Branch": "Greater Sydney", "d_LGA": "Hornsby", "Comments": null, "Easting": 328906.37, "Northing": 6274843.76, "Latitude": "33\u00c2\u00b0 39.151' S", "Longitude": "151\u00c2\u00b0 9.294' E", "VERDATE": "2025-12-05"}, "geometry": {"coordinates": [151.15489479463736, -33.65252106329558, 0.0], "type": "Point", "geometries": null}}, {"type": "Feature", "properties": {"ModifiedDa": "2016-04-06", "SAPEquipID": 300055859, "AssetName": "Seat - Timber - 32", "d_SubtypeC": "Seat", "d_AssetTyp": "Without Pad", "d_AssetMat": "Timber", "d_Branch": "Greater Sydney", "d_LGA": "Hornsby", "Comments": null, "Easting": 328807.19, "Northing": 6274799.13, "Latitude": "33\u00c2\u00b0 39.174' S", "Longitude": "151\u00c2\u00b0 9.229' E", "VERDATE": "2025-12-05"}, "geometry": {"coordinates": [151.15381702923378, -33.65290748534221, 0.0], "type": "Point", "geometries": null}}, {"type": "Feature", "properties": {"ModifiedDa": "2023-12-08", "SAPEquipID": 300055882, "AssetName": "BBQ - Gas - 02 - Pavillion", "d_SubtypeC": "BBQ/Fireplace", "d_AssetTyp": "No Roof", "d_AssetMat": "Steel Stainless", "d_Branch": "Greater Sydney", "d_LGA": "Hornsby", "Comments": "UNDER SHELTER 14", "Easting": 329366.73, "Northing": 6274114.84, "Latitude": "33\u00c2\u00b0 39.55' S", "Longitude": "151\u00c2\u00b0 9.583' E", "VERDATE": "2025-12-05"}, "geometry": {"coordinates": [151.15971716666672, -33.659166113333185, 0.0], "type": "Point", "geometries": null}}, {"type": "Feature", "properties": {"ModifiedDa": "2016-04-06", "SAPEquipID": 300055904, "AssetName": "WRS - 02", "d_SubtypeC": "Waste/Recycling Stn", "d_AssetTyp": "Not Applicable", "d_AssetMat": "Not Applicable", "d_Branch": "Greater Sydney", "d_LGA": "Hornsby", "Comments": null, "Easting": 329341.97, "Northing": 6274121.62, "Latitude": "33\u00c2\u00b0 39.546' S", "Longitude": "151\u00c2\u00b0 9.567' E", "VERDATE": "2025-12-05"}, "geometry": {"coordinates": [151.15945155333395, -33.6591010533333, 0.0], "type": "Point", "geometries": null}}, {"type": "Feature", "properties": {"ModifiedDa": "2016-04-06", "SAPEquipID": 300055949, "AssetName": "WRS - 02", "d_SubtypeC": "Waste/Recycling Stn", "d_AssetTyp": "Not Applicable", "d_AssetMat": "Not Applicable", "d_Branch": "Greater Sydney", "d_LGA": "Hornsby", "Comments": null, "Easting": 329221.37, "Northing": 6273766.56, "Latitude": "33\u00c2\u00b0 39.737' S", "Longitude": "151\u00c2\u00b0 9.485' E", "VERDATE": "2025-12-05"}, "geometry": {"coordinates": [151.15808322000078, -33.66228238666662, 0.0], "type": "Point", "geometries": null}}, {"type": "Feature", "properties": {"ModifiedDa": "2016-04-06", "SAPEquipID": 300055972, "AssetName": "Seat - Timber - 04", "d_SubtypeC": "Seat", "d_AssetTyp": "Without Pad", "d_AssetMat": "Timber", "d_Branch": "Greater Sydney", "d_LGA": "Hornsby", "Comments": null, "Easting": 329257.95, "Northing": 6273798.04, "Latitude": "33\u00c2\u00b0 39.72' S", "Longitude": "151\u00c2\u00b0 9.509' E", "VERDATE": "2025-12-05"}, "geometry": {"coordinates": [151.15848372000016, -33.66200455333319, 0.0], "type": "Point", "geometries": null}}, {"type": "Feature", "properties": {"ModifiedDa": "2016-04-06", "SAPEquipID": 300055993, "AssetName": "Seat - Timber - 06", "d_SubtypeC": "Seat", "d_AssetTyp": "Without Pad", "d_AssetMat": "Timber", "d_Branch": "Greater Sydney", "d_LGA": "Hornsby", "Comments": null, "Easting": 329286.48, "Northing": 6273849.92, "Latitude": "33\u00c2\u00b0 39.692' S", "Longitude": "151\u00c2\u00b0 9.528' E", "VERDATE": "2025-12-05"}, "geometry": {"coordinates": [151.15880122000033, -33.66154144666649, 0.0], "type": "Point", "geometries": null}}, {"type": "Feature", "properties": {"ModifiedDa": "2016-04-06", "SAPEquipID": 300056016, "AssetName": "Seat - Timber - 10", "d_SubtypeC": "Seat", "d_AssetTyp": "Without Pad", "d_AssetMat": "Timber", "d_Branch": "Greater Sydney", "d_LGA": "Hornsby", "Comments": null, "Easting": 329323.13, "Northing": 6273897.55, "Latitude": "33\u00c2\u00b0 39.667' S", "Longitude": "151\u00c2\u00b0 9.552' E", "VERDATE": "2025-12-05"}, "geometry": {"coordinates": [151.15920550000055, -33.661117946666536, 0.0], "type": "Point", "geometries": null}}, {"type": "Feature", "properties": {"ModifiedDa": "2016-04-06", "SAPEquipID": 300056039, "AssetName": "Seat - Timber - 13", "d_SubtypeC": "Seat", "d_AssetTyp": "Without Pad", "d_AssetMat": "Timber", "d_Branch": "Greater Sydney", "d_LGA": "Hornsby", "Comments": null, "Easting": 329282.68, "Northing": 6273942.14, "Latitude": "33\u00c2\u00b0 39.643' S", "Longitude": "151\u00c2\u00b0 9.527' E", "VERDATE": "2025-12-05"}, "geometry": {"coordinates": [151.15877794666733, -33.660709499999825, 0.0], "type": "Point", "geometries": null}}, {"type": "Feature", "properties": {"ModifiedDa": "2016-04-06", "SAPEquipID": 300056062, "AssetName": "Seat - Timber - 17", "d_SubtypeC": "Seat", "d_AssetTyp": "Without Pad", "d_AssetMat": "Timber Treated", "d_Branch": "Greater Sydney", "d_LGA": "Hornsby", "Comments": null, "Easting": 329254.66, "Northing": 6273880.05, "Latitude": "33\u00c2\u00b0 39.676' S", "Longitude": "151\u00c2\u00b0 9.508' E", "VERDATE": "2025-12-05"}, "geometry": {"coordinates": [151.15846400000066, -33.66126471999985, 0.0], "type": "Point", "geometries": null}}, {"type": "Feature", "properties": {"ModifiedDa": "2016-04-06", "SAPEquipID": 300056085, "AssetName": "Picnic Table - No Roof - 20", "d_SubtypeC": "Picnic Table", "d_AssetTyp": "No Roof", "d_AssetMat": "Timber", "d_Branch": "Greater Sydney", "d_LGA": "Hornsby", "Comments": null, "Easting": 329244.01, "Northing": 6273832.66, "Latitude": "33\u00c2\u00b0 39.701' S", "Longitude": "151\u00c2\u00b0 9.5' E", "VERDATE": "2025-12-05"}, "geometry": {"coordinates": [151.15834005333352, -33.66169016666663, 0.0], "type": "Point", "geometries": null}}, {"type": "Feature", "properties": {"ModifiedDa": "2016-04-06", "SAPEquipID": 300056130, "AssetName": "WRS - 04", "d_SubtypeC": "Waste/Recycling Stn", "d_AssetTyp": "Not Applicable", "d_AssetMat": "Not Applicable", "d_Branch": "Greater Sydney", "d_LGA": "Hornsby", "Comments": null, "Easting": 328926.94, "Northing": 6274837.37, "Latitude": "33\u00c2\u00b0 39.155' S", "Longitude": "151\u00c2\u00b0 9.307' E", "VERDATE": "2025-12-05"}, "geometry": {"coordinates": [151.15511524329656, -33.65258197272021, 0.0], "type": "Point", "geometries": null}}, {"type": "Feature", "properties": {"ModifiedDa": "2016-04-06", "SAPEquipID": 300056225, "AssetName": "Picnic Table - No Roof - 18", "d_SubtypeC": "Picnic Table", "d_AssetTyp": "No Roof", "d_AssetMat": "Timber", "d_Branch": "Greater Sydney", "d_LGA": "Hornsby", "Comments": null, "Easting": 329234.56, "Northing": 6273774.34, "Latitude": "33\u00c2\u00b0 39.733' S", "Longitude": "151\u00c2\u00b0 9.494' E", "VERDATE": "2025-12-05"}, "geometry": {"coordinates": [151.15822700000024, -33.66221438666656, 0.0], "type": "Point", "geometries": null}}, {"type": "Feature", "properties": {"ModifiedDa": "2011-08-02", "SAPEquipID": 300057193, "AssetName": "Table - Garie Day Use Area NW - 01", "d_SubtypeC": "Picnic Table", "d_AssetTyp": "No Roof", "d_AssetMat": "Timber Treated", "d_Branch": "Greater Sydney", "d_LGA": "Sutherland", "Comments": "GARIE PICNIC GROUNDS", "Easting": 321802.33, "Northing": 6217299.19, "Latitude": "34\u00c2\u00b0 10.203' S", "Longitude": "151\u00c2\u00b0 3.998' E", "VERDATE": "2025-12-05"}, "geometry": {"coordinates": [151.066639430941, -34.17005694551051, 0.0], "type": "Point", "geometries": null}}, {"type": "Feature", "properties": {"ModifiedDa": "2011-08-08", "SAPEquipID": 300057420, "AssetName": "Seat - Bungoona Walking Track - 01", "d_SubtypeC": "Seat", "d_AssetTyp": "With Pad", "d_AssetMat": "Timber", "d_Branch": "Greater Sydney", "d_LGA": "Sutherland", "Comments": null, "Easting": 320881.82, "Northing": 6229249.85, "Latitude": "34\u00c2\u00b0 3.731' S", "Longitude": "151\u00c2\u00b0 3.547' E", "VERDATE": "2025-12-05"}, "geometry": {"coordinates": [151.05912049999995, -34.0621813333326, 0.0], "type": "Point", "geometries": null}}, {"type": "Feature", "properties": {"ModifiedDa": "2011-08-08", "SAPEquipID": 300057443, "AssetName": "Seat - Bungoona Lookout - 01", "d_SubtypeC": "Seat", "d_AssetTyp": "With Pad", "d_AssetMat": "Timber", "d_Branch": "Greater Sydney", "d_LGA": "Sutherland", "Comments": null, "Easting": 321117.0, "Northing": 6229209.73, "Latitude": "34\u00c2\u00b0 3.755' S", "Longitude": "151\u00c2\u00b0 3.7' E", "VERDATE": "2025-12-05"}, "geometry": {"coordinates": [151.0616593333334, -34.062583166665945, 0.0], "type": "Point", "geometries": null}}, {"type": "Feature", "properties": {"ModifiedDa": "2011-12-09", "SAPEquipID": 300057488, "AssetName": "WRS - near VPA", "d_SubtypeC": "Waste/Recycling Stn", "d_AssetTyp": "Not Applicable", "d_AssetMat": "Not Applicable", "d_Branch": "Greater Sydney", "d_LGA": "Sutherland", "Comments": null, "Easting": 320997.7, "Northing": 6228352.06, "Latitude": "34\u00c2\u00b0 4.218' S", "Longitude": "151\u00c2\u00b0 3.611' E", "VERDATE": "2025-12-05"}, "geometry": {"coordinates": [151.06019100000026, -34.07029353333252, 0.0], "type": "Point", "geometries": null}}, {"type": "Feature", "properties": {"ModifiedDa": "2011-12-07", "SAPEquipID": 300057510, "AssetName": "WRS - Willow Tree Flat VPA", "d_SubtypeC": "Waste/Recycling Stn", "d_AssetTyp": "Not Applicable", "d_AssetMat": "Not Applicable", "d_Branch": "Greater Sydney", "d_LGA": "Sutherland", "Comments": null, "Easting": 320651.29, "Northing": 6227475.42, "Latitude": "34\u00c2\u00b0 4.688' S", "Longitude": "151\u00c2\u00b0 3.376' E", "VERDATE": "2025-12-05"}, "geometry": {"coordinates": [151.05625838666697, -34.07813594666601, 0.0], "type": "Point", "geometries": null}}, {"type": "Feature", "properties": {"ModifiedDa": "2012-04-30", "SAPEquipID": 300057534, "AssetName": "WRS - Comm Pavilion", "d_SubtypeC": "Waste/Recycling Stn", "d_AssetTyp": "Not Applicable", "d_AssetMat": "Not Applicable", "d_Branch": "Greater Sydney", "d_LGA": "Sutherland", "Comments": "3 bin stand in pavillion", "Easting": 320607.89, "Northing": 6227747.02, "Latitude": "34\u00c2\u00b0 4.541' S", "Longitude": "151\u00c2\u00b0 3.351' E", "VERDATE": "2025-12-05"}, "geometry": {"coordinates": [151.055844277333, -34.07568037929815, 0.0], "type": "Point", "geometries": null}}, {"type": "Feature", "properties": {"ModifiedDa": "2011-12-09", "SAPEquipID": 300057556, "AssetName": "Seat - Middle Wharf", "d_SubtypeC": "Seat", "d_AssetTyp": "With Pad", "d_AssetMat": "Timber", "d_Branch": "Greater Sydney", "d_LGA": "Sutherland", "Comments": null, "Easting": 320562.49, "Northing": 6227814.96, "Latitude": "34\u00c2\u00b0 4.504' S", "Longitude": "151\u00c2\u00b0 3.322' E", "VERDATE": "2025-12-05"}, "geometry": {"coordinates": [151.05536646439407, -34.07506024259004, 0.0], "type": "Point", "geometries": null}}, {"type": "Feature", "properties": {"ModifiedDa": "2012-04-30", "SAPEquipID": 300057579, "AssetName": "Picnic Table - Comm Pavilion - 01", "d_SubtypeC": "Picnic Table", "d_AssetTyp": "No Roof", "d_AssetMat": "Timber", "d_Branch": "Greater Sydney", "d_LGA": "Sutherland", "Comments": null, "Easting": 320604.03, "Northing": 6227753.91, "Latitude": "34\u00c2\u00b0 4.537' S", "Longitude": "151\u00c2\u00b0 3.348' E", "VERDATE": "2025-12-05"}, "geometry": {"coordinates": [151.05580389327486, -34.07561762423177, 0.0], "type": "Point", "geometries": null}}, {"type": "Feature", "properties": {"ModifiedDa": "2011-12-07", "SAPEquipID": 300057602, "AssetName": "Picnic Table - Willow Tree Pavilion - 01", "d_SubtypeC": "Picnic Table", "d_AssetTyp": "Unknown", "d_AssetMat": "Timber", "d_Branch": "Greater Sydney", "d_LGA": "Sutherland", "Comments": null, "Easting": 320504.32, "Northing": 6227340.14, "Latitude": "34\u00c2\u00b0 4.76' S", "Longitude": "151\u00c2\u00b0 3.278' E", "VERDATE": "2025-12-05"}, "geometry": {"coordinates": [151.0546384609895, -34.07933007568505, 0.0], "type": "Point", "geometries": null}}, {"type": "Feature", "properties": {"ModifiedDa": "2010-07-26", "SAPEquipID": 300057625, "AssetName": "Tree Guard  8 Currawong  sth", "d_SubtypeC": "Tree Guard", "d_AssetTyp": "Not Applicable", "d_AssetMat": "Not Applicable", "d_Branch": "Greater Sydney", "d_LGA": "Sutherland", "Comments": null, "Easting": 320602.69, "Northing": 6227565.07, "Latitude": "34\u00c2\u00b0 4.639' S", "Longitude": "151\u00c2\u00b0 3.345' E", "VERDATE": "2025-12-05"}, "geometry": {"coordinates": [151.05575038666666, -34.07731949999919, 0.0], "type": "Point", "geometries": null}}, {"type": "Feature", "properties": {"ModifiedDa": "2010-07-26", "SAPEquipID": 300057648, "AssetName": "Tree Guard  6 sth", "d_SubtypeC": "Tree Guard", "d_AssetTyp": "Not Applicable", "d_AssetMat": "Not Applicable", "d_Branch": "Greater Sydney", "d_LGA": "Sutherland", "Comments": null, "Easting": 320555.17, "Northing": 6227587.77, "Latitude": "34\u00c2\u00b0 4.626' S", "Longitude": "151\u00c2\u00b0 3.314' E", "VERDATE": "2025-12-05"}, "geometry": {"coordinates": [151.05524038666658, -34.07710677999927, 0.0], "type": "Point", "geometries": null}}, {"type": "Feature", "properties": {"ModifiedDa": "2010-07-26", "SAPEquipID": 300057670, "AssetName": "tree guard 2 cwong flat north", "d_SubtypeC": "Tree Guard", "d_AssetTyp": "Not Applicable", "d_AssetMat": "Not Applicable", "d_Branch": "Greater Sydney", "d_LGA": "Sutherland", "Comments": null, "Easting": 320526.9, "Northing": 6227660.05, "Latitude": "34\u00c2\u00b0 4.587' S", "Longitude": "151\u00c2\u00b0 3.297' E", "VERDATE": "2025-12-05"}, "geometry": {"coordinates": [151.0549490533333, -34.076450446666, 0.0], "type": "Point", "geometries": null}}, {"type": "Feature", "properties": {"ModifiedDa": "2010-07-26", "SAPEquipID": 300057693, "AssetName": "tree guard 5 cwong flat", "d_SubtypeC": "Tree Guard", "d_AssetTyp": "Not Applicable", "d_AssetMat": "Not Applicable", "d_Branch": "Greater Sydney", "d_LGA": "Sutherland", "Comments": null, "Easting": 320517.85, "Northing": 6227630.14, "Latitude": "34\u00c2\u00b0 4.603' S", "Longitude": "151\u00c2\u00b0 3.291' E", "VERDATE": "2025-12-05"}, "geometry": {"coordinates": [151.05484478000005, -34.07671844666595, 0.0], "type": "Point", "geometries": null}}, {"type": "Feature", "properties": {"ModifiedDa": "2010-07-26", "SAPEquipID": 300057716, "AssetName": "Picnic table 1 Nth currawong", "d_SubtypeC": "Picnic Table", "d_AssetTyp": "No Roof", "d_AssetMat": "Concrete", "d_Branch": "Greater Sydney", "d_LGA": "Sutherland", "Comments": null, "Easting": 320498.4, "Northing": 6227763.41, "Latitude": "34\u00c2\u00b0 4.531' S", "Longitude": "151\u00c2\u00b0 3.28' E", "VERDATE": "2025-12-05"}, "geometry": {"coordinates": [151.05466166666702, -34.075513886665874, 0.0], "type": "Point", "geometries": null}}, {"type": "Feature", "properties": {"ModifiedDa": "2010-07-26", "SAPEquipID": 300057739, "AssetName": "WRS 1  centre", "d_SubtypeC": "Waste/Recycling Stn", "d_AssetTyp": "Not Applicable", "d_AssetMat": "Not Applicable", "d_Branch": "Greater Sydney", "d_LGA": "Sutherland", "Comments": null, "Easting": 320534.62, "Northing": 6226970.81, "Latitude": "34\u00c2\u00b0 4.96' S", "Longitude": "151\u00c2\u00b0 3.293' E", "VERDATE": "2025-12-05"}, "geometry": {"coordinates": [151.0548905533334, -34.08266427999911, 0.0], "type": "Point", "geometries": null}}, {"type": "Feature", "properties": {"ModifiedDa": "2010-07-26", "SAPEquipID": 300057762, "AssetName": "picnic table - 2 Allambie Flat south", "d_SubtypeC": "Picnic Table", "d_AssetTyp": "No Roof", "d_AssetMat": "Timber Treated", "d_Branch": "Greater Sydney", "d_LGA": "Sutherland", "Comments": "allambie flat picnic table  2", "Easting": 320411.15, "Northing": 6227860.97, "Latitude": "34\u00c2\u00b0 4.477' S", "Longitude": "151\u00c2\u00b0 3.224' E", "VERDATE": "2025-12-05"}, "geometry": {"coordinates": [151.05373661333317, -34.074619553332525, 0.0], "type": "Point", "geometries": null}}, {"type": "Feature", "properties": {"ModifiedDa": "2022-03-04", "SAPEquipID": 300057877, "AssetName": "WRS   1  picnic area  1 B'gong lookout", "d_SubtypeC": "Waste/Recycling Stn", "d_AssetTyp": "Not Applicable", "d_AssetMat": "Not Applicable", "d_Branch": "Blue Mountains", "d_LGA": "Wollondilly", "Comments": "Waste bins", "Easting": 263194.16, "Northing": 6227238.25, "Latitude": "34\u00c2\u00b0 4.131' S", "Longitude": "150\u00c2\u00b0 26.038' E", "VERDATE": "2025-12-05"}, "geometry": {"coordinates": [150.4339681133314, -34.068850386665986, 0.0], "type": "Point", "geometries": null}}, {"type": "Feature", "properties": {"ModifiedDa": "2024-12-06", "SAPEquipID": 300057984, "AssetName": "BBQ - 03", "d_SubtypeC": "BBQ/Fireplace", "d_AssetTyp": "With Roof", "d_AssetMat": "Steel Stainless", "d_Branch": "Greater Sydney", "d_LGA": "Sutherland", "Comments": null, "Easting": 326133.96, "Northing": 6220922.11, "Latitude": "34\u00c2\u00b0 8.288' S", "Longitude": "151\u00c2\u00b0 6.86' E", "VERDATE": "2025-12-05"}, "geometry": {"coordinates": [151.1143390427177, -34.138132012567496, 0.0], "type": "Point", "geometries": null}}, {"type": "Feature", "properties": {"ModifiedDa": "2016-04-06", "SAPEquipID": 300058038, "AssetName": "Seat - Gap - organic - 01", "d_SubtypeC": "Seat", "d_AssetTyp": "Without Pad", "d_AssetMat": "Timber", "d_Branch": "Greater Sydney", "d_LGA": "Woollahra", "Comments": "timber ss", "Easting": 341312.23, "Northing": 6254031.14, "Latitude": "33\u00c2\u00b0 50.525' S", "Longitude": "151\u00c2\u00b0 17.094' E", "VERDATE": "2025-12-05"}, "geometry": {"coordinates": [151.28489530710135, -33.842076163196964, 0.0], "type": "Point", "geometries": null}}, {"type": "Feature", "properties": {"ModifiedDa": "2022-06-01", "SAPEquipID": 300059914, "AssetName": "Fee Collection Station - Glenbrook - 01", "d_SubtypeC": "Fee Collection Station - Unmanned", "d_AssetTyp": "Ticket Machine", "d_AssetMat": "Not Applicable", "d_Branch": "Blue Mountains", "d_LGA": "Blue Mountains", "Comments": "new", "Easting": 279663.54, "Northing": 6259885.93, "Latitude": "33\u00c2\u00b0 46.695' S", "Longitude": "150\u00c2\u00b0 37.229' E", "VERDATE": "2025-12-05"}, "geometry": {"coordinates": [150.62048833333347, -33.77825166666668, 0.0], "type": "Point", "geometries": null}}, {"type": "Feature", "properties": {"ModifiedDa": "2023-04-03", "SAPEquipID": 300059937, "AssetName": "Picnic Table - Euroka DUA Nth Wst - 01", "d_SubtypeC": "Picnic Table", "d_AssetTyp": "No Roof", "d_AssetMat": "Timber", "d_Branch": "Blue Mountains", "d_LGA": "Blue Mountains", "Comments": "on concrete separate", "Easting": 279352.95, "Northing": 6257730.73, "Latitude": "33\u00c2\u00b0 47.856' S", "Longitude": "150\u00c2\u00b0 36.996' E", "VERDATE": "2025-12-05"}, "geometry": {"coordinates": [150.6165983333333, -33.7976083333333, 0.0], "type": "Point", "geometries": null}}, {"type": "Feature", "properties": {"ModifiedDa": "2016-04-06", "SAPEquipID": 300060537, "AssetName": "Seat - Stone", "d_SubtypeC": "Seat", "d_AssetTyp": "Without Pad", "d_AssetMat": "Stone", "d_Branch": "Greater Sydney", "d_LGA": "Northern Beaches", "Comments": null, "Easting": 345007.7, "Northing": 6283157.41, "Latitude": "33\u00c2\u00b0 34.802' S", "Longitude": "151\u00c2\u00b0 19.795' E", "VERDATE": "2025-12-05"}, "geometry": {"coordinates": [151.3299133333336, -33.58003766666661, 0.0], "type": "Point", "geometries": null}}, {"type": "Feature", "properties": {"ModifiedDa": "2025-05-08", "SAPEquipID": 300060560, "AssetName": "Seat - Timber - 01", "d_SubtypeC": "Seat", "d_AssetTyp": "Without Pad", "d_AssetMat": "Timber", "d_Branch": "Greater Sydney", "d_LGA": "Northern Beaches", "Comments": "do not feed the wildlife plaque", "Easting": 343036.92, "Northing": 6283230.39, "Latitude": "33\u00c2\u00b0 34.745' S", "Longitude": "151\u00c2\u00b0 18.522' E", "VERDATE": "2025-12-05"}, "geometry": {"coordinates": [151.3086984565267, -33.57909133678851, 0.0], "type": "Point", "geometries": null}}, {"type": "Feature", "properties": {"ModifiedDa": "2016-04-06", "SAPEquipID": 300060582, "AssetName": "Seat - Timber - 01", "d_SubtypeC": "Seat", "d_AssetTyp": "Without Pad", "d_AssetMat": "Timber", "d_Branch": "Greater Sydney", "d_LGA": "Northern Beaches", "Comments": null, "Easting": 335097.77, "Northing": 6276733.28, "Latitude": "33\u00c2\u00b0 38.188' S", "Longitude": "151\u00c2\u00b0 13.319' E", "VERDATE": "2025-12-05"}, "geometry": {"coordinates": [151.2219856133339, -33.63646527999981, 0.0], "type": "Point", "geometries": null}}, {"type": "Feature", "properties": {"ModifiedDa": "2016-04-06", "SAPEquipID": 300060605, "AssetName": "Seat - Timber - 02", "d_SubtypeC": "Seat", "d_AssetTyp": "Without Pad", "d_AssetMat": "Timber", "d_Branch": "Greater Sydney", "d_LGA": "Northern Beaches", "Comments": null, "Easting": 334125.71, "Northing": 6261321.4, "Latitude": "33\u00c2\u00b0 46.515' S", "Longitude": "151\u00c2\u00b0 12.518' E", "VERDATE": "2025-12-05"}, "geometry": {"coordinates": [151.20862630319527, -33.77525124493252, 0.0], "type": "Point", "geometries": null}}, {"type": "Feature", "properties": {"ModifiedDa": "2016-04-06", "SAPEquipID": 300060628, "AssetName": "Seat - Timber - 03", "d_SubtypeC": "Seat", "d_AssetTyp": "With Pad", "d_AssetMat": "Timber", "d_Branch": "Greater Sydney", "d_LGA": "Northern Beaches", "Comments": null, "Easting": 334138.01, "Northing": 6261330.78, "Latitude": "33\u00c2\u00b0 46.51' S", "Longitude": "151\u00c2\u00b0 12.526' E", "VERDATE": "2025-12-05"}, "geometry": {"coordinates": [151.2087608371288, -33.77516864356926, 0.0], "type": "Point", "geometries": null}}, {"type": "Feature", "properties": {"ModifiedDa": "2016-04-06", "SAPEquipID": 300060651, "AssetName": "Seat - Timber - 04", "d_SubtypeC": "Seat", "d_AssetTyp": "Without Pad", "d_AssetMat": "Timber", "d_Branch": "Greater Sydney", "d_LGA": "Northern Beaches", "Comments": null, "Easting": 343049.88, "Northing": 6283226.16, "Latitude": "33\u00c2\u00b0 34.748' S", "Longitude": "151\u00c2\u00b0 18.53' E", "VERDATE": "2025-12-05"}, "geometry": {"coordinates": [151.30883733333394, -33.57913144666651, 0.0], "type": "Point", "geometries": null}}, {"type": "Feature", "properties": {"ModifiedDa": "2016-04-06", "SAPEquipID": 300060674, "AssetName": "Seat - Timber - 05", "d_SubtypeC": "Seat", "d_AssetTyp": "Without Pad", "d_AssetMat": "Timber", "d_Branch": "Greater Sydney", "d_LGA": "Northern Beaches", "Comments": null, "Easting": 343052.38, "Northing": 6283227.3, "Latitude": "33\u00c2\u00b0 34.747' S", "Longitude": "151\u00c2\u00b0 18.532' E", "VERDATE": "2025-12-05"}, "geometry": {"coordinates": [151.30886444666726, -33.579121499999815, 0.0], "type": "Point", "geometries": null}}, {"type": "Feature", "properties": {"ModifiedDa": "2016-04-06", "SAPEquipID": 300060697, "AssetName": "Seat - Timber - 06", "d_SubtypeC": "Seat", "d_AssetTyp": "Without Pad", "d_AssetMat": "Timber", "d_Branch": "Greater Sydney", "d_LGA": "Northern Beaches", "Comments": null, "Easting": 343058.36, "Northing": 6283229.03, "Latitude": "33\u00c2\u00b0 34.746' S", "Longitude": "151\u00c2\u00b0 18.536' E", "VERDATE": "2025-12-05"}, "geometry": {"coordinates": [151.30892922000044, -33.579106779999734, 0.0], "type": "Point", "geometries": null}}, {"type": "Feature", "properties": {"ModifiedDa": "2016-04-06", "SAPEquipID": 300060884, "AssetName": "Picnic Table - 02", "d_SubtypeC": "Picnic Table", "d_AssetTyp": "No Roof", "d_AssetMat": "Timber", "d_Branch": "Greater Sydney", "d_LGA": "Northern Beaches", "Comments": null, "Easting": 338149.28, "Northing": 6273783.36, "Latitude": "33\u00c2\u00b0 39.812' S", "Longitude": "151\u00c2\u00b0 15.26' E", "VERDATE": "2025-12-05"}, "geometry": {"coordinates": [151.2543373333341, -33.66352816666648, 0.0], "type": "Point", "geometries": null}}, {"type": "Feature", "properties": {"ModifiedDa": "2016-04-06", "SAPEquipID": 300060906, "AssetName": "Picnic Table - Timber - 02", "d_SubtypeC": "Picnic Table", "d_AssetTyp": "No Roof", "d_AssetMat": "Timber", "d_Branch": "Greater Sydney", "d_LGA": "Northern Beaches", "Comments": null, "Easting": 342257.28, "Northing": 6283309.54, "Latitude": "33\u00c2\u00b0 34.696' S", "Longitude": "151\u00c2\u00b0 18.019' E", "VERDATE": "2025-12-05"}, "geometry": {"coordinates": [151.30031500000018, -33.578262706666635, 0.0], "type": "Point", "geometries": null}}, {"type": "Feature", "properties": {"ModifiedDa": "2016-04-06", "SAPEquipID": 300060928, "AssetName": "Picnic Table - Timber - 03", "d_SubtypeC": "Picnic Table", "d_AssetTyp": "No Roof", "d_AssetMat": "Timber", "d_Branch": "Greater Sydney", "d_LGA": "Northern Beaches", "Comments": null, "Easting": 342247.07, "Northing": 6283328.36, "Latitude": "33\u00c2\u00b0 34.685' S", "Longitude": "151\u00c2\u00b0 18.013' E", "VERDATE": "2025-12-05"}, "geometry": {"coordinates": [151.30020833333356, -33.578091526666526, 0.0], "type": "Point", "geometries": null}}, {"type": "Feature", "properties": {"ModifiedDa": "2016-04-06", "SAPEquipID": 300060951, "AssetName": "Picnic Table - Timber - 04", "d_SubtypeC": "Picnic Table", "d_AssetTyp": "No Roof", "d_AssetMat": "Timber", "d_Branch": "Greater Sydney", "d_LGA": "Northern Beaches", "Comments": null, "Easting": 342219.72, "Northing": 6283324.49, "Latitude": "33\u00c2\u00b0 34.687' S", "Longitude": "151\u00c2\u00b0 17.995' E", "VERDATE": "2025-12-05"}, "geometry": {"coordinates": [151.29991300000052, -33.57812233333317, 0.0], "type": "Point", "geometries": null}}, {"type": "Feature", "properties": {"ModifiedDa": "2016-04-06", "SAPEquipID": 300060973, "AssetName": "Picnic Table - Timber - 07", "d_SubtypeC": "Picnic Table", "d_AssetTyp": "No Roof", "d_AssetMat": "Timber", "d_Branch": "Greater Sydney", "d_LGA": "Northern Beaches", "Comments": null, "Easting": 342210.63, "Northing": 6283276.45, "Latitude": "33\u00c2\u00b0 34.713' S", "Longitude": "151\u00c2\u00b0 17.988' E", "VERDATE": "2025-12-05"}, "geometry": {"coordinates": [151.29980666666688, -33.578554166666606, 0.0], "type": "Point", "geometries": null}}, {"type": "Feature", "properties": {"ModifiedDa": "2016-04-06", "SAPEquipID": 300060996, "AssetName": "Picnic Table - Timber - 19", "d_SubtypeC": "Picnic Table", "d_AssetTyp": "No Roof", "d_AssetMat": "Timber", "d_Branch": "Greater Sydney", "d_LGA": "Northern Beaches", "Comments": null, "Easting": 333609.47, "Northing": 6262029.87, "Latitude": "33\u00c2\u00b0 46.127' S", "Longitude": "151\u00c2\u00b0 12.191' E", "VERDATE": "2025-12-05"}, "geometry": {"coordinates": [151.2031868333337, -33.76878349999981, 0.0], "type": "Point", "geometries": null}}, {"type": "Feature", "properties": {"ModifiedDa": "2016-04-06", "SAPEquipID": 300061018, "AssetName": "Picnic Table - Timber - 25", "d_SubtypeC": "Picnic Table", "d_AssetTyp": "No Roof", "d_AssetMat": "Timber", "d_Branch": "Greater Sydney", "d_LGA": "Northern Beaches", "Comments": null, "Easting": 333729.27, "Northing": 6261974.31, "Latitude": "33\u00c2\u00b0 46.158' S", "Longitude": "151\u00c2\u00b0 12.268' E", "VERDATE": "2025-12-05"}, "geometry": {"coordinates": [151.20446950000076, -33.76930316666659, 0.0], "type": "Point", "geometries": null}}, {"type": "Feature", "properties": {"ModifiedDa": "2016-04-06", "SAPEquipID": 300061041, "AssetName": "Picnic Table - Timber - 29", "d_SubtypeC": "Picnic Table", "d_AssetTyp": "No Roof", "d_AssetMat": "Timber", "d_Branch": "Greater Sydney", "d_LGA": "Northern Beaches", "Comments": null, "Easting": 333756.54, "Northing": 6261905.85, "Latitude": "33\u00c2\u00b0 46.195' S", "Longitude": "151\u00c2\u00b0 12.285' E", "VERDATE": "2025-12-05"}, "geometry": {"coordinates": [151.2047510000001, -33.7699246666665, 0.0], "type": "Point", "geometries": null}}, {"type": "Feature", "properties": {"ModifiedDa": "2018-06-04", "SAPEquipID": 300061300, "AssetName": "BBQ - Electric - in camp kitchen", "d_SubtypeC": "BBQ/Fireplace", "d_AssetTyp": "No Roof", "d_AssetMat": "Steel Stainless", "d_Branch": "Greater Sydney", "d_LGA": "Ryde", "Comments": null, "Easting": 328077.22, "Northing": 6259823.38, "Latitude": "33\u00c2\u00b0 47.267' S", "Longitude": "151\u00c2\u00b0 8.583' E", "VERDATE": "2025-12-05"}, "geometry": {"coordinates": [151.14304308147007, -33.78778984034017, 0.0], "type": "Point", "geometries": null}}, {"type": "Feature", "properties": {"ModifiedDa": "2018-06-04", "SAPEquipID": 300061348, "AssetName": "BBQ - Gas - nr cabin L1", "d_SubtypeC": "BBQ/Fireplace", "d_AssetTyp": "With Roof", "d_AssetMat": "Steel Stainless", "d_Branch": "Greater Sydney", "d_LGA": "Ryde", "Comments": null, "Easting": 328213.96, "Northing": 6259462.6, "Latitude": "33\u00c2\u00b0 47.464' S", "Longitude": "151\u00c2\u00b0 8.667' E", "VERDATE": "2025-12-05"}, "geometry": {"coordinates": [151.14444916102173, -33.79106428136123, 0.0], "type": "Point", "geometries": null}}, {"type": "Feature", "properties": {"ModifiedDa": "2018-06-04", "SAPEquipID": 300061371, "AssetName": "Picnic Table on pavers nr bbq nr pool", "d_SubtypeC": "Picnic Table", "d_AssetTyp": "With Roof", "d_AssetMat": null, "d_Branch": "Greater Sydney", "d_LGA": "Ryde", "Comments": null, "Easting": 328107.05, "Northing": 6259606.08, "Latitude": "33\u00c2\u00b0 47.385' S", "Longitude": "151\u00c2\u00b0 8.599' E", "VERDATE": "2025-12-05"}, "geometry": {"coordinates": [151.14332279312396, -33.78975353743601, 0.0], "type": "Point", "geometries": null}}, {"type": "Feature", "properties": {"ModifiedDa": "2023-04-03", "SAPEquipID": 300063238, "AssetName": "Picnic Table - Burragorang Lookout - 05", "d_SubtypeC": "Picnic Table", "d_AssetTyp": "No Roof", "d_AssetMat": "Timber", "d_Branch": "Blue Mountains", "d_LGA": "Wollondilly", "Comments": null, "Easting": 263194.53, "Northing": 6227190.8, "Latitude": "34\u00c2\u00b0 4.157' S", "Longitude": "150\u00c2\u00b0 26.038' E", "VERDATE": "2025-12-05"}, "geometry": {"coordinates": [150.43395927366248, -34.069277977850675, 0.0], "type": "Point", "geometries": null}}, {"type": "Feature", "properties": {"ModifiedDa": "2016-04-06", "SAPEquipID": 300063968, "AssetName": "Seat - Timber - 07", "d_SubtypeC": "Seat", "d_AssetTyp": "Without Pad", "d_AssetMat": "Timber", "d_Branch": "Greater Sydney", "d_LGA": "Northern Beaches", "Comments": null, "Easting": 341554.25, "Northing": 6280354.97, "Latitude": "33\u00c2\u00b0 36.288' S", "Longitude": "151\u00c2\u00b0 17.533' E", "VERDATE": "2025-12-05"}, "geometry": {"coordinates": [151.29221774000007, -33.60479535999991, 0.0], "type": "Point", "geometries": null}}, {"type": "Feature", "properties": {"ModifiedDa": "2024-03-04", "SAPEquipID": 300065507, "AssetName": "Playground Equip - Carousel", "d_SubtypeC": "Playground Equipment", "d_AssetTyp": "Not Applicable", "d_AssetMat": "Not Applicable", "d_Branch": "Greater Sydney", "d_LGA": "Blacktown", "Comments": null, "Easting": 306328.85, "Northing": 6271298.64, "Latitude": "33\u00c2\u00b0 40.836' S", "Longitude": "150\u00c2\u00b0 54.647' E", "VERDATE": "2025-12-05"}, "geometry": {"coordinates": [150.91077500000006, -33.68060200000002, 0.0], "type": "Point", "geometries": null}}, {"type": "Feature", "properties": {"ModifiedDa": "2024-03-04", "SAPEquipID": 300065530, "AssetName": "Playground Equip - Timber Echidna", "d_SubtypeC": "Playground Equipment", "d_AssetTyp": "Not Applicable", "d_AssetMat": "Not Applicable", "d_Branch": "Greater Sydney", "d_LGA": "Blacktown", "Comments": null, "Easting": 306328.85, "Northing": 6271298.64, "Latitude": "33\u00c2\u00b0 40.836' S", "Longitude": "150\u00c2\u00b0 54.647' E", "VERDATE": "2025-12-05"}, "geometry": {"coordinates": [150.91077500000006, -33.68060200000002, 0.0], "type": "Point", "geometries": null}}, {"type": "Feature", "properties": {"ModifiedDa": "2024-03-04", "SAPEquipID": 300065552, "AssetName": "Playground Equip - Mound Slide Structure", "d_SubtypeC": "Playground Equipment", "d_AssetTyp": "Not Applicable", "d_AssetMat": "Not Applicable", "d_Branch": "Greater Sydney", "d_LGA": "Blacktown", "Comments": null, "Easting": 306342.42, "Northing": 6271287.93, "Latitude": "33\u00c2\u00b0 40.842' S", "Longitude": "150\u00c2\u00b0 54.655' E", "VERDATE": "2025-12-05"}, "geometry": {"coordinates": [150.91091900000015, -33.680700999999885, 0.0], "type": "Point", "geometries": null}}, {"type": "Feature", "properties": {"ModifiedDa": "2024-03-04", "SAPEquipID": 300065575, "AssetName": "Playground Equip - Spin Pole", "d_SubtypeC": "Playground Equipment", "d_AssetTyp": "Not Applicable", "d_AssetMat": "Not Applicable", "d_Branch": "Greater Sydney", "d_LGA": "Blacktown", "Comments": null, "Easting": 306348.86, "Northing": 6271294.94, "Latitude": "33\u00c2\u00b0 40.838' S", "Longitude": "150\u00c2\u00b0 54.659' E", "VERDATE": "2025-12-05"}, "geometry": {"coordinates": [150.91098999999997, -33.680638999999985, 0.0], "type": "Point", "geometries": null}}, {"type": "Feature", "properties": {"ModifiedDa": "2024-03-04", "SAPEquipID": 300065597, "AssetName": "Playground Equip - Swings", "d_SubtypeC": "Playground Equipment", "d_AssetTyp": "Not Applicable", "d_AssetMat": "Not Applicable", "d_Branch": "Greater Sydney", "d_LGA": "Blacktown", "Comments": null, "Easting": 306353.24, "Northing": 6271316.77, "Latitude": "33\u00c2\u00b0 40.827' S", "Longitude": "150\u00c2\u00b0 54.663' E", "VERDATE": "2025-12-05"}, "geometry": {"coordinates": [150.91104199999995, -33.680442999999855, 0.0], "type": "Point", "geometries": null}}, {"type": "Feature", "properties": {"ModifiedDa": "2024-03-04", "SAPEquipID": 300065620, "AssetName": "Playground Equip - Cableway Double", "d_SubtypeC": "Playground Equipment", "d_AssetTyp": "Not Applicable", "d_AssetMat": "Not Applicable", "d_Branch": "Greater Sydney", "d_LGA": "Blacktown", "Comments": null, "Easting": 306351.97, "Northing": 6271278.69, "Latitude": "33\u00c2\u00b0 40.847' S", "Longitude": "150\u00c2\u00b0 54.661' E", "VERDATE": "2025-12-05"}, "geometry": {"coordinates": [150.91102000000012, -33.68078600000001, 0.0], "type": "Point", "geometries": null}}, {"type": "Feature", "properties": {"ModifiedDa": "2016-12-15", "SAPEquipID": 300066591, "AssetName": "Picnic Table - #2 top picnic area", "d_SubtypeC": "Picnic Table", "d_AssetTyp": "No Roof", "d_AssetMat": "Timber", "d_Branch": "Hunter Central Coast", "d_LGA": "Central Coast", "Comments": "old style", "Easting": 339831.5, "Northing": 6299546.83, "Latitude": "33\u00c2\u00b0 25.891' S", "Longitude": "151\u00c2\u00b0 16.625' E", "VERDATE": "2025-12-05"}, "geometry": {"coordinates": [151.27709121919384, -33.431512999768415, 0.0], "type": "Point", "geometries": null}}, {"type": "Feature", "properties": {"ModifiedDa": "2016-04-06", "SAPEquipID": 300066660, "AssetName": "Bin - Station", "d_SubtypeC": "Bin", "d_AssetTyp": "Recycle", "d_AssetMat": "Not Applicable", "d_Branch": "Greater Sydney", "d_LGA": "Mosman", "Comments": null, "Easting": 337753.67, "Northing": 6252758.24, "Latitude": "33\u00c2\u00b0 51.181' S", "Longitude": "151\u00c2\u00b0 14.773' E", "VERDATE": "2025-12-05"}, "geometry": {"coordinates": [151.2462153333339, -33.853010279999864, 0.0], "type": "Point", "geometries": null}}, {"type": "Feature", "properties": {"ModifiedDa": "2019-03-15", "SAPEquipID": 300066998, "AssetName": "Picnic Table - 03", "d_SubtypeC": "Picnic Table", "d_AssetTyp": "No Roof", "d_AssetMat": "Timber", "d_Branch": "Greater Sydney", "d_LGA": "Unincorporated", "Comments": null, "Easting": 333132.95, "Northing": 6252609.55, "Latitude": "33\u00c2\u00b0 51.218' S", "Longitude": "151\u00c2\u00b0 11.776' E", "VERDATE": "2025-12-05"}, "geometry": {"coordinates": [151.19626133333372, -33.853629999999896, 0.0], "type": "Point", "geometries": null}}, {"type": "Feature", "properties": {"ModifiedDa": "2019-03-15", "SAPEquipID": 300067020, "AssetName": "Picnic Table - 05", "d_SubtypeC": "Picnic Table", "d_AssetTyp": "No Roof", "d_AssetMat": "Timber", "d_Branch": "Greater Sydney", "d_LGA": "Unincorporated", "Comments": null, "Easting": 333211.76, "Northing": 6252790.32, "Latitude": "33\u00c2\u00b0 51.121' S", "Longitude": "151\u00c2\u00b0 11.829' E", "VERDATE": "2025-12-05"}, "geometry": {"coordinates": [151.19714711333347, -33.852012886666614, 0.0], "type": "Point", "geometries": null}}, {"type": "Feature", "properties": {"ModifiedDa": "2019-03-15", "SAPEquipID": 300067042, "AssetName": "Picnic Table - 07", "d_SubtypeC": "Picnic Table", "d_AssetTyp": "No Roof", "d_AssetMat": "Timber", "d_Branch": "Greater Sydney", "d_LGA": "Unincorporated", "Comments": null, "Easting": 333231.56, "Northing": 6252807.97, "Latitude": "33\u00c2\u00b0 51.111' S", "Longitude": "151\u00c2\u00b0 11.842' E", "VERDATE": "2025-12-05"}, "geometry": {"coordinates": [151.19736444666717, -33.85185694666649, 0.0], "type": "Point", "geometries": null}}, {"type": "Feature", "properties": {"ModifiedDa": "2016-04-06", "SAPEquipID": 300067065, "AssetName": "Picnic Table - Upper Lawn - 01", "d_SubtypeC": "Picnic Table", "d_AssetTyp": "No Roof", "d_AssetMat": "Timber", "d_Branch": "Greater Sydney", "d_LGA": "Unincorporated", "Comments": null, "Easting": 329177.82, "Northing": 6251410.16, "Latitude": "33\u00c2\u00b0 51.829' S", "Longitude": "151\u00c2\u00b0 9.198' E", "VERDATE": "2025-12-05"}, "geometry": {"coordinates": [151.15329511333402, -33.86380899999983, 0.0], "type": "Point", "geometries": null}}, {"type": "Feature", "properties": {"ModifiedDa": "2024-05-16", "SAPEquipID": 300067326, "AssetName": "PT - Shaws Creek PA shelter - 01", "d_SubtypeC": "Picnic Table", "d_AssetTyp": "No Roof", "d_AssetMat": "Steel", "d_Branch": "Blue Mountains", "d_LGA": "Hawkesbury", "Comments": "Under large shelter / pad captured separately", "Easting": 283196.76, "Northing": 6272915.24, "Latitude": "33\u00c2\u00b0 39.694' S", "Longitude": "150\u00c2\u00b0 39.708' E", "VERDATE": "2025-12-05"}, "geometry": {"coordinates": [150.66180438000004, -33.661563966999836, 0.0], "type": "Point", "geometries": null}}, {"type": "Feature", "properties": {"ModifiedDa": "2016-04-06", "SAPEquipID": 300069945, "AssetName": "BBQ - Wood - 01", "d_SubtypeC": "BBQ/Fireplace", "d_AssetTyp": "No Roof", "d_AssetMat": "Steel", "d_Branch": "Greater Sydney", "d_LGA": "Ryde", "Comments": null, "Easting": 328831.01, "Northing": 6259284.17, "Latitude": "33\u00c2\u00b0 47.566' S", "Longitude": "151\u00c2\u00b0 9.065' E", "VERDATE": "2025-12-05"}, "geometry": {"coordinates": [151.15107655333327, -33.79277277999944, 0.0], "type": "Point", "geometries": null}}, {"type": "Feature", "properties": {"ModifiedDa": "2016-04-06", "SAPEquipID": 300069968, "AssetName": "Picnic Table - No Roof - 05", "d_SubtypeC": "Picnic Table", "d_AssetTyp": "No Roof", "d_AssetMat": "Timber", "d_Branch": "Greater Sydney", "d_LGA": "Ryde", "Comments": null, "Easting": 328775.02, "Northing": 6259212.77, "Latitude": "33\u00c2\u00b0 47.604' S", "Longitude": "151\u00c2\u00b0 9.027' E", "VERDATE": "2025-12-05"}, "geometry": {"coordinates": [151.15045826666676, -33.79340739999947, 0.0], "type": "Point", "geometries": null}}, {"type": "Feature", "properties": {"ModifiedDa": "2016-04-06", "SAPEquipID": 300069990, "AssetName": "WRS", "d_SubtypeC": "Waste/Recycling Stn", "d_AssetTyp": "Not Applicable", "d_AssetMat": "Not Applicable", "d_Branch": "Greater Sydney", "d_LGA": "Ryde", "Comments": null, "Easting": 328799.57, "Northing": 6259233.28, "Latitude": "33\u00c2\u00b0 47.594' S", "Longitude": "151\u00c2\u00b0 9.044' E", "VERDATE": "2025-12-05"}, "geometry": {"coordinates": [151.15072727999984, -33.793226446666154, 0.0], "type": "Point", "geometries": null}}, {"type": "Feature", "properties": {"ModifiedDa": "2016-04-06", "SAPEquipID": 300070013, "AssetName": "Picnic Table - No Roof - 03", "d_SubtypeC": "Picnic Table", "d_AssetTyp": "No Roof", "d_AssetMat": "Timber", "d_Branch": "Greater Sydney", "d_LGA": "Ryde", "Comments": null, "Easting": 328184.14, "Northing": 6256614.14, "Latitude": "33\u00c2\u00b0 49.004' S", "Longitude": "151\u00c2\u00b0 8.614' E", "VERDATE": "2025-12-05"}, "geometry": {"coordinates": [151.14357261333362, -33.81673683333281, 0.0], "type": "Point", "geometries": null}}, {"type": "Feature", "properties": {"ModifiedDa": "2016-04-06", "SAPEquipID": 300070036, "AssetName": "BBQ - Wood", "d_SubtypeC": "BBQ/Fireplace", "d_AssetTyp": "No Roof", "d_AssetMat": "Steel", "d_Branch": "Greater Sydney", "d_LGA": "Ryde", "Comments": null, "Easting": 328329.15, "Northing": 6259475.67, "Latitude": "33\u00c2\u00b0 47.458' S", "Longitude": "151\u00c2\u00b0 8.742' E", "VERDATE": "2025-12-05"}, "geometry": {"coordinates": [151.14569528000004, -33.790965166666126, 0.0], "type": "Point", "geometries": null}}, {"type": "Feature", "properties": {"ModifiedDa": "2016-04-06", "SAPEquipID": 300070058, "AssetName": "WRS", "d_SubtypeC": "Waste/Recycling Stn", "d_AssetTyp": "Not Applicable", "d_AssetMat": "Not Applicable", "d_Branch": "Greater Sydney", "d_LGA": "Ryde", "Comments": "with sandstone flagging garden", "Easting": 328307.62, "Northing": 6259764.81, "Latitude": "33\u00c2\u00b0 47.301' S", "Longitude": "151\u00c2\u00b0 8.731' E", "VERDATE": "2025-12-05"}, "geometry": {"coordinates": [151.1455191133332, -33.78835527999934, 0.0], "type": "Point", "geometries": null}}, {"type": "Feature", "properties": {"ModifiedDa": "2016-04-06", "SAPEquipID": 300070081, "AssetName": "Picnic Table - No Roof", "d_SubtypeC": "Picnic Table", "d_AssetTyp": "No Roof", "d_AssetMat": "Timber", "d_Branch": "Greater Sydney", "d_LGA": "Hornsby", "Comments": null, "Easting": 322467.04, "Northing": 6263670.9, "Latitude": "33\u00c2\u00b0 45.131' S", "Longitude": "151\u00c2\u00b0 4.995' E", "VERDATE": "2025-12-05"}, "geometry": {"coordinates": [151.08324872000026, -33.75218088666617, 0.0], "type": "Point", "geometries": null}}, {"type": "Feature", "properties": {"ModifiedDa": "2016-04-06", "SAPEquipID": 300070127, "AssetName": "Picnic Table - No Roof - 01", "d_SubtypeC": "Picnic Table", "d_AssetTyp": "No Roof", "d_AssetMat": "Timber", "d_Branch": "Greater Sydney", "d_LGA": "Ku-Ring-Gai", "Comments": null, "Easting": 328865.3, "Northing": 6259454.94, "Latitude": "33\u00c2\u00b0 47.474' S", "Longitude": "151\u00c2\u00b0 9.089' E", "VERDATE": "2025-12-05"}, "geometry": {"coordinates": [151.1514798866666, -33.79123894666611, 0.0], "type": "Point", "geometries": null}}, {"type": "Feature", "properties": {"ModifiedDa": "2016-04-06", "SAPEquipID": 300070149, "AssetName": "Picnic Table - No Roof", "d_SubtypeC": "Picnic Table", "d_AssetTyp": "No Roof", "d_AssetMat": "Timber", "d_Branch": "Greater Sydney", "d_LGA": "Ku-Ring-Gai", "Comments": null, "Easting": 328680.57, "Northing": 6259309.38, "Latitude": "33\u00c2\u00b0 47.551' S", "Longitude": "151\u00c2\u00b0 8.967' E", "VERDATE": "2025-12-05"}, "geometry": {"coordinates": [151.14945719999992, -33.79252121333275, 0.0], "type": "Point", "geometries": null}}, {"type": "Feature", "properties": {"ModifiedDa": "2016-04-06", "SAPEquipID": 300070171, "AssetName": "Picnic Table - No Roof", "d_SubtypeC": "Picnic Table", "d_AssetTyp": "No Roof", "d_AssetMat": "Timber", "d_Branch": "Greater Sydney", "d_LGA": "Ku-Ring-Gai", "Comments": null, "Easting": 328501.36, "Northing": 6259495.21, "Latitude": "33\u00c2\u00b0 47.449' S", "Longitude": "151\u00c2\u00b0 8.854' E", "VERDATE": "2025-12-05"}, "geometry": {"coordinates": [151.1475584466665, -33.790816999999436, 0.0], "type": "Point", "geometries": null}}, {"type": "Feature", "properties": {"ModifiedDa": "2016-04-06", "SAPEquipID": 300070399, "AssetName": "Picnic Table - No Roof - 02", "d_SubtypeC": "Picnic Table", "d_AssetTyp": "No Roof", "d_AssetMat": "Timber", "d_Branch": "Greater Sydney", "d_LGA": "Ku-Ring-Gai", "Comments": null, "Easting": 328888.64, "Northing": 6259500.4, "Latitude": "33\u00c2\u00b0 47.45' S", "Longitude": "151\u00c2\u00b0 9.104' E", "VERDATE": "2025-12-05"}, "geometry": {"coordinates": [151.15174068666704, -33.79083293999935, 0.0], "type": "Point", "geometries": null}}, {"type": "Feature", "properties": {"ModifiedDa": "2016-04-06", "SAPEquipID": 300070466, "AssetName": "BBQ - Wood", "d_SubtypeC": "BBQ/Fireplace", "d_AssetTyp": "No Roof", "d_AssetMat": "Steel", "d_Branch": "Greater Sydney", "d_LGA": "Ku-Ring-Gai", "Comments": "with pad", "Easting": 328640.08, "Northing": 6259169.57, "Latitude": "33\u00c2\u00b0 47.626' S", "Longitude": "151\u00c2\u00b0 8.94' E", "VERDATE": "2025-12-05"}, "geometry": {"coordinates": [151.14899294666702, -33.793774946666076, 0.0], "type": "Point", "geometries": null}}, {"type": "Feature", "properties": {"ModifiedDa": "2016-04-06", "SAPEquipID": 300070510, "AssetName": "Picnic Table - No Roof - 02", "d_SubtypeC": "Picnic Table", "d_AssetTyp": "No Roof", "d_AssetMat": "Timber", "d_Branch": "Greater Sydney", "d_LGA": "Ryde", "Comments": "no animal  feeding sign", "Easting": 328627.9, "Northing": 6259059.08, "Latitude": "33\u00c2\u00b0 47.686' S", "Longitude": "151\u00c2\u00b0 8.93' E", "VERDATE": "2025-12-05"}, "geometry": {"coordinates": [151.14883994666707, -33.79476894666607, 0.0], "type": "Point", "geometries": null}}, {"type": "Feature", "properties": {"ModifiedDa": "2016-04-06", "SAPEquipID": 300070533, "AssetName": "BBQ - Wood", "d_SubtypeC": "BBQ/Fireplace", "d_AssetTyp": "No Roof", "d_AssetMat": "Block - Stone", "d_Branch": "Greater Sydney", "d_LGA": "Ryde", "Comments": null, "Easting": 329242.51, "Northing": 6259399.5, "Latitude": "33\u00c2\u00b0 47.508' S", "Longitude": "151\u00c2\u00b0 9.333' E", "VERDATE": "2025-12-05"}, "geometry": {"coordinates": [151.15554183333325, -33.791799666666066, 0.0], "type": "Point", "geometries": null}}, {"type": "Feature", "properties": {"ModifiedDa": "2016-04-06", "SAPEquipID": 300070556, "AssetName": "BBQ - Electric", "d_SubtypeC": "BBQ/Fireplace", "d_AssetTyp": "No Roof", "d_AssetMat": "Steel Stainless", "d_Branch": "Greater Sydney", "d_LGA": "Ryde", "Comments": "UNDER SHELTER", "Easting": 329305.62, "Northing": 6259377.31, "Latitude": "33\u00c2\u00b0 47.521' S", "Longitude": "151\u00c2\u00b0 9.373' E", "VERDATE": "2025-12-05"}, "geometry": {"coordinates": [151.15621888666647, -33.792009946666155, 0.0], "type": "Point", "geometries": null}}, {"type": "Feature", "properties": {"ModifiedDa": "2016-04-06", "SAPEquipID": 300070579, "AssetName": "Picnic Table - With Roof - 02", "d_SubtypeC": "Picnic Table", "d_AssetTyp": "With Roof", "d_AssetMat": "Timber", "d_Branch": "Greater Sydney", "d_LGA": "Ku-Ring-Gai", "Comments": null, "Easting": 328503.07, "Northing": 6259397.82, "Latitude": "33\u00c2\u00b0 47.502' S", "Longitude": "151\u00c2\u00b0 8.853' E", "VERDATE": "2025-12-05"}, "geometry": {"coordinates": [151.14755794666644, -33.79169521999938, 0.0], "type": "Point", "geometries": null}}, {"type": "Feature", "properties": {"ModifiedDa": "2016-04-06", "SAPEquipID": 300070624, "AssetName": "BBQ - Wood - 02", "d_SubtypeC": "BBQ/Fireplace", "d_AssetTyp": "No Roof", "d_AssetMat": "Steel", "d_Branch": "Greater Sydney", "d_LGA": "Ryde", "Comments": null, "Easting": 329043.95, "Northing": 6259404.02, "Latitude": "33\u00c2\u00b0 47.504' S", "Longitude": "151\u00c2\u00b0 9.204' E", "VERDATE": "2025-12-05"}, "geometry": {"coordinates": [151.15339883333377, -33.79172688666608, 0.0], "type": "Point", "geometries": null}}, {"type": "Feature", "properties": {"ModifiedDa": "2016-04-06", "SAPEquipID": 300070649, "AssetName": "Seat - Stone - 03", "d_SubtypeC": "Seat", "d_AssetTyp": "Without Pad", "d_AssetMat": "Stone", "d_Branch": "Greater Sydney", "d_LGA": "Ryde", "Comments": "heritage stone seat", "Easting": 329013.84, "Northing": 6259395.27, "Latitude": "33\u00c2\u00b0 47.508' S", "Longitude": "151\u00c2\u00b0 9.184' E", "VERDATE": "2025-12-05"}, "geometry": {"coordinates": [151.15307211333356, -33.79180083333273, 0.0], "type": "Point", "geometries": null}}, {"type": "Feature", "properties": {"ModifiedDa": "2016-04-06", "SAPEquipID": 300070672, "AssetName": "Picnic Table - No Roof - 01", "d_SubtypeC": "Picnic Table", "d_AssetTyp": "No Roof", "d_AssetMat": "Timber", "d_Branch": "Greater Sydney", "d_LGA": "Ryde", "Comments": null, "Easting": 328828.05, "Northing": 6259273.54, "Latitude": "33\u00c2\u00b0 47.572' S", "Longitude": "151\u00c2\u00b0 9.063' E", "VERDATE": "2025-12-05"}, "geometry": {"coordinates": [151.15104259333373, -33.79286814666591, 0.0], "type": "Point", "geometries": null}}, {"type": "Feature", "properties": {"ModifiedDa": "2016-04-06", "SAPEquipID": 300070696, "AssetName": "BBQ - Wood - 01", "d_SubtypeC": "BBQ/Fireplace", "d_AssetTyp": "No Roof", "d_AssetMat": "Steel Stainless", "d_Branch": "Greater Sydney", "d_LGA": "Ku-Ring-Gai", "Comments": null, "Easting": 328562.19, "Northing": 6259321.61, "Latitude": "33\u00c2\u00b0 47.544' S", "Longitude": "151\u00c2\u00b0 8.891' E", "VERDATE": "2025-12-05"}, "geometry": {"coordinates": [151.14818149333337, -33.792391753332595, 0.0], "type": "Point", "geometries": null}}, {"type": "Feature", "properties": {"ModifiedDa": "2024-01-04", "SAPEquipID": 300070700, "AssetName": "BBQ - Gas - Mill picnic", "d_SubtypeC": "BBQ/Fireplace", "d_AssetTyp": "No Roof", "d_AssetMat": "Steel Stainless", "d_Branch": "Blue Mountains", "d_LGA": "Central Coast", "Comments": null, "Easting": 318434.98, "Northing": 6302604.56, "Latitude": "33\u00c2\u00b0 24.032' S", "Longitude": "151\u00c2\u00b0 2.86' E", "VERDATE": "2025-12-05"}, "geometry": {"coordinates": [151.04765865917557, -33.40053898900862, 0.0], "type": "Point", "geometries": null}}, {"type": "Feature", "properties": {"ModifiedDa": "2016-04-06", "SAPEquipID": 300070720, "AssetName": "Picnic Table - No Roof - 01", "d_SubtypeC": "Picnic Table", "d_AssetTyp": "No Roof", "d_AssetMat": "Timber", "d_Branch": "Greater Sydney", "d_LGA": "Ku-Ring-Gai", "Comments": null, "Easting": 328607.43, "Northing": 6259198.88, "Latitude": "33\u00c2\u00b0 47.61' S", "Longitude": "151\u00c2\u00b0 8.919' E", "VERDATE": "2025-12-05"}, "geometry": {"coordinates": [151.1486460533331, -33.793505446666074, 0.0], "type": "Point", "geometries": null}}, {"type": "Feature", "properties": {"ModifiedDa": "2016-04-06", "SAPEquipID": 300070743, "AssetName": "Picnic Table - No Roof - 02", "d_SubtypeC": "Picnic Table", "d_AssetTyp": "No Roof", "d_AssetMat": "Timber", "d_Branch": "Greater Sydney", "d_LGA": "Ryde", "Comments": "no animal feeding sign", "Easting": 328515.98, "Northing": 6259219.49, "Latitude": "33\u00c2\u00b0 47.598' S", "Longitude": "151\u00c2\u00b0 8.86' E", "VERDATE": "2025-12-05"}, "geometry": {"coordinates": [151.14766271999974, -33.79330483333274, 0.0], "type": "Point", "geometries": null}}, {"type": "Feature", "properties": {"ModifiedDa": "2016-04-06", "SAPEquipID": 300070766, "AssetName": "Picnic Table - With Roof", "d_SubtypeC": "Picnic Table", "d_AssetTyp": "With Roof", "d_AssetMat": "Timber", "d_Branch": "Greater Sydney", "d_LGA": "Ku-Ring-Gai", "Comments": null, "Easting": 328620.49, "Northing": 6259178.35, "Latitude": "33\u00c2\u00b0 47.622' S", "Longitude": "151\u00c2\u00b0 8.927' E", "VERDATE": "2025-12-05"}, "geometry": {"coordinates": [151.14878305333377, -33.79369266666612, 0.0], "type": "Point", "geometries": null}}, {"type": "Feature", "properties": {"ModifiedDa": "2016-04-06", "SAPEquipID": 300070790, "AssetName": "Picnic Table - No Roof - 03", "d_SubtypeC": "Picnic Table", "d_AssetTyp": "No Roof", "d_AssetMat": "Timber", "d_Branch": "Greater Sydney", "d_LGA": "Ku-Ring-Gai", "Comments": null, "Easting": 329248.94, "Northing": 6259516.0, "Latitude": "33\u00c2\u00b0 47.445' S", "Longitude": "151\u00c2\u00b0 9.338' E", "VERDATE": "2025-12-05"}, "geometry": {"coordinates": [151.1556337799999, -33.790750553332714, 0.0], "type": "Point", "geometries": null}}, {"type": "Feature", "properties": {"ModifiedDa": "2016-04-06", "SAPEquipID": 300070812, "AssetName": "BBQ - Wood", "d_SubtypeC": "BBQ/Fireplace", "d_AssetTyp": "No Roof", "d_AssetMat": "Steel", "d_Branch": "Greater Sydney", "d_LGA": "Ku-Ring-Gai", "Comments": null, "Easting": 329327.55, "Northing": 6259477.32, "Latitude": "33\u00c2\u00b0 47.467' S", "Longitude": "151\u00c2\u00b0 9.389' E", "VERDATE": "2025-12-05"}, "geometry": {"coordinates": [151.15647500000023, -33.7911118866661, 0.0], "type": "Point", "geometries": null}}, {"type": "Feature", "properties": {"ModifiedDa": "2016-04-06", "SAPEquipID": 300070834, "AssetName": "Seat - Bench Seat", "d_SubtypeC": "Seat", "d_AssetTyp": "Without Pad", "d_AssetMat": "Unknown", "d_Branch": "Greater Sydney", "d_LGA": "Ku-Ring-Gai", "Comments": null, "Easting": 329221.48, "Northing": 6259517.83, "Latitude": "33\u00c2\u00b0 47.444' S", "Longitude": "151\u00c2\u00b0 9.32' E", "VERDATE": "2025-12-05"}, "geometry": {"coordinates": [151.15533761333324, -33.79072961333276, 0.0], "type": "Point", "geometries": null}}, {"type": "Feature", "properties": {"ModifiedDa": "2016-04-06", "SAPEquipID": 300070857, "AssetName": "Picnic Table - No Roof - 03", "d_SubtypeC": "Picnic Table", "d_AssetTyp": "No Roof", "d_AssetMat": "Timber", "d_Branch": "Greater Sydney", "d_LGA": "Ku-Ring-Gai", "Comments": null, "Easting": 329178.29, "Northing": 6259520.85, "Latitude": "33\u00c2\u00b0 47.442' S", "Longitude": "151\u00c2\u00b0 9.292' E", "VERDATE": "2025-12-05"}, "geometry": {"coordinates": [151.15487194666719, -33.79069537333277, 0.0], "type": "Point", "geometries": null}}, {"type": "Feature", "properties": {"ModifiedDa": "2016-04-06", "SAPEquipID": 300070880, "AssetName": "BBQ - Wood", "d_SubtypeC": "BBQ/Fireplace", "d_AssetTyp": "No Roof", "d_AssetMat": "Block - Concrete", "d_Branch": "Greater Sydney", "d_LGA": "Ku-Ring-Gai", "Comments": null, "Easting": 328254.61, "Northing": 6260325.73, "Latitude": "33\u00c2\u00b0 46.997' S", "Longitude": "151\u00c2\u00b0 8.703' E", "VERDATE": "2025-12-05"}, "geometry": {"coordinates": [151.14505583333323, -33.78329021999946, 0.0], "type": "Point", "geometries": null}}, {"type": "Feature", "properties": {"ModifiedDa": "2016-04-06", "SAPEquipID": 300071039, "AssetName": "Picnic Table - With Roof - 02", "d_SubtypeC": "Picnic Table", "d_AssetTyp": "With Roof", "d_AssetMat": "Timber", "d_Branch": "Greater Sydney", "d_LGA": "Ryde", "Comments": "Timber table metal framed shelter", "Easting": 328249.59, "Northing": 6259881.87, "Latitude": "33\u00c2\u00b0 47.237' S", "Longitude": "151\u00c2\u00b0 8.695' E", "VERDATE": "2025-12-05"}, "geometry": {"coordinates": [151.14491538666664, -33.78729055333258, 0.0], "type": "Point", "geometries": null}}, {"type": "Feature", "properties": {"ModifiedDa": "2016-04-06", "SAPEquipID": 300071084, "AssetName": "Picnic Table - No Roof - 09", "d_SubtypeC": "Picnic Table", "d_AssetTyp": "No Roof", "d_AssetMat": "Other", "d_Branch": "Greater Sydney", "d_LGA": "Ryde", "Comments": "table inside the old barn", "Easting": 327407.66, "Northing": 6260582.92, "Latitude": "33\u00c2\u00b0 46.85' S", "Longitude": "151\u00c2\u00b0 8.158' E", "VERDATE": "2025-12-05"}, "geometry": {"coordinates": [151.13596283333334, -33.78083399999946, 0.0], "type": "Point", "geometries": null}}, {"type": "Feature", "properties": {"ModifiedDa": "2016-04-06", "SAPEquipID": 300071107, "AssetName": "Picnic Table - With Roof - 02", "d_SubtypeC": "Picnic Table", "d_AssetTyp": "With Roof", "d_AssetMat": "Timber Treated", "d_Branch": "Greater Sydney", "d_LGA": "Ryde", "Comments": "older log style with log and iron roof", "Easting": 327343.82, "Northing": 6260584.23, "Latitude": "33\u00c2\u00b0 46.849' S", "Longitude": "151\u00c2\u00b0 8.116' E", "VERDATE": "2025-12-05"}, "geometry": {"coordinates": [151.13527383333314, -33.78081171999929, 0.0], "type": "Point", "geometries": null}}, {"type": "Feature", "properties": {"ModifiedDa": "2016-04-06", "SAPEquipID": 300071130, "AssetName": "Bin", "d_SubtypeC": "Waste/Recycling Stn", "d_AssetTyp": "Not Applicable", "d_AssetMat": "Not Applicable", "d_Branch": "Greater Sydney", "d_LGA": "Ku-Ring-Gai", "Comments": "recycle ststion with stand and pad", "Easting": 328642.59, "Northing": 6259206.03, "Latitude": "33\u00c2\u00b0 47.607' S", "Longitude": "151\u00c2\u00b0 8.942' E", "VERDATE": "2025-12-05"}, "geometry": {"coordinates": [151.14902711333355, -33.79344671999934, 0.0], "type": "Point", "geometries": null}}, {"type": "Feature", "properties": {"ModifiedDa": "2016-04-06", "SAPEquipID": 300071153, "AssetName": "Seat - Bench", "d_SubtypeC": "Seat", "d_AssetTyp": "Without Pad", "d_AssetMat": "Unknown", "d_Branch": "Greater Sydney", "d_LGA": "Ku-Ring-Gai", "Comments": null, "Easting": 328841.72, "Northing": 6259391.75, "Latitude": "33\u00c2\u00b0 47.508' S", "Longitude": "151\u00c2\u00b0 9.073' E", "VERDATE": "2025-12-05"}, "geometry": {"coordinates": [151.1512130533332, -33.79180477999938, 0.0], "type": "Point", "geometries": null}}, {"type": "Feature", "properties": {"ModifiedDa": "2024-01-12", "SAPEquipID": 300071176, "AssetName": "Picnic Table - No Roof", "d_SubtypeC": "Picnic Table", "d_AssetTyp": "No Roof", "d_AssetMat": "Plastic", "d_Branch": "Greater Sydney", "d_LGA": "Ryde", "Comments": null, "Easting": 324531.11, "Northing": 6262689.83, "Latitude": "33\u00c2\u00b0 45.682' S", "Longitude": "151\u00c2\u00b0 6.32' E", "VERDATE": "2025-12-05"}, "geometry": {"coordinates": [151.105328386667, -33.76136849999949, 0.0], "type": "Point", "geometries": null}}, {"type": "Feature", "properties": {"ModifiedDa": "2016-04-06", "SAPEquipID": 300071200, "AssetName": "Picnic Table - No Roof - 04", "d_SubtypeC": "Picnic Table", "d_AssetTyp": "No Roof", "d_AssetMat": "Timber", "d_Branch": "Greater Sydney", "d_LGA": "Ryde", "Comments": null, "Easting": 328454.34, "Northing": 6259825.19, "Latitude": "33\u00c2\u00b0 47.27' S", "Longitude": "151\u00c2\u00b0 8.827' E", "VERDATE": "2025-12-05"}, "geometry": {"coordinates": [151.1471148733334, -33.78783474666602, 0.0], "type": "Point", "geometries": null}}, {"type": "Feature", "properties": {"ModifiedDa": "2016-04-06", "SAPEquipID": 300071222, "AssetName": "BBQ - Wood - 02", "d_SubtypeC": "BBQ/Fireplace", "d_AssetTyp": "No Roof", "d_AssetMat": "Stone", "d_Branch": "Greater Sydney", "d_LGA": "Ryde", "Comments": null, "Easting": 328416.48, "Northing": 6259722.02, "Latitude": "33\u00c2\u00b0 47.326' S", "Longitude": "151\u00c2\u00b0 8.801' E", "VERDATE": "2025-12-05"}, "geometry": {"coordinates": [151.14668604666667, -33.78875860666608, 0.0], "type": "Point", "geometries": null}}, {"type": "Feature", "properties": {"ModifiedDa": "2016-10-20", "SAPEquipID": 300071245, "AssetName": "Picnic Table - No Roof - 01", "d_SubtypeC": "Picnic Table", "d_AssetTyp": "No Roof", "d_AssetMat": "Timber", "d_Branch": "Greater Sydney", "d_LGA": "Ryde", "Comments": null, "Easting": 328174.64, "Northing": 6260092.57, "Latitude": "33\u00c2\u00b0 47.123' S", "Longitude": "151\u00c2\u00b0 8.649' E", "VERDATE": "2025-12-05"}, "geometry": {"coordinates": [151.14414722000004, -33.785379053332804, 0.0], "type": "Point", "geometries": null}}, {"type": "Feature", "properties": {"ModifiedDa": "2016-04-06", "SAPEquipID": 300071268, "AssetName": "BBQ - Wood - 01", "d_SubtypeC": "BBQ/Fireplace", "d_AssetTyp": "No Roof", "d_AssetMat": "Steel", "d_Branch": "Greater Sydney", "d_LGA": "Ryde", "Comments": null, "Easting": 327357.68, "Northing": 6260589.01, "Latitude": "33\u00c2\u00b0 46.846' S", "Longitude": "151\u00c2\u00b0 8.125' E", "VERDATE": "2025-12-05"}, "geometry": {"coordinates": [151.1354243866665, -33.78077088666606, 0.0], "type": "Point", "geometries": null}}, {"type": "Feature", "properties": {"ModifiedDa": "2016-04-06", "SAPEquipID": 300071290, "AssetName": "WRS - 01", "d_SubtypeC": "Waste/Recycling Stn", "d_AssetTyp": "Not Applicable", "d_AssetMat": "Not Applicable", "d_Branch": "Greater Sydney", "d_LGA": "Ryde", "Comments": "2 rubbish 3 recycling", "Easting": 327370.96, "Northing": 6260588.21, "Latitude": "33\u00c2\u00b0 46.847' S", "Longitude": "151\u00c2\u00b0 8.134' E", "VERDATE": "2025-12-05"}, "geometry": {"coordinates": [151.13556761333314, -33.78078027999936, 0.0], "type": "Point", "geometries": null}}, {"type": "Feature", "properties": {"ModifiedDa": "2016-04-06", "SAPEquipID": 300071311, "AssetName": "WRS - 04", "d_SubtypeC": "Waste/Recycling Stn", "d_AssetTyp": "Not Applicable", "d_AssetMat": "Not Applicable", "d_Branch": "Greater Sydney", "d_LGA": "Ryde", "Comments": "2 rubbish 3 recycling", "Easting": 327419.39, "Northing": 6260637.81, "Latitude": "33\u00c2\u00b0 46.82' S", "Longitude": "151\u00c2\u00b0 8.166' E", "VERDATE": "2025-12-05"}, "geometry": {"coordinates": [151.13610011333333, -33.78034105333268, 0.0], "type": "Point", "geometries": null}}, {"type": "Feature", "properties": {"ModifiedDa": "2016-04-06", "SAPEquipID": 300071335, "AssetName": "WRS - 01", "d_SubtypeC": "Waste/Recycling Stn", "d_AssetTyp": "Not Applicable", "d_AssetMat": "Not Applicable", "d_Branch": "Greater Sydney", "d_LGA": "Ryde", "Comments": "2 rubbish 3 recycling", "Easting": 328554.42, "Northing": 6259832.13, "Latitude": "33\u00c2\u00b0 47.267' S", "Longitude": "151\u00c2\u00b0 8.892' E", "VERDATE": "2025-12-05"}, "geometry": {"coordinates": [151.14819671999987, -33.7877884466659, 0.0], "type": "Point", "geometries": null}}, {"type": "Feature", "properties": {"ModifiedDa": "2016-04-06", "SAPEquipID": 300071357, "AssetName": "Picnic Table - No Roof - 01", "d_SubtypeC": "Picnic Table", "d_AssetTyp": "No Roof", "d_AssetMat": "Timber", "d_Branch": "Greater Sydney", "d_LGA": "Ku-Ring-Gai", "Comments": null, "Easting": 329216.03, "Northing": 6259476.81, "Latitude": "33\u00c2\u00b0 47.466' S", "Longitude": "151\u00c2\u00b0 9.316' E", "VERDATE": "2025-12-05"}, "geometry": {"coordinates": [151.15527088666693, -33.791098499999464, 0.0], "type": "Point", "geometries": null}}, {"type": "Feature", "properties": {"ModifiedDa": "2016-04-06", "SAPEquipID": 300071380, "AssetName": "Picnic Table - No Roof - 05", "d_SubtypeC": "Picnic Table", "d_AssetTyp": "No Roof", "d_AssetMat": "Timber", "d_Branch": "Greater Sydney", "d_LGA": "Ryde", "Comments": null, "Easting": 327463.77, "Northing": 6260627.46, "Latitude": "33\u00c2\u00b0 46.826' S", "Longitude": "151\u00c2\u00b0 8.195' E", "VERDATE": "2025-12-05"}, "geometry": {"coordinates": [151.13657722000016, -33.780441613332755, 0.0], "type": "Point", "geometries": null}}, {"type": "Feature", "properties": {"ModifiedDa": "2016-04-06", "SAPEquipID": 300071403, "AssetName": "Picnic Table - No Roof - 04", "d_SubtypeC": "Picnic Table", "d_AssetTyp": "No Roof", "d_AssetMat": "Timber", "d_Branch": "Greater Sydney", "d_LGA": "Ku-Ring-Gai", "Comments": null, "Easting": 329147.7, "Northing": 6259467.78, "Latitude": "33\u00c2\u00b0 47.47' S", "Longitude": "151\u00c2\u00b0 9.272' E", "VERDATE": "2025-12-05"}, "geometry": {"coordinates": [151.15453138666646, -33.79116883333268, 0.0], "type": "Point", "geometries": null}}, {"type": "Feature", "properties": {"ModifiedDa": "2016-04-06", "SAPEquipID": 300071425, "AssetName": "Picnic Table - No Roof", "d_SubtypeC": "Picnic Table", "d_AssetTyp": "No Roof", "d_AssetMat": "Timber Treated", "d_Branch": "Greater Sydney", "d_LGA": "Ryde", "Comments": null, "Easting": 328501.61, "Northing": 6259271.74, "Latitude": "33\u00c2\u00b0 47.57' S", "Longitude": "151\u00c2\u00b0 8.851' E", "VERDATE": "2025-12-05"}, "geometry": {"coordinates": [151.14751766666666, -33.79283149999941, 0.0], "type": "Point", "geometries": null}}, {"type": "Feature", "properties": {"ModifiedDa": "2016-04-06", "SAPEquipID": 300071433, "AssetName": "Seat - Timber - 08", "d_SubtypeC": "Seat", "d_AssetTyp": "Without Pad", "d_AssetMat": "Timber", "d_Branch": "Greater Sydney", "d_LGA": "Northern Beaches", "Comments": null, "Easting": 343073.15, "Northing": 6283227.82, "Latitude": "33\u00c2\u00b0 34.747' S", "Longitude": "151\u00c2\u00b0 18.545' E", "VERDATE": "2025-12-05"}, "geometry": {"coordinates": [151.30908828000076, -33.579119833333266, 0.0], "type": "Point", "geometries": null}}, {"type": "Feature", "properties": {"ModifiedDa": "2016-04-06", "SAPEquipID": 300071448, "AssetName": "BBQ - Wood", "d_SubtypeC": "BBQ/Fireplace", "d_AssetTyp": "No Roof", "d_AssetMat": "Steel", "d_Branch": "Greater Sydney", "d_LGA": "Ryde", "Comments": null, "Easting": 328864.01, "Northing": 6259262.48, "Latitude": "33\u00c2\u00b0 47.578' S", "Longitude": "151\u00c2\u00b0 9.086' E", "VERDATE": "2025-12-05"}, "geometry": {"coordinates": [151.1514286666668, -33.792973666666114, 0.0], "type": "Point", "geometries": null}}, {"type": "Feature", "properties": {"ModifiedDa": "2025-05-13", "SAPEquipID": 300071456, "AssetName": "Seat - Timber - 09", "d_SubtypeC": "Seat", "d_AssetTyp": "Without Pad", "d_AssetMat": "Timber", "d_Branch": "Greater Sydney", "d_LGA": "Northern Beaches", "Comments": null, "Easting": 343053.65, "Northing": 6283238.54, "Latitude": "33\u00c2\u00b0 34.741' S", "Longitude": "151\u00c2\u00b0 18.533' E", "VERDATE": "2025-12-05"}, "geometry": {"coordinates": [151.30888015151038, -33.5790203573103, 0.0], "type": "Point", "geometries": null}}, {"type": "Feature", "properties": {"ModifiedDa": "2016-04-06", "SAPEquipID": 300071471, "AssetName": "Picnic Table - No Roof - 03", "d_SubtypeC": "Picnic Table", "d_AssetTyp": "No Roof", "d_AssetMat": "Timber", "d_Branch": "Greater Sydney", "d_LGA": "Ryde", "Comments": null, "Easting": 328438.58, "Northing": 6259577.45, "Latitude": "33\u00c2\u00b0 47.404' S", "Longitude": "151\u00c2\u00b0 8.814' E", "VERDATE": "2025-12-05"}, "geometry": {"coordinates": [151.1468966133333, -33.790065446666006, 0.0], "type": "Point", "geometries": null}}, {"type": "Feature", "properties": {"ModifiedDa": "2025-05-13", "SAPEquipID": 300071480, "AssetName": "Seat - Timber - 10", "d_SubtypeC": "Seat", "d_AssetTyp": "Without Pad", "d_AssetMat": "Timber", "d_Branch": "Greater Sydney", "d_LGA": "Northern Beaches", "Comments": null, "Easting": 343056.19, "Northing": 6283237.67, "Latitude": "33\u00c2\u00b0 34.742' S", "Longitude": "151\u00c2\u00b0 18.534' E", "VERDATE": "2025-12-05"}, "geometry": {"coordinates": [151.30890732750834, -33.57902855324613, 0.0], "type": "Point", "geometries": null}}, {"type": "Feature", "properties": {"ModifiedDa": "2016-04-06", "SAPEquipID": 300071496, "AssetName": "BBQ - Wood - 01", "d_SubtypeC": "BBQ/Fireplace", "d_AssetTyp": "No Roof", "d_AssetMat": "Steel", "d_Branch": "Greater Sydney", "d_LGA": "Ryde", "Comments": null, "Easting": 328419.08, "Northing": 6259551.33, "Latitude": "33\u00c2\u00b0 47.418' S", "Longitude": "151\u00c2\u00b0 8.801' E", "VERDATE": "2025-12-05"}, "geometry": {"coordinates": [151.14668100000006, -33.79029771999939, 0.0], "type": "Point", "geometries": null}}, {"type": "Feature", "properties": {"ModifiedDa": "2016-04-06", "SAPEquipID": 300071503, "AssetName": "Seat - Timber - 10", "d_SubtypeC": "Seat", "d_AssetTyp": "Without Pad", "d_AssetMat": "Timber", "d_Branch": "Greater Sydney", "d_LGA": "Northern Beaches", "Comments": null, "Easting": 335081.81, "Northing": 6276730.78, "Latitude": "33\u00c2\u00b0 38.189' S", "Longitude": "151\u00c2\u00b0 13.309' E", "VERDATE": "2025-12-05"}, "geometry": {"coordinates": [151.2218131133335, -33.6364853333331, 0.0], "type": "Point", "geometries": null}}, {"type": "Feature", "properties": {"ModifiedDa": "2016-04-06", "SAPEquipID": 300071521, "AssetName": "Picnic Table - No Roof - 01", "d_SubtypeC": "Picnic Table", "d_AssetTyp": "No Roof", "d_AssetMat": "Timber", "d_Branch": "Greater Sydney", "d_LGA": "Ryde", "Comments": null, "Easting": 328535.6, "Northing": 6259137.65, "Latitude": "33\u00c2\u00b0 47.643' S", "Longitude": "151\u00c2\u00b0 8.872' E", "VERDATE": "2025-12-05"}, "geometry": {"coordinates": [151.14785866666648, -33.79404577999935, 0.0], "type": "Point", "geometries": null}}, {"type": "Feature", "properties": {"ModifiedDa": "2016-04-06", "SAPEquipID": 300071527, "AssetName": "Seat - Timber - 11", "d_SubtypeC": "Seat", "d_AssetTyp": "Without Pad", "d_AssetMat": "Timber", "d_Branch": "Greater Sydney", "d_LGA": "Northern Beaches", "Comments": null, "Easting": 341524.54, "Northing": 6280348.77, "Latitude": "33\u00c2\u00b0 36.291' S", "Longitude": "151\u00c2\u00b0 17.514' E", "VERDATE": "2025-12-05"}, "geometry": {"coordinates": [151.29189650000046, -33.604846886666564, 0.0], "type": "Point", "geometries": null}}, {"type": "Feature", "properties": {"ModifiedDa": "2016-04-06", "SAPEquipID": 300071544, "AssetName": "Picnic Table - No Roof - 02", "d_SubtypeC": "Picnic Table", "d_AssetTyp": "No Roof", "d_AssetMat": "Concrete", "d_Branch": "Greater Sydney", "d_LGA": "Ryde", "Comments": null, "Easting": 329006.25, "Northing": 6259402.63, "Latitude": "33\u00c2\u00b0 47.504' S", "Longitude": "151\u00c2\u00b0 9.179' E", "VERDATE": "2025-12-05"}, "geometry": {"coordinates": [151.1529915533331, -33.791733279999505, 0.0], "type": "Point", "geometries": null}}, {"type": "Feature", "properties": {"ModifiedDa": "2016-04-06", "SAPEquipID": 300071551, "AssetName": "Seat - Timber - 13", "d_SubtypeC": "Seat", "d_AssetTyp": "Without Pad", "d_AssetMat": "Timber", "d_Branch": "Greater Sydney", "d_LGA": "Northern Beaches", "Comments": null, "Easting": 343064.85, "Northing": 6283246.53, "Latitude": "33\u00c2\u00b0 34.737' S", "Longitude": "151\u00c2\u00b0 18.54' E", "VERDATE": "2025-12-05"}, "geometry": {"coordinates": [151.30900211333358, -33.57894994666657, 0.0], "type": "Point", "geometries": null}}, {"type": "Feature", "properties": {"ModifiedDa": "2016-04-06", "SAPEquipID": 300071567, "AssetName": "BBQ - Wood - 01", "d_SubtypeC": "BBQ/Fireplace", "d_AssetTyp": "No Roof", "d_AssetMat": "Steel", "d_Branch": "Greater Sydney", "d_LGA": "Ryde", "Comments": null, "Easting": 328951.74, "Northing": 6259459.23, "Latitude": "33\u00c2\u00b0 47.473' S", "Longitude": "151\u00c2\u00b0 9.145' E", "VERDATE": "2025-12-05"}, "geometry": {"coordinates": [151.1524139466668, -33.79121421999946, 0.0], "type": "Point", "geometries": null}}, {"type": "Feature", "properties": {"ModifiedDa": "2025-07-29", "SAPEquipID": 300071573, "AssetName": "Seat - Timber - 14", "d_SubtypeC": "Seat", "d_AssetTyp": "Without Pad", "d_AssetMat": "Timber", "d_Branch": "Greater Sydney", "d_LGA": "Northern Beaches", "Comments": null, "Easting": 343082.15, "Northing": 6283221.21, "Latitude": "33\u00c2\u00b0 34.751' S", "Longitude": "151\u00c2\u00b0 18.551' E", "VERDATE": "2025-12-05"}, "geometry": {"coordinates": [151.3091840212261, -33.5791808251081, 0.0], "type": "Point", "geometries": null}}, {"type": "Feature", "properties": {"ModifiedDa": "2016-04-06", "SAPEquipID": 300071588, "AssetName": "Picnic Table - No Roof - 04", "d_SubtypeC": "Picnic Table", "d_AssetTyp": "No Roof", "d_AssetMat": "Timber", "d_Branch": "Greater Sydney", "d_LGA": "Ryde", "Comments": "no animal  feeding sign", "Easting": 328983.37, "Northing": 6259476.93, "Latitude": "33\u00c2\u00b0 47.464' S", "Longitude": "151\u00c2\u00b0 9.166' E", "VERDATE": "2025-12-05"}, "geometry": {"coordinates": [151.15275888666656, -33.79105977999939, 0.0], "type": "Point", "geometries": null}}, {"type": "Feature", "properties": {"ModifiedDa": "2025-07-29", "SAPEquipID": 300071596, "AssetName": "Seat - Timber - 15", "d_SubtypeC": "Seat", "d_AssetTyp": "Without Pad", "d_AssetMat": "Timber", "d_Branch": "Greater Sydney", "d_LGA": "Northern Beaches", "Comments": null, "Easting": 343081.69, "Northing": 6283216.08, "Latitude": "33\u00c2\u00b0 34.754' S", "Longitude": "151\u00c2\u00b0 18.551' E", "VERDATE": "2025-12-05"}, "geometry": {"coordinates": [151.30917822475828, -33.57922698116835, 0.0], "type": "Point", "geometries": null}}, {"type": "Feature", "properties": {"ModifiedDa": "2016-04-06", "SAPEquipID": 300071611, "AssetName": "WRS - 02", "d_SubtypeC": "Waste/Recycling Stn", "d_AssetTyp": "Not Applicable", "d_AssetMat": "Not Applicable", "d_Branch": "Greater Sydney", "d_LGA": "Ryde", "Comments": null, "Easting": 329013.95, "Northing": 6259464.08, "Latitude": "33\u00c2\u00b0 47.471' S", "Longitude": "151\u00c2\u00b0 9.185' E", "VERDATE": "2025-12-05"}, "geometry": {"coordinates": [151.1530865533333, -33.791180553332765, 0.0], "type": "Point", "geometries": null}}, {"type": "Feature", "properties": {"ModifiedDa": "2016-04-06", "SAPEquipID": 300071618, "AssetName": "Seat - Timber - 16", "d_SubtypeC": "Seat", "d_AssetTyp": "Without Pad", "d_AssetMat": "Timber", "d_Branch": "Greater Sydney", "d_LGA": "Northern Beaches", "Comments": null, "Easting": 341534.46, "Northing": 6280419.83, "Latitude": "33\u00c2\u00b0 36.252' S", "Longitude": "151\u00c2\u00b0 17.521' E", "VERDATE": "2025-12-05"}, "geometry": {"coordinates": [151.292016053334, -33.604207666666525, 0.0], "type": "Point", "geometries": null}}, {"type": "Feature", "properties": {"ModifiedDa": "2016-04-06", "SAPEquipID": 300071641, "AssetName": "Seat - Timber - 17", "d_SubtypeC": "Seat", "d_AssetTyp": "Without Pad", "d_AssetMat": "Timber", "d_Branch": "Greater Sydney", "d_LGA": "Northern Beaches", "Comments": null, "Easting": 341509.85, "Northing": 6280427.4, "Latitude": "33\u00c2\u00b0 36.248' S", "Longitude": "151\u00c2\u00b0 17.505' E", "VERDATE": "2025-12-05"}, "geometry": {"coordinates": [151.29175228000065, -33.604135779999865, 0.0], "type": "Point", "geometries": null}}, {"type": "Feature", "properties": {"ModifiedDa": "2016-04-06", "SAPEquipID": 300071657, "AssetName": "BBQ - Gas", "d_SubtypeC": "BBQ/Fireplace", "d_AssetTyp": "With Roof", "d_AssetMat": "Steel Stainless", "d_Branch": "Greater Sydney", "d_LGA": "Ryde", "Comments": null, "Easting": 327396.62, "Northing": 6260620.1, "Latitude": "33\u00c2\u00b0 46.83' S", "Longitude": "151\u00c2\u00b0 8.151' E", "VERDATE": "2025-12-05"}, "geometry": {"coordinates": [151.13585083333328, -33.78049699999946, 0.0], "type": "Point", "geometries": null}}, {"type": "Feature", "properties": {"ModifiedDa": "2016-04-06", "SAPEquipID": 300071664, "AssetName": "Seat - Timber - 18", "d_SubtypeC": "Seat", "d_AssetTyp": "Without Pad", "d_AssetMat": "Timber", "d_Branch": "Greater Sydney", "d_LGA": "Northern Beaches", "Comments": null, "Easting": 341497.81, "Northing": 6280465.17, "Latitude": "33\u00c2\u00b0 36.228' S", "Longitude": "151\u00c2\u00b0 17.498' E", "VERDATE": "2025-12-05"}, "geometry": {"coordinates": [151.29162922000023, -33.60379349999988, 0.0], "type": "Point", "geometries": null}}, {"type": "Feature", "properties": {"ModifiedDa": "2016-04-06", "SAPEquipID": 300071680, "AssetName": "Picnic Table - No Roof - 04", "d_SubtypeC": "Picnic Table", "d_AssetTyp": "No Roof", "d_AssetMat": "Timber Treated", "d_Branch": "Greater Sydney", "d_LGA": "Ku-Ring-Gai", "Comments": "This is a redo for DMJ so Rod can delete the table taken away", "Easting": 328602.62, "Northing": 6259197.23, "Latitude": "33\u00c2\u00b0 47.611' S", "Longitude": "151\u00c2\u00b0 8.916' E", "VERDATE": "2025-12-05"}, "geometry": {"coordinates": [151.14859378000006, -33.79351955333266, 0.0], "type": "Point", "geometries": null}}, {"type": "Feature", "properties": {"ModifiedDa": "2016-04-06", "SAPEquipID": 300071709, "AssetName": "Seat - Timber - 20", "d_SubtypeC": "Seat", "d_AssetTyp": "Without Pad", "d_AssetMat": "Timber", "d_Branch": "Greater Sydney", "d_LGA": "Northern Beaches", "Comments": null, "Easting": 341526.38, "Northing": 6280449.69, "Latitude": "33\u00c2\u00b0 36.236' S", "Longitude": "151\u00c2\u00b0 17.516' E", "VERDATE": "2025-12-05"}, "geometry": {"coordinates": [151.29193431333408, -33.6039372533333, 0.0], "type": "Point", "geometries": null}}, {"type": "Feature", "properties": {"ModifiedDa": "2016-04-06", "SAPEquipID": 300071732, "AssetName": "Seat - Treated Timber - 02", "d_SubtypeC": "Seat", "d_AssetTyp": "Without Pad", "d_AssetMat": "Timber Treated", "d_Branch": "Greater Sydney", "d_LGA": "Northern Beaches", "Comments": null, "Easting": 342231.08, "Northing": 6283326.99, "Latitude": "33\u00c2\u00b0 34.686' S", "Longitude": "151\u00c2\u00b0 18.002' E", "VERDATE": "2025-12-05"}, "geometry": {"coordinates": [151.30003583333405, -33.57810149999989, 0.0], "type": "Point", "geometries": null}}, {"type": "Feature", "properties": {"ModifiedDa": "2022-03-04", "SAPEquipID": 300071797, "AssetName": "Seat - around fire ring - 01", "d_SubtypeC": "Seat", "d_AssetTyp": "Without Pad", "d_AssetMat": "Other", "d_Branch": "Blue Mountains", "d_LGA": "Hawkesbury", "Comments": null, "Easting": 304138.41, "Northing": 6316693.24, "Latitude": "33\u00c2\u00b0 16.262' S", "Longitude": "150\u00c2\u00b0 53.824' E", "VERDATE": "2025-12-05"}, "geometry": {"coordinates": [150.89707198666667, -33.271033126666566, 0.0], "type": "Point", "geometries": null}}, {"type": "Feature", "properties": {"ModifiedDa": "2022-03-04", "SAPEquipID": 300071820, "AssetName": "Seat - around fire ring - 04", "d_SubtypeC": "Seat", "d_AssetTyp": "Without Pad", "d_AssetMat": "Other", "d_Branch": "Blue Mountains", "d_LGA": "Hawkesbury", "Comments": null, "Easting": 304144.99, "Northing": 6316698.51, "Latitude": "33\u00c2\u00b0 16.259' S", "Longitude": "150\u00c2\u00b0 53.829' E", "VERDATE": "2025-12-05"}, "geometry": {"coordinates": [150.8971436933332, -33.27098684666663, 0.0], "type": "Point", "geometries": null}}, {"type": "Feature", "properties": {"ModifiedDa": "2016-04-06", "SAPEquipID": 300071981, "AssetName": "Seat - Treated Timber", "d_SubtypeC": "Seat", "d_AssetTyp": "Without Pad", "d_AssetMat": "Timber Treated", "d_Branch": "Greater Sydney", "d_LGA": "Northern Beaches", "Comments": null, "Easting": 333499.11, "Northing": 6262183.39, "Latitude": "33\u00c2\u00b0 46.043' S", "Longitude": "151\u00c2\u00b0 12.121' E", "VERDATE": "2025-12-05"}, "geometry": {"coordinates": [151.20202452666695, -33.767382219999774, 0.0], "type": "Point", "geometries": null}}, {"type": "Feature", "properties": {"ModifiedDa": "2016-04-06", "SAPEquipID": 300072003, "AssetName": "Seat - Timber - 07", "d_SubtypeC": "Seat", "d_AssetTyp": "Without Pad", "d_AssetMat": "Timber", "d_Branch": "Greater Sydney", "d_LGA": "Northern Beaches", "Comments": null, "Easting": 343066.23, "Northing": 6283221.88, "Latitude": "33\u00c2\u00b0 34.75' S", "Longitude": "151\u00c2\u00b0 18.541' E", "VERDATE": "2025-12-05"}, "geometry": {"coordinates": [151.30901272000006, -33.57917244666652, 0.0], "type": "Point", "geometries": null}}, {"type": "Feature", "properties": {"ModifiedDa": "2016-04-06", "SAPEquipID": 300072512, "AssetName": "WRS - 01", "d_SubtypeC": "Waste/Recycling Stn", "d_AssetTyp": "Not Applicable", "d_AssetMat": "Not Applicable", "d_Branch": "Greater Sydney", "d_LGA": "Northern Beaches", "Comments": null, "Easting": 334095.13, "Northing": 6261342.94, "Latitude": "33\u00c2\u00b0 46.503' S", "Longitude": "151\u00c2\u00b0 12.498' E", "VERDATE": "2025-12-05"}, "geometry": {"coordinates": [151.20830016666696, -33.775052333333235, 0.0], "type": "Point", "geometries": null}}, {"type": "Feature", "properties": {"ModifiedDa": "2016-04-06", "SAPEquipID": 300072536, "AssetName": "WRS - 03", "d_SubtypeC": "Waste/Recycling Stn", "d_AssetTyp": "Not Applicable", "d_AssetMat": "Not Applicable", "d_Branch": "Greater Sydney", "d_LGA": "Northern Beaches", "Comments": null, "Easting": 333744.31, "Northing": 6261762.92, "Latitude": "33\u00c2\u00b0 46.273' S", "Longitude": "151\u00c2\u00b0 12.276' E", "VERDATE": "2025-12-05"}, "geometry": {"coordinates": [151.20459211333343, -33.771211219999884, 0.0], "type": "Point", "geometries": null}}, {"type": "Feature", "properties": {"ModifiedDa": "2016-04-06", "SAPEquipID": 300073179, "AssetName": "Swimming Pool - Towlers Bay House", "d_SubtypeC": "Swimming Pool", "d_AssetTyp": "Not Applicable", "d_AssetMat": "Not Applicable", "d_Branch": "Greater Sydney", "d_LGA": "Northern Beaches", "Comments": null, "Easting": 340688.29, "Northing": 6278358.59, "Latitude": "33\u00c2\u00b0 37.36' S", "Longitude": "151\u00c2\u00b0 16.952' E", "VERDATE": "2025-12-05"}, "geometry": {"coordinates": [151.28253072000007, -33.6226643866666, 0.0], "type": "Point", "geometries": null}}, {"type": "Feature", "properties": {"ModifiedDa": "2016-04-06", "SAPEquipID": 300073293, "AssetName": "Seat - Timber - 06", "d_SubtypeC": "Seat", "d_AssetTyp": "Without Pad", "d_AssetMat": "Timber", "d_Branch": "Greater Sydney", "d_LGA": "Northern Beaches", "Comments": null, "Easting": 341560.69, "Northing": 6280366.82, "Latitude": "33\u00c2\u00b0 36.281' S", "Longitude": "151\u00c2\u00b0 17.537' E", "VERDATE": "2025-12-05"}, "geometry": {"coordinates": [151.29228921333345, -33.604689513333085, 0.0], "type": "Point", "geometries": null}}, {"type": "Feature", "properties": {"ModifiedDa": "2016-04-06", "SAPEquipID": 300073315, "AssetName": "Seat - Timber - 05", "d_SubtypeC": "Seat", "d_AssetTyp": "Without Pad", "d_AssetMat": "Timber", "d_Branch": "Greater Sydney", "d_LGA": "Northern Beaches", "Comments": null, "Easting": 335118.51, "Northing": 6276682.29, "Latitude": "33\u00c2\u00b0 38.216' S", "Longitude": "151\u00c2\u00b0 13.332' E", "VERDATE": "2025-12-05"}, "geometry": {"coordinates": [151.22219972000016, -33.636928166666564, 0.0], "type": "Point", "geometries": null}}, {"type": "Feature", "properties": {"ModifiedDa": "2016-04-06", "SAPEquipID": 300073338, "AssetName": "Seat - Timber - 04", "d_SubtypeC": "Seat", "d_AssetTyp": "Without Pad", "d_AssetMat": "Timber", "d_Branch": "Greater Sydney", "d_LGA": "Northern Beaches", "Comments": null, "Easting": 335107.98, "Northing": 6276690.42, "Latitude": "33\u00c2\u00b0 38.211' S", "Longitude": "151\u00c2\u00b0 13.325' E", "VERDATE": "2025-12-05"}, "geometry": {"coordinates": [151.22208778000015, -33.636853279999855, 0.0], "type": "Point", "geometries": null}}, {"type": "Feature", "properties": {"ModifiedDa": "2016-04-06", "SAPEquipID": 300073731, "AssetName": "Picnic Table - 01", "d_SubtypeC": "Picnic Table", "d_AssetTyp": "No Roof", "d_AssetMat": "Timber Treated", "d_Branch": "Greater Sydney", "d_LGA": "Northern Beaches", "Comments": null, "Easting": 338164.88, "Northing": 6273772.87, "Latitude": "33\u00c2\u00b0 39.818' S", "Longitude": "151\u00c2\u00b0 15.27' E", "VERDATE": "2025-12-05"}, "geometry": {"coordinates": [151.25450366666678, -33.66362511333318, 0.0], "type": "Point", "geometries": null}}, {"type": "Feature", "properties": {"ModifiedDa": "2016-04-06", "SAPEquipID": 300073753, "AssetName": "Picnic Table - Timber - 01", "d_SubtypeC": "Picnic Table", "d_AssetTyp": "No Roof", "d_AssetMat": "Timber", "d_Branch": "Greater Sydney", "d_LGA": "Northern Beaches", "Comments": null, "Easting": 342280.2, "Northing": 6283322.29, "Latitude": "33\u00c2\u00b0 34.689' S", "Longitude": "151\u00c2\u00b0 18.034' E", "VERDATE": "2025-12-05"}, "geometry": {"coordinates": [151.30056411333373, -33.57815111333315, 0.0], "type": "Point", "geometries": null}}, {"type": "Feature", "properties": {"ModifiedDa": "2016-04-06", "SAPEquipID": 300073776, "AssetName": "Picnic Table - Timber - 01", "d_SubtypeC": "Picnic Table", "d_AssetTyp": "No Roof", "d_AssetMat": "Timber", "d_Branch": "Greater Sydney", "d_LGA": "Northern Beaches", "Comments": null, "Easting": 338428.24, "Northing": 6277842.23, "Latitude": "33\u00c2\u00b0 37.619' S", "Longitude": "151\u00c2\u00b0 15.485' E", "VERDATE": "2025-12-05"}, "geometry": {"coordinates": [151.25808216666712, -33.62697883333328, 0.0], "type": "Point", "geometries": null}}, {"type": "Feature", "properties": {"ModifiedDa": "2016-04-06", "SAPEquipID": 300073811, "AssetName": "Picnic Table - Timber - 02", "d_SubtypeC": "Picnic Table", "d_AssetTyp": "No Roof", "d_AssetMat": "Timber", "d_Branch": "Greater Sydney", "d_LGA": "Northern Beaches", "Comments": null, "Easting": 336327.68, "Northing": 6261106.56, "Latitude": "33\u00c2\u00b0 46.652' S", "Longitude": "151\u00c2\u00b0 13.941' E", "VERDATE": "2025-12-05"}, "geometry": {"coordinates": [151.2323568866674, -33.77753094666656, 0.0], "type": "Point", "geometries": null}}, {"type": "Feature", "properties": {"ModifiedDa": "2016-04-06", "SAPEquipID": 300073835, "AssetName": "Picnic Table - Timber - 03", "d_SubtypeC": "Picnic Table", "d_AssetTyp": "No Roof", "d_AssetMat": "Timber", "d_Branch": "Greater Sydney", "d_LGA": "Northern Beaches", "Comments": null, "Easting": 333408.12, "Northing": 6262166.22, "Latitude": "33\u00c2\u00b0 46.051' S", "Longitude": "151\u00c2\u00b0 12.062' E", "VERDATE": "2025-12-05"}, "geometry": {"coordinates": [151.2010391666671, -33.76752266666654, 0.0], "type": "Point", "geometries": null}}, {"type": "Feature", "properties": {"ModifiedDa": "2016-04-06", "SAPEquipID": 300073858, "AssetName": "Picnic Table - Timber - 06", "d_SubtypeC": "Picnic Table", "d_AssetTyp": "No Roof", "d_AssetMat": "Timber", "d_Branch": "Greater Sydney", "d_LGA": "Northern Beaches", "Comments": null, "Easting": 342202.91, "Northing": 6283305.66, "Latitude": "33\u00c2\u00b0 34.697' S", "Longitude": "151\u00c2\u00b0 17.984' E", "VERDATE": "2025-12-05"}, "geometry": {"coordinates": [151.2997286666672, -33.57828966666648, 0.0], "type": "Point", "geometries": null}}, {"type": "Feature", "properties": {"ModifiedDa": "2016-04-06", "SAPEquipID": 300073880, "AssetName": "Picnic Table - Timber - 07", "d_SubtypeC": "Picnic Table", "d_AssetTyp": "No Roof", "d_AssetMat": "Timber", "d_Branch": "Greater Sydney", "d_LGA": "Northern Beaches", "Comments": null, "Easting": 333446.3, "Northing": 6262138.51, "Latitude": "33\u00c2\u00b0 46.067' S", "Longitude": "151\u00c2\u00b0 12.087' E", "VERDATE": "2025-12-05"}, "geometry": {"coordinates": [151.20144600000037, -33.76777849999996, 0.0], "type": "Point", "geometries": null}}, {"type": "Feature", "properties": {"ModifiedDa": "2016-04-06", "SAPEquipID": 300073903, "AssetName": "Picnic Table - Timber - 11", "d_SubtypeC": "Picnic Table", "d_AssetTyp": "No Roof", "d_AssetMat": "Timber", "d_Branch": "Greater Sydney", "d_LGA": "Northern Beaches", "Comments": null, "Easting": 333499.82, "Northing": 6262103.61, "Latitude": "33\u00c2\u00b0 46.086' S", "Longitude": "151\u00c2\u00b0 12.121' E", "VERDATE": "2025-12-05"}, "geometry": {"coordinates": [151.20201716666725, -33.76810149999989, 0.0], "type": "Point", "geometries": null}}, {"type": "Feature", "properties": {"ModifiedDa": "2016-04-06", "SAPEquipID": 300073948, "AssetName": "Picnic Table - Timber - 24", "d_SubtypeC": "Picnic Table", "d_AssetTyp": "No Roof", "d_AssetMat": "Timber", "d_Branch": "Greater Sydney", "d_LGA": "Northern Beaches", "Comments": null, "Easting": 333727.52, "Northing": 6261948.84, "Latitude": "33\u00c2\u00b0 46.172' S", "Longitude": "151\u00c2\u00b0 12.267' E", "VERDATE": "2025-12-05"}, "geometry": {"coordinates": [151.20444583333358, -33.76953249999997, 0.0], "type": "Point", "geometries": null}}, {"type": "Feature", "properties": {"ModifiedDa": "2016-04-06", "SAPEquipID": 300073971, "AssetName": "BBQ - Wood - 12", "d_SubtypeC": "BBQ/Fireplace", "d_AssetTyp": "No Roof", "d_AssetMat": "Steel", "d_Branch": "Greater Sydney", "d_LGA": "Northern Beaches", "Comments": null, "Easting": 333586.2, "Northing": 6262169.56, "Latitude": "33\u00c2\u00b0 46.051' S", "Longitude": "151\u00c2\u00b0 12.178' E", "VERDATE": "2025-12-05"}, "geometry": {"coordinates": [151.20296200000064, -33.76752055333327, 0.0], "type": "Point", "geometries": null}}, {"type": "Feature", "properties": {"ModifiedDa": "2016-04-06", "SAPEquipID": 300073993, "AssetName": "BBQ - Wood - 07", "d_SubtypeC": "BBQ/Fireplace", "d_AssetTyp": "With Roof", "d_AssetMat": "Block - Concrete", "d_Branch": "Greater Sydney", "d_LGA": "Northern Beaches", "Comments": null, "Easting": 333593.97, "Northing": 6262091.89, "Latitude": "33\u00c2\u00b0 46.093' S", "Longitude": "151\u00c2\u00b0 12.182' E", "VERDATE": "2025-12-05"}, "geometry": {"coordinates": [151.20303116666707, -33.76822199999981, 0.0], "type": "Point", "geometries": null}}, {"type": "Feature", "properties": {"ModifiedDa": "2016-04-06", "SAPEquipID": 300074257, "AssetName": "BBQ - Wood - 09", "d_SubtypeC": "BBQ/Fireplace", "d_AssetTyp": "No Roof", "d_AssetMat": "Steel", "d_Branch": "Greater Sydney", "d_LGA": "Northern Beaches", "Comments": null, "Easting": 333760.07, "Northing": 6261954.0, "Latitude": "33\u00c2\u00b0 46.169' S", "Longitude": "151\u00c2\u00b0 12.288' E", "VERDATE": "2025-12-05"}, "geometry": {"coordinates": [151.20479816666693, -33.76949116666651, 0.0], "type": "Point", "geometries": null}}, {"type": "Feature", "properties": {"ModifiedDa": "2016-04-06", "SAPEquipID": 300074282, "AssetName": "Seat - Timber - 08", "d_SubtypeC": "Seat", "d_AssetTyp": "Without Pad", "d_AssetMat": "Timber", "d_Branch": "Greater Sydney", "d_LGA": "Northern Beaches", "Comments": null, "Easting": 341540.86, "Northing": 6280335.28, "Latitude": "33\u00c2\u00b0 36.298' S", "Longitude": "151\u00c2\u00b0 17.524' E", "VERDATE": "2025-12-05"}, "geometry": {"coordinates": [151.29207000000065, -33.604970899999955, 0.0], "type": "Point", "geometries": null}}, {"type": "Feature", "properties": {"ModifiedDa": "2016-04-06", "SAPEquipID": 300074322, "AssetName": "BBQ - Electric - 01", "d_SubtypeC": "BBQ/Fireplace", "d_AssetTyp": "With Roof", "d_AssetMat": "Steel Stainless", "d_Branch": "Greater Sydney", "d_LGA": "Northern Beaches", "Comments": null, "Easting": 333730.47, "Northing": 6261898.02, "Latitude": "33\u00c2\u00b0 46.199' S", "Longitude": "151\u00c2\u00b0 12.268' E", "VERDATE": "2025-12-05"}, "geometry": {"coordinates": [151.20446816666754, -33.7699911666665, 0.0], "type": "Point", "geometries": null}}, {"type": "Feature", "properties": {"ModifiedDa": "2016-04-06", "SAPEquipID": 300074343, "AssetName": "BBQ - Gas - 01", "d_SubtypeC": "BBQ/Fireplace", "d_AssetTyp": "With Roof", "d_AssetMat": "Other", "d_Branch": "Greater Sydney", "d_LGA": "Northern Beaches", "Comments": null, "Easting": 342211.03, "Northing": 6283303.65, "Latitude": "33\u00c2\u00b0 34.699' S", "Longitude": "151\u00c2\u00b0 17.989' E", "VERDATE": "2025-12-05"}, "geometry": {"coordinates": [151.29981576666694, -33.578308939999886, 0.0], "type": "Point", "geometries": null}}, {"type": "Feature", "properties": {"ModifiedDa": "2016-04-06", "SAPEquipID": 300074364, "AssetName": "BBQ - Gas - 01", "d_SubtypeC": "BBQ/Fireplace", "d_AssetTyp": "No Roof", "d_AssetMat": "Steel Stainless", "d_Branch": "Greater Sydney", "d_LGA": "Northern Beaches", "Comments": null, "Easting": 335091.45, "Northing": 6276733.05, "Latitude": "33\u00c2\u00b0 38.188' S", "Longitude": "151\u00c2\u00b0 13.315' E", "VERDATE": "2025-12-05"}, "geometry": {"coordinates": [151.2219174600001, -33.6364663399998, 0.0], "type": "Point", "geometries": null}}, {"type": "Feature", "properties": {"ModifiedDa": "2016-04-06", "SAPEquipID": 300074386, "AssetName": "BBQ - Gas - 02", "d_SubtypeC": "BBQ/Fireplace", "d_AssetTyp": "No Roof", "d_AssetMat": "Steel Stainless", "d_Branch": "Greater Sydney", "d_LGA": "Northern Beaches", "Comments": null, "Easting": 335116.79, "Northing": 6276672.31, "Latitude": "33\u00c2\u00b0 38.221' S", "Longitude": "151\u00c2\u00b0 13.331' E", "VERDATE": "2025-12-05"}, "geometry": {"coordinates": [151.2221793533338, -33.63701783999977, 0.0], "type": "Point", "geometries": null}}, {"type": "Feature", "properties": {"ModifiedDa": "2016-04-06", "SAPEquipID": 300074408, "AssetName": "BBQ - Gas - 04", "d_SubtypeC": "BBQ/Fireplace", "d_AssetTyp": "No Roof", "d_AssetMat": null, "d_Branch": "Greater Sydney", "d_LGA": "Northern Beaches", "Comments": null, "Easting": 341739.65, "Northing": 6280609.95, "Latitude": "33\u00c2\u00b0 36.151' S", "Longitude": "151\u00c2\u00b0 17.656' E", "VERDATE": "2025-12-05"}, "geometry": {"coordinates": [151.29426061333368, -33.60252416666651, 0.0], "type": "Point", "geometries": null}}, {"type": "Feature", "properties": {"ModifiedDa": "2016-04-06", "SAPEquipID": 300074430, "AssetName": "BBQ - Wood - 01", "d_SubtypeC": "BBQ/Fireplace", "d_AssetTyp": "No Roof", "d_AssetMat": "Steel", "d_Branch": "Greater Sydney", "d_LGA": "Northern Beaches", "Comments": null, "Easting": 333338.0, "Northing": 6262184.0, "Latitude": "33\u00c2\u00b0 46.041' S", "Longitude": "151\u00c2\u00b0 12.017' E", "VERDATE": "2025-12-05"}, "geometry": {"coordinates": [151.2002856666668, -33.76735133333324, 0.0], "type": "Point", "geometries": null}}, {"type": "Feature", "properties": {"ModifiedDa": "2016-04-06", "SAPEquipID": 300074452, "AssetName": "BBQ - Wood - 02", "d_SubtypeC": "BBQ/Fireplace", "d_AssetTyp": "No Roof", "d_AssetMat": "Steel", "d_Branch": "Greater Sydney", "d_LGA": "Northern Beaches", "Comments": null, "Easting": 336354.69, "Northing": 6261103.01, "Latitude": "33\u00c2\u00b0 46.654' S", "Longitude": "151\u00c2\u00b0 13.959' E", "VERDATE": "2025-12-05"}, "geometry": {"coordinates": [151.2326477800001, -33.777567113333305, 0.0], "type": "Point", "geometries": null}}, {"type": "Feature", "properties": {"ModifiedDa": "2016-04-06", "SAPEquipID": 300074474, "AssetName": "BBQ - Wood - 03", "d_SubtypeC": "BBQ/Fireplace", "d_AssetTyp": "No Roof", "d_AssetMat": "Steel", "d_Branch": "Greater Sydney", "d_LGA": "Northern Beaches", "Comments": null, "Easting": 336347.01, "Northing": 6261094.79, "Latitude": "33\u00c2\u00b0 46.658' S", "Longitude": "151\u00c2\u00b0 13.954' E", "VERDATE": "2025-12-05"}, "geometry": {"coordinates": [151.23256333333404, -33.77763999999996, 0.0], "type": "Point", "geometries": null}}, {"type": "Feature", "properties": {"ModifiedDa": "2016-04-06", "SAPEquipID": 300074496, "AssetName": "BBQ - Wood - 03", "d_SubtypeC": "BBQ/Fireplace", "d_AssetTyp": "No Roof", "d_AssetMat": "Steel", "d_Branch": "Greater Sydney", "d_LGA": "Northern Beaches", "Comments": null, "Easting": 333462.22, "Northing": 6262131.34, "Latitude": "33\u00c2\u00b0 46.071' S", "Longitude": "151\u00c2\u00b0 12.097' E", "VERDATE": "2025-12-05"}, "geometry": {"coordinates": [151.2016165000001, -33.76784566666652, 0.0], "type": "Point", "geometries": null}}, {"type": "Feature", "properties": {"ModifiedDa": "2016-04-06", "SAPEquipID": 300074519, "AssetName": "BBQ - Wood - 05", "d_SubtypeC": "BBQ/Fireplace", "d_AssetTyp": "No Roof", "d_AssetMat": "Steel", "d_Branch": "Greater Sydney", "d_LGA": "Northern Beaches", "Comments": null, "Easting": 333564.48, "Northing": 6262127.83, "Latitude": "33\u00c2\u00b0 46.074' S", "Longitude": "151\u00c2\u00b0 12.163' E", "VERDATE": "2025-12-05"}, "geometry": {"coordinates": [151.20271966666724, -33.76789333333312, 0.0], "type": "Point", "geometries": null}}, {"type": "Feature", "properties": {"ModifiedDa": "2018-06-04", "SAPEquipID": 300074563, "AssetName": "Seat - Outside fence, nr Area Office", "d_SubtypeC": "Seat", "d_AssetTyp": "With Pad", "d_AssetMat": "Timber", "d_Branch": "Greater Sydney", "d_LGA": "Ryde", "Comments": null, "Easting": 328084.76, "Northing": 6259650.13, "Latitude": "33\u00c2\u00b0 47.361' S", "Longitude": "151\u00c2\u00b0 8.585' E", "VERDATE": "2025-12-05"}, "geometry": {"coordinates": [151.14309068947898, -33.789352833333226, 0.0], "type": "Point", "geometries": null}}, {"type": "Feature", "properties": {"ModifiedDa": "2016-04-06", "SAPEquipID": 300074575, "AssetName": "Picnic Table - Timber - 26", "d_SubtypeC": "Picnic Table", "d_AssetTyp": "With Roof", "d_AssetMat": "Timber", "d_Branch": "Greater Sydney", "d_LGA": "Northern Beaches", "Comments": null, "Easting": 333749.24, "Northing": 6261952.31, "Latitude": "33\u00c2\u00b0 46.17' S", "Longitude": "151\u00c2\u00b0 12.281' E", "VERDATE": "2025-12-05"}, "geometry": {"coordinates": [151.20468100000016, -33.76950466666648, 0.0], "type": "Point", "geometries": null}}, {"type": "Feature", "properties": {"ModifiedDa": "2016-04-06", "SAPEquipID": 300074597, "AssetName": "Picnic Table - Timber - 28", "d_SubtypeC": "Picnic Table", "d_AssetTyp": "With Roof", "d_AssetMat": "Timber", "d_Branch": "Greater Sydney", "d_LGA": "Northern Beaches", "Comments": null, "Easting": 333718.62, "Northing": 6261882.78, "Latitude": "33\u00c2\u00b0 46.208' S", "Longitude": "151\u00c2\u00b0 12.26' E", "VERDATE": "2025-12-05"}, "geometry": {"coordinates": [151.20433733333368, -33.7701266666665, 0.0], "type": "Point", "geometries": null}}, {"type": "Feature", "properties": {"ModifiedDa": "2018-06-04", "SAPEquipID": 300074670, "AssetName": "Swimming Pool - Main", "d_SubtypeC": "Swimming Pool", "d_AssetTyp": "Not Applicable", "d_AssetMat": "Not Applicable", "d_Branch": "Greater Sydney", "d_LGA": "Ryde", "Comments": null, "Easting": 328127.02, "Northing": 6259627.07, "Latitude": "33\u00c2\u00b0 47.374' S", "Longitude": "151\u00c2\u00b0 8.613' E", "VERDATE": "2025-12-05"}, "geometry": {"coordinates": [151.1435425392075, -33.78956757611394, 0.0], "type": "Point", "geometries": null}}, {"type": "Feature", "properties": {"ModifiedDa": "2018-06-04", "SAPEquipID": 300074692, "AssetName": "WRS - east of Amenity A4", "d_SubtypeC": "Waste/Recycling Stn", "d_AssetTyp": "Not Applicable", "d_AssetMat": "Not Applicable", "d_Branch": "Greater Sydney", "d_LGA": "Ryde", "Comments": "on concrete pad", "Easting": 328243.62, "Northing": 6259370.73, "Latitude": "33\u00c2\u00b0 47.514' S", "Longitude": "151\u00c2\u00b0 8.685' E", "VERDATE": "2025-12-05"}, "geometry": {"coordinates": [151.14475144269466, -33.79189723783304, 0.0], "type": "Point", "geometries": null}}, {"type": "Feature", "properties": {"ModifiedDa": "2018-06-04", "SAPEquipID": 300074714, "AssetName": "Seat - Timber - Amenity A1 drying area", "d_SubtypeC": "Seat", "d_AssetTyp": "With Pad", "d_AssetMat": "Timber", "d_Branch": "Greater Sydney", "d_LGA": "Ryde", "Comments": "outside amenity block", "Easting": 328095.92, "Northing": 6259819.03, "Latitude": "33\u00c2\u00b0 47.27' S", "Longitude": "151\u00c2\u00b0 8.595' E", "VERDATE": "2025-12-05"}, "geometry": {"coordinates": [151.14324411333382, -33.78783205333326, 0.0], "type": "Point", "geometries": null}}, {"type": "Feature", "properties": {"ModifiedDa": "2016-04-06", "SAPEquipID": 300074991, "AssetName": "Seat - Stone", "d_SubtypeC": "Seat", "d_AssetTyp": "Without Pad", "d_AssetMat": "Stone", "d_Branch": "Greater Sydney", "d_LGA": "Northern Beaches", "Comments": null, "Easting": 342394.57, "Northing": 6283682.89, "Latitude": "33\u00c2\u00b0 34.495' S", "Longitude": "151\u00c2\u00b0 18.112' E", "VERDATE": "2025-12-05"}, "geometry": {"coordinates": [151.30185961333382, -33.57491705333325, 0.0], "type": "Point", "geometries": null}}, {"type": "Feature", "properties": {"ModifiedDa": "2016-04-06", "SAPEquipID": 300075013, "AssetName": "Seat - Timber - 01", "d_SubtypeC": "Seat", "d_AssetTyp": "Without Pad", "d_AssetMat": "Timber", "d_Branch": "Greater Sydney", "d_LGA": "Northern Beaches", "Comments": "please don't feed the wildlife plaque", "Easting": 342221.33, "Northing": 6283326.47, "Latitude": "33\u00c2\u00b0 34.686' S", "Longitude": "151\u00c2\u00b0 17.996' E", "VERDATE": "2025-12-05"}, "geometry": {"coordinates": [151.29993072000036, -33.578104719999885, 0.0], "type": "Point", "geometries": null}}, {"type": "Feature", "properties": {"ModifiedDa": "2016-04-06", "SAPEquipID": 300075034, "AssetName": "Seat - Timber - 01", "d_SubtypeC": "Seat", "d_AssetTyp": "Without Pad", "d_AssetMat": "Timber", "d_Branch": "Greater Sydney", "d_LGA": "Northern Beaches", "Comments": null, "Easting": 341570.01, "Northing": 6280446.83, "Latitude": "33\u00c2\u00b0 36.238' S", "Longitude": "151\u00c2\u00b0 17.544' E", "VERDATE": "2025-12-05"}, "geometry": {"coordinates": [151.29240388666688, -33.603969553333286, 0.0], "type": "Point", "geometries": null}}, {"type": "Feature", "properties": {"ModifiedDa": "2016-04-06", "SAPEquipID": 300075055, "AssetName": "Seat - Timber - 02", "d_SubtypeC": "Seat", "d_AssetTyp": "Without Pad", "d_AssetMat": "Timber", "d_Branch": "Greater Sydney", "d_LGA": "Northern Beaches", "Comments": null, "Easting": 343036.88, "Northing": 6283232.05, "Latitude": "33\u00c2\u00b0 34.745' S", "Longitude": "151\u00c2\u00b0 18.522' E", "VERDATE": "2025-12-05"}, "geometry": {"coordinates": [151.30869838666683, -33.57907638666637, 0.0], "type": "Point", "geometries": null}}, {"type": "Feature", "properties": {"ModifiedDa": "2016-04-06", "SAPEquipID": 300075077, "AssetName": "Seat - Timber - 02", "d_SubtypeC": "Seat", "d_AssetTyp": "Without Pad", "d_AssetMat": "Timber", "d_Branch": "Greater Sydney", "d_LGA": "Northern Beaches", "Comments": null, "Easting": 341578.75, "Northing": 6280426.68, "Latitude": "33\u00c2\u00b0 36.249' S", "Longitude": "151\u00c2\u00b0 17.55' E", "VERDATE": "2025-12-05"}, "geometry": {"coordinates": [151.29249450000066, -33.60415249999983, 0.0], "type": "Point", "geometries": null}}, {"type": "Feature", "properties": {"ModifiedDa": "2016-04-06", "SAPEquipID": 300075099, "AssetName": "Seat - Timber - 03", "d_SubtypeC": "Seat", "d_AssetTyp": "Without Pad", "d_AssetMat": "Timber", "d_Branch": "Greater Sydney", "d_LGA": "Northern Beaches", "Comments": null, "Easting": 343042.25, "Northing": 6283221.88, "Latitude": "33\u00c2\u00b0 34.75' S", "Longitude": "151\u00c2\u00b0 18.525' E", "VERDATE": "2025-12-05"}, "geometry": {"coordinates": [151.30875444666685, -33.57916888666648, 0.0], "type": "Point", "geometries": null}}, {"type": "Feature", "properties": {"ModifiedDa": "2016-04-06", "SAPEquipID": 300075122, "AssetName": "Seat - Timber - 03", "d_SubtypeC": "Seat", "d_AssetTyp": "Without Pad", "d_AssetMat": "Timber", "d_Branch": "Greater Sydney", "d_LGA": "Northern Beaches", "Comments": null, "Easting": 335101.84, "Northing": 6276708.61, "Latitude": "33\u00c2\u00b0 38.201' S", "Longitude": "151\u00c2\u00b0 13.321' E", "VERDATE": "2025-12-05"}, "geometry": {"coordinates": [151.22202488666676, -33.63668833333321, 0.0], "type": "Point", "geometries": null}}, {"type": "Feature", "properties": {"ModifiedDa": "2016-04-06", "SAPEquipID": 300075145, "AssetName": "Seat - Timber - 04", "d_SubtypeC": "Seat", "d_AssetTyp": "With Pad", "d_AssetMat": "Timber", "d_Branch": "Greater Sydney", "d_LGA": "Northern Beaches", "Comments": null, "Easting": 334144.23, "Northing": 6261356.84, "Latitude": "33\u00c2\u00b0 46.496' S", "Longitude": "151\u00c2\u00b0 12.53' E", "VERDATE": "2025-12-05"}, "geometry": {"coordinates": [151.20883288403184, -33.774934728990445, 0.0], "type": "Point", "geometries": null}}, {"type": "Feature", "properties": {"ModifiedDa": "2018-06-04", "SAPEquipID": 300075341, "AssetName": "Picnic Table - Timber - mobile", "d_SubtypeC": "Picnic Table", "d_AssetTyp": "No Roof", "d_AssetMat": "Timber", "d_Branch": "Greater Sydney", "d_LGA": "Ryde", "Comments": "Picnic table currently nr playground", "Easting": 328092.57, "Northing": 6259774.32, "Latitude": "33\u00c2\u00b0 47.294' S", "Longitude": "151\u00c2\u00b0 8.592' E", "VERDATE": "2025-12-05"}, "geometry": {"coordinates": [151.14319916666716, -33.78823461333326, 0.0], "type": "Point", "geometries": null}}, {"type": "Feature", "properties": {"ModifiedDa": "2018-06-04", "SAPEquipID": 300075364, "AssetName": "Seat - in playground", "d_SubtypeC": "Seat", "d_AssetTyp": "Without Pad", "d_AssetMat": "Timber", "d_Branch": "Greater Sydney", "d_LGA": "Ryde", "Comments": null, "Easting": 328089.4, "Northing": 6259781.56, "Latitude": "33\u00c2\u00b0 47.29' S", "Longitude": "151\u00c2\u00b0 8.59' E", "VERDATE": "2025-12-05"}, "geometry": {"coordinates": [151.14316641459618, -33.78816878407736, 0.0], "type": "Point", "geometries": null}}, {"type": "Feature", "properties": {"ModifiedDa": "2024-04-09", "SAPEquipID": 300075441, "AssetName": "BBQ - Burragorang Lookout - 03", "d_SubtypeC": "BBQ/Fireplace", "d_AssetTyp": "With Roof", "d_AssetMat": "Steel Stainless", "d_Branch": "Blue Mountains", "d_LGA": "Wollondilly", "Comments": null, "Easting": 263283.19, "Northing": 6227247.22, "Latitude": "34\u00c2\u00b0 4.127' S", "Longitude": "150\u00c2\u00b0 26.096' E", "VERDATE": "2025-12-05"}, "geometry": {"coordinates": [150.43493439067436, -34.06878969482244, 0.0], "type": "Point", "geometries": null}}, {"type": "Feature", "properties": {"ModifiedDa": "2023-04-03", "SAPEquipID": 300075465, "AssetName": "Picnic Table - Burragorang Lookout - 01", "d_SubtypeC": "Picnic Table", "d_AssetTyp": "With Roof", "d_AssetMat": "Timber", "d_Branch": "Blue Mountains", "d_LGA": "Wollondilly", "Comments": null, "Easting": 263194.69, "Northing": 6227228.93, "Latitude": "34\u00c2\u00b0 4.136' S", "Longitude": "150\u00c2\u00b0 26.038' E", "VERDATE": "2025-12-05"}, "geometry": {"coordinates": [150.43397137366276, -34.06893447784154, 0.0], "type": "Point", "geometries": null}}, {"type": "Feature", "properties": {"ModifiedDa": "2023-04-03", "SAPEquipID": 300075489, "AssetName": "Seat - Burragorang Lookout - 02", "d_SubtypeC": "Seat", "d_AssetTyp": "With Pad", "d_AssetMat": "Timber", "d_Branch": "Blue Mountains", "d_LGA": "Wollondilly", "Comments": null, "Easting": 263186.3, "Northing": 6227230.64, "Latitude": "34\u00c2\u00b0 4.135' S", "Longitude": "150\u00c2\u00b0 26.033' E", "VERDATE": "2025-12-05"}, "geometry": {"coordinates": [150.43388097366062, -34.06891717784117, 0.0], "type": "Point", "geometries": null}}, {"type": "Feature", "properties": {"ModifiedDa": "2023-04-03", "SAPEquipID": 300075511, "AssetName": "Seat - Burragorang Lookout - 04", "d_SubtypeC": "Seat", "d_AssetTyp": "With Pad", "d_AssetMat": "Timber", "d_Branch": "Blue Mountains", "d_LGA": "Wollondilly", "Comments": null, "Easting": 263182.57, "Northing": 6227230.47, "Latitude": "34\u00c2\u00b0 4.135' S", "Longitude": "150\u00c2\u00b0 26.03' E", "VERDATE": "2025-12-05"}, "geometry": {"coordinates": [150.43384057365938, -34.068917877841216, 0.0], "type": "Point", "geometries": null}}, {"type": "Feature", "properties": {"ModifiedDa": "2023-04-03", "SAPEquipID": 300075533, "AssetName": "Seat - Burragorang Lookout - 07", "d_SubtypeC": "Seat", "d_AssetTyp": "With Pad", "d_AssetMat": "Timber", "d_Branch": "Blue Mountains", "d_LGA": "Wollondilly", "Comments": null, "Easting": 263187.64, "Northing": 6227218.84, "Latitude": "34\u00c2\u00b0 4.141' S", "Longitude": "150\u00c2\u00b0 26.034' E", "VERDATE": "2025-12-05"}, "geometry": {"coordinates": [150.43389227366072, -34.06902377784394, 0.0], "type": "Point", "geometries": null}}, {"type": "Feature", "properties": {"ModifiedDa": "2024-01-10", "SAPEquipID": 300075745, "AssetName": "Picnic Table - Burragorang Lookout - 03", "d_SubtypeC": "Picnic Table", "d_AssetTyp": "No Roof", "d_AssetMat": "Timber", "d_Branch": "Blue Mountains", "d_LGA": "Wollondilly", "Comments": null, "Easting": 263189.48, "Northing": 6227204.29, "Latitude": "34\u00c2\u00b0 4.149' S", "Longitude": "150\u00c2\u00b0 26.034' E", "VERDATE": "2025-12-05"}, "geometry": {"coordinates": [150.43390817366128, -34.06915527784736, 0.0], "type": "Point", "geometries": null}}, {"type": "Feature", "properties": {"ModifiedDa": "2022-03-04", "SAPEquipID": 300076103, "AssetName": "Picnic Table - Colo Meroo CA", "d_SubtypeC": "Picnic Table", "d_AssetTyp": "With Roof", "d_AssetMat": "Timber", "d_Branch": "Blue Mountains", "d_LGA": "Hawkesbury", "Comments": "in shelter", "Easting": 285404.39, "Northing": 6303760.33, "Latitude": "33\u00c2\u00b0 23.042' S", "Longitude": "150\u00c2\u00b0 41.58' E", "VERDATE": "2025-12-05"}, "geometry": {"coordinates": [150.69299255333374, -33.38402799999989, 0.0], "type": "Point", "geometries": null}}, {"type": "Feature", "properties": {"ModifiedDa": "2022-03-04", "SAPEquipID": 300076146, "AssetName": "Bin - Wheeny Ck CA - 03", "d_SubtypeC": "Bin", "d_AssetTyp": "Garbage", "d_AssetMat": "Not Applicable", "d_Branch": "Blue Mountains", "d_LGA": "Hawkesbury", "Comments": null, "Easting": 288015.5, "Northing": 6295821.16, "Latitude": "33\u00c2\u00b0 27.366' S", "Longitude": "150\u00c2\u00b0 43.15' E", "VERDATE": "2025-12-05"}, "geometry": {"coordinates": [150.71917275333362, -33.4560990866666, 0.0], "type": "Point", "geometries": null}}, {"type": "Feature", "properties": {"ModifiedDa": "2022-03-04", "SAPEquipID": 300076168, "AssetName": "Picnic Table - Yellow Rock Lookout - 01", "d_SubtypeC": "Picnic Table", "d_AssetTyp": "No Roof", "d_AssetMat": "Concrete", "d_Branch": "Blue Mountains", "d_LGA": "Blue Mountains", "Comments": null, "Easting": 282250.07, "Northing": 6270711.58, "Latitude": "33\u00c2\u00b0 40.874' S", "Longitude": "150\u00c2\u00b0 39.064' E", "VERDATE": "2025-12-05"}, "geometry": {"coordinates": [150.65106173333356, -33.68122939999989, 0.0], "type": "Point", "geometries": null}}, {"type": "Feature", "properties": {"ModifiedDa": "2022-03-04", "SAPEquipID": 300076190, "AssetName": "Picnic Table - Yellow Rock Lookout - 04", "d_SubtypeC": "Picnic Table", "d_AssetTyp": "With Roof", "d_AssetMat": "Concrete", "d_Branch": "Blue Mountains", "d_LGA": "Blue Mountains", "Comments": null, "Easting": 282222.55, "Northing": 6270733.9, "Latitude": "33\u00c2\u00b0 40.861' S", "Longitude": "150\u00c2\u00b0 39.046' E", "VERDATE": "2025-12-05"}, "geometry": {"coordinates": [150.6507705866668, -33.68102266666659, 0.0], "type": "Point", "geometries": null}}, {"type": "Feature", "properties": {"ModifiedDa": "2022-03-04", "SAPEquipID": 300076212, "AssetName": "BBQ - Wheeny Ck CA - 05", "d_SubtypeC": "BBQ/Fireplace", "d_AssetTyp": "No Roof", "d_AssetMat": "Steel", "d_Branch": "Blue Mountains", "d_LGA": "Hawkesbury", "Comments": "Lyrebird Camping Area", "Easting": 287859.43, "Northing": 6295869.2, "Latitude": "33\u00c2\u00b0 27.338' S", "Longitude": "150\u00c2\u00b0 43.05' E", "VERDATE": "2025-12-05"}, "geometry": {"coordinates": [150.71750611333357, -33.45563521999992, 0.0], "type": "Point", "geometries": null}}, {"type": "Feature", "properties": {"ModifiedDa": "2022-03-04", "SAPEquipID": 300076234, "AssetName": "Picnic Table -  Wheeny Ck CA - 02", "d_SubtypeC": "Picnic Table", "d_AssetTyp": "No Roof", "d_AssetMat": "Steel", "d_Branch": "Blue Mountains", "d_LGA": "Hawkesbury", "Comments": "Table seat - concrete support steel top", "Easting": 288201.98, "Northing": 6295721.17, "Latitude": "33\u00c2\u00b0 27.422' S", "Longitude": "150\u00c2\u00b0 43.269' E", "VERDATE": "2025-12-05"}, "geometry": {"coordinates": [150.72115416666747, -33.45703716666651, 0.0], "type": "Point", "geometries": null}}, {"type": "Feature", "properties": {"ModifiedDa": "2023-11-29", "SAPEquipID": 300076255, "AssetName": "BBQ - Burralow Ck CA - 10", "d_SubtypeC": "BBQ/Fireplace", "d_AssetTyp": "No Roof", "d_AssetMat": "Steel", "d_Branch": "Blue Mountains", "d_LGA": "Hawkesbury", "Comments": "Old fire rings at Burralow Creek Campground", "Easting": 277562.14, "Northing": 6284605.65, "Latitude": "33\u00c2\u00b0 33.303' S", "Longitude": "150\u00c2\u00b0 36.24' E", "VERDATE": "2025-12-05"}, "geometry": {"coordinates": [150.60399937800003, -33.55505086399995, 0.0], "type": "Point", "geometries": null}}, {"type": "Feature", "properties": {"ModifiedDa": "2022-03-04", "SAPEquipID": 300076277, "AssetName": "BBQ - Noika CA - 02", "d_SubtypeC": "BBQ/Fireplace", "d_AssetTyp": "No Roof", "d_AssetMat": "Steel", "d_Branch": "Blue Mountains", "d_LGA": "Blue Mountains", "Comments": "Nioka Camping Area - Campers and Trailers", "Easting": 279317.12, "Northing": 6257482.54, "Latitude": "33\u00c2\u00b0 47.99' S", "Longitude": "150\u00c2\u00b0 36.969' E", "VERDATE": "2025-12-05"}, "geometry": {"coordinates": [150.61614955333346, -33.799837333333244, 0.0], "type": "Point", "geometries": null}}, {"type": "Feature", "properties": {"ModifiedDa": "2022-03-04", "SAPEquipID": 300076299, "AssetName": "Bin - Redgum CA - 01", "d_SubtypeC": "Bin", "d_AssetTyp": "Garbage", "d_AssetMat": "Not Applicable", "d_Branch": "Blue Mountains", "d_LGA": "Blue Mountains", "Comments": "Nioka Day Use Area", "Easting": 279310.75, "Northing": 6257470.7, "Latitude": "33\u00c2\u00b0 47.997' S", "Longitude": "150\u00c2\u00b0 36.965' E", "VERDATE": "2025-12-05"}, "geometry": {"coordinates": [150.61607783333375, -33.79994271999982, 0.0], "type": "Point", "geometries": null}}, {"type": "Feature", "properties": {"ModifiedDa": "2022-03-04", "SAPEquipID": 300076320, "AssetName": "Seat - Glenbrook Office - 01", "d_SubtypeC": "Seat", "d_AssetTyp": "Without Pad", "d_AssetMat": "Timber Treated", "d_Branch": "Blue Mountains", "d_LGA": "Blue Mountains", "Comments": null, "Easting": 279695.77, "Northing": 6259880.06, "Latitude": "33\u00c2\u00b0 46.699' S", "Longitude": "150\u00c2\u00b0 37.25' E", "VERDATE": "2025-12-05"}, "geometry": {"coordinates": [150.62083466666684, -33.77831127999997, 0.0], "type": "Point", "geometries": null}}, {"type": "Feature", "properties": {"ModifiedDa": "2022-03-04", "SAPEquipID": 300076342, "AssetName": "Cycle Rack - Glenbrook Office", "d_SubtypeC": "Cycle Rack", "d_AssetTyp": "Not Applicable", "d_AssetMat": "Not Applicable", "d_Branch": "Blue Mountains", "d_LGA": "Blue Mountains", "Comments": null, "Easting": 279666.73, "Northing": 6259856.57, "Latitude": "33\u00c2\u00b0 46.711' S", "Longitude": "150\u00c2\u00b0 37.231' E", "VERDATE": "2025-12-05"}, "geometry": {"coordinates": [150.6205154466669, -33.77851688666652, 0.0], "type": "Point", "geometries": null}}, {"type": "Feature", "properties": {"ModifiedDa": "2022-03-04", "SAPEquipID": 300076364, "AssetName": "Bin - Redgum CA - 02", "d_SubtypeC": "Bin", "d_AssetTyp": "Garbage", "d_AssetMat": "Not Applicable", "d_Branch": "Blue Mountains", "d_LGA": "Blue Mountains", "Comments": "Redgum", "Easting": 279306.57, "Northing": 6257604.54, "Latitude": "33\u00c2\u00b0 47.924' S", "Longitude": "150\u00c2\u00b0 36.964' E", "VERDATE": "2025-12-05"}, "geometry": {"coordinates": [150.6160662133335, -33.798735759999886, 0.0], "type": "Point", "geometries": null}}, {"type": "Feature", "properties": {"ModifiedDa": "2022-03-04", "SAPEquipID": 300076386, "AssetName": "Picnic Table - Redgum CA", "d_SubtypeC": "Picnic Table", "d_AssetTyp": "No Roof", "d_AssetMat": "Timber", "d_Branch": "Blue Mountains", "d_LGA": "Blue Mountains", "Comments": "Redgum", "Easting": 279288.41, "Northing": 6257617.33, "Latitude": "33\u00c2\u00b0 47.917' S", "Longitude": "150\u00c2\u00b0 36.952' E", "VERDATE": "2025-12-05"}, "geometry": {"coordinates": [150.61587344666736, -33.798616779999804, 0.0], "type": "Point", "geometries": null}}, {"type": "Feature", "properties": {"ModifiedDa": "2022-03-04", "SAPEquipID": 300076408, "AssetName": "Picnic Table - Hawkesbury Lookout - 02", "d_SubtypeC": "Picnic Table", "d_AssetTyp": "No Roof", "d_AssetMat": "Timber", "d_Branch": "Blue Mountains", "d_LGA": "Blue Mountains", "Comments": "Steel Frame - one side cut away for wheelchairs", "Easting": 282274.44, "Northing": 6272265.44, "Latitude": "33\u00c2\u00b0 40.034' S", "Longitude": "150\u00c2\u00b0 39.102' E", "VERDATE": "2025-12-05"}, "geometry": {"coordinates": [150.65170528468445, -33.66723136120169, 0.0], "type": "Point", "geometries": null}}, {"type": "Feature", "properties": {"ModifiedDa": "2022-03-04", "SAPEquipID": 300076431, "AssetName": "Picnic Table - Appletree CA", "d_SubtypeC": "Picnic Table", "d_AssetTyp": "No Roof", "d_AssetMat": "Steel", "d_Branch": "Blue Mountains", "d_LGA": "Blue Mountains", "Comments": "Appletree Flat", "Easting": 279405.61, "Northing": 6257455.91, "Latitude": "33\u00c2\u00b0 48.006' S", "Longitude": "150\u00c2\u00b0 37.026' E", "VERDATE": "2025-12-05"}, "geometry": {"coordinates": [150.61709805333362, -33.80009577999988, 0.0], "type": "Point", "geometries": null}}, {"type": "Feature", "properties": {"ModifiedDa": "2022-03-04", "SAPEquipID": 300077065, "AssetName": "BBQ - Euroka DUA - 02", "d_SubtypeC": "BBQ/Fireplace", "d_AssetTyp": "No Roof", "d_AssetMat": "Steel", "d_Branch": "Blue Mountains", "d_LGA": "Blue Mountains", "Comments": "Main Flat", "Easting": 279468.82, "Northing": 6257587.41, "Latitude": "33\u00c2\u00b0 47.935' S", "Longitude": "150\u00c2\u00b0 37.069' E", "VERDATE": "2025-12-05"}, "geometry": {"coordinates": [150.61781325333345, -33.79892399999983, 0.0], "type": "Point", "geometries": null}}, {"type": "Feature", "properties": {"ModifiedDa": "2022-03-04", "SAPEquipID": 300077087, "AssetName": "Bin - Glenbrook Office - 02", "d_SubtypeC": "Bin", "d_AssetTyp": "Garbage", "d_AssetMat": "Not Applicable", "d_Branch": "Blue Mountains", "d_LGA": "Blue Mountains", "Comments": "1 missing", "Easting": 279682.62, "Northing": 6259882.11, "Latitude": "33\u00c2\u00b0 46.697' S", "Longitude": "150\u00c2\u00b0 37.242' E", "VERDATE": "2025-12-05"}, "geometry": {"coordinates": [150.62069334000057, -33.778290006666566, 0.0], "type": "Point", "geometries": null}}, {"type": "Feature", "properties": {"ModifiedDa": "2019-03-15", "SAPEquipID": 300077486, "AssetName": "Picnic Table - 02", "d_SubtypeC": "Picnic Table", "d_AssetTyp": "No Roof", "d_AssetMat": "Timber", "d_Branch": "Greater Sydney", "d_LGA": "Unincorporated", "Comments": null, "Easting": 337283.75, "Northing": 6251663.55, "Latitude": "33\u00c2\u00b0 51.768' S", "Longitude": "151\u00c2\u00b0 14.456' E", "VERDATE": "2025-12-05"}, "geometry": {"coordinates": [151.24093556000014, -33.86280638666659, 0.0], "type": "Point", "geometries": null}}, {"type": "Feature", "properties": {"ModifiedDa": "2022-03-04", "SAPEquipID": 300077737, "AssetName": "Bin - The Oaks Trl - 02", "d_SubtypeC": "Bin", "d_AssetTyp": "Garbage", "d_AssetMat": "Not Applicable", "d_Branch": "Blue Mountains", "d_LGA": "Blue Mountains", "Comments": null, "Easting": 279492.56, "Northing": 6259792.83, "Latitude": "33\u00c2\u00b0 46.743' S", "Longitude": "150\u00c2\u00b0 37.117' E", "VERDATE": "2025-12-05"}, "geometry": {"coordinates": [150.61862000000042, -33.7790549999998, 0.0], "type": "Point", "geometries": null}}, {"type": "Feature", "properties": {"ModifiedDa": "2022-03-04", "SAPEquipID": 300077760, "AssetName": "BBQ - Daruk CA", "d_SubtypeC": "BBQ/Fireplace", "d_AssetTyp": "No Roof", "d_AssetMat": "Steel", "d_Branch": "Blue Mountains", "d_LGA": "Blue Mountains", "Comments": "Darug campsite", "Easting": 279514.91, "Northing": 6257686.72, "Latitude": "33\u00c2\u00b0 47.882' S", "Longitude": "150\u00c2\u00b0 37.1' E", "VERDATE": "2025-12-05"}, "geometry": {"coordinates": [150.61833550000017, -33.798038666666514, 0.0], "type": "Point", "geometries": null}}, {"type": "Feature", "properties": {"ModifiedDa": "2022-03-04", "SAPEquipID": 300077782, "AssetName": "BBQ - Bennetts CA - 01", "d_SubtypeC": "BBQ/Fireplace", "d_AssetTyp": "No Roof", "d_AssetMat": "Steel", "d_Branch": "Blue Mountains", "d_LGA": "Blue Mountains", "Comments": "Bennett Ridge", "Easting": 279552.01, "Northing": 6257629.4, "Latitude": "33\u00c2\u00b0 47.914' S", "Longitude": "150\u00c2\u00b0 37.123' E", "VERDATE": "2025-12-05"}, "geometry": {"coordinates": [150.6187217200005, -33.79856299999989, 0.0], "type": "Point", "geometries": null}}, {"type": "Feature", "properties": {"ModifiedDa": "2022-03-04", "SAPEquipID": 300077804, "AssetName": "BBQ - Bennetts CA - 03", "d_SubtypeC": "BBQ/Fireplace", "d_AssetTyp": "No Roof", "d_AssetMat": "Steel", "d_Branch": "Blue Mountains", "d_LGA": "Blue Mountains", "Comments": "Bennett Ridge", "Easting": 279460.52, "Northing": 6257444.55, "Latitude": "33\u00c2\u00b0 48.013' S", "Longitude": "150\u00c2\u00b0 37.061' E", "VERDATE": "2025-12-05"}, "geometry": {"coordinates": [150.61768800000095, -33.80020966666655, 0.0], "type": "Point", "geometries": null}}, {"type": "Feature", "properties": {"ModifiedDa": "2022-03-04", "SAPEquipID": 300077826, "AssetName": "BBQ - Bennetts CA - 04", "d_SubtypeC": "BBQ/Fireplace", "d_AssetTyp": "No Roof", "d_AssetMat": "Steel", "d_Branch": "Blue Mountains", "d_LGA": "Blue Mountains", "Comments": "Bennett Ridge", "Easting": 279550.43, "Northing": 6257416.54, "Latitude": "33\u00c2\u00b0 48.029' S", "Longitude": "150\u00c2\u00b0 37.119' E", "VERDATE": "2025-12-05"}, "geometry": {"coordinates": [150.61865150000074, -33.80048077999993, 0.0], "type": "Point", "geometries": null}}, {"type": "Feature", "properties": {"ModifiedDa": "2022-03-04", "SAPEquipID": 300077848, "AssetName": "Picnic Table - Euroka DUA - 02", "d_SubtypeC": "Picnic Table", "d_AssetTyp": "No Roof", "d_AssetMat": "Concrete", "d_Branch": "Blue Mountains", "d_LGA": "Blue Mountains", "Comments": "Main flat", "Easting": 279378.7, "Northing": 6257547.74, "Latitude": "33\u00c2\u00b0 47.956' S", "Longitude": "150\u00c2\u00b0 37.01' E", "VERDATE": "2025-12-05"}, "geometry": {"coordinates": [150.6168306133335, -33.79926271999989, 0.0], "type": "Point", "geometries": null}}, {"type": "Feature", "properties": {"ModifiedDa": "2022-03-04", "SAPEquipID": 300077869, "AssetName": "Picnic Table - The Oaks DUA", "d_SubtypeC": "Picnic Table", "d_AssetTyp": "No Roof", "d_AssetMat": "Concrete", "d_Branch": "Blue Mountains", "d_LGA": "Blue Mountains", "Comments": "under shelter", "Easting": 274674.71, "Northing": 6256097.98, "Latitude": "33\u00c2\u00b0 48.68' S", "Longitude": "150\u00c2\u00b0 33.941' E", "VERDATE": "2025-12-05"}, "geometry": {"coordinates": [150.5656873333337, -33.81133466666654, 0.0], "type": "Point", "geometries": null}}, {"type": "Feature", "properties": {"ModifiedDa": "2022-03-04", "SAPEquipID": 300077891, "AssetName": "Bin - The Oaks Trl - 03", "d_SubtypeC": "Bin", "d_AssetTyp": "Garbage", "d_AssetMat": "Not Applicable", "d_Branch": "Blue Mountains", "d_LGA": "Blue Mountains", "Comments": null, "Easting": 279424.79, "Northing": 6259932.12, "Latitude": "33\u00c2\u00b0 46.667' S", "Longitude": "150\u00c2\u00b0 37.075' E", "VERDATE": "2025-12-05"}, "geometry": {"coordinates": [150.6179235000002, -33.7777856666666, 0.0], "type": "Point", "geometries": null}}, {"type": "Feature", "properties": {"ModifiedDa": "2022-03-04", "SAPEquipID": 300077913, "AssetName": "BBQ - Euroka DUA - 04", "d_SubtypeC": "BBQ/Fireplace", "d_AssetTyp": "No Roof", "d_AssetMat": "Steel", "d_Branch": "Blue Mountains", "d_LGA": "Blue Mountains", "Comments": "Entrance left hand side, on concrete slab", "Easting": 279416.72, "Northing": 6257716.44, "Latitude": "33\u00c2\u00b0 47.865' S", "Longitude": "150\u00c2\u00b0 37.037' E", "VERDATE": "2025-12-05"}, "geometry": {"coordinates": [150.617283166667, -33.797750386666564, 0.0], "type": "Point", "geometries": null}}, {"type": "Feature", "properties": {"ModifiedDa": "2022-03-04", "SAPEquipID": 300077935, "AssetName": "Bin - Euroka DUA - 04", "d_SubtypeC": "Bin", "d_AssetTyp": "Firewood", "d_AssetMat": "Not Applicable", "d_Branch": "Blue Mountains", "d_LGA": "Blue Mountains", "Comments": "Info bay area", "Easting": 279366.13, "Northing": 6257573.39, "Latitude": "33\u00c2\u00b0 47.942' S", "Longitude": "150\u00c2\u00b0 37.002' E", "VERDATE": "2025-12-05"}, "geometry": {"coordinates": [150.61670133333348, -33.79902888666663, 0.0], "type": "Point", "geometries": null}}, {"type": "Feature", "properties": {"ModifiedDa": "2022-03-04", "SAPEquipID": 300077956, "AssetName": "Bin - Jellybean Pool DUA", "d_SubtypeC": "Bin", "d_AssetTyp": "Garbage", "d_AssetMat": "Not Applicable", "d_Branch": "Blue Mountains", "d_LGA": "Blue Mountains", "Comments": "SULO BINS", "Easting": 279605.79, "Northing": 6259540.04, "Latitude": "33\u00c2\u00b0 46.881' S", "Longitude": "150\u00c2\u00b0 37.187' E", "VERDATE": "2025-12-05"}, "geometry": {"coordinates": [150.61977888666706, -33.78135661333323, 0.0], "type": "Point", "geometries": null}}, {"type": "Feature", "properties": {"ModifiedDa": "2016-04-06", "SAPEquipID": 300079519, "AssetName": "Seat - Grotto Dobroyd Trk intersect", "d_SubtypeC": "Seat", "d_AssetTyp": "Without Pad", "d_AssetMat": "Timber", "d_Branch": "Greater Sydney", "d_LGA": "Northern Beaches", "Comments": null, "Easting": 339649.95, "Northing": 6257536.17, "Latitude": "33\u00c2\u00b0 48.614' S", "Longitude": "151\u00c2\u00b0 16.054' E", "VERDATE": "2025-12-05"}, "geometry": {"coordinates": [151.2675740740815, -33.81022697928552, 0.0], "type": "Point", "geometries": null}}, {"type": "Feature", "properties": {"ModifiedDa": "2012-03-12", "SAPEquipID": 300079542, "AssetName": "Seat - Regional Office Entrance - 01", "d_SubtypeC": "Seat", "d_AssetTyp": "Without Pad", "d_AssetMat": "Timber Treated", "d_Branch": "Greater Sydney", "d_LGA": "Sutherland", "Comments": null, "Easting": 320773.92, "Northing": 6229050.05, "Latitude": "34\u00c2\u00b0 3.838' S", "Longitude": "151\u00c2\u00b0 3.475' E", "VERDATE": "2025-12-05"}, "geometry": {"coordinates": [151.0579108128419, -34.06396379469919, 0.0], "type": "Point", "geometries": null}}, {"type": "Feature", "properties": {"ModifiedDa": "2015-06-13", "SAPEquipID": 300080603, "AssetName": "Picnic Table - Stoney Ridge timber", "d_SubtypeC": "Picnic Table", "d_AssetTyp": "No Roof", "d_AssetMat": "Timber", "d_Branch": "Hunter Central Coast", "d_LGA": "Central Coast", "Comments": null, "Easting": 346103.41, "Northing": 6332610.42, "Latitude": "33\u00c2\u00b0 8.059' S", "Longitude": "151\u00c2\u00b0 21.009' E", "VERDATE": "2025-12-05"}, "geometry": {"coordinates": [151.35015200666658, -33.13432371999971, 0.0], "type": "Point", "geometries": null}}, {"type": "Feature", "properties": {"ModifiedDa": "2016-04-06", "SAPEquipID": 300080828, "AssetName": "Seat - Timber - 18", "d_SubtypeC": "Seat", "d_AssetTyp": "Without Pad", "d_AssetMat": "Timber", "d_Branch": "Greater Sydney", "d_LGA": "Hornsby", "Comments": null, "Easting": 328794.9, "Northing": 6274837.1, "Latitude": "33\u00c2\u00b0 39.154' S", "Longitude": "151\u00c2\u00b0 9.222' E", "VERDATE": "2025-12-05"}, "geometry": {"coordinates": [151.15369187967337, -33.65256320258044, 0.0], "type": "Point", "geometries": null}}, {"type": "Feature", "properties": {"ModifiedDa": "2016-04-06", "SAPEquipID": 300080849, "AssetName": "Seat - Timber - 20", "d_SubtypeC": "Seat", "d_AssetTyp": "Without Pad", "d_AssetMat": "Timber", "d_Branch": "Greater Sydney", "d_LGA": "Hornsby", "Comments": null, "Easting": 328831.53, "Northing": 6274856.41, "Latitude": "33\u00c2\u00b0 39.144' S", "Longitude": "151\u00c2\u00b0 9.245' E", "VERDATE": "2025-12-05"}, "geometry": {"coordinates": [151.15409041333362, -33.652394999999956, 0.0], "type": "Point", "geometries": null}}, {"type": "Feature", "properties": {"ModifiedDa": "2016-04-06", "SAPEquipID": 300080871, "AssetName": "Seat - Timber - 22", "d_SubtypeC": "Seat", "d_AssetTyp": "Without Pad", "d_AssetMat": "Timber", "d_Branch": "Greater Sydney", "d_LGA": "Hornsby", "Comments": null, "Easting": 328878.4, "Northing": 6274875.71, "Latitude": "33\u00c2\u00b0 39.134' S", "Longitude": "151\u00c2\u00b0 9.276' E", "VERDATE": "2025-12-05"}, "geometry": {"coordinates": [151.1545994441376, -33.65222854727938, 0.0], "type": "Point", "geometries": null}}, {"type": "Feature", "properties": {"ModifiedDa": "2023-12-08", "SAPEquipID": 300080892, "AssetName": "FCT - Fish Washing Table", "d_SubtypeC": "Fish Cleaning Table", "d_AssetTyp": "Not Applicable", "d_AssetMat": "Not Applicable", "d_Branch": "Greater Sydney", "d_LGA": "Hornsby", "Comments": null, "Easting": 328924.16, "Northing": 6274907.43, "Latitude": "33\u00c2\u00b0 39.117' S", "Longitude": "151\u00c2\u00b0 9.306' E", "VERDATE": "2025-12-05"}, "geometry": {"coordinates": [151.1550987239841, -33.65194999999983, 0.0], "type": "Point", "geometries": null}}, {"type": "Feature", "properties": {"ModifiedDa": "2016-04-06", "SAPEquipID": 300080913, "AssetName": "Seat - Timber - 25", "d_SubtypeC": "Seat", "d_AssetTyp": "With Pad", "d_AssetMat": "Timber", "d_Branch": "Greater Sydney", "d_LGA": "Hornsby", "Comments": null, "Easting": 328976.68, "Northing": 6274848.15, "Latitude": "33\u00c2\u00b0 39.15' S", "Longitude": "151\u00c2\u00b0 9.339' E", "VERDATE": "2025-12-05"}, "geometry": {"coordinates": [151.15565346000028, -33.652492819999964, 0.0], "type": "Point", "geometries": null}}, {"type": "Feature", "properties": {"ModifiedDa": "2016-04-06", "SAPEquipID": 300080933, "AssetName": "BBQ - The Station - 02", "d_SubtypeC": "BBQ/Fireplace", "d_AssetTyp": "No Roof", "d_AssetMat": "Block - Concrete", "d_Branch": "Greater Sydney", "d_LGA": "Hornsby", "Comments": "The Station BBQ1", "Easting": 329237.23, "Northing": 6273937.27, "Latitude": "33\u00c2\u00b0 39.645' S", "Longitude": "151\u00c2\u00b0 9.497' E", "VERDATE": "2025-12-05"}, "geometry": {"coordinates": [151.15828705333388, -33.66074605333324, 0.0], "type": "Point", "geometries": null}}, {"type": "Feature", "properties": {"ModifiedDa": "2016-04-06", "SAPEquipID": 300081018, "AssetName": "Seat - Stone", "d_SubtypeC": "Seat", "d_AssetTyp": "Without Pad", "d_AssetMat": "Stone", "d_Branch": "Greater Sydney", "d_LGA": "Ku-Ring-Gai", "Comments": null, "Easting": 330192.72, "Northing": 6270783.78, "Latitude": "33\u00c2\u00b0 41.36' S", "Longitude": "151\u00c2\u00b0 10.079' E", "VERDATE": "2025-12-05"}, "geometry": {"coordinates": [151.16798461333406, -33.689327166666544, 0.0], "type": "Point", "geometries": null}}, {"type": "Feature", "properties": {"ModifiedDa": "2016-04-06", "SAPEquipID": 300081040, "AssetName": "BBQ - Wood - 01", "d_SubtypeC": "BBQ/Fireplace", "d_AssetTyp": "No Roof", "d_AssetMat": "Steel", "d_Branch": "Greater Sydney", "d_LGA": "Hornsby", "Comments": null, "Easting": 328348.51, "Northing": 6295518.9, "Latitude": "33\u00c2\u00b0 27.963' S", "Longitude": "151\u00c2\u00b0 9.171' E", "VERDATE": "2025-12-05"}, "geometry": {"coordinates": [151.15285455333367, -33.46604783333328, 0.0], "type": "Point", "geometries": null}}, {"type": "Feature", "properties": {"ModifiedDa": "2016-04-06", "SAPEquipID": 300081042, "AssetName": "BBQ - Electric - Moola", "d_SubtypeC": "BBQ/Fireplace", "d_AssetTyp": "With Roof", "d_AssetMat": "Steel Stainless", "d_Branch": "Greater Sydney", "d_LGA": "Ryde", "Comments": "new electric", "Easting": 328804.88, "Northing": 6259249.53, "Latitude": "33\u00c2\u00b0 47.585' S", "Longitude": "151\u00c2\u00b0 9.047' E", "VERDATE": "2025-12-05"}, "geometry": {"coordinates": [151.15078777490123, -33.79308083628996, 0.0], "type": "Point", "geometries": null}}, {"type": "Feature", "properties": {"ModifiedDa": "2016-04-06", "SAPEquipID": 300081062, "AssetName": "Seat - Timber - 16", "d_SubtypeC": "Seat", "d_AssetTyp": "Without Pad", "d_AssetMat": "Timber", "d_Branch": "Greater Sydney", "d_LGA": "Hornsby", "Comments": null, "Easting": 328769.53, "Northing": 6274809.26, "Latitude": "33\u00c2\u00b0 39.169' S", "Longitude": "151\u00c2\u00b0 9.205' E", "VERDATE": "2025-12-05"}, "geometry": {"coordinates": [151.15341301109424, -33.652810107769255, 0.0], "type": "Point", "geometries": null}}, {"type": "Feature", "properties": {"ModifiedDa": "2016-04-06", "SAPEquipID": 300081082, "AssetName": "Seat - Plastic - 02", "d_SubtypeC": "Seat", "d_AssetTyp": "With Pad", "d_AssetMat": "Plastic", "d_Branch": "Greater Sydney", "d_LGA": "Hornsby", "Comments": null, "Easting": 329170.55, "Northing": 6274733.04, "Latitude": "33\u00c2\u00b0 39.214' S", "Longitude": "151\u00c2\u00b0 9.463' E", "VERDATE": "2025-12-05"}, "geometry": {"coordinates": [151.157721113334, -33.65356166666652, 0.0], "type": "Point", "geometries": null}}, {"type": "Feature", "properties": {"ModifiedDa": "2016-04-06", "SAPEquipID": 300081102, "AssetName": "Seat - Timber - 08", "d_SubtypeC": "Seat", "d_AssetTyp": "Without Pad", "d_AssetMat": "Timber", "d_Branch": "Greater Sydney", "d_LGA": "Hornsby", "Comments": null, "Easting": 328873.52, "Northing": 6274788.89, "Latitude": "33\u00c2\u00b0 39.181' S", "Longitude": "151\u00c2\u00b0 9.272' E", "VERDATE": "2025-12-05"}, "geometry": {"coordinates": [151.1545300748868, -33.65301042141647, 0.0], "type": "Point", "geometries": null}}, {"type": "Feature", "properties": {"ModifiedDa": "2016-04-06", "SAPEquipID": 300081124, "AssetName": "Seat - Timber - 04", "d_SubtypeC": "Seat", "d_AssetTyp": "Without Pad", "d_AssetMat": "Timber", "d_Branch": "Greater Sydney", "d_LGA": "Hornsby", "Comments": null, "Easting": 328501.68, "Northing": 6273561.88, "Latitude": "33\u00c2\u00b0 39.841' S", "Longitude": "151\u00c2\u00b0 9.017' E", "VERDATE": "2025-12-05"}, "geometry": {"coordinates": [151.15028516666723, -33.66401166666651, 0.0], "type": "Point", "geometries": null}}, {"type": "Feature", "properties": {"ModifiedDa": "2016-04-06", "SAPEquipID": 300081144, "AssetName": "Seat - Timber - 06", "d_SubtypeC": "Seat", "d_AssetTyp": "With Pad", "d_AssetMat": "Timber", "d_Branch": "Greater Sydney", "d_LGA": "Hornsby", "Comments": null, "Easting": 328436.6, "Northing": 6273760.83, "Latitude": "33\u00c2\u00b0 39.732' S", "Longitude": "151\u00c2\u00b0 8.977' E", "VERDATE": "2025-12-05"}, "geometry": {"coordinates": [151.1496220000006, -33.66220766666663, 0.0], "type": "Point", "geometries": null}}, {"type": "Feature", "properties": {"ModifiedDa": "2016-04-06", "SAPEquipID": 300081163, "AssetName": "Picnic Table - No Roof - 21", "d_SubtypeC": "Picnic Table", "d_AssetTyp": "No Roof", "d_AssetMat": "Timber", "d_Branch": "Greater Sydney", "d_LGA": "Hornsby", "Comments": null, "Easting": 329269.36, "Northing": 6274011.04, "Latitude": "33\u00c2\u00b0 39.605' S", "Longitude": "151\u00c2\u00b0 9.519' E", "VERDATE": "2025-12-05"}, "geometry": {"coordinates": [151.15864761333387, -33.66008621999987, 0.0], "type": "Point", "geometries": null}}, {"type": "Feature", "properties": {"ModifiedDa": "2016-04-06", "SAPEquipID": 300081182, "AssetName": "Picnic Table - The Station - 03", "d_SubtypeC": "Picnic Table", "d_AssetTyp": "No Roof", "d_AssetMat": "Timber", "d_Branch": "Greater Sydney", "d_LGA": "Hornsby", "Comments": "The Station picnic table 3", "Easting": 329214.76, "Northing": 6273929.89, "Latitude": "33\u00c2\u00b0 39.649' S", "Longitude": "151\u00c2\u00b0 9.483' E", "VERDATE": "2025-12-05"}, "geometry": {"coordinates": [151.1580433866668, -33.6608089999998, 0.0], "type": "Point", "geometries": null}}, {"type": "Feature", "properties": {"ModifiedDa": "2016-04-06", "SAPEquipID": 300081204, "AssetName": "Picnic Table - No Roof - 03", "d_SubtypeC": "Picnic Table", "d_AssetTyp": "No Roof", "d_AssetMat": "Steel", "d_Branch": "Greater Sydney", "d_LGA": "Hornsby", "Comments": "CENTRE POST Timber top No 3", "Easting": 329228.83, "Northing": 6273865.64, "Latitude": "33\u00c2\u00b0 39.683' S", "Longitude": "151\u00c2\u00b0 9.491' E", "VERDATE": "2025-12-05"}, "geometry": {"coordinates": [151.1581827800003, -33.66139044666653, 0.0], "type": "Point", "geometries": null}}, {"type": "Feature", "properties": {"ModifiedDa": "2016-04-06", "SAPEquipID": 300081226, "AssetName": "Picnic Table - No Roof - 06", "d_SubtypeC": "Picnic Table", "d_AssetTyp": "No Roof", "d_AssetMat": "Steel", "d_Branch": "Greater Sydney", "d_LGA": "Hornsby", "Comments": "CENTRE POST Plastic top top No 6", "Easting": 329220.92, "Northing": 6273817.45, "Latitude": "33\u00c2\u00b0 39.709' S", "Longitude": "151\u00c2\u00b0 9.485' E", "VERDATE": "2025-12-05"}, "geometry": {"coordinates": [151.15808816666697, -33.66182361333324, 0.0], "type": "Point", "geometries": null}}, {"type": "Feature", "properties": {"ModifiedDa": "2016-04-06", "SAPEquipID": 300081247, "AssetName": "Picnic Table - No Roof - 08", "d_SubtypeC": "Picnic Table", "d_AssetTyp": "No Roof", "d_AssetMat": "Unknown", "d_Branch": "Greater Sydney", "d_LGA": "Hornsby", "Comments": "CENTRE POST  timber top No 7", "Easting": 329185.07, "Northing": 6273763.64, "Latitude": "33\u00c2\u00b0 39.738' S", "Longitude": "151\u00c2\u00b0 9.461' E", "VERDATE": "2025-12-05"}, "geometry": {"coordinates": [151.15769138666735, -33.66230288666662, 0.0], "type": "Point", "geometries": null}}, {"type": "Feature", "properties": {"ModifiedDa": "2016-04-06", "SAPEquipID": 300081267, "AssetName": "Picnic Table - No Roof - 10", "d_SubtypeC": "Picnic Table", "d_AssetTyp": "No Roof", "d_AssetMat": "Steel", "d_Branch": "Greater Sydney", "d_LGA": "Hornsby", "Comments": "CENTRE POST  timber top No 9", "Easting": 329163.73, "Northing": 6273756.22, "Latitude": "33\u00c2\u00b0 39.742' S", "Longitude": "151\u00c2\u00b0 9.448' E", "VERDATE": "2025-12-05"}, "geometry": {"coordinates": [151.15745988666708, -33.66236638666663, 0.0], "type": "Point", "geometries": null}}, {"type": "Feature", "properties": {"ModifiedDa": "2016-04-06", "SAPEquipID": 300081288, "AssetName": "Picnic Table - No Roof - 13", "d_SubtypeC": "Picnic Table", "d_AssetTyp": "No Roof", "d_AssetMat": "Steel", "d_Branch": "Greater Sydney", "d_LGA": "Hornsby", "Comments": "CENTRE POST  timber top No 12", "Easting": 329122.37, "Northing": 6273719.85, "Latitude": "33\u00c2\u00b0 39.761' S", "Longitude": "151\u00c2\u00b0 9.42' E", "VERDATE": "2025-12-05"}, "geometry": {"coordinates": [151.1570070533337, -33.66268755333323, 0.0], "type": "Point", "geometries": null}}, {"type": "Feature", "properties": {"ModifiedDa": "2016-04-06", "SAPEquipID": 300081310, "AssetName": "Picnic Table - No Roof - 15", "d_SubtypeC": "Picnic Table", "d_AssetTyp": "No Roof", "d_AssetMat": "Timber", "d_Branch": "Greater Sydney", "d_LGA": "Hornsby", "Comments": "CENTRE POST  timber top No 14", "Easting": 329113.87, "Northing": 6273669.31, "Latitude": "33\u00c2\u00b0 39.789' S", "Longitude": "151\u00c2\u00b0 9.414' E", "VERDATE": "2025-12-05"}, "geometry": {"coordinates": [151.1569056133335, -33.66314183333316, 0.0], "type": "Point", "geometries": null}}, {"type": "Feature", "properties": {"ModifiedDa": "2016-04-06", "SAPEquipID": 300081330, "AssetName": "Seat - Timber - 06", "d_SubtypeC": "Seat", "d_AssetTyp": "Without Pad", "d_AssetMat": "Timber", "d_Branch": "Greater Sydney", "d_LGA": "Hornsby", "Comments": null, "Easting": 328898.28, "Northing": 6274799.92, "Latitude": "33\u00c2\u00b0 39.175' S", "Longitude": "151\u00c2\u00b0 9.288' E", "VERDATE": "2025-12-05"}, "geometry": {"coordinates": [151.1547990927147, -33.652915038585206, 0.0], "type": "Point", "geometries": null}}, {"type": "Feature", "properties": {"ModifiedDa": "2016-04-06", "SAPEquipID": 300081351, "AssetName": "Picnic Table - No Roof - 17", "d_SubtypeC": "Picnic Table", "d_AssetTyp": "No Roof", "d_AssetMat": "Timber", "d_Branch": "Greater Sydney", "d_LGA": "Hornsby", "Comments": "CENTRE POST  timber top No 16", "Easting": 329136.97, "Northing": 6273651.6, "Latitude": "33\u00c2\u00b0 39.798' S", "Longitude": "151\u00c2\u00b0 9.429' E", "VERDATE": "2025-12-05"}, "geometry": {"coordinates": [151.15715133333356, -33.66330516666659, 0.0], "type": "Point", "geometries": null}}, {"type": "Feature", "properties": {"ModifiedDa": "2023-12-08", "SAPEquipID": 300081373, "AssetName": "BBQ - Electric", "d_SubtypeC": "BBQ/Fireplace", "d_AssetTyp": "With Roof", "d_AssetMat": "Steel Stainless", "d_Branch": "Greater Sydney", "d_LGA": "Hornsby", "Comments": null, "Easting": 328767.92, "Northing": 6274768.19, "Latitude": "33\u00c2\u00b0 39.191' S", "Longitude": "151\u00c2\u00b0 9.203' E", "VERDATE": "2025-12-05"}, "geometry": {"coordinates": [151.15338778000023, -33.65318005333313, 0.0], "type": "Point", "geometries": null}}, {"type": "Feature", "properties": {"ModifiedDa": "2016-04-06", "SAPEquipID": 300081394, "AssetName": "Seat - Timber - 11", "d_SubtypeC": "Seat", "d_AssetTyp": "Without Pad", "d_AssetMat": "Timber", "d_Branch": "Greater Sydney", "d_LGA": "Hornsby", "Comments": null, "Easting": 328843.2, "Northing": 6274780.63, "Latitude": "33\u00c2\u00b0 39.185' S", "Longitude": "151\u00c2\u00b0 9.252' E", "VERDATE": "2025-12-05"}, "geometry": {"coordinates": [151.15420166666672, -33.653079999999875, 0.0], "type": "Point", "geometries": null}}, {"type": "Feature", "properties": {"ModifiedDa": "2016-04-06", "SAPEquipID": 300081416, "AssetName": "Seat - Timber - 03", "d_SubtypeC": "Seat", "d_AssetTyp": "Without Pad", "d_AssetMat": "Timber", "d_Branch": "Greater Sydney", "d_LGA": "Hornsby", "Comments": null, "Easting": 328474.71, "Northing": 6273551.91, "Latitude": "33\u00c2\u00b0 39.846' S", "Longitude": "151\u00c2\u00b0 9.0' E", "VERDATE": "2025-12-05"}, "geometry": {"coordinates": [151.14999250000074, -33.66409716666658, 0.0], "type": "Point", "geometries": null}}, {"type": "Feature", "properties": {"ModifiedDa": "2016-04-06", "SAPEquipID": 300081651, "AssetName": "Seat - Timber - 14", "d_SubtypeC": "Seat", "d_AssetTyp": "Without Pad", "d_AssetMat": "Timber", "d_Branch": "Greater Sydney", "d_LGA": "Hornsby", "Comments": null, "Easting": 328788.55, "Northing": 6274743.01, "Latitude": "33\u00c2\u00b0 39.205' S", "Longitude": "151\u00c2\u00b0 9.216' E", "VERDATE": "2025-12-05"}, "geometry": {"coordinates": [151.15360537333345, -33.6534103733332, 0.0], "type": "Point", "geometries": null}}, {"type": "Feature", "properties": {"ModifiedDa": "2016-04-06", "SAPEquipID": 300081951, "AssetName": "Seat - Timber - 01", "d_SubtypeC": "Seat", "d_AssetTyp": "With Pad", "d_AssetMat": "Timber", "d_Branch": "Greater Sydney", "d_LGA": "Hornsby", "Comments": null, "Easting": 328411.0, "Northing": 6273454.69, "Latitude": "33\u00c2\u00b0 39.898' S", "Longitude": "151\u00c2\u00b0 8.957' E", "VERDATE": "2025-12-05"}, "geometry": {"coordinates": [151.1492868333337, -33.66496333333322, 0.0], "type": "Point", "geometries": null}}, {"type": "Feature", "properties": {"ModifiedDa": "2016-04-06", "SAPEquipID": 300081972, "AssetName": "BBQ - Wood - 02", "d_SubtypeC": "BBQ/Fireplace", "d_AssetTyp": "No Roof", "d_AssetMat": "Steel", "d_Branch": "Greater Sydney", "d_LGA": "Hornsby", "Comments": null, "Easting": 322317.59, "Northing": 6289180.74, "Latitude": "33\u00c2\u00b0 31.332' S", "Longitude": "151\u00c2\u00b0 5.204' E", "VERDATE": "2025-12-05"}, "geometry": {"coordinates": [151.08673000000033, -33.52220005333328, 0.0], "type": "Point", "geometries": null}}, {"type": "Feature", "properties": {"ModifiedDa": "2016-04-06", "SAPEquipID": 300081994, "AssetName": "WRS - Gibberagong South", "d_SubtypeC": "Waste/Recycling Stn", "d_AssetTyp": "Not Applicable", "d_AssetMat": "Not Applicable", "d_Branch": "Greater Sydney", "d_LGA": "Hornsby", "Comments": "3 garbage 2 recycling", "Easting": 329124.13, "Northing": 6273676.16, "Latitude": "33\u00c2\u00b0 39.785' S", "Longitude": "151\u00c2\u00b0 9.421' E", "VERDATE": "2025-12-05"}, "geometry": {"coordinates": [151.157017613334, -33.66308171999981, 0.0], "type": "Point", "geometries": null}}, {"type": "Feature", "properties": {"ModifiedDa": "2016-04-06", "SAPEquipID": 300082585, "AssetName": "Picnic Table - No Roof - 02", "d_SubtypeC": "Picnic Table", "d_AssetTyp": "No Roof", "d_AssetMat": "Timber", "d_Branch": "Greater Sydney", "d_LGA": "Hornsby", "Comments": null, "Easting": 323938.94, "Northing": 6289170.39, "Latitude": "33\u00c2\u00b0 31.354' S", "Longitude": "151\u00c2\u00b0 6.251' E", "VERDATE": "2025-12-05"}, "geometry": {"coordinates": [151.10417816666723, -33.52256177999993, 0.0], "type": "Point", "geometries": null}}, {"type": "Feature", "properties": {"ModifiedDa": "2016-04-06", "SAPEquipID": 300082650, "AssetName": "Gas Enclosure - Orchard Park", "d_SubtypeC": "Gas Enclosure", "d_AssetTyp": "Not Applicable", "d_AssetMat": "Not Applicable", "d_Branch": "Greater Sydney", "d_LGA": "Hornsby", "Comments": null, "Easting": 329405.04, "Northing": 6274191.64, "Latitude": "33\u00c2\u00b0 39.509' S", "Longitude": "151\u00c2\u00b0 9.609' E", "VERDATE": "2025-12-05"}, "geometry": {"coordinates": [151.16014494666695, -33.6584798866665, 0.0], "type": "Point", "geometries": null}}, {"type": "Feature", "properties": {"ModifiedDa": "2016-04-06", "SAPEquipID": 300082672, "AssetName": "BBQ - Pedestal - 01", "d_SubtypeC": "BBQ/Fireplace", "d_AssetTyp": "No Roof", "d_AssetMat": "Steel", "d_Branch": "Greater Sydney", "d_LGA": "Hornsby", "Comments": null, "Easting": 324950.97, "Northing": 6277757.34, "Latitude": "33\u00c2\u00b0 37.537' S", "Longitude": "151\u00c2\u00b0 6.77' E", "VERDATE": "2025-12-05"}, "geometry": {"coordinates": [151.1128321666672, -33.62561261333303, 0.0], "type": "Point", "geometries": null}}, {"type": "Feature", "properties": {"ModifiedDa": "2016-04-06", "SAPEquipID": 300082694, "AssetName": "Picnic Table - No Roof  - 01", "d_SubtypeC": "Picnic Table", "d_AssetTyp": "No Roof", "d_AssetMat": "Timber Treated", "d_Branch": "Greater Sydney", "d_LGA": "Hornsby", "Comments": null, "Easting": 324857.92, "Northing": 6277700.16, "Latitude": "33\u00c2\u00b0 37.567' S", "Longitude": "151\u00c2\u00b0 6.709' E", "VERDATE": "2025-12-05"}, "geometry": {"coordinates": [151.1118182200005, -33.6261127799998, 0.0], "type": "Point", "geometries": null}}, {"type": "Feature", "properties": {"ModifiedDa": "2016-04-06", "SAPEquipID": 300082716, "AssetName": "WRS - 05", "d_SubtypeC": "Waste/Recycling Stn", "d_AssetTyp": "Not Applicable", "d_AssetMat": "Not Applicable", "d_Branch": "Greater Sydney", "d_LGA": "Hornsby", "Comments": "stand with 2 bins", "Easting": 324800.61, "Northing": 6277647.86, "Latitude": "33\u00c2\u00b0 37.594' S", "Longitude": "151\u00c2\u00b0 6.671' E", "VERDATE": "2025-12-05"}, "geometry": {"coordinates": [151.11119038666743, -33.62657477999983, 0.0], "type": "Point", "geometries": null}}, {"type": "Feature", "properties": {"ModifiedDa": "2016-04-06", "SAPEquipID": 300082738, "AssetName": "Seat - Timber - 02", "d_SubtypeC": "Seat", "d_AssetTyp": "With Pad", "d_AssetMat": "Timber", "d_Branch": "Greater Sydney", "d_LGA": "Hornsby", "Comments": null, "Easting": 322017.72, "Northing": 6273376.92, "Latitude": "33\u00c2\u00b0 39.877' S", "Longitude": "151\u00c2\u00b0 4.821' E", "VERDATE": "2025-12-05"}, "geometry": {"coordinates": [151.0803482666671, -33.66461279999993, 0.0], "type": "Point", "geometries": null}}, {"type": "Feature", "properties": {"ModifiedDa": "2016-04-06", "SAPEquipID": 300082759, "AssetName": "Picnic Table - No Roof - 01", "d_SubtypeC": "Picnic Table", "d_AssetTyp": "No Roof", "d_AssetMat": "Timber", "d_Branch": "Greater Sydney", "d_LGA": "Hornsby", "Comments": null, "Easting": 331564.33, "Northing": 6285882.2, "Latitude": "33\u00c2\u00b0 33.206' S", "Longitude": "151\u00c2\u00b0 11.138' E", "VERDATE": "2025-12-05"}, "geometry": {"coordinates": [151.1856320000004, -33.55343444666653, 0.0], "type": "Point", "geometries": null}}, {"type": "Feature", "properties": {"ModifiedDa": "2016-04-06", "SAPEquipID": 300082781, "AssetName": "Seat - Timber - 26", "d_SubtypeC": "Seat", "d_AssetTyp": "Without Pad", "d_AssetMat": "Timber", "d_Branch": "Greater Sydney", "d_LGA": "Hornsby", "Comments": null, "Easting": 328961.49, "Northing": 6274826.99, "Latitude": "33\u00c2\u00b0 39.161' S", "Longitude": "151\u00c2\u00b0 9.329' E", "VERDATE": "2025-12-05"}, "geometry": {"coordinates": [151.1554857200008, -33.652681113333244, 0.0], "type": "Point", "geometries": null}}, {"type": "Feature", "properties": {"ModifiedDa": "2016-04-06", "SAPEquipID": 300082802, "AssetName": "Seat - Timber - 28", "d_SubtypeC": "Seat", "d_AssetTyp": "Without Pad", "d_AssetMat": "Timber", "d_Branch": "Greater Sydney", "d_LGA": "Hornsby", "Comments": null, "Easting": 328908.02, "Northing": 6274864.71, "Latitude": "33\u00c2\u00b0 39.14' S", "Longitude": "151\u00c2\u00b0 9.295' E", "VERDATE": "2025-12-05"}, "geometry": {"coordinates": [151.15491652666674, -33.65233249999994, 0.0], "type": "Point", "geometries": null}}, {"type": "Feature", "properties": {"ModifiedDa": "2016-04-06", "SAPEquipID": 300082824, "AssetName": "Seat - Timber - 31", "d_SubtypeC": "Seat", "d_AssetTyp": "Without Pad", "d_AssetMat": "Timber", "d_Branch": "Greater Sydney", "d_LGA": "Hornsby", "Comments": null, "Easting": 328838.86, "Northing": 6274816.02, "Latitude": "33\u00c2\u00b0 39.166' S", "Longitude": "151\u00c2\u00b0 9.25' E", "VERDATE": "2025-12-05"}, "geometry": {"coordinates": [151.15416166666716, -33.65276033333322, 0.0], "type": "Point", "geometries": null}}, {"type": "Feature", "properties": {"ModifiedDa": "2016-04-06", "SAPEquipID": 300082845, "AssetName": "Seat - Plastic - 01", "d_SubtypeC": "Seat", "d_AssetTyp": "Without Pad", "d_AssetMat": "Plastic", "d_Branch": "Greater Sydney", "d_LGA": "Hornsby", "Comments": null, "Easting": 329075.22, "Northing": 6273627.05, "Latitude": "33\u00c2\u00b0 39.811' S", "Longitude": "151\u00c2\u00b0 9.389' E", "VERDATE": "2025-12-05"}, "geometry": {"coordinates": [151.15648088000034, -33.66351656666649, 0.0], "type": "Point", "geometries": null}}, {"type": "Feature", "properties": {"ModifiedDa": "2016-04-06", "SAPEquipID": 300083194, "AssetName": "Picnic Table - No Roof - 01", "d_SubtypeC": "Picnic Table", "d_AssetTyp": "No Roof", "d_AssetMat": "Timber", "d_Branch": "Greater Sydney", "d_LGA": "Hornsby", "Comments": null, "Easting": 328404.82, "Northing": 6273444.67, "Latitude": "33\u00c2\u00b0 39.903' S", "Longitude": "151\u00c2\u00b0 8.953' E", "VERDATE": "2025-12-05"}, "geometry": {"coordinates": [151.14921833333392, -33.6650526666665, 0.0], "type": "Point", "geometries": null}}, {"type": "Feature", "properties": {"ModifiedDa": "2016-04-06", "SAPEquipID": 300083216, "AssetName": "Picnic Table - No Roof - 02", "d_SubtypeC": "Picnic Table", "d_AssetTyp": "No Roof", "d_AssetMat": "Timber Treated", "d_Branch": "Greater Sydney", "d_LGA": "Hornsby", "Comments": null, "Easting": 325936.38, "Northing": 6272336.0, "Latitude": "33\u00c2\u00b0 40.479' S", "Longitude": "151\u00c2\u00b0 7.343' E", "VERDATE": "2025-12-05"}, "geometry": {"coordinates": [151.12238950000028, -33.674645333333274, 0.0], "type": "Point", "geometries": null}}, {"type": "Feature", "properties": {"ModifiedDa": "2016-04-06", "SAPEquipID": 300083238, "AssetName": "Seat - Stone - 02", "d_SubtypeC": "Seat", "d_AssetTyp": "With Pad", "d_AssetMat": "Stone", "d_Branch": "Greater Sydney", "d_LGA": "Hornsby", "Comments": null, "Easting": 326333.0, "Northing": 6278816.36, "Latitude": "33\u00c2\u00b0 36.978' S", "Longitude": "151\u00c2\u00b0 7.676' E", "VERDATE": "2025-12-05"}, "geometry": {"coordinates": [151.1279311133335, -33.6162923866666, 0.0], "type": "Point", "geometries": null}}, {"type": "Feature", "properties": {"ModifiedDa": "2016-04-06", "SAPEquipID": 300084919, "AssetName": "WRS - 01", "d_SubtypeC": "Waste/Recycling Stn", "d_AssetTyp": "Not Applicable", "d_AssetMat": "Not Applicable", "d_Branch": "Greater Sydney", "d_LGA": "Hornsby", "Comments": "stand with 2 bins", "Easting": 325029.85, "Northing": 6277763.63, "Latitude": "33\u00c2\u00b0 37.534' S", "Longitude": "151\u00c2\u00b0 6.821' E", "VERDATE": "2025-12-05"}, "geometry": {"coordinates": [151.11368338666693, -33.625568886666485, 0.0], "type": "Point", "geometries": null}}, {"type": "Feature", "properties": {"ModifiedDa": "2016-04-06", "SAPEquipID": 300084941, "AssetName": "Picnic Table - No Roof - 03", "d_SubtypeC": "Picnic Table", "d_AssetTyp": "No Roof", "d_AssetMat": "Timber Treated", "d_Branch": "Greater Sydney", "d_LGA": "Hornsby", "Comments": null, "Easting": 325036.82, "Northing": 6277697.11, "Latitude": "33\u00c2\u00b0 37.57' S", "Longitude": "151\u00c2\u00b0 6.825' E", "VERDATE": "2025-12-05"}, "geometry": {"coordinates": [151.11374550000062, -33.62616971999989, 0.0], "type": "Point", "geometries": null}}, {"type": "Feature", "properties": {"ModifiedDa": "2016-04-06", "SAPEquipID": 300084963, "AssetName": "BBQ - Pit - 03", "d_SubtypeC": "BBQ/Fireplace", "d_AssetTyp": "No Roof", "d_AssetMat": "Other", "d_Branch": "Greater Sydney", "d_LGA": "Hornsby", "Comments": null, "Easting": 324978.77, "Northing": 6277753.24, "Latitude": "33\u00c2\u00b0 37.539' S", "Longitude": "151\u00c2\u00b0 6.788' E", "VERDATE": "2025-12-05"}, "geometry": {"coordinates": [151.1131309466674, -33.62565416666661, 0.0], "type": "Point", "geometries": null}}, {"type": "Feature", "properties": {"ModifiedDa": "2016-04-06", "SAPEquipID": 300084984, "AssetName": "Picnic Table - No Roof", "d_SubtypeC": "Picnic Table", "d_AssetTyp": "No Roof", "d_AssetMat": "Timber", "d_Branch": "Greater Sydney", "d_LGA": "Hornsby", "Comments": null, "Easting": 326353.7, "Northing": 6278629.58, "Latitude": "33\u00c2\u00b0 37.079' S", "Longitude": "151\u00c2\u00b0 7.687' E", "VERDATE": "2025-12-05"}, "geometry": {"coordinates": [151.12811772000032, -33.61797947333315, 0.0], "type": "Point", "geometries": null}}, {"type": "Feature", "properties": {"ModifiedDa": "2015-06-13", "SAPEquipID": 300084992, "AssetName": "BBQ - 01", "d_SubtypeC": "BBQ/Fireplace", "d_AssetTyp": "No Roof", "d_AssetMat": "Brick", "d_Branch": "Hunter Central Coast", "d_LGA": "Central Coast", "Comments": null, "Easting": 339762.06, "Northing": 6299594.7, "Latitude": "33\u00c2\u00b0 25.864' S", "Longitude": "151\u00c2\u00b0 16.581' E", "VERDATE": "2025-12-05"}, "geometry": {"coordinates": [151.27635305832064, -33.43107104322746, 0.0], "type": "Point", "geometries": null}}, {"type": "Feature", "properties": {"ModifiedDa": "2022-03-04", "SAPEquipID": 300086767, "AssetName": "BBQ - wood - in shed", "d_SubtypeC": "BBQ/Fireplace", "d_AssetTyp": "With Roof", "d_AssetMat": "Steel Stainless", "d_Branch": "Blue Mountains", "d_LGA": "Hawkesbury", "Comments": null, "Easting": 304137.02, "Northing": 6316699.6, "Latitude": "33\u00c2\u00b0 16.259' S", "Longitude": "150\u00c2\u00b0 53.824' E", "VERDATE": "2025-12-05"}, "geometry": {"coordinates": [150.89705843999968, -33.270975553333244, 0.0], "type": "Point", "geometries": null}}, {"type": "Feature", "properties": {"ModifiedDa": "2022-03-04", "SAPEquipID": 300087011, "AssetName": "Seat - around fire ring - 02", "d_SubtypeC": "Seat", "d_AssetTyp": "Without Pad", "d_AssetMat": "Other", "d_Branch": "Blue Mountains", "d_LGA": "Hawkesbury", "Comments": null, "Easting": 304140.29, "Northing": 6316694.33, "Latitude": "33\u00c2\u00b0 16.261' S", "Longitude": "150\u00c2\u00b0 53.826' E", "VERDATE": "2025-12-05"}, "geometry": {"coordinates": [150.89709235333282, -33.27102364666649, 0.0], "type": "Point", "geometries": null}}, {"type": "Feature", "properties": {"ModifiedDa": "2025-01-07", "SAPEquipID": 300087271, "AssetName": "PE \u00e2\u0080\u0093 6m Activity Net", "d_SubtypeC": "Playground Equipment", "d_AssetTyp": "Not Applicable", "d_AssetMat": "Not Applicable", "d_Branch": "Greater Sydney", "d_LGA": "Hornsby", "Comments": null, "Easting": 329244.73, "Northing": 6273797.42, "Latitude": "33\u00c2\u00b0 39.72' S", "Longitude": "151\u00c2\u00b0 9.5' E", "VERDATE": "2025-12-05"}, "geometry": {"coordinates": [151.15834100000006, -33.66200799999996, 0.0], "type": "Point", "geometries": null}}, {"type": "Feature", "properties": {"ModifiedDa": "2024-12-06", "SAPEquipID": 300087440, "AssetName": "Picnic Table - Wattamolla Middle - 04", "d_SubtypeC": "Picnic Table", "d_AssetTyp": "With Roof", "d_AssetMat": "Timber Treated", "d_Branch": "Greater Sydney", "d_LGA": "Sutherland", "Comments": null, "Easting": 326144.64, "Northing": 6220951.97, "Latitude": "34\u00c2\u00b0 8.272' S", "Longitude": "151\u00c2\u00b0 6.868' E", "VERDATE": "2025-12-05"}, "geometry": {"coordinates": [151.1144607876729, -34.137864606489075, 0.0], "type": "Point", "geometries": null}}, {"type": "Feature", "properties": {"ModifiedDa": "2024-12-06", "SAPEquipID": 300087462, "AssetName": "Picnic Table - Wattamolla Middle - 02", "d_SubtypeC": "Picnic Table", "d_AssetTyp": "With Roof", "d_AssetMat": "Timber Treated", "d_Branch": "Greater Sydney", "d_LGA": "Sutherland", "Comments": null, "Easting": 326131.35, "Northing": 6220996.28, "Latitude": "34\u00c2\u00b0 8.248' S", "Longitude": "151\u00c2\u00b0 6.86' E", "VERDATE": "2025-12-05"}, "geometry": {"coordinates": [151.11432563428787, -34.1374629534713, 0.0], "type": "Point", "geometries": null}}, {"type": "Feature", "properties": {"ModifiedDa": "2024-12-06", "SAPEquipID": 300087996, "AssetName": "BBQ - 01", "d_SubtypeC": "BBQ/Fireplace", "d_AssetTyp": "With Roof", "d_AssetMat": "Steel Stainless", "d_Branch": "Greater Sydney", "d_LGA": "Sutherland", "Comments": null, "Easting": 326133.32, "Northing": 6220985.24, "Latitude": "34\u00c2\u00b0 8.254' S", "Longitude": "151\u00c2\u00b0 6.861' E", "VERDATE": "2025-12-05"}, "geometry": {"coordinates": [151.1143447534239, -34.13756284549493, 0.0], "type": "Point", "geometries": null}}, {"type": "Feature", "properties": {"ModifiedDa": "2024-12-06", "SAPEquipID": 300088019, "AssetName": "BBQ - 04", "d_SubtypeC": "BBQ/Fireplace", "d_AssetTyp": "With Roof", "d_AssetMat": "Steel Stainless", "d_Branch": "Greater Sydney", "d_LGA": "Sutherland", "Comments": null, "Easting": 326139.05, "Northing": 6220921.99, "Latitude": "34\u00c2\u00b0 8.288' S", "Longitude": "151\u00c2\u00b0 6.864' E", "VERDATE": "2025-12-05"}, "geometry": {"coordinates": [151.1143942462129, -34.13813391613627, 0.0], "type": "Point", "geometries": null}}, {"type": "Feature", "properties": {"ModifiedDa": "2010-07-26", "SAPEquipID": 300089636, "AssetName": "gas enclosure weemalah cottage", "d_SubtypeC": "Gas Enclosure", "d_AssetTyp": "Not Applicable", "d_AssetMat": "Not Applicable", "d_Branch": "Greater Sydney", "d_LGA": "Sutherland", "Comments": null, "Easting": 325075.36, "Northing": 6227362.2, "Latitude": "34\u00c2\u00b0 4.794' S", "Longitude": "151\u00c2\u00b0 6.25' E", "VERDATE": "2025-12-05"}, "geometry": {"coordinates": [151.10415944666693, -34.07990538666587, 0.0], "type": "Point", "geometries": null}}, {"type": "Feature", "properties": {"ModifiedDa": "2010-07-26", "SAPEquipID": 300089832, "AssetName": "tree guard 3 cwong flat", "d_SubtypeC": "Tree Guard", "d_AssetTyp": "Not Applicable", "d_AssetMat": "Not Applicable", "d_Branch": "Greater Sydney", "d_LGA": "Sutherland", "Comments": null, "Easting": 320528.63, "Northing": 6227650.98, "Latitude": "34\u00c2\u00b0 4.592' S", "Longitude": "151\u00c2\u00b0 3.298' E", "VERDATE": "2025-12-05"}, "geometry": {"coordinates": [151.05496594666693, -34.07653249999919, 0.0], "type": "Point", "geometries": null}}, {"type": "Feature", "properties": {"ModifiedDa": "2011-08-08", "SAPEquipID": 300090163, "AssetName": "Picnic Table - Bungoona Picnic Area - 01", "d_SubtypeC": "Picnic Table", "d_AssetTyp": "No Roof", "d_AssetMat": "Steel", "d_Branch": "Greater Sydney", "d_LGA": "Sutherland", "Comments": null, "Easting": 320784.41, "Northing": 6229180.04, "Latitude": "34\u00c2\u00b0 3.768' S", "Longitude": "151\u00c2\u00b0 3.483' E", "VERDATE": "2025-12-05"}, "geometry": {"coordinates": [151.05805116666681, -34.06279394666598, 0.0], "type": "Point", "geometries": null}}, {"type": "Feature", "properties": {"ModifiedDa": "2024-01-04", "SAPEquipID": 300091220, "AssetName": "Gas Enclosure - Mill Creek", "d_SubtypeC": "Gas Enclosure", "d_AssetTyp": "Not Applicable", "d_AssetMat": "Not Applicable", "d_Branch": "Blue Mountains", "d_LGA": "Central Coast", "Comments": "camp area", "Easting": 318029.77, "Northing": 6302534.63, "Latitude": "33\u00c2\u00b0 24.066' S", "Longitude": "151\u00c2\u00b0 2.597' E", "VERDATE": "2025-12-05"}, "geometry": {"coordinates": [151.04328966666685, -33.40110071999993, 0.0], "type": "Point", "geometries": null}}, {"type": "Feature", "properties": {"ModifiedDa": "2022-03-04", "SAPEquipID": 300091224, "AssetName": "Seat - Skarratts WT", "d_SubtypeC": "Seat", "d_AssetTyp": "Without Pad", "d_AssetMat": "Timber Treated", "d_Branch": "Blue Mountains", "d_LGA": "Blue Mountains", "Comments": null, "Easting": 259436.89, "Northing": 6266330.61, "Latitude": "33\u00c2\u00b0 42.947' S", "Longitude": "150\u00c2\u00b0 24.239' E", "VERDATE": "2025-12-05"}, "geometry": {"coordinates": [150.40399119332767, -33.715781193332305, 0.0], "type": "Point", "geometries": null}}, {"type": "Feature", "properties": {"ModifiedDa": "2016-04-06", "SAPEquipID": 300092787, "AssetName": "BBQ - Wood - 04", "d_SubtypeC": "BBQ/Fireplace", "d_AssetTyp": "No Roof", "d_AssetMat": "Steel", "d_Branch": "Greater Sydney", "d_LGA": "Northern Beaches", "Comments": null, "Easting": 333481.83, "Northing": 6262134.06, "Latitude": "33\u00c2\u00b0 46.069' S", "Longitude": "151\u00c2\u00b0 12.11' E", "VERDATE": "2025-12-05"}, "geometry": {"coordinates": [151.2018286666671, -33.767824166666514, 0.0], "type": "Point", "geometries": null}}, {"type": "Feature", "properties": {"ModifiedDa": "2016-04-06", "SAPEquipID": 300093045, "AssetName": "Picnic Table - Timber - 30", "d_SubtypeC": "Picnic Table", "d_AssetTyp": "No Roof", "d_AssetMat": "Timber", "d_Branch": "Greater Sydney", "d_LGA": "Northern Beaches", "Comments": null, "Easting": 333740.67, "Northing": 6261824.4, "Latitude": "33\u00c2\u00b0 46.239' S", "Longitude": "151\u00c2\u00b0 12.274' E", "VERDATE": "2025-12-05"}, "geometry": {"coordinates": [151.2045643866668, -33.770656386666474, 0.0], "type": "Point", "geometries": null}}, {"type": "Feature", "properties": {"ModifiedDa": "2016-04-06", "SAPEquipID": 300093149, "AssetName": "Seat - Timber - 05", "d_SubtypeC": "Seat", "d_AssetTyp": "Without Pad", "d_AssetMat": "Timber", "d_Branch": "Greater Sydney", "d_LGA": "Northern Beaches", "Comments": null, "Easting": 341576.35, "Northing": 6280374.94, "Latitude": "33\u00c2\u00b0 36.277' S", "Longitude": "151\u00c2\u00b0 17.548' E", "VERDATE": "2025-12-05"}, "geometry": {"coordinates": [151.29245937333383, -33.60461864666661, 0.0], "type": "Point", "geometries": null}}, {"type": "Feature", "properties": {"ModifiedDa": "2025-07-29", "SAPEquipID": 300093170, "AssetName": "Seat - Timber - 16", "d_SubtypeC": "Seat", "d_AssetTyp": "Without Pad", "d_AssetMat": "Timber", "d_Branch": "Greater Sydney", "d_LGA": "Northern Beaches", "Comments": null, "Easting": 343081.2, "Northing": 6283212.0, "Latitude": "33\u00c2\u00b0 34.756' S", "Longitude": "151\u00c2\u00b0 18.55' E", "VERDATE": "2025-12-05"}, "geometry": {"coordinates": [151.30917218564753, -33.57926364719748, 0.0], "type": "Point", "geometries": null}}, {"type": "Feature", "properties": {"ModifiedDa": "2016-04-06", "SAPEquipID": 300093745, "AssetName": "Seat - Midget Submarine", "d_SubtypeC": "Seat", "d_AssetTyp": "Without Pad", "d_AssetMat": "Timber", "d_Branch": "Greater Sydney", "d_LGA": "Mosman", "Comments": "new", "Easting": 337953.29, "Northing": 6253897.0, "Latitude": "33\u00c2\u00b0 50.567' S", "Longitude": "151\u00c2\u00b0 14.915' E", "VERDATE": "2025-12-05"}, "geometry": {"coordinates": [151.24858178000056, -33.84277511333329, 0.0], "type": "Point", "geometries": null}}, {"type": "Feature", "properties": {"ModifiedDa": "2016-04-06", "SAPEquipID": 300093767, "AssetName": "Seat - Reef Beach Track - DH Lookout 02", "d_SubtypeC": "Seat", "d_AssetTyp": null, "d_AssetMat": null, "d_Branch": "Greater Sydney", "d_LGA": "Northern Beaches", "Comments": "new", "Easting": 340209.02, "Northing": 6257496.5, "Latitude": "33\u00c2\u00b0 48.64' S", "Longitude": "151\u00c2\u00b0 16.416' E", "VERDATE": "2025-12-05"}, "geometry": {"coordinates": [151.27360466666698, -33.810669279999956, 0.0], "type": "Point", "geometries": null}}, {"type": "Feature", "properties": {"ModifiedDa": "2016-04-06", "SAPEquipID": 300093788, "AssetName": "Boat Rack", "d_SubtypeC": "Cycle Rack", "d_AssetTyp": "Not Applicable", "d_AssetMat": "Not Applicable", "d_Branch": "Greater Sydney", "d_LGA": "Mosman", "Comments": "new BOAT RACK", "Easting": 338019.21, "Northing": 6253886.04, "Latitude": "33\u00c2\u00b0 50.573' S", "Longitude": "151\u00c2\u00b0 14.958' E", "VERDATE": "2025-12-05"}, "geometry": {"coordinates": [151.24929194666686, -33.84288399999991, 0.0], "type": "Point", "geometries": null}}, {"type": "Feature", "properties": {"ModifiedDa": "2016-04-06", "SAPEquipID": 300093809, "AssetName": "Seat - Reef Beach Track - DH Lookout 01", "d_SubtypeC": "Seat", "d_AssetTyp": null, "d_AssetMat": null, "d_Branch": "Greater Sydney", "d_LGA": "Northern Beaches", "Comments": "new", "Easting": 340209.93, "Northing": 6257499.74, "Latitude": "33\u00c2\u00b0 48.638' S", "Longitude": "151\u00c2\u00b0 16.417' E", "VERDATE": "2025-12-05"}, "geometry": {"coordinates": [151.27361511333345, -33.81064016666653, 0.0], "type": "Point", "geometries": null}}, {"type": "Feature", "properties": {"ModifiedDa": "2012-01-15", "SAPEquipID": 300093934, "AssetName": "Picnic Table - Boatshed Flat", "d_SubtypeC": "Picnic Table", "d_AssetTyp": "No Roof", "d_AssetMat": "Timber Treated", "d_Branch": "Greater Sydney", "d_LGA": "Sutherland", "Comments": null, "Easting": 320674.15, "Northing": 6228004.79, "Latitude": "34\u00c2\u00b0 4.402' S", "Longitude": "151\u00c2\u00b0 3.397' E", "VERDATE": "2025-12-05"}, "geometry": {"coordinates": [151.05661500743815, -34.07336829463185, 0.0], "type": "Point", "geometries": null}}, {"type": "Feature", "properties": {"ModifiedDa": "2023-11-29", "SAPEquipID": 300094260, "AssetName": "BBQ - Burralow Ck CA - 06", "d_SubtypeC": "BBQ/Fireplace", "d_AssetTyp": "No Roof", "d_AssetMat": "Steel", "d_Branch": "Blue Mountains", "d_LGA": "Hawkesbury", "Comments": "Old fire rings at Burralow Creek Campground", "Easting": 277509.28, "Northing": 6284546.72, "Latitude": "33\u00c2\u00b0 33.334' S", "Longitude": "150\u00c2\u00b0 36.205' E", "VERDATE": "2025-12-05"}, "geometry": {"coordinates": [150.60341567800015, -33.55557086399989, 0.0], "type": "Point", "geometries": null}}, {"type": "Feature", "properties": {"ModifiedDa": "2023-10-17", "SAPEquipID": 300094282, "AssetName": "Seat - Red Hands Cave WT - 01", "d_SubtypeC": "Seat", "d_AssetTyp": "With Pad", "d_AssetMat": "Unknown", "d_Branch": "Blue Mountains", "d_LGA": "Blue Mountains", "Comments": "Burnt missing seat", "Easting": 277054.49, "Northing": 6259236.95, "Latitude": "33\u00c2\u00b0 47.013' S", "Longitude": "150\u00c2\u00b0 35.53' E", "VERDATE": "2025-12-05"}, "geometry": {"coordinates": [150.59217000000024, -33.78355333333326, 0.0], "type": "Point", "geometries": null}}, {"type": "Feature", "properties": {"ModifiedDa": "2022-03-04", "SAPEquipID": 300094306, "AssetName": "BBQ - The Iron Barks DUA", "d_SubtypeC": "BBQ/Fireplace", "d_AssetTyp": "No Roof", "d_AssetMat": "Steel", "d_Branch": "Blue Mountains", "d_LGA": "Blue Mountains", "Comments": null, "Easting": 278667.91, "Northing": 6258041.94, "Latitude": "33\u00c2\u00b0 47.68' S", "Longitude": "150\u00c2\u00b0 36.557' E", "VERDATE": "2025-12-05"}, "geometry": {"coordinates": [150.6092822533335, -33.79466078666644, 0.0], "type": "Point", "geometries": null}}, {"type": "Feature", "properties": {"ModifiedDa": "2024-01-04", "SAPEquipID": 300095160, "AssetName": "BBQ - electric - under shelter", "d_SubtypeC": "BBQ/Fireplace", "d_AssetTyp": "With Roof", "d_AssetMat": "Steel Stainless", "d_Branch": "Blue Mountains", "d_LGA": "Central Coast", "Comments": "BBQ", "Easting": 318069.0, "Northing": 6302508.44, "Latitude": "33\u00c2\u00b0 24.081' S", "Longitude": "151\u00c2\u00b0 2.622' E", "VERDATE": "2025-12-05"}, "geometry": {"coordinates": [151.04370594666648, -33.40134349999977, 0.0], "type": "Point", "geometries": null}}, {"type": "Feature", "properties": {"ModifiedDa": "2022-03-04", "SAPEquipID": 300095182, "AssetName": "BBQ - gas under shelter", "d_SubtypeC": "BBQ/Fireplace", "d_AssetTyp": "With Roof", "d_AssetMat": "Steel", "d_Branch": "Blue Mountains", "d_LGA": "Central Coast", "Comments": "fire place", "Easting": 317948.62, "Northing": 6302572.01, "Latitude": "33\u00c2\u00b0 24.045' S", "Longitude": "151\u00c2\u00b0 2.545' E", "VERDATE": "2025-12-05"}, "geometry": {"coordinates": [151.04242499999987, -33.40074999999996, 0.0], "type": "Point", "geometries": null}}, {"type": "Feature", "properties": {"ModifiedDa": "2022-06-01", "SAPEquipID": 300095204, "AssetName": "BBQ - wood - mill picnic - 01", "d_SubtypeC": "BBQ/Fireplace", "d_AssetTyp": "No Roof", "d_AssetMat": "Steel", "d_Branch": "Blue Mountains", "d_LGA": "Central Coast", "Comments": null, "Easting": 318421.11, "Northing": 6302594.35, "Latitude": "33\u00c2\u00b0 24.038' S", "Longitude": "151\u00c2\u00b0 2.85' E", "VERDATE": "2025-12-05"}, "geometry": {"coordinates": [151.04750755333328, -33.400628666666535, 0.0], "type": "Point", "geometries": null}}, {"type": "Feature", "properties": {"ModifiedDa": "2024-01-04", "SAPEquipID": 300095225, "AssetName": "BBQ - wood fire ring", "d_SubtypeC": "BBQ/Fireplace", "d_AssetTyp": "No Roof", "d_AssetMat": "Steel", "d_Branch": "Blue Mountains", "d_LGA": "Central Coast", "Comments": null, "Easting": 318121.79, "Northing": 6302418.77, "Latitude": "33\u00c2\u00b0 24.13' S", "Longitude": "151\u00c2\u00b0 2.655' E", "VERDATE": "2025-12-05"}, "geometry": {"coordinates": [151.0442551733331, -33.402160779999974, 0.0], "type": "Point", "geometries": null}}, {"type": "Feature", "properties": {"ModifiedDa": "2022-03-04", "SAPEquipID": 300095247, "AssetName": "Bin - firewood", "d_SubtypeC": "Bin", "d_AssetTyp": "Firewood", "d_AssetMat": "Not Applicable", "d_Branch": "Blue Mountains", "d_LGA": "Central Coast", "Comments": "firewood", "Easting": 317728.63, "Northing": 6302842.04, "Latitude": "33\u00c2\u00b0 23.897' S", "Longitude": "151\u00c2\u00b0 2.407' E", "VERDATE": "2025-12-05"}, "geometry": {"coordinates": [151.04011538666657, -33.39827849999983, 0.0], "type": "Point", "geometries": null}}, {"type": "Feature", "properties": {"ModifiedDa": "2016-04-06", "SAPEquipID": 300098119, "AssetName": "Picnic Table - No Roof - 02", "d_SubtypeC": "Picnic Table", "d_AssetTyp": "No Roof", "d_AssetMat": "Timber", "d_Branch": "Greater Sydney", "d_LGA": "Ryde", "Comments": null, "Easting": 328827.3, "Northing": 6259273.74, "Latitude": "33\u00c2\u00b0 47.572' S", "Longitude": "151\u00c2\u00b0 9.062' E", "VERDATE": "2025-12-05"}, "geometry": {"coordinates": [151.15103455333337, -33.79286621999944, 0.0], "type": "Point", "geometries": null}}, {"type": "Feature", "properties": {"ModifiedDa": "2016-04-06", "SAPEquipID": 300098140, "AssetName": "Picnic Table - With Roof", "d_SubtypeC": "Picnic Table", "d_AssetTyp": "With Roof", "d_AssetMat": "Timber Treated", "d_Branch": "Greater Sydney", "d_LGA": "Ryde", "Comments": null, "Easting": 328827.71, "Northing": 6259276.83, "Latitude": "33\u00c2\u00b0 47.57' S", "Longitude": "151\u00c2\u00b0 9.062' E", "VERDATE": "2025-12-05"}, "geometry": {"coordinates": [151.1510394999999, -33.79283844666594, 0.0], "type": "Point", "geometries": null}}, {"type": "Feature", "properties": {"ModifiedDa": "2016-04-06", "SAPEquipID": 300098161, "AssetName": "Picnic Table - No Roof - 04", "d_SubtypeC": "Picnic Table", "d_AssetTyp": "No Roof", "d_AssetMat": "Timber", "d_Branch": "Greater Sydney", "d_LGA": "Ryde", "Comments": null, "Easting": 328791.98, "Northing": 6259241.41, "Latitude": "33\u00c2\u00b0 47.589' S", "Longitude": "151\u00c2\u00b0 9.039' E", "VERDATE": "2025-12-05"}, "geometry": {"coordinates": [151.15064688666678, -33.793151946665944, 0.0], "type": "Point", "geometries": null}}, {"type": "Feature", "properties": {"ModifiedDa": "2016-04-06", "SAPEquipID": 300098183, "AssetName": "Picnic Table - No Roof - 06", "d_SubtypeC": "Picnic Table", "d_AssetTyp": "No Roof", "d_AssetMat": "Timber", "d_Branch": "Greater Sydney", "d_LGA": "Ryde", "Comments": null, "Easting": 328773.21, "Northing": 6259213.3, "Latitude": "33\u00c2\u00b0 47.604' S", "Longitude": "151\u00c2\u00b0 9.026' E", "VERDATE": "2025-12-05"}, "geometry": {"coordinates": [151.15043877999994, -33.793402279999384, 0.0], "type": "Point", "geometries": null}}, {"type": "Feature", "properties": {"ModifiedDa": "2016-04-06", "SAPEquipID": 300098204, "AssetName": "Seat - Bench Seat", "d_SubtypeC": "Seat", "d_AssetTyp": "With Pad", "d_AssetMat": "Timber", "d_Branch": "Greater Sydney", "d_LGA": "Ryde", "Comments": null, "Easting": 328748.46, "Northing": 6259212.27, "Latitude": "33\u00c2\u00b0 47.604' S", "Longitude": "151\u00c2\u00b0 9.01' E", "VERDATE": "2025-12-05"}, "geometry": {"coordinates": [151.15017133333333, -33.79340755333271, 0.0], "type": "Point", "geometries": null}}, {"type": "Feature", "properties": {"ModifiedDa": "2016-04-06", "SAPEquipID": 300098225, "AssetName": "BBQ - Wood - 01", "d_SubtypeC": "BBQ/Fireplace", "d_AssetTyp": "No Roof", "d_AssetMat": "Steel", "d_Branch": "Greater Sydney", "d_LGA": "Ryde", "Comments": null, "Easting": 328330.42, "Northing": 6259724.62, "Latitude": "33\u00c2\u00b0 47.323' S", "Longitude": "151\u00c2\u00b0 8.745' E", "VERDATE": "2025-12-05"}, "geometry": {"coordinates": [151.14575744666683, -33.78872121999933, 0.0], "type": "Point", "geometries": null}}, {"type": "Feature", "properties": {"ModifiedDa": "2016-04-06", "SAPEquipID": 300098245, "AssetName": "Picnic Table - No Roof - 04", "d_SubtypeC": "Picnic Table", "d_AssetTyp": "No Roof", "d_AssetMat": "Timber Treated", "d_Branch": "Greater Sydney", "d_LGA": "Ryde", "Comments": null, "Easting": 327873.45, "Northing": 6256843.14, "Latitude": "33\u00c2\u00b0 48.877' S", "Longitude": "151\u00c2\u00b0 8.416' E", "VERDATE": "2025-12-05"}, "geometry": {"coordinates": [151.14026188666674, -33.81462194666602, 0.0], "type": "Point", "geometries": null}}, {"type": "Feature", "properties": {"ModifiedDa": "2016-04-06", "SAPEquipID": 300098289, "AssetName": "Picnic Table - No Roof - 02", "d_SubtypeC": "Picnic Table", "d_AssetTyp": "No Roof", "d_AssetMat": "Timber", "d_Branch": "Greater Sydney", "d_LGA": "Ryde", "Comments": null, "Easting": 328321.15, "Northing": 6259466.38, "Latitude": "33\u00c2\u00b0 47.463' S", "Longitude": "151\u00c2\u00b0 8.736' E", "VERDATE": "2025-12-05"}, "geometry": {"coordinates": [151.14560711333354, -33.79104766666592, 0.0], "type": "Point", "geometries": null}}, {"type": "Feature", "properties": {"ModifiedDa": "2016-04-06", "SAPEquipID": 300098310, "AssetName": "BBQ - Wood", "d_SubtypeC": "BBQ/Fireplace", "d_AssetTyp": "No Roof", "d_AssetMat": "Steel", "d_Branch": "Greater Sydney", "d_LGA": "Ryde", "Comments": null, "Easting": 328313.19, "Northing": 6259786.8, "Latitude": "33\u00c2\u00b0 47.289' S", "Longitude": "151\u00c2\u00b0 8.735' E", "VERDATE": "2025-12-05"}, "geometry": {"coordinates": [151.14558350000038, -33.788157946666104, 0.0], "type": "Point", "geometries": null}}, {"type": "Feature", "properties": {"ModifiedDa": "2016-04-06", "SAPEquipID": 300098332, "AssetName": "Picnic Table - No Roof - 01", "d_SubtypeC": "Picnic Table", "d_AssetTyp": "No Roof", "d_AssetMat": "Timber", "d_Branch": "Greater Sydney", "d_LGA": "Ryde", "Comments": null, "Easting": 328515.29, "Northing": 6259843.67, "Latitude": "33\u00c2\u00b0 47.261' S", "Longitude": "151\u00c2\u00b0 8.867' E", "VERDATE": "2025-12-05"}, "geometry": {"coordinates": [151.1477765000003, -33.787678053332684, 0.0], "type": "Point", "geometries": null}}, {"type": "Feature", "properties": {"ModifiedDa": "2023-12-08", "SAPEquipID": 300098354, "AssetName": "BBQ  - Wood - 01", "d_SubtypeC": "BBQ/Fireplace", "d_AssetTyp": "No Roof", "d_AssetMat": "Steel", "d_Branch": "Greater Sydney", "d_LGA": "Ku-Ring-Gai", "Comments": null, "Easting": 328858.11, "Northing": 6259456.88, "Latitude": "33\u00c2\u00b0 47.473' S", "Longitude": "151\u00c2\u00b0 9.084' E", "VERDATE": "2025-12-05"}, "geometry": {"coordinates": [151.15140261333363, -33.79122027999932, 0.0], "type": "Point", "geometries": null}}, {"type": "Feature", "properties": {"ModifiedDa": "2016-04-06", "SAPEquipID": 300098376, "AssetName": "BBQ - Wood  - 02", "d_SubtypeC": "BBQ/Fireplace", "d_AssetTyp": "No Roof", "d_AssetMat": "Steel", "d_Branch": "Greater Sydney", "d_LGA": "Ku-Ring-Gai", "Comments": null, "Easting": 328872.09, "Northing": 6259503.8, "Latitude": "33\u00c2\u00b0 47.448' S", "Longitude": "151\u00c2\u00b0 9.094' E", "VERDATE": "2025-12-05"}, "geometry": {"coordinates": [151.15156266666668, -33.79079957999943, 0.0], "type": "Point", "geometries": null}}, {"type": "Feature", "properties": {"ModifiedDa": "2016-04-06", "SAPEquipID": 300098398, "AssetName": "WRS - Depot", "d_SubtypeC": "Waste/Recycling Stn", "d_AssetTyp": "Not Applicable", "d_AssetMat": "Not Applicable", "d_Branch": "Greater Sydney", "d_LGA": "Ku-Ring-Gai", "Comments": null, "Easting": 328717.07, "Northing": 6259339.29, "Latitude": "33\u00c2\u00b0 47.535' S", "Longitude": "151\u00c2\u00b0 8.991' E", "VERDATE": "2025-12-05"}, "geometry": {"coordinates": [151.1498570533331, -33.79225749999944, 0.0], "type": "Point", "geometries": null}}, {"type": "Feature", "properties": {"ModifiedDa": "2016-04-06", "SAPEquipID": 300098420, "AssetName": "BBQ - Wood - 01", "d_SubtypeC": "BBQ/Fireplace", "d_AssetTyp": "No Roof", "d_AssetMat": "Steel Stainless", "d_Branch": "Greater Sydney", "d_LGA": "Ku-Ring-Gai", "Comments": null, "Easting": 328493.05, "Northing": 6259497.01, "Latitude": "33\u00c2\u00b0 47.448' S", "Longitude": "151\u00c2\u00b0 8.848' E", "VERDATE": "2025-12-05"}, "geometry": {"coordinates": [151.1474689999999, -33.79079938666598, 0.0], "type": "Point", "geometries": null}}, {"type": "Feature", "properties": {"ModifiedDa": "2016-04-06", "SAPEquipID": 300098442, "AssetName": "WRS", "d_SubtypeC": "Waste/Recycling Stn", "d_AssetTyp": "Not Applicable", "d_AssetMat": "Not Applicable", "d_Branch": "Greater Sydney", "d_LGA": "Ku-Ring-Gai", "Comments": null, "Easting": 328501.28, "Northing": 6259422.8, "Latitude": "33\u00c2\u00b0 47.488' S", "Longitude": "151\u00c2\u00b0 8.853' E", "VERDATE": "2025-12-05"}, "geometry": {"coordinates": [151.1475434466672, -33.79146971999944, 0.0], "type": "Point", "geometries": null}}, {"type": "Feature", "properties": {"ModifiedDa": "2016-04-06", "SAPEquipID": 300098463, "AssetName": "Picnic Table - No Roof - 02", "d_SubtypeC": "Picnic Table", "d_AssetTyp": "No Roof", "d_AssetMat": "Timber", "d_Branch": "Greater Sydney", "d_LGA": "Ku-Ring-Gai", "Comments": null, "Easting": 328544.04, "Northing": 6259340.38, "Latitude": "33\u00c2\u00b0 47.533' S", "Longitude": "151\u00c2\u00b0 8.879' E", "VERDATE": "2025-12-05"}, "geometry": {"coordinates": [151.14798911333344, -33.79221961333275, 0.0], "type": "Point", "geometries": null}}, {"type": "Feature", "properties": {"ModifiedDa": "2016-04-06", "SAPEquipID": 300098550, "AssetName": "Seat - Steel", "d_SubtypeC": "Seat", "d_AssetTyp": "With Pad", "d_AssetMat": "Steel", "d_Branch": "Greater Sydney", "d_LGA": "Ryde", "Comments": "with sandstone flagging garden", "Easting": 328327.21, "Northing": 6259473.52, "Latitude": "33\u00c2\u00b0 47.459' S", "Longitude": "151\u00c2\u00b0 8.74' E", "VERDATE": "2025-12-05"}, "geometry": {"coordinates": [151.14567399999987, -33.79098427999935, 0.0], "type": "Point", "geometries": null}}, {"type": "Feature", "properties": {"ModifiedDa": "2015-07-30", "SAPEquipID": 300101332, "AssetName": "Bin - camping 1-recycling", "d_SubtypeC": "Bin", "d_AssetTyp": "Recycle", "d_AssetMat": "Not Applicable", "d_Branch": "Hunter Central Coast", "d_LGA": "Central Coast", "Comments": null, "Easting": 348786.34, "Northing": 6289051.29, "Latitude": "33\u00c2\u00b0 31.646' S", "Longitude": "151\u00c2\u00b0 22.297' E", "VERDATE": "2025-12-05"}, "geometry": {"coordinates": [151.37161227544425, -33.52744161885488, 0.0], "type": "Point", "geometries": null}}, {"type": "Feature", "properties": {"ModifiedDa": "2016-12-15", "SAPEquipID": 300105561, "AssetName": "Picnic Table - #3 top picnic area", "d_SubtypeC": "Picnic Table", "d_AssetTyp": "No Roof", "d_AssetMat": "Timber", "d_Branch": "Hunter Central Coast", "d_LGA": "Central Coast", "Comments": "old style", "Easting": 339839.82, "Northing": 6299541.6, "Latitude": "33\u00c2\u00b0 25.894' S", "Longitude": "151\u00c2\u00b0 16.631' E", "VERDATE": "2025-12-05"}, "geometry": {"coordinates": [151.27717972889764, -33.4315613556447, 0.0], "type": "Point", "geometries": null}}, {"type": "Feature", "properties": {"ModifiedDa": "2016-12-15", "SAPEquipID": 300105583, "AssetName": "BBQ - Girrakool picnic area 01", "d_SubtypeC": "BBQ/Fireplace", "d_AssetTyp": "No Roof", "d_AssetMat": "Steel", "d_Branch": "Hunter Central Coast", "d_LGA": "Central Coast", "Comments": null, "Easting": 339837.76, "Northing": 6299544.37, "Latitude": "33\u00c2\u00b0 25.892' S", "Longitude": "151\u00c2\u00b0 16.629' E", "VERDATE": "2025-12-05"}, "geometry": {"coordinates": [151.27715809488836, -33.431536127935544, 0.0], "type": "Point", "geometries": null}}, {"type": "Feature", "properties": {"ModifiedDa": "2023-11-29", "SAPEquipID": 300105819, "AssetName": "BBQ - Burralow Ck CA - 01", "d_SubtypeC": "BBQ/Fireplace", "d_AssetTyp": "No Roof", "d_AssetMat": "Steel", "d_Branch": "Blue Mountains", "d_LGA": "Hawkesbury", "Comments": "Old fire rings at Burralow Creek Campground", "Easting": 277560.92, "Northing": 6284468.59, "Latitude": "33\u00c2\u00b0 33.377' S", "Longitude": "150\u00c2\u00b0 36.237' E", "VERDATE": "2025-12-05"}, "geometry": {"coordinates": [150.60395207800002, -33.55628576399988, 0.0], "type": "Point", "geometries": null}}, {"type": "Feature", "properties": {"ModifiedDa": "2024-01-04", "SAPEquipID": 300106339, "AssetName": "Tank - lpg gas bottle", "d_SubtypeC": "Gas Enclosure", "d_AssetTyp": "Not Applicable", "d_AssetMat": "Not Applicable", "d_Branch": "Blue Mountains", "d_LGA": "Central Coast", "Comments": null, "Easting": 318029.18, "Northing": 6302533.0, "Latitude": "33\u00c2\u00b0 24.067' S", "Longitude": "151\u00c2\u00b0 2.597' E", "VERDATE": "2025-12-05"}, "geometry": {"coordinates": [151.04328296051085, -33.40111532123535, 0.0], "type": "Point", "geometries": null}}, {"type": "Feature", "properties": {"ModifiedDa": "2012-09-28", "SAPEquipID": 300111460, "AssetName": "BBQ - North East", "d_SubtypeC": "BBQ/Fireplace", "d_AssetTyp": "With Roof", "d_AssetMat": "Steel Stainless", "d_Branch": "Greater Sydney", "d_LGA": "Blacktown", "Comments": null, "Easting": 305950.35, "Northing": 6271419.19, "Latitude": "33\u00c2\u00b0 40.767' S", "Longitude": "150\u00c2\u00b0 54.403' E", "VERDATE": "2025-12-05"}, "geometry": {"coordinates": [150.90672071111612, -33.67944631290078, 0.0], "type": "Point", "geometries": null}}, {"type": "Feature", "properties": {"ModifiedDa": "2012-09-28", "SAPEquipID": 300111482, "AssetName": "Seat - 01", "d_SubtypeC": "Seat", "d_AssetTyp": "Without Pad", "d_AssetMat": "Timber", "d_Branch": "Greater Sydney", "d_LGA": "Blacktown", "Comments": null, "Easting": 305938.84, "Northing": 6271417.29, "Latitude": "33\u00c2\u00b0 40.768' S", "Longitude": "150\u00c2\u00b0 54.396' E", "VERDATE": "2025-12-05"}, "geometry": {"coordinates": [150.90659619219082, -33.67946136463911, 0.0], "type": "Point", "geometries": null}}, {"type": "Feature", "properties": {"ModifiedDa": "2012-09-28", "SAPEquipID": 300111526, "AssetName": "Picnic Table - North East", "d_SubtypeC": "Picnic Table", "d_AssetTyp": "With Roof", "d_AssetMat": "Timber", "d_Branch": "Greater Sydney", "d_LGA": "Blacktown", "Comments": null, "Easting": 305952.31, "Northing": 6271422.93, "Latitude": "33\u00c2\u00b0 40.765' S", "Longitude": "150\u00c2\u00b0 54.405' E", "VERDATE": "2025-12-05"}, "geometry": {"coordinates": [150.90674260455376, -33.67941301663137, 0.0], "type": "Point", "geometries": null}}, {"type": "Feature", "properties": {"ModifiedDa": "2012-09-28", "SAPEquipID": 300111548, "AssetName": "Picnic Table - Fibrosa Pavillion - 01", "d_SubtypeC": "Picnic Table", "d_AssetTyp": "With Roof", "d_AssetMat": "Timber", "d_Branch": "Greater Sydney", "d_LGA": "Blacktown", "Comments": null, "Easting": 306067.03, "Northing": 6271246.98, "Latitude": "33\u00c2\u00b0 40.861' S", "Longitude": "150\u00c2\u00b0 54.476' E", "VERDATE": "2025-12-05"}, "geometry": {"coordinates": [150.9079410196954, -33.68101980476621, 0.0], "type": "Point", "geometries": null}}, {"type": "Feature", "properties": {"ModifiedDa": "2012-09-28", "SAPEquipID": 300111571, "AssetName": "Picnic Table - Crebra Pavillion", "d_SubtypeC": "Picnic Table", "d_AssetTyp": "With Roof", "d_AssetMat": "Timber", "d_Branch": "Greater Sydney", "d_LGA": "Blacktown", "Comments": null, "Easting": 306081.19, "Northing": 6271274.16, "Latitude": "33\u00c2\u00b0 40.847' S", "Longitude": "150\u00c2\u00b0 54.486' E", "VERDATE": "2025-12-05"}, "geometry": {"coordinates": [150.9080995950079, -33.680777411074246, 0.0], "type": "Point", "geometries": null}}, {"type": "Feature", "properties": {"ModifiedDa": "2010-08-06", "SAPEquipID": 300111594, "AssetName": "Seat - 02", "d_SubtypeC": "Seat", "d_AssetTyp": "With Pad", "d_AssetMat": "Timber", "d_Branch": "Greater Sydney", "d_LGA": "Blacktown", "Comments": null, "Easting": 306228.06, "Northing": 6271269.77, "Latitude": "33\u00c2\u00b0 40.851' S", "Longitude": "150\u00c2\u00b0 54.581' E", "VERDATE": "2025-12-05"}, "geometry": {"coordinates": [150.90968211333268, -33.68084383333331, 0.0], "type": "Point", "geometries": null}}, {"type": "Feature", "properties": {"ModifiedDa": "2012-09-28", "SAPEquipID": 300111790, "AssetName": "Seat - Ironbark DUA", "d_SubtypeC": "Seat", "d_AssetTyp": "Without Pad", "d_AssetMat": "Unknown", "d_Branch": "Greater Sydney", "d_LGA": "Blacktown", "Comments": null, "Easting": 306037.6, "Northing": 6271265.89, "Latitude": "33\u00c2\u00b0 40.851' S", "Longitude": "150\u00c2\u00b0 54.458' E", "VERDATE": "2025-12-05"}, "geometry": {"coordinates": [150.90762788666655, -33.680844053333146, 0.0], "type": "Point", "geometries": null}}, {"type": "Feature", "properties": {"ModifiedDa": "2023-11-29", "SAPEquipID": 300112968, "AssetName": "BBQ - Burralow Ck CA - 03", "d_SubtypeC": "BBQ/Fireplace", "d_AssetTyp": "No Roof", "d_AssetMat": "Steel", "d_Branch": "Blue Mountains", "d_LGA": "Hawkesbury", "Comments": "Old fire rings at Burralow Creek Campground", "Easting": 277562.78, "Northing": 6284497.87, "Latitude": "33\u00c2\u00b0 33.361' S", "Longitude": "150\u00c2\u00b0 36.239' E", "VERDATE": "2025-12-05"}, "geometry": {"coordinates": [150.6039793780002, -33.55602226399992, 0.0], "type": "Point", "geometries": null}}, {"type": "Feature", "properties": {"ModifiedDa": "2023-11-29", "SAPEquipID": 300112989, "AssetName": "BBQ - Burralow Ck CA - 09", "d_SubtypeC": "BBQ/Fireplace", "d_AssetTyp": "No Roof", "d_AssetMat": "Steel", "d_Branch": "Blue Mountains", "d_LGA": "Hawkesbury", "Comments": "Old fire rings at Burralow Creek Campground", "Easting": 277526.0, "Northing": 6284578.01, "Latitude": "33\u00c2\u00b0 33.318' S", "Longitude": "150\u00c2\u00b0 36.216' E", "VERDATE": "2025-12-05"}, "geometry": {"coordinates": [150.6036034780002, -33.555292363999854, 0.0], "type": "Point", "geometries": null}}, {"type": "Feature", "properties": {"ModifiedDa": "2023-11-29", "SAPEquipID": 300113011, "AssetName": "BBQ - Mill Ck CA - 03", "d_SubtypeC": "BBQ/Fireplace", "d_AssetTyp": "No Roof", "d_AssetMat": "Concrete", "d_Branch": "Blue Mountains", "d_LGA": "Central Coast", "Comments": "site 3", "Easting": 317939.46, "Northing": 6302568.01, "Latitude": "33\u00c2\u00b0 24.047' S", "Longitude": "151\u00c2\u00b0 2.54' E", "VERDATE": "2025-12-05"}, "geometry": {"coordinates": [151.04232579000006, -33.40078455999998, 0.0], "type": "Point", "geometries": null}}, {"type": "Feature", "properties": {"ModifiedDa": "2024-01-04", "SAPEquipID": 300113033, "AssetName": "BBQ - Mill Ck CA - 09", "d_SubtypeC": "BBQ/Fireplace", "d_AssetTyp": "No Roof", "d_AssetMat": "Concrete", "d_Branch": "Blue Mountains", "d_LGA": "Central Coast", "Comments": "site 9", "Easting": 318020.12, "Northing": 6302552.72, "Latitude": "33\u00c2\u00b0 24.056' S", "Longitude": "151\u00c2\u00b0 2.591' E", "VERDATE": "2025-12-05"}, "geometry": {"coordinates": [151.0431895900001, -33.400936059999935, 0.0], "type": "Point", "geometries": null}}, {"type": "Feature", "properties": {"ModifiedDa": "2024-01-04", "SAPEquipID": 300113054, "AssetName": "BBQ - Mill Ck CA - 12", "d_SubtypeC": "BBQ/Fireplace", "d_AssetTyp": "No Roof", "d_AssetMat": "Concrete", "d_Branch": "Blue Mountains", "d_LGA": "Central Coast", "Comments": "site 12", "Easting": 318049.98, "Northing": 6302521.86, "Latitude": "33\u00c2\u00b0 24.073' S", "Longitude": "151\u00c2\u00b0 2.61' E", "VERDATE": "2025-12-05"}, "geometry": {"coordinates": [151.04350429000021, -33.40121925999989, 0.0], "type": "Point", "geometries": null}}, {"type": "Feature", "properties": {"ModifiedDa": "2024-01-04", "SAPEquipID": 300113097, "AssetName": "BBQ - Mill Ck CA - 16", "d_SubtypeC": "BBQ/Fireplace", "d_AssetTyp": "No Roof", "d_AssetMat": "Concrete", "d_Branch": "Blue Mountains", "d_LGA": "Central Coast", "Comments": "site 16", "Easting": 318064.78, "Northing": 6302522.46, "Latitude": "33\u00c2\u00b0 24.073' S", "Longitude": "151\u00c2\u00b0 2.62' E", "VERDATE": "2025-12-05"}, "geometry": {"coordinates": [151.04366339000023, -33.40121635999992, 0.0], "type": "Point", "geometries": null}}, {"type": "Feature", "properties": {"ModifiedDa": "2024-01-04", "SAPEquipID": 300113118, "AssetName": "BBQ - Mill Ck CA - 24", "d_SubtypeC": "BBQ/Fireplace", "d_AssetTyp": "No Roof", "d_AssetMat": "Concrete", "d_Branch": "Blue Mountains", "d_LGA": "Central Coast", "Comments": "site 24", "Easting": 318122.6, "Northing": 6302426.24, "Latitude": "33\u00c2\u00b0 24.126' S", "Longitude": "151\u00c2\u00b0 2.656' E", "VERDATE": "2025-12-05"}, "geometry": {"coordinates": [151.04426539000008, -33.40209355999991, 0.0], "type": "Point", "geometries": null}}, {"type": "Feature", "properties": {"ModifiedDa": "2024-01-04", "SAPEquipID": 300113140, "AssetName": "BBQ - Mill Ck CA - 30", "d_SubtypeC": "BBQ/Fireplace", "d_AssetTyp": "No Roof", "d_AssetMat": "Concrete", "d_Branch": "Blue Mountains", "d_LGA": "Central Coast", "Comments": "site 30", "Easting": 318067.53, "Northing": 6302455.29, "Latitude": "33\u00c2\u00b0 24.109' S", "Longitude": "151\u00c2\u00b0 2.621' E", "VERDATE": "2025-12-05"}, "geometry": {"coordinates": [151.04367939000008, -33.40182235999998, 0.0], "type": "Point", "geometries": null}}, {"type": "Feature", "properties": {"ModifiedDa": "2024-03-04", "SAPEquipID": 300113319, "AssetName": "BBQ Shelter - The Clearings", "d_SubtypeC": "BBQ/Fireplace", "d_AssetTyp": "No Roof", "d_AssetMat": "Unknown", "d_Branch": "Greater Sydney", "d_LGA": "Blacktown", "Comments": null, "Easting": 293623.0, "Northing": 6265852.0, "Latitude": "33\u00c2\u00b0 43.638' S", "Longitude": "150\u00c2\u00b0 46.352' E", "VERDATE": "2025-12-05"}, "geometry": {"coordinates": [150.77253125006666, -33.7272972463046, 0.0], "type": "Point", "geometries": null}}, {"type": "Feature", "properties": {"ModifiedDa": "2024-01-04", "SAPEquipID": 300113361, "AssetName": "BBQ - Mill Ck CA - 19", "d_SubtypeC": "BBQ/Fireplace", "d_AssetTyp": "No Roof", "d_AssetMat": "Concrete", "d_Branch": "Blue Mountains", "d_LGA": "Central Coast", "Comments": "site 19", "Easting": 318082.77, "Northing": 6302503.19, "Latitude": "33\u00c2\u00b0 24.084' S", "Longitude": "151\u00c2\u00b0 2.631' E", "VERDATE": "2025-12-05"}, "geometry": {"coordinates": [151.04385289000004, -33.401393159999884, 0.0], "type": "Point", "geometries": null}}, {"type": "Feature", "properties": {"ModifiedDa": "2016-04-06", "SAPEquipID": 300114242, "AssetName": "Seat - Cannon BH Fort Area - 02", "d_SubtypeC": "Seat", "d_AssetTyp": "Without Pad", "d_AssetMat": "Timber", "d_Branch": "Greater Sydney", "d_LGA": "Mosman", "Comments": null, "Easting": 337779.89, "Northing": 6252825.1, "Latitude": "33\u00c2\u00b0 51.145' S", "Longitude": "151\u00c2\u00b0 14.791' E", "VERDATE": "2025-12-05"}, "geometry": {"coordinates": [151.24651098000015, -33.852411519999976, 0.0], "type": "Point", "geometries": null}}, {"type": "Feature", "properties": {"ModifiedDa": "2019-03-15", "SAPEquipID": 300114549, "AssetName": "Picnic Table - 03", "d_SubtypeC": "Picnic Table", "d_AssetTyp": "No Roof", "d_AssetMat": "Timber", "d_Branch": "Greater Sydney", "d_LGA": "Unincorporated", "Comments": null, "Easting": 337278.97, "Northing": 6251672.55, "Latitude": "33\u00c2\u00b0 51.763' S", "Longitude": "151\u00c2\u00b0 14.453' E", "VERDATE": "2025-12-05"}, "geometry": {"coordinates": [151.24088553333343, -33.86272452666657, 0.0], "type": "Point", "geometries": null}}, {"type": "Feature", "properties": {"ModifiedDa": "2019-03-15", "SAPEquipID": 300114592, "AssetName": "Picnic Table - 05", "d_SubtypeC": "Picnic Table", "d_AssetTyp": "No Roof", "d_AssetMat": "Timber", "d_Branch": "Greater Sydney", "d_LGA": "Unincorporated", "Comments": null, "Easting": 337259.04, "Northing": 6251706.01, "Latitude": "33\u00c2\u00b0 51.745' S", "Longitude": "151\u00c2\u00b0 14.441' E", "VERDATE": "2025-12-05"}, "geometry": {"coordinates": [151.2406763333339, -33.862419826666496, 0.0], "type": "Point", "geometries": null}}, {"type": "Feature", "properties": {"ModifiedDa": "2019-03-15", "SAPEquipID": 300114615, "AssetName": "Seat - Gazebo - 05", "d_SubtypeC": "Seat", "d_AssetTyp": "Unknown", "d_AssetMat": "Timber", "d_Branch": "Greater Sydney", "d_LGA": "Unincorporated", "Comments": null, "Easting": 338830.9, "Northing": 6252185.96, "Latitude": "33\u00c2\u00b0 51.5' S", "Longitude": "151\u00c2\u00b0 15.465' E", "VERDATE": "2025-12-05"}, "geometry": {"coordinates": [151.25775002666683, -33.858334373333264, 0.0], "type": "Point", "geometries": null}}, {"type": "Feature", "properties": {"ModifiedDa": "2019-03-15", "SAPEquipID": 300114638, "AssetName": "Picnic Table - Shelter - 03", "d_SubtypeC": "Picnic Table", "d_AssetTyp": "With Roof", "d_AssetMat": "Timber", "d_Branch": "Greater Sydney", "d_LGA": "Unincorporated", "Comments": null, "Easting": 338834.17, "Northing": 6252209.19, "Latitude": "33\u00c2\u00b0 51.488' S", "Longitude": "151\u00c2\u00b0 15.467' E", "VERDATE": "2025-12-05"}, "geometry": {"coordinates": [151.25778958666706, -33.858125493333205, 0.0], "type": "Point", "geometries": null}}, {"type": "Feature", "properties": {"ModifiedDa": "2019-03-15", "SAPEquipID": 300114659, "AssetName": "Picnic Table - 01", "d_SubtypeC": "Picnic Table", "d_AssetTyp": "No Roof", "d_AssetMat": "Timber", "d_Branch": "Greater Sydney", "d_LGA": "Unincorporated", "Comments": null, "Easting": 338857.57, "Northing": 6252164.04, "Latitude": "33\u00c2\u00b0 51.512' S", "Longitude": "151\u00c2\u00b0 15.482' E", "VERDATE": "2025-12-05"}, "geometry": {"coordinates": [151.25803420666705, -33.85853607999991, 0.0], "type": "Point", "geometries": null}}, {"type": "Feature", "properties": {"ModifiedDa": "2019-03-15", "SAPEquipID": 300114681, "AssetName": "Picnic Table - 03", "d_SubtypeC": "Picnic Table", "d_AssetTyp": "No Roof", "d_AssetMat": "Timber", "d_Branch": "Greater Sydney", "d_LGA": "Unincorporated", "Comments": null, "Easting": 338850.1, "Northing": 6252168.92, "Latitude": "33\u00c2\u00b0 51.509' S", "Longitude": "151\u00c2\u00b0 15.477' E", "VERDATE": "2025-12-05"}, "geometry": {"coordinates": [151.25795440000036, -33.858490973333176, 0.0], "type": "Point", "geometries": null}}, {"type": "Feature", "properties": {"ModifiedDa": "2019-03-15", "SAPEquipID": 300114858, "AssetName": "Seat - Gazebo - 02", "d_SubtypeC": "Seat", "d_AssetTyp": "Unknown", "d_AssetMat": "Timber", "d_Branch": "Greater Sydney", "d_LGA": "Unincorporated", "Comments": null, "Easting": 338831.8, "Northing": 6252185.1, "Latitude": "33\u00c2\u00b0 51.501' S", "Longitude": "151\u00c2\u00b0 15.466' E", "VERDATE": "2025-12-05"}, "geometry": {"coordinates": [151.25775959333396, -33.85834234666663, 0.0], "type": "Point", "geometries": null}}, {"type": "Feature", "properties": {"ModifiedDa": "2012-03-12", "SAPEquipID": 300117813, "AssetName": "Picnic Table - EEC", "d_SubtypeC": "Picnic Table", "d_AssetTyp": "No Roof", "d_AssetMat": "Timber Treated", "d_Branch": "Greater Sydney", "d_LGA": "Sutherland", "Comments": null, "Easting": 320738.67, "Northing": 6229037.87, "Latitude": "34\u00c2\u00b0 3.844' S", "Longitude": "151\u00c2\u00b0 3.452' E", "VERDATE": "2025-12-05"}, "geometry": {"coordinates": [151.05752645693713, -34.06406760409982, 0.0], "type": "Point", "geometries": null}}, {"type": "Feature", "properties": {"ModifiedDa": "2022-03-04", "SAPEquipID": 300121299, "AssetName": "Picnic Table - Waratah Gardens DUA - 02", "d_SubtypeC": "Picnic Table", "d_AssetTyp": "With Roof", "d_AssetMat": "Steel", "d_Branch": "Blue Mountains", "d_LGA": "Hawkesbury", "Comments": null, "Easting": 265014.38, "Northing": 6286626.17, "Latitude": "33\u00c2\u00b0 32.049' S", "Longitude": "150\u00c2\u00b0 28.169' E", "VERDATE": "2025-12-05"}, "geometry": {"coordinates": [150.46948355332847, -33.534155613332416, 0.0], "type": "Point", "geometries": null}}, {"type": "Feature", "properties": {"ModifiedDa": "2022-03-04", "SAPEquipID": 300121321, "AssetName": "BBQ - Ingar CA - 01", "d_SubtypeC": "BBQ/Fireplace", "d_AssetTyp": "No Roof", "d_AssetMat": "Steel", "d_Branch": "Blue Mountains", "d_LGA": "Blue Mountains", "Comments": null, "Easting": 265106.64, "Northing": 6260302.17, "Latitude": "33\u00c2\u00b0 46.282' S", "Longitude": "150\u00c2\u00b0 27.811' E", "VERDATE": "2025-12-05"}, "geometry": {"coordinates": [150.4635231666623, -33.77137066666569, 0.0], "type": "Point", "geometries": null}}, {"type": "Feature", "properties": {"ModifiedDa": "2022-03-04", "SAPEquipID": 300121343, "AssetName": "Picnic Table - Ingar DUA", "d_SubtypeC": "Picnic Table", "d_AssetTyp": "No Roof", "d_AssetMat": "Timber", "d_Branch": "Blue Mountains", "d_LGA": "Blue Mountains", "Comments": null, "Easting": 264991.3, "Northing": 6260319.99, "Latitude": "33\u00c2\u00b0 46.271' S", "Longitude": "150\u00c2\u00b0 27.737' E", "VERDATE": "2025-12-05"}, "geometry": {"coordinates": [150.4622834999957, -33.77118449999898, 0.0], "type": "Point", "geometries": null}}, {"type": "Feature", "properties": {"ModifiedDa": "2023-12-08", "SAPEquipID": 300122323, "AssetName": "BBQ - Electric - Cattai DUA 01", "d_SubtypeC": "BBQ/Fireplace", "d_AssetTyp": "Unknown", "d_AssetMat": "Steel Stainless", "d_Branch": "Greater Sydney", "d_LGA": "The Hills", "Comments": "Greenplate \"MATILDA\" Triple Stand Alone Unit with 2 BBQs", "Easting": 304211.87, "Northing": 6285095.55, "Latitude": "33\u00c2\u00b0 33.351' S", "Longitude": "150\u00c2\u00b0 53.459' E", "VERDATE": "2025-12-05"}, "geometry": {"coordinates": [150.89098441297972, -33.555857568702436, 0.0], "type": "Point", "geometries": null}}, {"type": "Feature", "properties": {"ModifiedDa": "2016-04-06", "SAPEquipID": 300122393, "AssetName": "Picnic Table - Timber", "d_SubtypeC": "Picnic Table", "d_AssetTyp": "Unknown", "d_AssetMat": "Timber", "d_Branch": "Greater Sydney", "d_LGA": "Ryde", "Comments": null, "Easting": 328323.69, "Northing": 6259470.82, "Latitude": "33\u00c2\u00b0 47.46' S", "Longitude": "151\u00c2\u00b0 8.738' E", "VERDATE": "2025-12-05"}, "geometry": {"coordinates": [151.14563544666692, -33.79100805333269, 0.0], "type": "Point", "geometries": null}}, {"type": "Feature", "properties": {"ModifiedDa": "2016-04-06", "SAPEquipID": 300122523, "AssetName": "Picnic Table - No Roof - 04", "d_SubtypeC": "Picnic Table", "d_AssetTyp": "No Roof", "d_AssetMat": "Timber", "d_Branch": "Greater Sydney", "d_LGA": "Ku-Ring-Gai", "Comments": "recycle ststion with stand and pad", "Easting": 328677.99, "Northing": 6259228.61, "Latitude": "33\u00c2\u00b0 47.595' S", "Longitude": "151\u00c2\u00b0 8.965' E", "VERDATE": "2025-12-05"}, "geometry": {"coordinates": [151.14941366666653, -33.793248833332825, 0.0], "type": "Point", "geometries": null}}, {"type": "Feature", "properties": {"ModifiedDa": "2016-04-06", "SAPEquipID": 300122543, "AssetName": "BBQ - Wood", "d_SubtypeC": "BBQ/Fireplace", "d_AssetTyp": "No Roof", "d_AssetMat": "Steel", "d_Branch": "Greater Sydney", "d_LGA": "Ryde", "Comments": null, "Easting": 328602.08, "Northing": 6259827.79, "Latitude": "33\u00c2\u00b0 47.27' S", "Longitude": "151\u00c2\u00b0 8.923' E", "VERDATE": "2025-12-05"}, "geometry": {"coordinates": [151.1487103866666, -33.7878352799994, 0.0], "type": "Point", "geometries": null}}, {"type": "Feature", "properties": {"ModifiedDa": "2016-04-06", "SAPEquipID": 300122586, "AssetName": "BBQ - Wood - 02", "d_SubtypeC": "BBQ/Fireplace", "d_AssetTyp": "No Roof", "d_AssetMat": "Steel", "d_Branch": "Greater Sydney", "d_LGA": "Ryde", "Comments": null, "Easting": 328421.05, "Northing": 6259609.96, "Latitude": "33\u00c2\u00b0 47.386' S", "Longitude": "151\u00c2\u00b0 8.803' E", "VERDATE": "2025-12-05"}, "geometry": {"coordinates": [151.14671366666676, -33.7897695533328, 0.0], "type": "Point", "geometries": null}}, {"type": "Feature", "properties": {"ModifiedDa": "2016-04-06", "SAPEquipID": 300122608, "AssetName": "Picnic Table - With Roof - 03", "d_SubtypeC": "Picnic Table", "d_AssetTyp": "With Roof", "d_AssetMat": "Timber", "d_Branch": "Greater Sydney", "d_LGA": "Ku-Ring-Gai", "Comments": null, "Easting": 328503.23, "Northing": 6259403.54, "Latitude": "33\u00c2\u00b0 47.499' S", "Longitude": "151\u00c2\u00b0 8.854' E", "VERDATE": "2025-12-05"}, "geometry": {"coordinates": [151.1475608333335, -33.79164366666612, 0.0], "type": "Point", "geometries": null}}, {"type": "Feature", "properties": {"ModifiedDa": "2016-04-06", "SAPEquipID": 300122630, "AssetName": "Seat - Timber", "d_SubtypeC": "Seat", "d_AssetTyp": "Without Pad", "d_AssetMat": "Timber", "d_Branch": "Greater Sydney", "d_LGA": "Ku-Ring-Gai", "Comments": null, "Easting": 329386.73, "Northing": 6265354.89, "Latitude": "33\u00c2\u00b0 44.288' S", "Longitude": "151\u00c2\u00b0 9.495' E", "VERDATE": "2025-12-05"}, "geometry": {"coordinates": [151.15824805333318, -33.73813761333281, 0.0], "type": "Point", "geometries": null}}, {"type": "Feature", "properties": {"ModifiedDa": "2016-04-06", "SAPEquipID": 300122849, "AssetName": "Picnic Table - No Roof - 03", "d_SubtypeC": "Picnic Table", "d_AssetTyp": "No Roof", "d_AssetMat": "Timber Treated", "d_Branch": "Greater Sydney", "d_LGA": "Ryde", "Comments": "older log style with no roof", "Easting": 327363.82, "Northing": 6260546.77, "Latitude": "33\u00c2\u00b0 46.869' S", "Longitude": "151\u00c2\u00b0 8.129' E", "VERDATE": "2025-12-05"}, "geometry": {"coordinates": [151.13548249999985, -33.781152719999454, 0.0], "type": "Point", "geometries": null}}, {"type": "Feature", "properties": {"ModifiedDa": "2016-04-06", "SAPEquipID": 300123570, "AssetName": "Seat - Timber - 02", "d_SubtypeC": "Seat", "d_AssetTyp": "Without Pad", "d_AssetMat": "Timber", "d_Branch": "Greater Sydney", "d_LGA": "Hornsby", "Comments": null, "Easting": 325935.05, "Northing": 6272349.66, "Latitude": "33\u00c2\u00b0 40.471' S", "Longitude": "151\u00c2\u00b0 7.343' E", "VERDATE": "2025-12-05"}, "geometry": {"coordinates": [151.12237783333387, -33.674521999999854, 0.0], "type": "Point", "geometries": null}}, {"type": "Feature", "properties": {"ModifiedDa": "2016-04-06", "SAPEquipID": 300123636, "AssetName": "Seat - Timber - 24", "d_SubtypeC": "Seat", "d_AssetTyp": "Without Pad", "d_AssetMat": "Timber", "d_Branch": "Greater Sydney", "d_LGA": "Hornsby", "Comments": null, "Easting": 328910.69, "Northing": 6274895.73, "Latitude": "33\u00c2\u00b0 39.123' S", "Longitude": "151\u00c2\u00b0 9.297' E", "VERDATE": "2025-12-05"}, "geometry": {"coordinates": [151.15495133716433, -33.65205326544071, 0.0], "type": "Point", "geometries": null}}, {"type": "Feature", "properties": {"ModifiedDa": "2016-04-06", "SAPEquipID": 300123657, "AssetName": "Seat - Timber - 10", "d_SubtypeC": "Seat", "d_AssetTyp": "Without Pad", "d_AssetMat": "Timber", "d_Branch": "Greater Sydney", "d_LGA": "Hornsby", "Comments": null, "Easting": 328844.4, "Northing": 6274776.85, "Latitude": "33\u00c2\u00b0 39.187' S", "Longitude": "151\u00c2\u00b0 9.253' E", "VERDATE": "2025-12-05"}, "geometry": {"coordinates": [151.1542139049758, -33.65311428226215, 0.0], "type": "Point", "geometries": null}}, {"type": "Feature", "properties": {"ModifiedDa": "2016-04-06", "SAPEquipID": 300123679, "AssetName": "BBQ - Gibberagong", "d_SubtypeC": "BBQ/Fireplace", "d_AssetTyp": "With Roof", "d_AssetMat": "Steel Stainless", "d_Branch": "Greater Sydney", "d_LGA": "Hornsby", "Comments": null, "Easting": 329155.44, "Northing": 6273715.13, "Latitude": "33\u00c2\u00b0 39.764' S", "Longitude": "151\u00c2\u00b0 9.442' E", "VERDATE": "2025-12-05"}, "geometry": {"coordinates": [151.15736261333382, -33.6627354466666, 0.0], "type": "Point", "geometries": null}}, {"type": "Feature", "properties": {"ModifiedDa": "2016-04-06", "SAPEquipID": 300123700, "AssetName": "Seat - Timber - 30", "d_SubtypeC": "Seat", "d_AssetTyp": "Without Pad", "d_AssetMat": "Timber", "d_Branch": "Greater Sydney", "d_LGA": "Hornsby", "Comments": null, "Easting": 328871.12, "Northing": 6274829.97, "Latitude": "33\u00c2\u00b0 39.158' S", "Longitude": "151\u00c2\u00b0 9.271' E", "VERDATE": "2025-12-05"}, "geometry": {"coordinates": [151.15451214000018, -33.65263975999994, 0.0], "type": "Point", "geometries": null}}, {"type": "Feature", "properties": {"ModifiedDa": "2016-04-06", "SAPEquipID": 300123721, "AssetName": "Seat - Timber - 11", "d_SubtypeC": "Seat", "d_AssetTyp": "Without Pad", "d_AssetMat": "Timber", "d_Branch": "Greater Sydney", "d_LGA": "Hornsby", "Comments": null, "Easting": 329309.39, "Northing": 6273915.56, "Latitude": "33\u00c2\u00b0 39.657' S", "Longitude": "151\u00c2\u00b0 9.544' E", "VERDATE": "2025-12-05"}, "geometry": {"coordinates": [151.15906078000012, -33.66095333333317, 0.0], "type": "Point", "geometries": null}}, {"type": "Feature", "properties": {"ModifiedDa": "2016-04-06", "SAPEquipID": 300123743, "AssetName": "Picnic Table - With Roof - 02", "d_SubtypeC": "Picnic Table", "d_AssetTyp": "With Roof", "d_AssetMat": "Timber Treated", "d_Branch": "Greater Sydney", "d_LGA": "Hornsby", "Comments": null, "Easting": 324954.9, "Northing": 6277753.65, "Latitude": "33\u00c2\u00b0 37.539' S", "Longitude": "151\u00c2\u00b0 6.772' E", "VERDATE": "2025-12-05"}, "geometry": {"coordinates": [151.11287383333377, -33.625646499999846, 0.0], "type": "Point", "geometries": null}}, {"type": "Feature", "properties": {"ModifiedDa": "2016-04-06", "SAPEquipID": 300123764, "AssetName": "Seat - Timber - 03", "d_SubtypeC": "Seat", "d_AssetTyp": "With Pad", "d_AssetMat": "Timber", "d_Branch": "Greater Sydney", "d_LGA": "Hornsby", "Comments": null, "Easting": 326402.56, "Northing": 6278811.23, "Latitude": "33\u00c2\u00b0 36.981' S", "Longitude": "151\u00c2\u00b0 7.721' E", "VERDATE": "2025-12-05"}, "geometry": {"coordinates": [151.12867966666693, -33.61634994666656, 0.0], "type": "Point", "geometries": null}}, {"type": "Feature", "properties": {"ModifiedDa": "2016-04-06", "SAPEquipID": 300124804, "AssetName": "Seat - Submarine Plaque", "d_SubtypeC": "Seat", "d_AssetTyp": null, "d_AssetMat": null, "d_Branch": "Greater Sydney", "d_LGA": "Mosman", "Comments": "new", "Easting": 339092.56, "Northing": 6254574.99, "Latitude": "33\u00c2\u00b0 50.21' S", "Longitude": "151\u00c2\u00b0 15.661' E", "VERDATE": "2025-12-05"}, "geometry": {"coordinates": [151.26101405333372, -33.836837333333165, 0.0], "type": "Point", "geometries": null}}, {"type": "Feature", "properties": {"ModifiedDa": "2022-06-01", "SAPEquipID": 300125683, "AssetName": "Picnic Table - Bowen Mtn South Trl", "d_SubtypeC": "Picnic Table", "d_AssetTyp": "No Roof", "d_AssetMat": "Timber", "d_Branch": "Blue Mountains", "d_LGA": "Hawkesbury", "Comments": "Appears to be in park but ownership unclear", "Easting": 279716.11, "Northing": 6280547.37, "Latitude": "33\u00c2\u00b0 35.524' S", "Longitude": "150\u00c2\u00b0 37.571' E", "VERDATE": "2025-12-05"}, "geometry": {"coordinates": [150.62618211333347, -33.59206994666641, 0.0], "type": "Point", "geometries": null}}, {"type": "Feature", "properties": {"ModifiedDa": "2023-04-04", "SAPEquipID": 300127361, "AssetName": "BBQ - Red Hands Cave DUA", "d_SubtypeC": "BBQ/Fireplace", "d_AssetTyp": "No Roof", "d_AssetMat": "Steel", "d_Branch": "Blue Mountains", "d_LGA": "Blue Mountains", "Comments": null, "Easting": 276874.24, "Northing": 6259233.34, "Latitude": "33\u00c2\u00b0 47.013' S", "Longitude": "150\u00c2\u00b0 35.413' E", "VERDATE": "2025-12-05"}, "geometry": {"coordinates": [150.590223886667, -33.7835478866665, 0.0], "type": "Point", "geometries": null}}, {"type": "Feature", "properties": {"ModifiedDa": "2023-04-17", "SAPEquipID": 300127383, "AssetName": "BBQ - Murphys Glen - 02", "d_SubtypeC": "BBQ/Fireplace", "d_AssetTyp": "No Roof", "d_AssetMat": "Steel", "d_Branch": "Blue Mountains", "d_LGA": "Blue Mountains", "Comments": "Murphys Glen", "Easting": 267208.14, "Northing": 6260658.31, "Latitude": "33\u00c2\u00b0 46.118' S", "Longitude": "150\u00c2\u00b0 29.177' E", "VERDATE": "2025-12-05"}, "geometry": {"coordinates": [150.48629054422986, -33.76862581539035, 0.0], "type": "Point", "geometries": null}}, {"type": "Feature", "properties": {"ModifiedDa": "2023-04-03", "SAPEquipID": 300127820, "AssetName": "Seat - Burragorang Lookout - 06", "d_SubtypeC": "Seat", "d_AssetTyp": "With Pad", "d_AssetMat": "Timber", "d_Branch": "Blue Mountains", "d_LGA": "Wollondilly", "Comments": null, "Easting": 263185.18, "Northing": 6227218.48, "Latitude": "34\u00c2\u00b0 4.142' S", "Longitude": "150\u00c2\u00b0 26.032' E", "VERDATE": "2025-12-05"}, "geometry": {"coordinates": [150.4338655736601, -34.06902647784398, 0.0], "type": "Point", "geometries": null}}, {"type": "Feature", "properties": {"ModifiedDa": "2010-08-06", "SAPEquipID": 300128428, "AssetName": "Picnic Table - 01", "d_SubtypeC": "Picnic Table", "d_AssetTyp": "No Roof", "d_AssetMat": "Timber", "d_Branch": "Greater Sydney", "d_LGA": "Liverpool", "Comments": null, "Easting": 281580.62, "Northing": 6242771.88, "Latitude": "33\u00c2\u00b0 55.972' S", "Longitude": "150\u00c2\u00b0 38.216' E", "VERDATE": "2025-12-05"}, "geometry": {"coordinates": [150.63693038666725, -33.93287144666658, 0.0], "type": "Point", "geometries": null}}, {"type": "Feature", "properties": {"ModifiedDa": "2010-08-06", "SAPEquipID": 300128450, "AssetName": "Bin - Durrawi Central - 01", "d_SubtypeC": "Bin", "d_AssetTyp": "Garbage", "d_AssetMat": "Not Applicable", "d_Branch": "Greater Sydney", "d_LGA": "Liverpool", "Comments": null, "Easting": 281216.48, "Northing": 6242826.52, "Latitude": "33\u00c2\u00b0 55.938' S", "Longitude": "150\u00c2\u00b0 37.98' E", "VERDATE": "2025-12-05"}, "geometry": {"coordinates": [150.6330074466672, -33.93230344666648, 0.0], "type": "Point", "geometries": null}}, {"type": "Feature", "properties": {"ModifiedDa": "2010-08-06", "SAPEquipID": 300128719, "AssetName": "BBQ - 20", "d_SubtypeC": "BBQ/Fireplace", "d_AssetTyp": "No Roof", "d_AssetMat": "Steel", "d_Branch": "Greater Sydney", "d_LGA": "Liverpool", "Comments": "bbq plate and billy holder on side post", "Easting": 281663.14, "Northing": 6242880.68, "Latitude": "33\u00c2\u00b0 55.914' S", "Longitude": "150\u00c2\u00b0 38.271' E", "VERDATE": "2025-12-05"}, "geometry": {"coordinates": [150.63784961333363, -33.93190816666663, 0.0], "type": "Point", "geometries": null}}, {"type": "Feature", "properties": {"ModifiedDa": "2012-09-28", "SAPEquipID": 300128853, "AssetName": "Picnic Table - South East", "d_SubtypeC": "Picnic Table", "d_AssetTyp": "With Roof", "d_AssetMat": "Timber", "d_Branch": "Greater Sydney", "d_LGA": "Blacktown", "Comments": null, "Easting": 306028.77, "Northing": 6271289.88, "Latitude": "33\u00c2\u00b0 40.838' S", "Longitude": "150\u00c2\u00b0 54.452' E", "VERDATE": "2025-12-05"}, "geometry": {"coordinates": [150.90753792663963, -33.680626177223814, 0.0], "type": "Point", "geometries": null}}, {"type": "Feature", "properties": {"ModifiedDa": "2010-08-06", "SAPEquipID": 300128875, "AssetName": "Bin - 01", "d_SubtypeC": "Bin", "d_AssetTyp": "Garbage", "d_AssetMat": "Not Applicable", "d_Branch": "Greater Sydney", "d_LGA": "Liverpool", "Comments": null, "Easting": 281255.53, "Northing": 6242742.5, "Latitude": "33\u00c2\u00b0 55.984' S", "Longitude": "150\u00c2\u00b0 38.005' E", "VERDATE": "2025-12-05"}, "geometry": {"coordinates": [150.63340855333365, -33.93306866666654, 0.0], "type": "Point", "geometries": null}}, {"type": "Feature", "properties": {"ModifiedDa": "2024-07-09", "SAPEquipID": 300128897, "AssetName": "Seat - Middle Lawn east", "d_SubtypeC": "Seat", "d_AssetTyp": "With Pad", "d_AssetMat": "Timber", "d_Branch": "Greater Sydney", "d_LGA": "Canterbury-Bankstown", "Comments": null, "Easting": 326855.3, "Northing": 6244049.87, "Latitude": "33\u00c2\u00b0 55.787' S", "Longitude": "151\u00c2\u00b0 7.605' E", "VERDATE": "2025-12-05"}, "geometry": {"coordinates": [151.12674800000013, -33.92977766666638, 0.0], "type": "Point", "geometries": null}}, {"type": "Feature", "properties": {"ModifiedDa": "2016-04-06", "SAPEquipID": 300128918, "AssetName": "Picnic Table - 03", "d_SubtypeC": "Picnic Table", "d_AssetTyp": "No Roof", "d_AssetMat": "Timber", "d_Branch": "Greater Sydney", "d_LGA": "Woollahra", "Comments": null, "Easting": 339622.74, "Northing": 6253023.74, "Latitude": "33\u00c2\u00b0 51.054' S", "Longitude": "151\u00c2\u00b0 15.988' E", "VERDATE": "2025-12-05"}, "geometry": {"coordinates": [151.26645905333362, -33.85090255333324, 0.0], "type": "Point", "geometries": null}}, {"type": "Feature", "properties": {"ModifiedDa": "2012-02-02", "SAPEquipID": 300128939, "AssetName": "Seat - Leacocks Lane Lookout", "d_SubtypeC": "Seat", "d_AssetTyp": "Without Pad", "d_AssetMat": "Timber", "d_Branch": "Greater Sydney", "d_LGA": "Liverpool", "Comments": "500x300x2300 piece of hardwood on small timber pads to form seat", "Easting": 306414.14, "Northing": 6240400.38, "Latitude": "33\u00c2\u00b0 57.547' S", "Longitude": "150\u00c2\u00b0 54.295' E", "VERDATE": "2025-12-05"}, "geometry": {"coordinates": [150.90491183333359, -33.95910838666663, 0.0], "type": "Point", "geometries": null}}, {"type": "Feature", "properties": {"ModifiedDa": "2016-04-06", "SAPEquipID": 300128982, "AssetName": "Picnic Table - Hermit Bay - 02", "d_SubtypeC": "Picnic Table", "d_AssetTyp": "No Roof", "d_AssetMat": "Timber", "d_Branch": "Greater Sydney", "d_LGA": "Woollahra", "Comments": null, "Easting": 339829.15, "Northing": 6252106.48, "Latitude": "33\u00c2\u00b0 51.552' S", "Longitude": "151\u00c2\u00b0 16.111' E", "VERDATE": "2025-12-05"}, "geometry": {"coordinates": [151.26852244666725, -33.85920294666653, 0.0], "type": "Point", "geometries": null}}, {"type": "Feature", "properties": {"ModifiedDa": "2022-03-04", "SAPEquipID": 300131079, "AssetName": "Cycle Rack - Glenbrook Office - 02", "d_SubtypeC": "Cycle Rack", "d_AssetTyp": "Not Applicable", "d_AssetMat": "Not Applicable", "d_Branch": "Blue Mountains", "d_LGA": "Blue Mountains", "Comments": "new", "Easting": 279695.41, "Northing": 6259883.33, "Latitude": "33\u00c2\u00b0 46.697' S", "Longitude": "150\u00c2\u00b0 37.25' E", "VERDATE": "2025-12-05"}, "geometry": {"coordinates": [150.62083166666662, -33.7782816666666, 0.0], "type": "Point", "geometries": null}}, {"type": "Feature", "properties": {"ModifiedDa": "2023-04-03", "SAPEquipID": 300131100, "AssetName": "Seat - Glenbrook Entance - 04", "d_SubtypeC": "Seat", "d_AssetTyp": "With Pad", "d_AssetMat": "Timber", "d_Branch": "Blue Mountains", "d_LGA": "Blue Mountains", "Comments": "wood  steel", "Easting": 279653.59, "Northing": 6259862.02, "Latitude": "33\u00c2\u00b0 46.708' S", "Longitude": "150\u00c2\u00b0 37.222' E", "VERDATE": "2025-12-05"}, "geometry": {"coordinates": [150.62037499999997, -33.77846499999998, 0.0], "type": "Point", "geometries": null}}, {"type": "Feature", "properties": {"ModifiedDa": "2019-03-15", "SAPEquipID": 300131108, "AssetName": "Picnic Table - 02", "d_SubtypeC": "Picnic Table", "d_AssetTyp": "No Roof", "d_AssetMat": "Timber", "d_Branch": "Greater Sydney", "d_LGA": "Unincorporated", "Comments": null, "Easting": 333038.45, "Northing": 6252625.75, "Latitude": "33\u00c2\u00b0 51.208' S", "Longitude": "151\u00c2\u00b0 11.715' E", "VERDATE": "2025-12-05"}, "geometry": {"coordinates": [151.19524333333368, -33.85346901333321, 0.0], "type": "Point", "geometries": null}}, {"type": "Feature", "properties": {"ModifiedDa": "2023-04-03", "SAPEquipID": 300131142, "AssetName": "Picnic Table - Euroka DUA - 04", "d_SubtypeC": "Picnic Table", "d_AssetTyp": "No Roof", "d_AssetMat": "Timber", "d_Branch": "Blue Mountains", "d_LGA": "Blue Mountains", "Comments": "concrete pad", "Easting": 279489.95, "Northing": 6257602.03, "Latitude": "33\u00c2\u00b0 47.928' S", "Longitude": "150\u00c2\u00b0 37.083' E", "VERDATE": "2025-12-05"}, "geometry": {"coordinates": [150.61804500000017, -33.79879666666665, 0.0], "type": "Point", "geometries": null}}, {"type": "Feature", "properties": {"ModifiedDa": "2019-03-15", "SAPEquipID": 300131280, "AssetName": "Seat - 05", "d_SubtypeC": "Seat", "d_AssetTyp": "Without Pad", "d_AssetMat": "Timber", "d_Branch": "Greater Sydney", "d_LGA": "Unincorporated", "Comments": null, "Easting": 337338.47, "Northing": 6251663.48, "Latitude": "33\u00c2\u00b0 51.769' S", "Longitude": "151\u00c2\u00b0 14.492' E", "VERDATE": "2025-12-05"}, "geometry": {"coordinates": [151.24152677333393, -33.86281547999988, 0.0], "type": "Point", "geometries": null}}, {"type": "Feature", "properties": {"ModifiedDa": "2016-04-06", "SAPEquipID": 300131302, "AssetName": "Seat - Bottom Carpark", "d_SubtypeC": "Seat", "d_AssetTyp": "Without Pad", "d_AssetMat": "Timber", "d_Branch": "Greater Sydney", "d_LGA": "Mosman", "Comments": null, "Easting": 337783.47, "Northing": 6252747.24, "Latitude": "33\u00c2\u00b0 51.187' S", "Longitude": "151\u00c2\u00b0 14.792' E", "VERDATE": "2025-12-05"}, "geometry": {"coordinates": [151.24653528000022, -33.853113999999835, 0.0], "type": "Point", "geometries": null}}, {"type": "Feature", "properties": {"ModifiedDa": "2023-04-03", "SAPEquipID": 300131751, "AssetName": "Picnic Table -  Appletree CA Nth - 07", "d_SubtypeC": "Picnic Table", "d_AssetTyp": "No Roof", "d_AssetMat": "Timber", "d_Branch": "Blue Mountains", "d_LGA": "Blue Mountains", "Comments": "on concrete", "Easting": 279272.76, "Northing": 6257612.72, "Latitude": "33\u00c2\u00b0 47.919' S", "Longitude": "150\u00c2\u00b0 36.942' E", "VERDATE": "2025-12-05"}, "geometry": {"coordinates": [150.6157033333335, -33.79865499999994, 0.0], "type": "Point", "geometries": null}}, {"type": "Feature", "properties": {"ModifiedDa": "2023-04-03", "SAPEquipID": 300131778, "AssetName": "Picnic Table -  Appletree CA Nth - 05", "d_SubtypeC": "Picnic Table", "d_AssetTyp": "No Roof", "d_AssetMat": "Timber", "d_Branch": "Blue Mountains", "d_LGA": "Blue Mountains", "Comments": "on concrete", "Easting": 279417.52, "Northing": 6257476.07, "Latitude": "33\u00c2\u00b0 47.995' S", "Longitude": "150\u00c2\u00b0 37.034' E", "VERDATE": "2025-12-05"}, "geometry": {"coordinates": [150.6172316666666, -33.79991666666666, 0.0], "type": "Point", "geometries": null}}, {"type": "Feature", "properties": {"ModifiedDa": "2018-06-04", "SAPEquipID": 300133299, "AssetName": "Gas Enclosure - LCRTP Depot", "d_SubtypeC": "Gas Enclosure", "d_AssetTyp": "Not Applicable", "d_AssetMat": "Not Applicable", "d_Branch": "Greater Sydney", "d_LGA": "Ryde", "Comments": "Small roof structure to cover to 2 large gas bottles, LPG UN No. 1075 Hazchem 2WE", "Easting": 328085.09, "Northing": 6259695.5, "Latitude": "33\u00c2\u00b0 47.337' S", "Longitude": "151\u00c2\u00b0 8.586' E", "VERDATE": "2025-12-05"}, "geometry": {"coordinates": [151.14310314219426, -33.788943899067874, 0.0], "type": "Point", "geometries": null}}, {"type": "Feature", "properties": {"ModifiedDa": "2016-04-06", "SAPEquipID": 300134595, "AssetName": "Seat - Timber - 33", "d_SubtypeC": "Seat", "d_AssetTyp": "Without Pad", "d_AssetMat": "Timber", "d_Branch": "Greater Sydney", "d_LGA": "Hornsby", "Comments": null, "Easting": 328801.91, "Northing": 6274786.65, "Latitude": "33\u00c2\u00b0 39.181' S", "Longitude": "151\u00c2\u00b0 9.225' E", "VERDATE": "2025-12-05"}, "geometry": {"coordinates": [151.15375772017353, -33.65301909298239, 0.0], "type": "Point", "geometries": null}}, {"type": "Feature", "properties": {"ModifiedDa": "2016-04-06", "SAPEquipID": 300135066, "AssetName": "Picnic Table - No Roof - 01", "d_SubtypeC": "Picnic Table", "d_AssetTyp": "No Roof", "d_AssetMat": "Timber Treated", "d_Branch": "Greater Sydney", "d_LGA": "Hornsby", "Comments": null, "Easting": 325033.0, "Northing": 6277774.58, "Latitude": "33\u00c2\u00b0 37.528' S", "Longitude": "151\u00c2\u00b0 6.823' E", "VERDATE": "2025-12-05"}, "geometry": {"coordinates": [151.11371950000023, -33.62547071999995, 0.0], "type": "Point", "geometries": null}}, {"type": "Feature", "properties": {"ModifiedDa": "2016-04-06", "SAPEquipID": 300135132, "AssetName": "WRS - 04", "d_SubtypeC": "Waste/Recycling Stn", "d_AssetTyp": "Not Applicable", "d_AssetMat": "Not Applicable", "d_Branch": "Greater Sydney", "d_LGA": "Hornsby", "Comments": "Stand with 2 bins", "Easting": 324866.79, "Northing": 6277700.75, "Latitude": "33\u00c2\u00b0 37.567' S", "Longitude": "151\u00c2\u00b0 6.715' E", "VERDATE": "2025-12-05"}, "geometry": {"coordinates": [151.11191394666707, -33.62610894666659, 0.0], "type": "Point", "geometries": null}}, {"type": "Feature", "properties": {"ModifiedDa": "2016-04-06", "SAPEquipID": 300135176, "AssetName": "Seat - Timber - 02", "d_SubtypeC": "Seat", "d_AssetTyp": "Without Pad", "d_AssetMat": "Timber", "d_Branch": "Greater Sydney", "d_LGA": "Ku-Ring-Gai", "Comments": null, "Easting": 329179.22, "Northing": 6259531.26, "Latitude": "33\u00c2\u00b0 47.436' S", "Longitude": "151\u00c2\u00b0 9.293' E", "VERDATE": "2025-12-05"}, "geometry": {"coordinates": [151.1548839266669, -33.790601666665964, 0.0], "type": "Point", "geometries": null}}, {"type": "Feature", "properties": {"ModifiedDa": "2016-04-06", "SAPEquipID": 300136416, "AssetName": "BBQ - Wood", "d_SubtypeC": "BBQ/Fireplace", "d_AssetTyp": "No Roof", "d_AssetMat": "Steel", "d_Branch": "Greater Sydney", "d_LGA": "Ryde", "Comments": null, "Easting": 328618.21, "Northing": 6259060.61, "Latitude": "33\u00c2\u00b0 47.685' S", "Longitude": "151\u00c2\u00b0 8.924' E", "VERDATE": "2025-12-05"}, "geometry": {"coordinates": [151.14873566666654, -33.794753666666054, 0.0], "type": "Point", "geometries": null}}, {"type": "Feature", "properties": {"ModifiedDa": "2016-04-06", "SAPEquipID": 300136437, "AssetName": "Picnic Table - No Roof - 05", "d_SubtypeC": "Picnic Table", "d_AssetTyp": "No Roof", "d_AssetMat": "Timber Treated", "d_Branch": "Greater Sydney", "d_LGA": "Ku-Ring-Gai", "Comments": "This is a redo for DMJ so Rod can delete the table taken away", "Easting": 328602.21, "Northing": 6259184.64, "Latitude": "33\u00c2\u00b0 47.618' S", "Longitude": "151\u00c2\u00b0 8.915' E", "VERDATE": "2025-12-05"}, "geometry": {"coordinates": [151.14858694666668, -33.79363294666615, 0.0], "type": "Point", "geometries": null}}, {"type": "Feature", "properties": {"ModifiedDa": "2017-10-06", "SAPEquipID": 300136616, "AssetName": "Picnic Table - Putty DUA", "d_SubtypeC": "Picnic Table", "d_AssetTyp": "No Roof", "d_AssetMat": "Timber", "d_Branch": "Hunter Central Coast", "d_LGA": "Central Coast", "Comments": null, "Easting": 348927.69, "Northing": 6288973.13, "Latitude": "33\u00c2\u00b0 31.69' S", "Longitude": "151\u00c2\u00b0 22.387' E", "VERDATE": "2025-12-05"}, "geometry": {"coordinates": [151.3731207865345, -33.52816630730723, 0.0], "type": "Point", "geometries": null}}, {"type": "Feature", "properties": {"ModifiedDa": "2016-04-06", "SAPEquipID": 300138179, "AssetName": "BBQ - Wood - 02", "d_SubtypeC": "BBQ/Fireplace", "d_AssetTyp": "No Roof", "d_AssetMat": "Steel", "d_Branch": "Greater Sydney", "d_LGA": "Ryde", "Comments": null, "Easting": 328789.75, "Northing": 6259240.91, "Latitude": "33\u00c2\u00b0 47.589' S", "Longitude": "151\u00c2\u00b0 9.037' E", "VERDATE": "2025-12-05"}, "geometry": {"coordinates": [151.1506227199999, -33.79315605333278, 0.0], "type": "Point", "geometries": null}}, {"type": "Feature", "properties": {"ModifiedDa": "2017-10-06", "SAPEquipID": 300138793, "AssetName": "Picnic Table - putty beach dayuse - 01", "d_SubtypeC": "Picnic Table", "d_AssetTyp": "No Roof", "d_AssetMat": "Timber", "d_Branch": "Hunter Central Coast", "d_LGA": "Central Coast", "Comments": null, "Easting": 348883.51, "Northing": 6288980.32, "Latitude": "33\u00c2\u00b0 31.686' S", "Longitude": "151\u00c2\u00b0 22.359' E", "VERDATE": "2025-12-05"}, "geometry": {"coordinates": [151.3726463763569, -33.52809522561364, 0.0], "type": "Point", "geometries": null}}, {"type": "Feature", "properties": {"ModifiedDa": "2012-10-22", "SAPEquipID": 300139209, "AssetName": "Life Bouy Stand - Semi Detached Point", "d_SubtypeC": "Life Buoy Stand", "d_AssetTyp": "Not Applicable", "d_AssetMat": "Not Applicable", "d_Branch": "Greater Sydney", "d_LGA": "Wollongong", "Comments": null, "Easting": 320651.0, "Northing": 6215651.0, "Latitude": "34\u00c2\u00b0 11.083' S", "Longitude": "151\u00c2\u00b0 3.229' E", "VERDATE": "2025-12-05"}, "geometry": {"coordinates": [151.05381314525926, -34.18471545213521, 0.0], "type": "Point", "geometries": null}}, {"type": "Feature", "properties": {"ModifiedDa": "2018-11-26", "SAPEquipID": 300139645, "AssetName": "Picnic Table - Comm Flat DUA - 01", "d_SubtypeC": "Picnic Table", "d_AssetTyp": "No Roof", "d_AssetMat": "Unknown", "d_Branch": "Greater Sydney", "d_LGA": "Sutherland", "Comments": "commeration flat day use area 1", "Easting": 335855.87, "Northing": 6235991.63, "Latitude": "34\u00c2\u00b0 0.232' S", "Longitude": "151\u00c2\u00b0 13.354' E", "VERDATE": "2025-12-05"}, "geometry": {"coordinates": [151.22257205333324, -34.00386233333256, 0.0], "type": "Point", "geometries": null}}, {"type": "Feature", "properties": {"ModifiedDa": "2012-10-12", "SAPEquipID": 300139667, "AssetName": "Gas Enclosure - Comm Flat DUA", "d_SubtypeC": "Gas Enclosure", "d_AssetTyp": "Not Applicable", "d_AssetMat": "Not Applicable", "d_Branch": "Greater Sydney", "d_LGA": "Sutherland", "Comments": "commeration flat day use area GAS enclosure", "Easting": 335832.22, "Northing": 6236003.7, "Latitude": "34\u00c2\u00b0 0.225' S", "Longitude": "151\u00c2\u00b0 13.339' E", "VERDATE": "2025-12-05"}, "geometry": {"coordinates": [151.2223183333332, -34.00374983333256, 0.0], "type": "Point", "geometries": null}}, {"type": "Feature", "properties": {"ModifiedDa": "2012-10-11", "SAPEquipID": 300139711, "AssetName": "Picnic Table - Yena Day Use Area", "d_SubtypeC": "Picnic Table", "d_AssetTyp": "No Roof", "d_AssetMat": "Timber Treated", "d_Branch": "Greater Sydney", "d_LGA": "Sutherland", "Comments": null, "Easting": 336603.19, "Northing": 6235132.73, "Latitude": "34\u00c2\u00b0 0.703' S", "Longitude": "151\u00c2\u00b0 13.83' E", "VERDATE": "2025-12-05"}, "geometry": {"coordinates": [151.23050033333357, -34.01172166666595, 0.0], "type": "Point", "geometries": null}}, {"type": "Feature", "properties": {"ModifiedDa": "2012-05-17", "SAPEquipID": 300139733, "AssetName": "BBQ - Morgans Creek DUA", "d_SubtypeC": "BBQ/Fireplace", "d_AssetTyp": "With Roof", "d_AssetMat": "Other", "d_Branch": "Greater Sydney", "d_LGA": "Canterbury-Bankstown", "Comments": "No bins in place", "Easting": 317053.76, "Northing": 6238842.59, "Latitude": "33\u00c2\u00b0 58.503' S", "Longitude": "151\u00c2\u00b0 1.18' E", "VERDATE": "2025-12-05"}, "geometry": {"coordinates": [151.01967185209298, -33.975055470815846, 0.0], "type": "Point", "geometries": null}}, {"type": "Feature", "properties": {"ModifiedDa": "2011-08-25", "SAPEquipID": 300139754, "AssetName": "Picnic Table - Kurnell Depot", "d_SubtypeC": "Picnic Table", "d_AssetTyp": "No Roof", "d_AssetMat": "Timber", "d_Branch": "Greater Sydney", "d_LGA": "Sutherland", "Comments": "Kurnell Depot Trail - concrete structure", "Easting": 335781.47, "Northing": 6235383.18, "Latitude": "34\u00c2\u00b0 0.56' S", "Longitude": "151\u00c2\u00b0 13.299' E", "VERDATE": "2025-12-05"}, "geometry": {"coordinates": [151.22165238666685, -34.00933561333261, 0.0], "type": "Point", "geometries": null}}, {"type": "Feature", "properties": {"ModifiedDa": "2018-06-04", "SAPEquipID": 300140593, "AssetName": "WRS - nr cabin L1", "d_SubtypeC": "Waste/Recycling Stn", "d_AssetTyp": "Not Applicable", "d_AssetMat": "Not Applicable", "d_Branch": "Greater Sydney", "d_LGA": "Ryde", "Comments": null, "Easting": 328206.74, "Northing": 6259466.64, "Latitude": "33\u00c2\u00b0 47.462' S", "Longitude": "151\u00c2\u00b0 8.662' E", "VERDATE": "2025-12-05"}, "geometry": {"coordinates": [151.14437195931998, -33.79102675480266, 0.0], "type": "Point", "geometries": null}}, {"type": "Feature", "properties": {"ModifiedDa": "2018-06-04", "SAPEquipID": 300140615, "AssetName": "BBQ - under shelter nr pool - 01", "d_SubtypeC": "BBQ/Fireplace", "d_AssetTyp": "With Roof", "d_AssetMat": null, "d_Branch": "Greater Sydney", "d_LGA": "Ryde", "Comments": null, "Easting": 328111.99, "Northing": 6259608.77, "Latitude": "33\u00c2\u00b0 47.384' S", "Longitude": "151\u00c2\u00b0 8.603' E", "VERDATE": "2025-12-05"}, "geometry": {"coordinates": [151.1433766677908, -33.789730093640685, 0.0], "type": "Point", "geometries": null}}, {"type": "Feature", "properties": {"ModifiedDa": "2016-04-06", "SAPEquipID": 300141188, "AssetName": "Life Buoy Stand - pontoon", "d_SubtypeC": "Life Buoy Stand", "d_AssetTyp": "Not Applicable", "d_AssetMat": "Not Applicable", "d_Branch": "Greater Sydney", "d_LGA": "Northern Beaches", "Comments": "angel ring", "Easting": 334134.4, "Northing": 6261298.5, "Latitude": "33\u00c2\u00b0 46.528' S", "Longitude": "151\u00c2\u00b0 12.523' E", "VERDATE": "2025-12-05"}, "geometry": {"coordinates": [151.2087157991366, -33.77545908404545, 0.6153000000000001], "type": "Point", "geometries": null}}, {"type": "Feature", "properties": {"ModifiedDa": "2018-06-04", "SAPEquipID": 300141357, "AssetName": "WRS - nw of nth camp kitchen", "d_SubtypeC": "Waste/Recycling Stn", "d_AssetTyp": "Not Applicable", "d_AssetMat": "Not Applicable", "d_Branch": "Greater Sydney", "d_LGA": "Ryde", "Comments": null, "Easting": 328068.8, "Northing": 6259827.45, "Latitude": "33\u00c2\u00b0 47.265' S", "Longitude": "151\u00c2\u00b0 8.577' E", "VERDATE": "2025-12-05"}, "geometry": {"coordinates": [151.14295290408415, -33.78775177278794, 0.0], "type": "Point", "geometries": null}}, {"type": "Feature", "properties": {"ModifiedDa": "2018-06-04", "SAPEquipID": 300141579, "AssetName": "Picnic Table - Treated Timber - mobile", "d_SubtypeC": "Picnic Table", "d_AssetTyp": "No Roof", "d_AssetMat": "Timber Treated", "d_Branch": "Greater Sydney", "d_LGA": "Ryde", "Comments": null, "Easting": 328121.8, "Northing": 6259612.44, "Latitude": "33\u00c2\u00b0 47.382' S", "Longitude": "151\u00c2\u00b0 8.609' E", "VERDATE": "2025-12-05"}, "geometry": {"coordinates": [151.14348327404605, -33.78969863752536, 0.0], "type": "Point", "geometries": null}}, {"type": "Feature", "properties": {"ModifiedDa": "2024-12-06", "SAPEquipID": 300141697, "AssetName": "Picnic Table - Wattamolla Lower - 01", "d_SubtypeC": "Picnic Table", "d_AssetTyp": "No Roof", "d_AssetMat": "Timber Treated", "d_Branch": "Greater Sydney", "d_LGA": "Sutherland", "Comments": null, "Easting": 326148.96, "Northing": 6221030.98, "Latitude": "34\u00c2\u00b0 8.229' S", "Longitude": "151\u00c2\u00b0 6.871' E", "VERDATE": "2025-12-05"}, "geometry": {"coordinates": [151.11452346930434, -34.137153119804395, 0.0], "type": "Point", "geometries": null}}, {"type": "Feature", "properties": {"ModifiedDa": "2010-07-26", "SAPEquipID": 300141719, "AssetName": "Picnic Table  1 Picnic area north", "d_SubtypeC": "Picnic Table", "d_AssetTyp": "No Roof", "d_AssetMat": "Timber", "d_Branch": "Greater Sydney", "d_LGA": "Sutherland", "Comments": "Picnic Table  1 Picnic area", "Easting": 328533.07, "Northing": 6227243.62, "Latitude": "34\u00c2\u00b0 4.893' S", "Longitude": "151\u00c2\u00b0 8.496' E", "VERDATE": "2025-12-05"}, "geometry": {"coordinates": [151.14159338666695, -34.08154671999921, 0.0], "type": "Point", "geometries": null}}, {"type": "Feature", "properties": {"ModifiedDa": "2012-02-08", "SAPEquipID": 300141741, "AssetName": "Seat - Upper Causeway", "d_SubtypeC": "Seat", "d_AssetTyp": "With Pad", "d_AssetMat": "Stone", "d_Branch": "Greater Sydney", "d_LGA": "Sutherland", "Comments": null, "Easting": 318284.68, "Northing": 6219156.2, "Latitude": "34\u00c2\u00b0 9.163' S", "Longitude": "151\u00c2\u00b0 1.733' E", "VERDATE": "2025-12-05"}, "geometry": {"coordinates": [151.02888338666662, -34.15271205333261, 0.0], "type": "Point", "geometries": null}}, {"type": "Feature", "properties": {"ModifiedDa": "2010-07-26", "SAPEquipID": 300141807, "AssetName": "seat 2 forest island loop track mid", "d_SubtypeC": "Seat", "d_AssetTyp": "Without Pad", "d_AssetMat": "Timber Treated", "d_Branch": "Greater Sydney", "d_LGA": "Sutherland", "Comments": null, "Easting": 317806.95, "Northing": 6220611.54, "Latitude": "34\u00c2\u00b0 8.371' S", "Longitude": "151\u00c2\u00b0 1.441' E", "VERDATE": "2025-12-05"}, "geometry": {"coordinates": [151.02400955333326, -34.139511279999226, 0.0], "type": "Point", "geometries": null}}, {"type": "Feature", "properties": {"ModifiedDa": "2012-02-08", "SAPEquipID": 300141827, "AssetName": "Picnic Table - Bola Creek Visitor Area", "d_SubtypeC": "Picnic Table", "d_AssetTyp": "No Roof", "d_AssetMat": "Timber", "d_Branch": "Greater Sydney", "d_LGA": "Sutherland", "Comments": null, "Easting": 318481.46, "Northing": 6220326.24, "Latitude": "34\u00c2\u00b0 8.532' S", "Longitude": "151\u00c2\u00b0 1.876' E", "VERDATE": "2025-12-05"}, "geometry": {"coordinates": [151.03126161333307, -34.14220033333248, 0.0], "type": "Point", "geometries": null}}, {"type": "Feature", "properties": {"ModifiedDa": "2012-02-08", "SAPEquipID": 300141848, "AssetName": "Picnic Table - Palona Visitor Area", "d_SubtypeC": "Picnic Table", "d_AssetTyp": "No Roof", "d_AssetMat": "Timber", "d_Branch": "Greater Sydney", "d_LGA": "Sutherland", "Comments": null, "Easting": 318691.41, "Northing": 6221306.7, "Latitude": "34\u00c2\u00b0 8.004' S", "Longitude": "151\u00c2\u00b0 2.025' E", "VERDATE": "2025-12-05"}, "geometry": {"coordinates": [151.0337422199998, -34.133399553332595, 0.0], "type": "Point", "geometries": null}}, {"type": "Feature", "properties": {"ModifiedDa": "2011-11-23", "SAPEquipID": 300141871, "AssetName": "Picnic Table - Mirang Day Use Area", "d_SubtypeC": "Picnic Table", "d_AssetTyp": "No Roof", "d_AssetMat": "Timber", "d_Branch": "Greater Sydney", "d_LGA": "Sutherland", "Comments": null, "Easting": 314289.21, "Northing": 6226023.94, "Latitude": "34\u00c2\u00b0 5.407' S", "Longitude": "150\u00c2\u00b0 59.222' E", "VERDATE": "2025-12-05"}, "geometry": {"coordinates": [150.98703466666666, -34.09010861333263, 0.0], "type": "Point", "geometries": null}}, {"type": "Feature", "properties": {"ModifiedDa": "2011-10-12", "SAPEquipID": 300141893, "AssetName": "Picnic Table - Battery Causeway", "d_SubtypeC": "Picnic Table", "d_AssetTyp": "No Roof", "d_AssetMat": "Timber", "d_Branch": "Greater Sydney", "d_LGA": "Sutherland", "Comments": null, "Easting": 313620.17, "Northing": 6225413.13, "Latitude": "34\u00c2\u00b0 5.73' S", "Longitude": "150\u00c2\u00b0 58.779' E", "VERDATE": "2025-12-05"}, "geometry": {"coordinates": [150.97965583333303, -34.09549494666584, 0.0], "type": "Point", "geometries": null}}, {"type": "Feature", "properties": {"ModifiedDa": "2024-06-04", "SAPEquipID": 300142055, "AssetName": "Seat - Thelma Head Middle - 02", "d_SubtypeC": "Seat", "d_AssetTyp": "Without Pad", "d_AssetMat": "Timber Treated", "d_Branch": "Greater Sydney", "d_LGA": "Wollongong", "Comments": null, "Easting": 321241.75, "Northing": 6216537.1, "Latitude": "34\u00c2\u00b0 10.61' S", "Longitude": "151\u00c2\u00b0 3.624' E", "VERDATE": "2025-12-05"}, "geometry": {"coordinates": [151.06040327333335, -34.176830113332585, 0.0], "type": "Point", "geometries": null}}, {"type": "Feature", "properties": {"ModifiedDa": "2012-05-07", "SAPEquipID": 300144077, "AssetName": "Picnic Table - 01", "d_SubtypeC": "Picnic Table", "d_AssetTyp": "No Roof", "d_AssetMat": "Timber", "d_Branch": "Greater Sydney", "d_LGA": "Camden", "Comments": "aluminum frame", "Easting": 292059.22, "Northing": 6228428.64, "Latitude": "34\u00c2\u00b0 3.855' S", "Longitude": "150\u00c2\u00b0 44.808' E", "VERDATE": "2025-12-05"}, "geometry": {"coordinates": [150.74680740794963, -34.06425497836358, 0.0], "type": "Point", "geometries": null}}, {"type": "Feature", "properties": {"ModifiedDa": "2012-02-01", "SAPEquipID": 300144099, "AssetName": "Picnic Table - Bellbird VA - 01", "d_SubtypeC": "Picnic Table", "d_AssetTyp": "No Roof", "d_AssetMat": "Timber", "d_Branch": "Greater Sydney", "d_LGA": "Liverpool", "Comments": null, "Easting": 306473.69, "Northing": 6241160.4, "Latitude": "33\u00c2\u00b0 57.136' S", "Longitude": "150\u00c2\u00b0 54.343' E", "VERDATE": "2025-12-05"}, "geometry": {"coordinates": [150.90572381717254, -33.95226931912282, 0.0], "type": "Point", "geometries": null}}, {"type": "Feature", "properties": {"ModifiedDa": "2010-08-06", "SAPEquipID": 300144330, "AssetName": "Picnic Table - 02", "d_SubtypeC": "Picnic Table", "d_AssetTyp": "No Roof", "d_AssetMat": "Timber", "d_Branch": "Greater Sydney", "d_LGA": "Liverpool", "Comments": null, "Easting": 281359.81, "Northing": 6242752.43, "Latitude": "33\u00c2\u00b0 55.98' S", "Longitude": "150\u00c2\u00b0 38.072' E", "VERDATE": "2025-12-05"}, "geometry": {"coordinates": [150.63453838666703, -33.93300083333321, 0.0], "type": "Point", "geometries": null}}, {"type": "Feature", "properties": {"ModifiedDa": "2023-11-29", "SAPEquipID": 300144445, "AssetName": "Picnic Table - Burralow Ck CA - 04", "d_SubtypeC": "Picnic Table", "d_AssetTyp": "No Roof", "d_AssetMat": "Steel", "d_Branch": "Blue Mountains", "d_LGA": "Hawkesbury", "Comments": "Low steel tables Burralow Campground", "Easting": 277479.22, "Northing": 6284552.2, "Latitude": "33\u00c2\u00b0 33.331' S", "Longitude": "150\u00c2\u00b0 36.186' E", "VERDATE": "2025-12-05"}, "geometry": {"coordinates": [150.60309357800008, -33.555515263999894, 0.0], "type": "Point", "geometries": null}}, {"type": "Feature", "properties": {"ModifiedDa": "2010-08-06", "SAPEquipID": 300144655, "AssetName": "BBQ - 02", "d_SubtypeC": "BBQ/Fireplace", "d_AssetTyp": "No Roof", "d_AssetMat": "Steel", "d_Branch": "Greater Sydney", "d_LGA": "Liverpool", "Comments": "raised on steel post", "Easting": 281358.55, "Northing": 6242712.87, "Latitude": "33\u00c2\u00b0 56.001' S", "Longitude": "150\u00c2\u00b0 38.071' E", "VERDATE": "2025-12-05"}, "geometry": {"coordinates": [150.6345150000002, -33.93335711333327, 0.0], "type": "Point", "geometries": null}}, {"type": "Feature", "properties": {"ModifiedDa": "2016-04-06", "SAPEquipID": 300144677, "AssetName": "Seat - surf club end net cable", "d_SubtypeC": "Seat", "d_AssetTyp": "With Pad", "d_AssetMat": "Timber", "d_Branch": "Greater Sydney", "d_LGA": "Woollahra", "Comments": null, "Easting": 339724.53, "Northing": 6253075.64, "Latitude": "33\u00c2\u00b0 51.027' S", "Longitude": "151\u00c2\u00b0 16.054' E", "VERDATE": "2025-12-05"}, "geometry": {"coordinates": [151.2675683333341, -33.850450113333295, 0.0], "type": "Point", "geometries": null}}, {"type": "Feature", "properties": {"ModifiedDa": "2012-09-27", "SAPEquipID": 300144699, "AssetName": "BBQ - 01", "d_SubtypeC": "BBQ/Fireplace", "d_AssetTyp": "No Roof", "d_AssetMat": "Steel Stainless", "d_Branch": "Greater Sydney", "d_LGA": "Blacktown", "Comments": null, "Easting": 306328.95, "Northing": 6271309.4, "Latitude": "33\u00c2\u00b0 40.83' S", "Longitude": "150\u00c2\u00b0 54.647' E", "VERDATE": "2025-12-05"}, "geometry": {"coordinates": [150.91077849787905, -33.68050499986634, 0.0], "type": "Point", "geometries": null}}, {"type": "Feature", "properties": {"ModifiedDa": "2012-09-27", "SAPEquipID": 300144721, "AssetName": "BBQ - 02", "d_SubtypeC": "BBQ/Fireplace", "d_AssetTyp": "No Roof", "d_AssetMat": "Steel Stainless", "d_Branch": "Greater Sydney", "d_LGA": "Blacktown", "Comments": null, "Easting": 306336.91, "Northing": 6271316.12, "Latitude": "33\u00c2\u00b0 40.827' S", "Longitude": "150\u00c2\u00b0 54.652' E", "VERDATE": "2025-12-05"}, "geometry": {"coordinates": [150.91086570815526, -33.68044585230268, 0.0], "type": "Point", "geometries": null}}, {"type": "Feature", "properties": {"ModifiedDa": "2010-08-06", "SAPEquipID": 300144743, "AssetName": "PUF Station - ID 15121 Cattai 01", "d_SubtypeC": "Fee Collection Station - Unmanned", "d_AssetTyp": null, "d_AssetMat": "Not Applicable", "d_Branch": "Greater Sydney", "d_LGA": "The Hills", "Comments": "Caddie Dairy", "Easting": 304724.47, "Northing": 6285851.97, "Latitude": "33\u00c2\u00b0 32.948' S", "Longitude": "150\u00c2\u00b0 53.8' E", "VERDATE": "2025-12-05"}, "geometry": {"coordinates": [150.89666816666625, -33.54913349999998, 0.0], "type": "Point", "geometries": null}}, {"type": "Feature", "properties": {"ModifiedDa": "2010-08-06", "SAPEquipID": 300144764, "AssetName": "Picnic Table - 01", "d_SubtypeC": "Picnic Table", "d_AssetTyp": "With Roof", "d_AssetMat": "Timber", "d_Branch": "Greater Sydney", "d_LGA": "Hawkesbury", "Comments": null, "Easting": 307160.44, "Northing": 6284516.76, "Latitude": "33\u00c2\u00b0 33.697' S", "Longitude": "150\u00c2\u00b0 55.356' E", "VERDATE": "2025-12-05"}, "geometry": {"coordinates": [150.92260291333275, -33.56161149999991, 0.0], "type": "Point", "geometries": null}}, {"type": "Feature", "properties": {"ModifiedDa": "2012-05-31", "SAPEquipID": 300144786, "AssetName": "BBQ - Camp Precinct", "d_SubtypeC": "BBQ/Fireplace", "d_AssetTyp": "No Roof", "d_AssetMat": "Brick", "d_Branch": "Greater Sydney", "d_LGA": "Hawkesbury", "Comments": null, "Easting": 303932.1, "Northing": 6279034.78, "Latitude": "33\u00c2\u00b0 36.626' S", "Longitude": "150\u00c2\u00b0 53.198' E", "VERDATE": "2025-12-05"}, "geometry": {"coordinates": [150.88664071333278, -33.61043428666659, 0.0], "type": "Point", "geometries": null}}, {"type": "Feature", "properties": {"ModifiedDa": "2010-08-06", "SAPEquipID": 300144808, "AssetName": "BBQ - 01", "d_SubtypeC": "BBQ/Fireplace", "d_AssetTyp": "Unknown", "d_AssetMat": "Steel", "d_Branch": "Greater Sydney", "d_LGA": "Liverpool", "Comments": null, "Easting": 281179.13, "Northing": 6242841.27, "Latitude": "33\u00c2\u00b0 55.93' S", "Longitude": "150\u00c2\u00b0 37.956' E", "VERDATE": "2025-12-05"}, "geometry": {"coordinates": [150.63260728000046, -33.932162779999885, 0.0], "type": "Point", "geometries": null}}, {"type": "Feature", "properties": {"ModifiedDa": "2010-08-06", "SAPEquipID": 300144832, "AssetName": "Bin - 02", "d_SubtypeC": "Bin", "d_AssetTyp": "Garbage", "d_AssetMat": "Not Applicable", "d_Branch": "Greater Sydney", "d_LGA": "Liverpool", "Comments": null, "Easting": 281164.56, "Northing": 6242807.41, "Latitude": "33\u00c2\u00b0 55.948' S", "Longitude": "150\u00c2\u00b0 37.946' E", "VERDATE": "2025-12-05"}, "geometry": {"coordinates": [150.63244133333387, -33.932464886666594, 0.0], "type": "Point", "geometries": null}}, {"type": "Feature", "properties": {"ModifiedDa": "2016-04-06", "SAPEquipID": 300144853, "AssetName": "Seat - at watch tower", "d_SubtypeC": "Seat", "d_AssetTyp": "Without Pad", "d_AssetMat": "Timber Treated", "d_Branch": "Greater Sydney", "d_LGA": "Randwick", "Comments": null, "Easting": 336743.51, "Northing": 6237621.3, "Latitude": "33\u00c2\u00b0 59.359' S", "Longitude": "151\u00c2\u00b0 13.949' E", "VERDATE": "2025-12-05"}, "geometry": {"coordinates": [151.23248416666706, -33.989309999999875, 0.0], "type": "Point", "geometries": null}}, {"type": "Feature", "properties": {"ModifiedDa": "2016-04-06", "SAPEquipID": 300144874, "AssetName": "Seat - Henry Head WT loop", "d_SubtypeC": "Seat", "d_AssetTyp": "Without Pad", "d_AssetMat": "Other", "d_Branch": "Greater Sydney", "d_LGA": "Randwick", "Comments": null, "Easting": 337435.11, "Northing": 6237086.43, "Latitude": "33\u00c2\u00b0 59.654' S", "Longitude": "151\u00c2\u00b0 14.392' E", "VERDATE": "2025-12-05"}, "geometry": {"coordinates": [151.23986928000022, -33.9942389466666, 0.0], "type": "Point", "geometries": null}}, {"type": "Feature", "properties": {"ModifiedDa": "2016-04-06", "SAPEquipID": 300144895, "AssetName": "Bin - lady bay bins ???", "d_SubtypeC": "Waste/Recycling Stn", "d_AssetTyp": "Not Applicable", "d_AssetMat": "Not Applicable", "d_Branch": "Greater Sydney", "d_LGA": "Woollahra", "Comments": "4 general  garbage  1 recycling  bin", "Easting": 340747.12, "Northing": 6254661.73, "Latitude": "33\u00c2\u00b0 50.178' S", "Longitude": "151\u00c2\u00b0 16.734' E", "VERDATE": "2025-12-05"}, "geometry": {"coordinates": [151.27890400000035, -33.836306219999756, 0.0], "type": "Point", "geometries": null}}, {"type": "Feature", "properties": {"ModifiedDa": "2016-04-06", "SAPEquipID": 300144917, "AssetName": "Seat - above engine room at battery", "d_SubtypeC": "Seat", "d_AssetTyp": "Without Pad", "d_AssetMat": "Timber", "d_Branch": "Greater Sydney", "d_LGA": "Woollahra", "Comments": null, "Easting": 340942.11, "Northing": 6254883.04, "Latitude": "33\u00c2\u00b0 50.06' S", "Longitude": "151\u00c2\u00b0 16.863' E", "VERDATE": "2025-12-05"}, "geometry": {"coordinates": [151.28105050000033, -33.834340499999826, 0.0], "type": "Point", "geometries": null}}, {"type": "Feature", "properties": {"ModifiedDa": "2016-04-06", "SAPEquipID": 300144938, "AssetName": "Tree Guard - Steele Point steps", "d_SubtypeC": "Tree Guard", "d_AssetTyp": "Not Applicable", "d_AssetMat": "Not Applicable", "d_Branch": "Greater Sydney", "d_LGA": "Woollahra", "Comments": null, "Easting": 339528.28, "Northing": 6252973.54, "Latitude": "33\u00c2\u00b0 51.08' S", "Longitude": "151\u00c2\u00b0 15.926' E", "VERDATE": "2025-12-05"}, "geometry": {"coordinates": [151.26542933333383, -33.851340719999826, 0.0], "type": "Point", "geometries": null}}, {"type": "Feature", "properties": {"ModifiedDa": "2024-07-09", "SAPEquipID": 300144959, "AssetName": "Picnic Table - Middle Lawn - 02", "d_SubtypeC": "Picnic Table", "d_AssetTyp": "No Roof", "d_AssetMat": "Timber", "d_Branch": "Greater Sydney", "d_LGA": "Canterbury-Bankstown", "Comments": null, "Easting": 326814.57, "Northing": 6244068.2, "Latitude": "33\u00c2\u00b0 55.776' S", "Longitude": "151\u00c2\u00b0 7.579' E", "VERDATE": "2025-12-05"}, "geometry": {"coordinates": [151.12631116666728, -33.9296057199997, 0.0], "type": "Point", "geometries": null}}, {"type": "Feature", "properties": {"ModifiedDa": "2024-07-09", "SAPEquipID": 300144981, "AssetName": "Picnic Table - Sutton St playground", "d_SubtypeC": "Picnic Table", "d_AssetTyp": "With Roof", "d_AssetMat": "Timber Treated", "d_Branch": "Greater Sydney", "d_LGA": "Canterbury-Bankstown", "Comments": null, "Easting": 327086.71, "Northing": 6244154.97, "Latitude": "33\u00c2\u00b0 55.732' S", "Longitude": "151\u00c2\u00b0 7.756' E", "VERDATE": "2025-12-05"}, "geometry": {"coordinates": [151.12927116666685, -33.92886833333313, 0.0], "type": "Point", "geometries": null}}, {"type": "Feature", "properties": {"ModifiedDa": "2016-04-06", "SAPEquipID": 300145003, "AssetName": "WRS - Armoury bin enclouser", "d_SubtypeC": "Waste/Recycling Stn", "d_AssetTyp": "Not Applicable", "d_AssetMat": "Not Applicable", "d_Branch": "Greater Sydney", "d_LGA": "Woollahra", "Comments": null, "Easting": 341158.11, "Northing": 6254066.14, "Latitude": "33\u00c2\u00b0 50.504' S", "Longitude": "151\u00c2\u00b0 16.994' E", "VERDATE": "2025-12-05"}, "geometry": {"coordinates": [151.28323655333372, -33.84173744666657, 0.0], "type": "Point", "geometries": null}}, {"type": "Feature", "properties": {"ModifiedDa": "2016-04-06", "SAPEquipID": 300145024, "AssetName": "Seat - Steele Point Road - 02", "d_SubtypeC": "Seat", "d_AssetTyp": "With Pad", "d_AssetMat": "Timber Treated", "d_Branch": "Greater Sydney", "d_LGA": "Woollahra", "Comments": null, "Easting": 339646.35, "Northing": 6252683.88, "Latitude": "33\u00c2\u00b0 51.238' S", "Longitude": "151\u00c2\u00b0 15.999' E", "VERDATE": "2025-12-05"}, "geometry": {"coordinates": [151.26665233333358, -33.85396994666661, 0.0], "type": "Point", "geometries": null}}, {"type": "Feature", "properties": {"ModifiedDa": "2016-04-06", "SAPEquipID": 300145046, "AssetName": "Seat - Greycliffe Gardens smallest", "d_SubtypeC": "Seat", "d_AssetTyp": "With Pad", "d_AssetMat": "Stone", "d_Branch": "Greater Sydney", "d_LGA": "Woollahra", "Comments": null, "Easting": 339673.82, "Northing": 6252933.03, "Latitude": "33\u00c2\u00b0 51.104' S", "Longitude": "151\u00c2\u00b0 16.02' E", "VERDATE": "2025-12-05"}, "geometry": {"coordinates": [151.26699444666679, -33.85172805333315, 0.0], "type": "Point", "geometries": null}}, {"type": "Feature", "properties": {"ModifiedDa": "2016-04-06", "SAPEquipID": 300145067, "AssetName": "Seat - 02", "d_SubtypeC": "Seat", "d_AssetTyp": "With Pad", "d_AssetMat": "Timber", "d_Branch": "Greater Sydney", "d_LGA": "Woollahra", "Comments": null, "Easting": 339688.32, "Northing": 6253052.76, "Latitude": "33\u00c2\u00b0 51.039' S", "Longitude": "151\u00c2\u00b0 16.03' E", "VERDATE": "2025-12-05"}, "geometry": {"coordinates": [151.2671729466672, -33.85065083333319, 0.0], "type": "Point", "geometries": null}}, {"type": "Feature", "properties": {"ModifiedDa": "2016-04-06", "SAPEquipID": 300145089, "AssetName": "Seat - 06", "d_SubtypeC": "Seat", "d_AssetTyp": "With Pad", "d_AssetMat": "Timber", "d_Branch": "Greater Sydney", "d_LGA": "Woollahra", "Comments": null, "Easting": 339658.56, "Northing": 6253042.08, "Latitude": "33\u00c2\u00b0 51.045' S", "Longitude": "151\u00c2\u00b0 16.011' E", "VERDATE": "2025-12-05"}, "geometry": {"coordinates": [151.26684950000072, -33.85074266666658, 0.0], "type": "Point", "geometries": null}}, {"type": "Feature", "properties": {"ModifiedDa": "2016-04-06", "SAPEquipID": 300145111, "AssetName": "Picnic Table - 01", "d_SubtypeC": "Picnic Table", "d_AssetTyp": "No Roof", "d_AssetMat": "Timber", "d_Branch": "Greater Sydney", "d_LGA": "Woollahra", "Comments": null, "Easting": 339622.05, "Northing": 6253024.9, "Latitude": "33\u00c2\u00b0 51.054' S", "Longitude": "151\u00c2\u00b0 15.987' E", "VERDATE": "2025-12-05"}, "geometry": {"coordinates": [151.26645188666703, -33.85089194666659, 0.0], "type": "Point", "geometries": null}}, {"type": "Feature", "properties": {"ModifiedDa": "2016-04-06", "SAPEquipID": 300145132, "AssetName": "Picnic Table - 02", "d_SubtypeC": "Picnic Table", "d_AssetTyp": "No Roof", "d_AssetMat": "Timber", "d_Branch": "Greater Sydney", "d_LGA": "Woollahra", "Comments": null, "Easting": 339588.36, "Northing": 6253008.05, "Latitude": "33\u00c2\u00b0 51.062' S", "Longitude": "151\u00c2\u00b0 15.965' E", "VERDATE": "2025-12-05"}, "geometry": {"coordinates": [151.26608472000055, -33.85103871999979, 0.0], "type": "Point", "geometries": null}}, {"type": "Feature", "properties": {"ModifiedDa": "2016-04-06", "SAPEquipID": 300145154, "AssetName": "Seat - 13", "d_SubtypeC": "Seat", "d_AssetTyp": "With Pad", "d_AssetMat": "Timber", "d_Branch": "Greater Sydney", "d_LGA": "Woollahra", "Comments": null, "Easting": 339542.42, "Northing": 6253010.25, "Latitude": "33\u00c2\u00b0 51.061' S", "Longitude": "151\u00c2\u00b0 15.935' E", "VERDATE": "2025-12-05"}, "geometry": {"coordinates": [151.26558878000037, -33.851011946666574, 0.0], "type": "Point", "geometries": null}}, {"type": "Feature", "properties": {"ModifiedDa": "2016-04-06", "SAPEquipID": 300145175, "AssetName": "Tree Guard - at kiosk", "d_SubtypeC": "Tree Guard", "d_AssetTyp": "Not Applicable", "d_AssetMat": "Not Applicable", "d_Branch": "Greater Sydney", "d_LGA": "Woollahra", "Comments": null, "Easting": 339616.53, "Northing": 6253029.27, "Latitude": "33\u00c2\u00b0 51.051' S", "Longitude": "151\u00c2\u00b0 15.984' E", "VERDATE": "2025-12-05"}, "geometry": {"coordinates": [151.26639305333345, -33.850851719999866, 0.0], "type": "Point", "geometries": null}}, {"type": "Feature", "properties": {"ModifiedDa": "2016-04-06", "SAPEquipID": 300145196, "AssetName": "Tree Guard - 03", "d_SubtypeC": "Tree Guard", "d_AssetTyp": "Not Applicable", "d_AssetMat": "Not Applicable", "d_Branch": "Greater Sydney", "d_LGA": "Woollahra", "Comments": null, "Easting": 339703.1, "Northing": 6253065.34, "Latitude": "33\u00c2\u00b0 51.032' S", "Longitude": "151\u00c2\u00b0 16.04' E", "VERDATE": "2025-12-05"}, "geometry": {"coordinates": [151.2673349466669, -33.85053966666658, 0.0], "type": "Point", "geometries": null}}, {"type": "Feature", "properties": {"ModifiedDa": "2024-07-09", "SAPEquipID": 300145217, "AssetName": "Seat - Hartill-Law lawn", "d_SubtypeC": "Seat", "d_AssetTyp": "Without Pad", "d_AssetMat": "Timber Treated", "d_Branch": "Greater Sydney", "d_LGA": "Canterbury-Bankstown", "Comments": null, "Easting": 326761.24, "Northing": 6244025.71, "Latitude": "33\u00c2\u00b0 55.799' S", "Longitude": "151\u00c2\u00b0 7.544' E", "VERDATE": "2025-12-05"}, "geometry": {"coordinates": [151.12572611333349, -33.929979999999944, 0.0], "type": "Point", "geometries": null}}, {"type": "Feature", "properties": {"ModifiedDa": "2012-09-27", "SAPEquipID": 300145239, "AssetName": "Seat - 03", "d_SubtypeC": "Seat", "d_AssetTyp": "Without Pad", "d_AssetMat": "Timber", "d_Branch": "Greater Sydney", "d_LGA": "Blacktown", "Comments": null, "Easting": 306225.83, "Northing": 6271249.22, "Latitude": "33\u00c2\u00b0 40.862' S", "Longitude": "150\u00c2\u00b0 54.579' E", "VERDATE": "2025-12-05"}, "geometry": {"coordinates": [150.909653527714, -33.68102864138484, 0.0], "type": "Point", "geometries": null}}, {"type": "Feature", "properties": {"ModifiedDa": "2011-08-02", "SAPEquipID": 300145240, "AssetName": "Table - Govenor Game LOut Middle - 02", "d_SubtypeC": "Picnic Table", "d_AssetTyp": "No Roof", "d_AssetMat": "Timber", "d_Branch": "Greater Sydney", "d_LGA": "Sutherland", "Comments": null, "Easting": 320543.68, "Northing": 6217176.3, "Latitude": "34\u00c2\u00b0 10.257' S", "Longitude": "151\u00c2\u00b0 3.178' E", "VERDATE": "2025-12-05"}, "geometry": {"coordinates": [151.05296513308247, -34.17094878979009, 0.0], "type": "Point", "geometries": null}}, {"type": "Feature", "properties": {"ModifiedDa": "2010-07-26", "SAPEquipID": 300145756, "AssetName": "picnic table 2 wattle forest", "d_SubtypeC": "Picnic Table", "d_AssetTyp": "No Roof", "d_AssetMat": "Timber", "d_Branch": "Greater Sydney", "d_LGA": "Sutherland", "Comments": null, "Easting": 320523.76, "Northing": 6226986.24, "Latitude": "34\u00c2\u00b0 4.951' S", "Longitude": "151\u00c2\u00b0 3.287' E", "VERDATE": "2025-12-05"}, "geometry": {"coordinates": [151.0547760533335, -34.08252333333252, 0.0], "type": "Point", "geometries": null}}, {"type": "Feature", "properties": {"ModifiedDa": "2011-08-08", "SAPEquipID": 300145778, "AssetName": "Picnic Table - Carlotta Residence", "d_SubtypeC": "Picnic Table", "d_AssetTyp": "Unknown", "d_AssetMat": "Unknown", "d_Branch": "Greater Sydney", "d_LGA": "Sutherland", "Comments": "Carlotta", "Easting": 320540.87, "Northing": 6229128.01, "Latitude": "34\u00c2\u00b0 3.793' S", "Longitude": "151\u00c2\u00b0 3.324' E", "VERDATE": "2025-12-05"}, "geometry": {"coordinates": [151.05540277999967, -34.06322116666598, 0.0], "type": "Point", "geometries": null}}, {"type": "Feature", "properties": {"ModifiedDa": "2024-03-04", "SAPEquipID": 300145910, "AssetName": "Playground Equip - Sandstone Blocks", "d_SubtypeC": "Playground Equipment", "d_AssetTyp": "Not Applicable", "d_AssetMat": "Not Applicable", "d_Branch": "Greater Sydney", "d_LGA": "Blacktown", "Comments": null, "Easting": 306343.02, "Northing": 6271299.48, "Latitude": "33\u00c2\u00b0 40.836' S", "Longitude": "150\u00c2\u00b0 54.656' E", "VERDATE": "2025-12-05"}, "geometry": {"coordinates": [150.91092800000013, -33.68059699999998, 0.0], "type": "Point", "geometries": null}}, {"type": "Feature", "properties": {"ModifiedDa": "2024-03-04", "SAPEquipID": 300145932, "AssetName": "Playground Equip - Concrete Lizard", "d_SubtypeC": "Playground Equipment", "d_AssetTyp": "Not Applicable", "d_AssetMat": "Not Applicable", "d_Branch": "Greater Sydney", "d_LGA": "Blacktown", "Comments": null, "Easting": 306332.53, "Northing": 6271286.17, "Latitude": "33\u00c2\u00b0 40.843' S", "Longitude": "150\u00c2\u00b0 54.649' E", "VERDATE": "2025-12-05"}, "geometry": {"coordinates": [150.91081199999996, -33.680714999999964, 0.0], "type": "Point", "geometries": null}}, {"type": "Feature", "properties": {"ModifiedDa": "2024-03-04", "SAPEquipID": 300145997, "AssetName": "Playground Equip - Pull Up Bars", "d_SubtypeC": "Playground Equipment", "d_AssetTyp": "Not Applicable", "d_AssetMat": "Not Applicable", "d_Branch": "Greater Sydney", "d_LGA": "Blacktown", "Comments": null, "Easting": 306351.22, "Northing": 6271293.1, "Latitude": "33\u00c2\u00b0 40.839' S", "Longitude": "150\u00c2\u00b0 54.661' E", "VERDATE": "2025-12-05"}, "geometry": {"coordinates": [150.91101500000002, -33.680656, 0.0], "type": "Point", "geometries": null}}, {"type": "Feature", "properties": {"ModifiedDa": "2024-03-04", "SAPEquipID": 300146019, "AssetName": "Playground Equip - Climbing Dome", "d_SubtypeC": "Playground Equipment", "d_AssetTyp": "Not Applicable", "d_AssetMat": "Not Applicable", "d_Branch": "Greater Sydney", "d_LGA": "Blacktown", "Comments": null, "Easting": 306365.17, "Northing": 6271300.15, "Latitude": "33\u00c2\u00b0 40.836' S", "Longitude": "150\u00c2\u00b0 54.67' E", "VERDATE": "2025-12-05"}, "geometry": {"coordinates": [150.91116699999998, -33.68059499999998, 0.0], "type": "Point", "geometries": null}}, {"type": "Feature", "properties": {"ModifiedDa": "2023-11-29", "SAPEquipID": 300146037, "AssetName": "BBQ - Burralow Ck CA - 05", "d_SubtypeC": "BBQ/Fireplace", "d_AssetTyp": "No Roof", "d_AssetMat": "Steel", "d_Branch": "Blue Mountains", "d_LGA": "Hawkesbury", "Comments": "Old fire rings at Burralow Creek Campground", "Easting": 277535.14, "Northing": 6284538.41, "Latitude": "33\u00c2\u00b0 33.339' S", "Longitude": "150\u00c2\u00b0 36.222' E", "VERDATE": "2025-12-05"}, "geometry": {"coordinates": [150.60369197800003, -33.55565116399998, 0.0], "type": "Point", "geometries": null}}, {"type": "Feature", "properties": {"ModifiedDa": "2023-11-29", "SAPEquipID": 300146058, "AssetName": "BBQ - Mill Ck CA - 05", "d_SubtypeC": "BBQ/Fireplace", "d_AssetTyp": "No Roof", "d_AssetMat": "Concrete", "d_Branch": "Blue Mountains", "d_LGA": "Central Coast", "Comments": "site 5", "Easting": 317951.3, "Northing": 6302552.99, "Latitude": "33\u00c2\u00b0 24.055' S", "Longitude": "151\u00c2\u00b0 2.547' E", "VERDATE": "2025-12-05"}, "geometry": {"coordinates": [151.04244999000002, -33.40092195999989, 0.0], "type": "Point", "geometries": null}}, {"type": "Feature", "properties": {"ModifiedDa": "2024-01-04", "SAPEquipID": 300146078, "AssetName": "BBQ - Mill Ck CA - 14", "d_SubtypeC": "BBQ/Fireplace", "d_AssetTyp": "No Roof", "d_AssetMat": "Concrete", "d_Branch": "Blue Mountains", "d_LGA": "Central Coast", "Comments": "site 14", "Easting": 318056.75, "Northing": 6302515.43, "Latitude": "33\u00c2\u00b0 24.077' S", "Longitude": "151\u00c2\u00b0 2.615' E", "VERDATE": "2025-12-05"}, "geometry": {"coordinates": [151.04357569, -33.40127835999988, 0.0], "type": "Point", "geometries": null}}, {"type": "Feature", "properties": {"ModifiedDa": "2024-01-04", "SAPEquipID": 300146098, "AssetName": "BBQ - Mill Ck CA - 20", "d_SubtypeC": "BBQ/Fireplace", "d_AssetTyp": "No Roof", "d_AssetMat": "Concrete", "d_Branch": "Blue Mountains", "d_LGA": "Central Coast", "Comments": "site 20", "Easting": 318093.31, "Northing": 6302492.28, "Latitude": "33\u00c2\u00b0 24.09' S", "Longitude": "151\u00c2\u00b0 2.638' E", "VERDATE": "2025-12-05"}, "geometry": {"coordinates": [151.04396399000007, -33.40149325999994, 0.0], "type": "Point", "geometries": null}}, {"type": "Feature", "properties": {"ModifiedDa": "2023-04-17", "SAPEquipID": 300146340, "AssetName": "BBQ - Murphys Glen - 01", "d_SubtypeC": "BBQ/Fireplace", "d_AssetTyp": "No Roof", "d_AssetMat": "Steel", "d_Branch": "Blue Mountains", "d_LGA": "Blue Mountains", "Comments": "Murphys Campground", "Easting": 267232.93, "Northing": 6260696.96, "Latitude": "33\u00c2\u00b0 46.097' S", "Longitude": "150\u00c2\u00b0 29.194' E", "VERDATE": "2025-12-05"}, "geometry": {"coordinates": [150.48656817504582, -33.768282969936024, 0.0], "type": "Point", "geometries": null}}, {"type": "Feature", "properties": {"ModifiedDa": "2012-09-28", "SAPEquipID": 300146459, "AssetName": "BBQ - Crebra Pavillion", "d_SubtypeC": "BBQ/Fireplace", "d_AssetTyp": "With Roof", "d_AssetMat": "Steel Stainless", "d_Branch": "Greater Sydney", "d_LGA": "Blacktown", "Comments": null, "Easting": 306088.54, "Northing": 6271274.44, "Latitude": "33\u00c2\u00b0 40.847' S", "Longitude": "150\u00c2\u00b0 54.491' E", "VERDATE": "2025-12-05"}, "geometry": {"coordinates": [150.90817888266406, -33.68077627839352, 0.0], "type": "Point", "geometries": null}}, {"type": "Feature", "properties": {"ModifiedDa": "2012-09-28", "SAPEquipID": 300146481, "AssetName": "BBQ - Fibrosa Pavillion", "d_SubtypeC": "BBQ/Fireplace", "d_AssetTyp": "With Roof", "d_AssetMat": "Steel Stainless", "d_Branch": "Greater Sydney", "d_LGA": "Blacktown", "Comments": null, "Easting": 306074.18, "Northing": 6271246.88, "Latitude": "33\u00c2\u00b0 40.861' S", "Longitude": "150\u00c2\u00b0 54.481' E", "VERDATE": "2025-12-05"}, "geometry": {"coordinates": [150.9080180419901, -33.68102207012777, 0.0], "type": "Point", "geometries": null}}, {"type": "Feature", "properties": {"ModifiedDa": "2012-09-28", "SAPEquipID": 300146505, "AssetName": "Seat - North West", "d_SubtypeC": "Seat", "d_AssetTyp": "With Pad", "d_AssetMat": "Timber", "d_Branch": "Greater Sydney", "d_LGA": "Blacktown", "Comments": null, "Easting": 305989.46, "Northing": 6271302.58, "Latitude": "33\u00c2\u00b0 40.83' S", "Longitude": "150\u00c2\u00b0 54.427' E", "VERDATE": "2025-12-05"}, "geometry": {"coordinates": [150.9071168577816, -33.68050453510932, 0.0], "type": "Point", "geometries": null}}, {"type": "Feature", "properties": {"ModifiedDa": "2016-04-06", "SAPEquipID": 300146634, "AssetName": "Seat - Firing Wall Carpark", "d_SubtypeC": "Seat", "d_AssetTyp": "Without Pad", "d_AssetMat": "Timber", "d_Branch": "Greater Sydney", "d_LGA": "Mosman", "Comments": null, "Easting": 337722.78, "Northing": 6252833.28, "Latitude": "33\u00c2\u00b0 51.14' S", "Longitude": "151\u00c2\u00b0 14.754' E", "VERDATE": "2025-12-05"}, "geometry": {"coordinates": [151.24589544666685, -33.85232905333322, 0.0], "type": "Point", "geometries": null}}, {"type": "Feature", "properties": {"ModifiedDa": "2019-03-15", "SAPEquipID": 300146657, "AssetName": "Picnic Table - 04", "d_SubtypeC": "Picnic Table", "d_AssetTyp": "No Roof", "d_AssetMat": "Timber", "d_Branch": "Greater Sydney", "d_LGA": "Unincorporated", "Comments": null, "Easting": 337273.77, "Northing": 6251681.54, "Latitude": "33\u00c2\u00b0 51.759' S", "Longitude": "151\u00c2\u00b0 14.45' E", "VERDATE": "2025-12-05"}, "geometry": {"coordinates": [151.24083096000038, -33.862642666666545, 0.0], "type": "Point", "geometries": null}}, {"type": "Feature", "properties": {"ModifiedDa": "2019-03-15", "SAPEquipID": 300146683, "AssetName": "Seat - Gazebo - 03", "d_SubtypeC": "Seat", "d_AssetTyp": "Unknown", "d_AssetMat": "Timber", "d_Branch": "Greater Sydney", "d_LGA": "Unincorporated", "Comments": null, "Easting": 338831.36, "Northing": 6252185.09, "Latitude": "33\u00c2\u00b0 51.501' S", "Longitude": "151\u00c2\u00b0 15.465' E", "VERDATE": "2025-12-05"}, "geometry": {"coordinates": [151.25775480666687, -33.85834234666663, 0.0], "type": "Point", "geometries": null}}, {"type": "Feature", "properties": {"ModifiedDa": "2019-03-15", "SAPEquipID": 300146705, "AssetName": "Picnic Table - Shelter - 01", "d_SubtypeC": "Picnic Table", "d_AssetTyp": "With Roof", "d_AssetMat": "Timber", "d_Branch": "Greater Sydney", "d_LGA": "Unincorporated", "Comments": null, "Easting": 338862.13, "Northing": 6252152.97, "Latitude": "33\u00c2\u00b0 51.518' S", "Longitude": "151\u00c2\u00b0 15.485' E", "VERDATE": "2025-12-05"}, "geometry": {"coordinates": [151.25808150000023, -33.85863661333315, 0.0], "type": "Point", "geometries": null}}, {"type": "Feature", "properties": {"ModifiedDa": "2019-03-15", "SAPEquipID": 300146727, "AssetName": "Picnic Table - Shelter - 04", "d_SubtypeC": "Picnic Table", "d_AssetTyp": "With Roof", "d_AssetMat": "Timber", "d_Branch": "Greater Sydney", "d_LGA": "Unincorporated", "Comments": null, "Easting": 338832.37, "Northing": 6252214.29, "Latitude": "33\u00c2\u00b0 51.485' S", "Longitude": "151\u00c2\u00b0 15.466' E", "VERDATE": "2025-12-05"}, "geometry": {"coordinates": [151.2577710800001, -33.85807922666663, 0.0], "type": "Point", "geometries": null}}, {"type": "Feature", "properties": {"ModifiedDa": "2019-03-15", "SAPEquipID": 300146750, "AssetName": "Picnic Table - 02", "d_SubtypeC": "Picnic Table", "d_AssetTyp": "No Roof", "d_AssetMat": "Timber", "d_Branch": "Greater Sydney", "d_LGA": "Unincorporated", "Comments": null, "Easting": 338853.35, "Northing": 6252166.66, "Latitude": "33\u00c2\u00b0 51.511' S", "Longitude": "151\u00c2\u00b0 15.479' E", "VERDATE": "2025-12-05"}, "geometry": {"coordinates": [151.25798910000037, -33.85851179333321, 0.0], "type": "Point", "geometries": null}}, {"type": "Feature", "properties": {"ModifiedDa": "2012-10-22", "SAPEquipID": 300147218, "AssetName": "Life Bouy Stand - Providential Head", "d_SubtypeC": "Life Buoy Stand", "d_AssetTyp": "Not Applicable", "d_AssetMat": "Not Applicable", "d_Branch": "Greater Sydney", "d_LGA": "Sutherland", "Comments": null, "Easting": 326732.0, "Northing": 6220757.0, "Latitude": "34\u00c2\u00b0 8.383' S", "Longitude": "151\u00c2\u00b0 7.247' E", "VERDATE": "2025-12-05"}, "geometry": {"coordinates": [151.12078907354464, -34.13971968050356, 0.0], "type": "Point", "geometries": null}}, {"type": "Feature", "properties": {"ModifiedDa": "2012-09-28", "SAPEquipID": 300148273, "AssetName": "BBQ - South West", "d_SubtypeC": "BBQ/Fireplace", "d_AssetTyp": "With Roof", "d_AssetMat": "Steel Stainless", "d_Branch": "Greater Sydney", "d_LGA": "Blacktown", "Comments": null, "Easting": 305931.22, "Northing": 6271411.37, "Latitude": "33\u00c2\u00b0 40.771' S", "Longitude": "150\u00c2\u00b0 54.391' E", "VERDATE": "2025-12-05"}, "geometry": {"coordinates": [150.90651272346076, -33.679513361553006, 0.0], "type": "Point", "geometries": null}}, {"type": "Feature", "properties": {"ModifiedDa": "2024-03-04", "SAPEquipID": 300149594, "AssetName": "Playground Equip - Chime Panel", "d_SubtypeC": "Playground Equipment", "d_AssetTyp": "Not Applicable", "d_AssetMat": "Not Applicable", "d_Branch": "Greater Sydney", "d_LGA": "Blacktown", "Comments": null, "Easting": 306346.06, "Northing": 6271291.11, "Latitude": "33\u00c2\u00b0 40.84' S", "Longitude": "150\u00c2\u00b0 54.658' E", "VERDATE": "2025-12-05"}, "geometry": {"coordinates": [150.91095900000005, -33.680672999999956, 0.0], "type": "Point", "geometries": null}}, {"type": "Feature", "properties": {"ModifiedDa": "2024-07-09", "SAPEquipID": 300150579, "AssetName": "Picnic Table - west lawn - 02", "d_SubtypeC": "Picnic Table", "d_AssetTyp": "No Roof", "d_AssetMat": "Timber", "d_Branch": "Greater Sydney", "d_LGA": "Canterbury-Bankstown", "Comments": null, "Easting": 326774.14, "Northing": 6244153.84, "Latitude": "33\u00c2\u00b0 55.73' S", "Longitude": "151\u00c2\u00b0 7.553' E", "VERDATE": "2025-12-05"}, "geometry": {"coordinates": [151.12589088666675, -33.92882716666662, 0.0], "type": "Point", "geometries": null}}, {"type": "Feature", "properties": {"ModifiedDa": "2024-07-09", "SAPEquipID": 300150601, "AssetName": "Picnic Table - lawn setting - 02", "d_SubtypeC": "Picnic Table", "d_AssetTyp": "With Roof", "d_AssetMat": "Timber", "d_Branch": "Greater Sydney", "d_LGA": "Canterbury-Bankstown", "Comments": null, "Easting": 326830.44, "Northing": 6244119.73, "Latitude": "33\u00c2\u00b0 55.749' S", "Longitude": "151\u00c2\u00b0 7.59' E", "VERDATE": "2025-12-05"}, "geometry": {"coordinates": [151.12649300000055, -33.929143833333285, 0.0], "type": "Point", "geometries": null}}, {"type": "Feature", "properties": {"ModifiedDa": "2016-04-06", "SAPEquipID": 300151250, "AssetName": "Seat - at info shelter", "d_SubtypeC": "Seat", "d_AssetTyp": "Without Pad", "d_AssetMat": "Timber", "d_Branch": "Greater Sydney", "d_LGA": "Randwick", "Comments": null, "Easting": 337530.72, "Northing": 6238059.62, "Latitude": "33\u00c2\u00b0 59.129' S", "Longitude": "151\u00c2\u00b0 14.465' E", "VERDATE": "2025-12-05"}, "geometry": {"coordinates": [151.2410848866673, -33.98548083333321, 0.0], "type": "Point", "geometries": null}}, {"type": "Feature", "properties": {"ModifiedDa": "2016-04-06", "SAPEquipID": 300151273, "AssetName": "Seat - above magazine at battery", "d_SubtypeC": "Seat", "d_AssetTyp": "Without Pad", "d_AssetMat": "Timber", "d_Branch": "Greater Sydney", "d_LGA": "Woollahra", "Comments": null, "Easting": 340958.87, "Northing": 6254869.34, "Latitude": "33\u00c2\u00b0 50.068' S", "Longitude": "151\u00c2\u00b0 16.874' E", "VERDATE": "2025-12-05"}, "geometry": {"coordinates": [151.28122909333354, -33.83446651333321, 0.0], "type": "Point", "geometries": null}}, {"type": "Feature", "properties": {"ModifiedDa": "2016-04-06", "SAPEquipID": 300151295, "AssetName": "Bin - Steele Point", "d_SubtypeC": "Bin", "d_AssetTyp": "Garbage", "d_AssetMat": "Not Applicable", "d_Branch": "Greater Sydney", "d_LGA": "Woollahra", "Comments": null, "Easting": 339497.76, "Northing": 6252954.2, "Latitude": "33\u00c2\u00b0 51.091' S", "Longitude": "151\u00c2\u00b0 15.906' E", "VERDATE": "2025-12-05"}, "geometry": {"coordinates": [151.26509600000009, -33.85151044666651, 0.0], "type": "Point", "geometries": null}}, {"type": "Feature", "properties": {"ModifiedDa": "2016-04-06", "SAPEquipID": 300151318, "AssetName": "Seat - 07", "d_SubtypeC": "Seat", "d_AssetTyp": "With Pad", "d_AssetMat": "Timber", "d_Branch": "Greater Sydney", "d_LGA": "Woollahra", "Comments": null, "Easting": 339646.61, "Northing": 6253037.38, "Latitude": "33\u00c2\u00b0 51.047' S", "Longitude": "151\u00c2\u00b0 16.003' E", "VERDATE": "2025-12-05"}, "geometry": {"coordinates": [151.26671950000014, -33.85078321999981, 0.0], "type": "Point", "geometries": null}}, {"type": "Feature", "properties": {"ModifiedDa": "2016-04-06", "SAPEquipID": 300151340, "AssetName": "Tree Guard - 01", "d_SubtypeC": "Tree Guard", "d_AssetTyp": "Not Applicable", "d_AssetMat": "Not Applicable", "d_Branch": "Greater Sydney", "d_LGA": "Woollahra", "Comments": null, "Easting": 339687.03, "Northing": 6253059.08, "Latitude": "33\u00c2\u00b0 51.036' S", "Longitude": "151\u00c2\u00b0 16.03' E", "VERDATE": "2025-12-05"}, "geometry": {"coordinates": [151.26716022000016, -33.8505936666665, 0.0], "type": "Point", "geometries": null}}, {"type": "Feature", "properties": {"ModifiedDa": "2010-08-06", "SAPEquipID": 300151363, "AssetName": "BBQ - 03", "d_SubtypeC": "BBQ/Fireplace", "d_AssetTyp": "No Roof", "d_AssetMat": "Steel", "d_Branch": "Greater Sydney", "d_LGA": "Liverpool", "Comments": "raised on steel post", "Easting": 281358.56, "Northing": 6242734.16, "Latitude": "33\u00c2\u00b0 55.99' S", "Longitude": "150\u00c2\u00b0 38.071' E", "VERDATE": "2025-12-05"}, "geometry": {"coordinates": [150.63452033333363, -33.93316527999997, 0.0], "type": "Point", "geometries": null}}, {"type": "Feature", "properties": {"ModifiedDa": "2016-04-06", "SAPEquipID": 300151386, "AssetName": "Seat - 02", "d_SubtypeC": "Seat", "d_AssetTyp": "Without Pad", "d_AssetMat": "Timber", "d_Branch": "Greater Sydney", "d_LGA": "Hunters Hill", "Comments": "200x400mm hardwood with two gal steel legs", "Easting": 327158.02, "Northing": 6253939.76, "Latitude": "33\u00c2\u00b0 50.441' S", "Longitude": "151\u00c2\u00b0 7.918' E", "VERDATE": "2025-12-05"}, "geometry": {"coordinates": [151.13196638666693, -33.84067727999985, 0.0], "type": "Point", "geometries": null}}, {"type": "Feature", "properties": {"ModifiedDa": "2016-04-06", "SAPEquipID": 300151409, "AssetName": "Seat - Foreshore WT - 04", "d_SubtypeC": "Seat", "d_AssetTyp": "Without Pad", "d_AssetMat": "Timber", "d_Branch": "Greater Sydney", "d_LGA": "Hunters Hill", "Comments": "200x400mm hardwood on two steel legs", "Easting": 326831.21, "Northing": 6253874.02, "Latitude": "33\u00c2\u00b0 50.473' S", "Longitude": "151\u00c2\u00b0 7.705' E", "VERDATE": "2025-12-05"}, "geometry": {"coordinates": [151.12842305333368, -33.84121633333319, 0.0], "type": "Point", "geometries": null}}, {"type": "Feature", "properties": {"ModifiedDa": "2016-04-06", "SAPEquipID": 300151431, "AssetName": "Seat - along Vaucluse Rd track top", "d_SubtypeC": "Seat", "d_AssetTyp": "With Pad", "d_AssetMat": "Timber Treated", "d_Branch": "Greater Sydney", "d_LGA": "Woollahra", "Comments": null, "Easting": 339854.28, "Northing": 6252869.36, "Latitude": "33\u00c2\u00b0 51.14' S", "Longitude": "151\u00c2\u00b0 16.136' E", "VERDATE": "2025-12-05"}, "geometry": {"coordinates": [151.2689327800001, -33.8523294466666, 0.0], "type": "Point", "geometries": null}}, {"type": "Feature", "properties": {"ModifiedDa": "2018-10-22", "SAPEquipID": 300151454, "AssetName": "Picnic Table - Strickland grass - 01", "d_SubtypeC": "Picnic Table", "d_AssetTyp": "No Roof", "d_AssetMat": "Timber", "d_Branch": "Greater Sydney", "d_LGA": "Woollahra", "Comments": null, "Easting": 339761.76, "Northing": 6252352.0, "Latitude": "33\u00c2\u00b0 51.419' S", "Longitude": "151\u00c2\u00b0 16.07' E", "VERDATE": "2025-12-05"}, "geometry": {"coordinates": [151.26783890545926, -33.85697935852528, 0.0], "type": "Point", "geometries": null}}, {"type": "Feature", "properties": {"ModifiedDa": "2010-08-06", "SAPEquipID": 300151477, "AssetName": "Seat - 01", "d_SubtypeC": "Seat", "d_AssetTyp": "With Pad", "d_AssetMat": "Timber", "d_Branch": "Greater Sydney", "d_LGA": "Liverpool", "Comments": null, "Easting": 281183.77, "Northing": 6242780.47, "Latitude": "33\u00c2\u00b0 55.963' S", "Longitude": "150\u00c2\u00b0 37.959' E", "VERDATE": "2025-12-05"}, "geometry": {"coordinates": [150.63264233333348, -33.932711613333254, 0.0], "type": "Point", "geometries": null}}, {"type": "Feature", "properties": {"ModifiedDa": "2024-06-26", "SAPEquipID": 300151497, "AssetName": "PUF Station - ID 15122 Cattai 02", "d_SubtypeC": "Fee Collection Station - Unmanned", "d_AssetTyp": "Ticket Machine", "d_AssetMat": "Not Applicable", "d_Branch": "Greater Sydney", "d_LGA": "Hawkesbury", "Comments": "Day Use Area West", "Easting": 304723.81, "Northing": 6285850.5, "Latitude": "33\u00c2\u00b0 32.949' S", "Longitude": "150\u00c2\u00b0 53.8' E", "VERDATE": "2025-12-05"}, "geometry": {"coordinates": [150.8966606539036, -33.54914670191681, 0.0], "type": "Point", "geometries": null}}, {"type": "Feature", "properties": {"ModifiedDa": "2010-08-06", "SAPEquipID": 300151519, "AssetName": "BBQ - Durrawi East - 02", "d_SubtypeC": "BBQ/Fireplace", "d_AssetTyp": "No Roof", "d_AssetMat": "Steel", "d_Branch": "Greater Sydney", "d_LGA": "Liverpool", "Comments": "concrete pad", "Easting": 281291.47, "Northing": 6242787.99, "Latitude": "33\u00c2\u00b0 55.96' S", "Longitude": "150\u00c2\u00b0 38.029' E", "VERDATE": "2025-12-05"}, "geometry": {"coordinates": [150.63380844666722, -33.93266621999982, 0.0], "type": "Point", "geometries": null}}, {"type": "Feature", "properties": {"ModifiedDa": "2010-08-06", "SAPEquipID": 300151541, "AssetName": "BBQ - 13", "d_SubtypeC": "BBQ/Fireplace", "d_AssetTyp": "No Roof", "d_AssetMat": "Steel", "d_Branch": "Greater Sydney", "d_LGA": "Liverpool", "Comments": "low level on 1m sq concrete slab", "Easting": 281580.89, "Northing": 6242875.39, "Latitude": "33\u00c2\u00b0 55.916' S", "Longitude": "150\u00c2\u00b0 38.218' E", "VERDATE": "2025-12-05"}, "geometry": {"coordinates": [150.63695911333366, -33.931938779999825, 0.0], "type": "Point", "geometries": null}}, {"type": "Feature", "properties": {"ModifiedDa": "2010-08-06", "SAPEquipID": 300151561, "AssetName": "BBQ - 27", "d_SubtypeC": "BBQ/Fireplace", "d_AssetTyp": "No Roof", "d_AssetMat": "Steel", "d_Branch": "Greater Sydney", "d_LGA": "Liverpool", "Comments": "bbq plate and billy holder on side post", "Easting": 281603.06, "Northing": 6242933.32, "Latitude": "33\u00c2\u00b0 55.885' S", "Longitude": "150\u00c2\u00b0 38.233' E", "VERDATE": "2025-12-05"}, "geometry": {"coordinates": [150.63721328000054, -33.93142133333316, 0.0], "type": "Point", "geometries": null}}, {"type": "Feature", "properties": {"ModifiedDa": "2010-08-06", "SAPEquipID": 300151583, "AssetName": "Bin - 03", "d_SubtypeC": "Bin", "d_AssetTyp": "Garbage", "d_AssetMat": "Not Applicable", "d_Branch": "Greater Sydney", "d_LGA": "Liverpool", "Comments": "gal steel garbage bin on steel post", "Easting": 281456.51, "Northing": 6242904.88, "Latitude": "33\u00c2\u00b0 55.899' S", "Longitude": "150\u00c2\u00b0 38.137' E", "VERDATE": "2025-12-05"}, "geometry": {"coordinates": [150.63562188666697, -33.93164716666661, 0.0], "type": "Point", "geometries": null}}, {"type": "Feature", "properties": {"ModifiedDa": "2010-08-06", "SAPEquipID": 300151777, "AssetName": "BBQ - 01", "d_SubtypeC": "BBQ/Fireplace", "d_AssetTyp": "No Roof", "d_AssetMat": "Steel", "d_Branch": "Greater Sydney", "d_LGA": "Liverpool", "Comments": "low level on 1m sq concrete base", "Easting": 281711.13, "Northing": 6242741.49, "Latitude": "33\u00c2\u00b0 55.99' S", "Longitude": "150\u00c2\u00b0 38.3' E", "VERDATE": "2025-12-05"}, "geometry": {"coordinates": [150.6383338333335, -33.93317238666651, 0.0], "type": "Point", "geometries": null}}, {"type": "Feature", "properties": {"ModifiedDa": "2012-09-27", "SAPEquipID": 300151820, "AssetName": "Seat - 01", "d_SubtypeC": "Seat", "d_AssetTyp": "With Pad", "d_AssetMat": "Timber", "d_Branch": "Greater Sydney", "d_LGA": "Blacktown", "Comments": null, "Easting": 306239.32, "Northing": 6271265.66, "Latitude": "33\u00c2\u00b0 40.853' S", "Longitude": "150\u00c2\u00b0 54.588' E", "VERDATE": "2025-12-05"}, "geometry": {"coordinates": [150.9098025603563, -33.680882928916446, 0.0], "type": "Point", "geometries": null}}, {"type": "Feature", "properties": {"ModifiedDa": "2016-04-06", "SAPEquipID": 300151935, "AssetName": "Life Buoy Stand - Life Buoy Main Wharf", "d_SubtypeC": "Life Buoy Stand", "d_AssetTyp": "Not Applicable", "d_AssetMat": "Not Applicable", "d_Branch": "Greater Sydney", "d_LGA": "Unincorporated", "Comments": null, "Easting": 329211.49, "Northing": 6251396.75, "Latitude": "33\u00c2\u00b0 51.836' S", "Longitude": "151\u00c2\u00b0 9.219' E", "VERDATE": "2025-12-05"}, "geometry": {"coordinates": [151.1536562800004, -33.863935333333245, 0.0], "type": "Point", "geometries": null}}, {"type": "Feature", "properties": {"ModifiedDa": "2019-03-15", "SAPEquipID": 300151957, "AssetName": "Life Buoy Stand - SW Life Buoy", "d_SubtypeC": "Life Buoy Stand", "d_AssetTyp": "Not Applicable", "d_AssetMat": "Not Applicable", "d_Branch": "Greater Sydney", "d_LGA": "Unincorporated", "Comments": null, "Easting": 332995.66, "Northing": 6252651.5, "Latitude": "33\u00c2\u00b0 51.194' S", "Longitude": "151\u00c2\u00b0 11.687' E", "VERDATE": "2025-12-05"}, "geometry": {"coordinates": [151.1947858866672, -33.853230166666606, 0.0], "type": "Point", "geometries": null}}, {"type": "Feature", "properties": {"ModifiedDa": "2012-03-09", "SAPEquipID": 300152102, "AssetName": "Seat - Lagoon Walking Track", "d_SubtypeC": "Seat", "d_AssetTyp": "Without Pad", "d_AssetMat": "Timber", "d_Branch": "Greater Sydney", "d_LGA": "Hawkesbury", "Comments": null, "Easting": 304294.58, "Northing": 6282525.77, "Latitude": "33\u00c2\u00b0 34.742' S", "Longitude": "150\u00c2\u00b0 53.479' E", "VERDATE": "2025-12-05"}, "geometry": {"coordinates": [150.8913115533329, -33.57903527999986, 0.0], "type": "Point", "geometries": null}}, {"type": "Feature", "properties": {"ModifiedDa": "2019-03-15", "SAPEquipID": 300152135, "AssetName": "Seat - 15", "d_SubtypeC": "Seat", "d_AssetTyp": "Without Pad", "d_AssetMat": "Timber", "d_Branch": "Greater Sydney", "d_LGA": "Unincorporated", "Comments": null, "Easting": 337316.56, "Northing": 6251640.4, "Latitude": "33\u00c2\u00b0 51.781' S", "Longitude": "151\u00c2\u00b0 14.477' E", "VERDATE": "2025-12-05"}, "geometry": {"coordinates": [151.24128574000054, -33.86302013333318, 0.0], "type": "Point", "geometries": null}}, {"type": "Feature", "properties": {"ModifiedDa": "2019-03-15", "SAPEquipID": 300152158, "AssetName": "Seat - 17", "d_SubtypeC": "Seat", "d_AssetTyp": "Without Pad", "d_AssetMat": "Timber", "d_Branch": "Greater Sydney", "d_LGA": "Unincorporated", "Comments": null, "Easting": 337315.76, "Northing": 6251637.86, "Latitude": "33\u00c2\u00b0 51.783' S", "Longitude": "151\u00c2\u00b0 14.477' E", "VERDATE": "2025-12-05"}, "geometry": {"coordinates": [151.24127664666696, -33.8630428733332, 0.0], "type": "Point", "geometries": null}}, {"type": "Feature", "properties": {"ModifiedDa": "2016-04-06", "SAPEquipID": 300152180, "AssetName": "Seat - Angophora Track - 02", "d_SubtypeC": "Seat", "d_AssetTyp": "Without Pad", "d_AssetMat": "Timber", "d_Branch": "Greater Sydney", "d_LGA": "Northern Beaches", "Comments": null, "Easting": 340023.02, "Northing": 6258031.17, "Latitude": "33\u00c2\u00b0 48.349' S", "Longitude": "151\u00c2\u00b0 16.302' E", "VERDATE": "2025-12-05"}, "geometry": {"coordinates": [151.27169287637025, -33.805821033492066, 0.0], "type": "Point", "geometries": null}}, {"type": "Feature", "properties": {"ModifiedDa": "2016-04-06", "SAPEquipID": 300152202, "AssetName": "Seat - Dobroyd Head Track - 01", "d_SubtypeC": "Seat", "d_AssetTyp": "Without Pad", "d_AssetMat": "Timber", "d_Branch": "Greater Sydney", "d_LGA": "Northern Beaches", "Comments": null, "Easting": 339924.91, "Northing": 6257651.37, "Latitude": "33\u00c2\u00b0 48.554' S", "Longitude": "151\u00c2\u00b0 16.234' E", "VERDATE": "2025-12-05"}, "geometry": {"coordinates": [151.2705644466671, -33.80923005333324, 0.0], "type": "Point", "geometries": null}}, {"type": "Feature", "properties": {"ModifiedDa": "2016-04-06", "SAPEquipID": 300152224, "AssetName": "Seat - Grotto Pnt Track - 02 - Ab Site", "d_SubtypeC": "Seat", "d_AssetTyp": "Without Pad", "d_AssetMat": "Timber", "d_Branch": "Greater Sydney", "d_LGA": "Northern Beaches", "Comments": null, "Easting": 339189.27, "Northing": 6257177.17, "Latitude": "33\u00c2\u00b0 48.804' S", "Longitude": "151\u00c2\u00b0 15.752' E", "VERDATE": "2025-12-05"}, "geometry": {"coordinates": [151.2625335000007, -33.81339333333318, 0.0], "type": "Point", "geometries": null}}, {"type": "Feature", "properties": {"ModifiedDa": "2016-04-06", "SAPEquipID": 300152246, "AssetName": "Seat - Lookout - 01", "d_SubtypeC": "Seat", "d_AssetTyp": "Without Pad", "d_AssetMat": "Timber", "d_Branch": "Greater Sydney", "d_LGA": "Northern Beaches", "Comments": null, "Easting": 341590.57, "Northing": 6257000.99, "Latitude": "33\u00c2\u00b0 48.921' S", "Longitude": "151\u00c2\u00b0 17.306' E", "VERDATE": "2025-12-05"}, "geometry": {"coordinates": [151.28843622000056, -33.815344333333144, 0.0], "type": "Point", "geometries": null}}, {"type": "Feature", "properties": {"ModifiedDa": "2016-04-06", "SAPEquipID": 300152267, "AssetName": "Seat - Reef Beach Boardwalk", "d_SubtypeC": "Seat", "d_AssetTyp": "Without Pad", "d_AssetMat": "Timber", "d_Branch": "Greater Sydney", "d_LGA": "Northern Beaches", "Comments": null, "Easting": 340214.77, "Northing": 6257823.95, "Latitude": "33\u00c2\u00b0 48.463' S", "Longitude": "151\u00c2\u00b0 16.424' E", "VERDATE": "2025-12-05"}, "geometry": {"coordinates": [151.2737261133334, -33.80771816666663, 0.0], "type": "Point", "geometries": null}}, {"type": "Feature", "properties": {"ModifiedDa": "2019-03-15", "SAPEquipID": 300152373, "AssetName": "Seat - 13", "d_SubtypeC": "Seat", "d_AssetTyp": "With Pad", "d_AssetMat": "Timber", "d_Branch": "Greater Sydney", "d_LGA": "Unincorporated", "Comments": null, "Easting": 337257.74, "Northing": 6251732.72, "Latitude": "33\u00c2\u00b0 51.731' S", "Longitude": "151\u00c2\u00b0 14.44' E", "VERDATE": "2025-12-05"}, "geometry": {"coordinates": [151.24066724000033, -33.86217878666662, 0.0], "type": "Point", "geometries": null}}, {"type": "Feature", "properties": {"ModifiedDa": "2019-03-15", "SAPEquipID": 300152702, "AssetName": "Seat - 12", "d_SubtypeC": "Seat", "d_AssetTyp": "With Pad", "d_AssetMat": "Timber", "d_Branch": "Greater Sydney", "d_LGA": "Unincorporated", "Comments": null, "Easting": 337251.01, "Northing": 6251732.61, "Latitude": "33\u00c2\u00b0 51.731' S", "Longitude": "151\u00c2\u00b0 14.436' E", "VERDATE": "2025-12-05"}, "geometry": {"coordinates": [151.24059447333389, -33.86217878666662, 0.0], "type": "Point", "geometries": null}}, {"type": "Feature", "properties": {"ModifiedDa": "2019-03-15", "SAPEquipID": 300152724, "AssetName": "Seat - 09", "d_SubtypeC": "Seat", "d_AssetTyp": "Without Pad", "d_AssetMat": "Timber", "d_Branch": "Greater Sydney", "d_LGA": "Unincorporated", "Comments": null, "Easting": 337331.08, "Northing": 6251652.25, "Latitude": "33\u00c2\u00b0 51.775' S", "Longitude": "151\u00c2\u00b0 14.487' E", "VERDATE": "2025-12-05"}, "geometry": {"coordinates": [151.2414449133339, -33.86291553333314, 0.0], "type": "Point", "geometries": null}}, {"type": "Feature", "properties": {"ModifiedDa": "2012-09-28", "SAPEquipID": 300152834, "AssetName": "Picnic Table - South West", "d_SubtypeC": "Picnic Table", "d_AssetTyp": "With Roof", "d_AssetMat": "Timber", "d_Branch": "Greater Sydney", "d_LGA": "Blacktown", "Comments": null, "Easting": 305933.09, "Northing": 6271414.84, "Latitude": "33\u00c2\u00b0 40.769' S", "Longitude": "150\u00c2\u00b0 54.392' E", "VERDATE": "2025-12-05"}, "geometry": {"coordinates": [150.9065337046718, -33.67948234584992, 0.0], "type": "Point", "geometries": null}}, {"type": "Feature", "properties": {"ModifiedDa": "2012-09-28", "SAPEquipID": 300152856, "AssetName": "Picnic Table - Fibrosa Pavillion - 02", "d_SubtypeC": "Picnic Table", "d_AssetTyp": "With Roof", "d_AssetMat": "Timber", "d_Branch": "Greater Sydney", "d_LGA": "Blacktown", "Comments": null, "Easting": 306077.26, "Northing": 6271255.23, "Latitude": "33\u00c2\u00b0 40.857' S", "Longitude": "150\u00c2\u00b0 54.483' E", "VERDATE": "2025-12-05"}, "geometry": {"coordinates": [150.90805315509488, -33.68094731319479, 0.0], "type": "Point", "geometries": null}}, {"type": "Feature", "properties": {"ModifiedDa": "2016-04-06", "SAPEquipID": 300152867, "AssetName": "Cycle Rack - CP1", "d_SubtypeC": "Cycle Rack", "d_AssetTyp": "Not Applicable", "d_AssetMat": "Not Applicable", "d_Branch": "Greater Sydney", "d_LGA": "Northern Beaches", "Comments": "new", "Easting": 342060.49, "Northing": 6257310.4, "Latitude": "33\u00c2\u00b0 48.758' S", "Longitude": "151\u00c2\u00b0 17.614' E", "VERDATE": "2025-12-05"}, "geometry": {"coordinates": [151.29356700000017, -33.812625333333244, 0.0], "type": "Point", "geometries": null}}, {"type": "Feature", "properties": {"ModifiedDa": "2012-09-27", "SAPEquipID": 300152878, "AssetName": "Seat - 01", "d_SubtypeC": "Seat", "d_AssetTyp": "With Pad", "d_AssetMat": "Timber", "d_Branch": "Greater Sydney", "d_LGA": "Blacktown", "Comments": null, "Easting": 306296.35, "Northing": 6271290.47, "Latitude": "33\u00c2\u00b0 40.84' S", "Longitude": "150\u00c2\u00b0 54.625' E", "VERDATE": "2025-12-05"}, "geometry": {"coordinates": [150.91042289349969, -33.680669675279034, 0.0], "type": "Point", "geometries": null}}, {"type": "Feature", "properties": {"ModifiedDa": "2010-08-06", "SAPEquipID": 300152899, "AssetName": "BBQ - 17", "d_SubtypeC": "BBQ/Fireplace", "d_AssetTyp": "No Roof", "d_AssetMat": "Steel", "d_Branch": "Greater Sydney", "d_LGA": "Liverpool", "Comments": "bbq plate and billy holder on side post", "Easting": 281605.69, "Northing": 6242817.71, "Latitude": "33\u00c2\u00b0 55.948' S", "Longitude": "150\u00c2\u00b0 38.233' E", "VERDATE": "2025-12-05"}, "geometry": {"coordinates": [150.63721283333348, -33.93246366666659, 0.0], "type": "Point", "geometries": null}}, {"type": "Feature", "properties": {"ModifiedDa": "2010-08-06", "SAPEquipID": 300152921, "AssetName": "BBQ - 24", "d_SubtypeC": "BBQ/Fireplace", "d_AssetTyp": "No Roof", "d_AssetMat": "Steel", "d_Branch": "Greater Sydney", "d_LGA": "Liverpool", "Comments": "bbq plate and billy holder on side post", "Easting": 281538.62, "Northing": 6242871.36, "Latitude": "33\u00c2\u00b0 55.918' S", "Longitude": "150\u00c2\u00b0 38.19' E", "VERDATE": "2025-12-05"}, "geometry": {"coordinates": [150.63650111333357, -33.93196627999981, 0.0], "type": "Point", "geometries": null}}, {"type": "Feature", "properties": {"ModifiedDa": "2010-08-06", "SAPEquipID": 300152942, "AssetName": "BBQ - 30", "d_SubtypeC": "BBQ/Fireplace", "d_AssetTyp": "No Roof", "d_AssetMat": "Steel", "d_Branch": "Greater Sydney", "d_LGA": "Liverpool", "Comments": "bbq on 800mm steel post", "Easting": 281605.17, "Northing": 6242808.98, "Latitude": "33\u00c2\u00b0 55.953' S", "Longitude": "150\u00c2\u00b0 38.232' E", "VERDATE": "2025-12-05"}, "geometry": {"coordinates": [150.63720511333372, -33.932542219999846, 0.0], "type": "Point", "geometries": null}}, {"type": "Feature", "properties": {"ModifiedDa": "2010-08-06", "SAPEquipID": 300152964, "AssetName": "Bin - 06", "d_SubtypeC": "Bin", "d_AssetTyp": "Garbage", "d_AssetMat": "Not Applicable", "d_Branch": "Greater Sydney", "d_LGA": "Liverpool", "Comments": "gal steel garbage bin on steel post", "Easting": 281609.59, "Northing": 6242878.81, "Latitude": "33\u00c2\u00b0 55.915' S", "Longitude": "150\u00c2\u00b0 38.236' E", "VERDATE": "2025-12-05"}, "geometry": {"coordinates": [150.6372702200008, -33.931913886666564, 0.0], "type": "Point", "geometries": null}}, {"type": "Feature", "properties": {"ModifiedDa": "2010-08-06", "SAPEquipID": 300152986, "AssetName": "Bin - 15", "d_SubtypeC": "Bin", "d_AssetTyp": "Garbage", "d_AssetMat": "Not Applicable", "d_Branch": "Greater Sydney", "d_LGA": "Liverpool", "Comments": "gal steel garbage bin on steel post", "Easting": 281565.54, "Northing": 6242815.81, "Latitude": "33\u00c2\u00b0 55.948' S", "Longitude": "150\u00c2\u00b0 38.207' E", "VERDATE": "2025-12-05"}, "geometry": {"coordinates": [150.6367783333343, -33.93247249999985, 0.0], "type": "Point", "geometries": null}}, {"type": "Feature", "properties": {"ModifiedDa": "2019-03-15", "SAPEquipID": 300152996, "AssetName": "Seat - 11", "d_SubtypeC": "Seat", "d_AssetTyp": "Without Pad", "d_AssetMat": "Timber", "d_Branch": "Greater Sydney", "d_LGA": "Unincorporated", "Comments": null, "Easting": 337246.43, "Northing": 6251729.5, "Latitude": "33\u00c2\u00b0 51.732' S", "Longitude": "151\u00c2\u00b0 14.433' E", "VERDATE": "2025-12-05"}, "geometry": {"coordinates": [151.2405444466673, -33.86220607999991, 0.0], "type": "Point", "geometries": null}}, {"type": "Feature", "properties": {"ModifiedDa": "2016-04-06", "SAPEquipID": 300153039, "AssetName": "Seat - Entrance - 01", "d_SubtypeC": "Seat", "d_AssetTyp": "Without Pad", "d_AssetMat": "Timber", "d_Branch": "Greater Sydney", "d_LGA": "Northern Beaches", "Comments": null, "Easting": 342650.6, "Northing": 6256355.4, "Latitude": "33\u00c2\u00b0 49.279' S", "Longitude": "151\u00c2\u00b0 17.986' E", "VERDATE": "2025-12-05"}, "geometry": {"coordinates": [151.29976994666686, -33.82132288666651, 0.0], "type": "Point", "geometries": null}}, {"type": "Feature", "properties": {"ModifiedDa": "2019-03-15", "SAPEquipID": 300153061, "AssetName": "Seat - 02", "d_SubtypeC": "Seat", "d_AssetTyp": "Without Pad", "d_AssetMat": "Timber", "d_Branch": "Greater Sydney", "d_LGA": "Unincorporated", "Comments": null, "Easting": 337291.25, "Northing": 6251643.5, "Latitude": "33\u00c2\u00b0 51.779' S", "Longitude": "151\u00c2\u00b0 14.461' E", "VERDATE": "2025-12-05"}, "geometry": {"coordinates": [151.2410128733335, -33.86298829999987, 0.0], "type": "Point", "geometries": null}}, {"type": "Feature", "properties": {"ModifiedDa": "2016-04-06", "SAPEquipID": 300153082, "AssetName": "Seat - 02", "d_SubtypeC": "Seat", "d_AssetTyp": "Unknown", "d_AssetMat": "Timber", "d_Branch": "Greater Sydney", "d_LGA": "Mosman", "Comments": null, "Easting": 337602.88, "Northing": 6253006.39, "Latitude": "33\u00c2\u00b0 51.045' S", "Longitude": "151\u00c2\u00b0 14.678' E", "VERDATE": "2025-12-05"}, "geometry": {"coordinates": [151.24463183333341, -33.85074999999989, 0.0], "type": "Point", "geometries": null}}, {"type": "Feature", "properties": {"ModifiedDa": "2019-03-15", "SAPEquipID": 300153104, "AssetName": "Seat - 03", "d_SubtypeC": "Seat", "d_AssetTyp": "Without Pad", "d_AssetMat": "Timber", "d_Branch": "Greater Sydney", "d_LGA": "Unincorporated", "Comments": null, "Easting": 337289.06, "Northing": 6251648.51, "Latitude": "33\u00c2\u00b0 51.777' S", "Longitude": "151\u00c2\u00b0 14.459' E", "VERDATE": "2025-12-05"}, "geometry": {"coordinates": [151.24099013333375, -33.862942819999944, 0.0], "type": "Point", "geometries": null}}, {"type": "Feature", "properties": {"ModifiedDa": "2010-08-06", "SAPEquipID": 300153137, "AssetName": "BBQ - 10", "d_SubtypeC": "BBQ/Fireplace", "d_AssetTyp": "No Roof", "d_AssetMat": "Steel", "d_Branch": "Greater Sydney", "d_LGA": "Liverpool", "Comments": "low level on 1m sq concrete slab", "Easting": 281532.84, "Northing": 6242813.49, "Latitude": "33\u00c2\u00b0 55.949' S", "Longitude": "150\u00c2\u00b0 38.185' E", "VERDATE": "2025-12-05"}, "geometry": {"coordinates": [150.63642422000066, -33.9324866133332, 0.0], "type": "Point", "geometries": null}}, {"type": "Feature", "properties": {"ModifiedDa": "2019-03-15", "SAPEquipID": 300153148, "AssetName": "Seat - 04", "d_SubtypeC": "Seat", "d_AssetTyp": "Without Pad", "d_AssetMat": "Timber", "d_Branch": "Greater Sydney", "d_LGA": "Unincorporated", "Comments": null, "Easting": 337338.8, "Northing": 6251668.53, "Latitude": "33\u00c2\u00b0 51.766' S", "Longitude": "151\u00c2\u00b0 14.492' E", "VERDATE": "2025-12-05"}, "geometry": {"coordinates": [151.2415313200006, -33.86277000666661, 0.0], "type": "Point", "geometries": null}}, {"type": "Feature", "properties": {"ModifiedDa": "2016-04-06", "SAPEquipID": 300153192, "AssetName": "Seat - Lookout SE - 06", "d_SubtypeC": "Seat", "d_AssetTyp": "Without Pad", "d_AssetMat": "Timber", "d_Branch": "Greater Sydney", "d_LGA": "Northern Beaches", "Comments": null, "Easting": 342711.58, "Northing": 6256125.34, "Latitude": "33\u00c2\u00b0 49.404' S", "Longitude": "151\u00c2\u00b0 18.023' E", "VERDATE": "2025-12-05"}, "geometry": {"coordinates": [151.30038755333385, -33.82340599999981, 0.0], "type": "Point", "geometries": null}}, {"type": "Feature", "properties": {"ModifiedDa": "2019-03-15", "SAPEquipID": 300153213, "AssetName": "Seat - 06", "d_SubtypeC": "Seat", "d_AssetTyp": "Without Pad", "d_AssetMat": "Timber", "d_Branch": "Greater Sydney", "d_LGA": "Unincorporated", "Comments": null, "Easting": 337335.97, "Northing": 6251661.92, "Latitude": "33\u00c2\u00b0 51.77' S", "Longitude": "151\u00c2\u00b0 14.49' E", "VERDATE": "2025-12-05"}, "geometry": {"coordinates": [151.24149948666695, -33.86282912666661, 0.0], "type": "Point", "geometries": null}}, {"type": "Feature", "properties": {"ModifiedDa": "2019-03-15", "SAPEquipID": 300153236, "AssetName": "Seat - 07", "d_SubtypeC": "Seat", "d_AssetTyp": "Without Pad", "d_AssetMat": "Timber", "d_Branch": "Greater Sydney", "d_LGA": "Unincorporated", "Comments": null, "Easting": 337271.17, "Northing": 6251685.53, "Latitude": "33\u00c2\u00b0 51.756' S", "Longitude": "151\u00c2\u00b0 14.448' E", "VERDATE": "2025-12-05"}, "geometry": {"coordinates": [151.2408036733334, -33.86260628666656, 0.0], "type": "Point", "geometries": null}}, {"type": "Feature", "properties": {"ModifiedDa": "2019-03-15", "SAPEquipID": 300153257, "AssetName": "Seat - 08", "d_SubtypeC": "Seat", "d_AssetTyp": "With Pad", "d_AssetMat": "Timber", "d_Branch": "Greater Sydney", "d_LGA": "Unincorporated", "Comments": null, "Easting": 337267.67, "Northing": 6251693.54, "Latitude": "33\u00c2\u00b0 51.752' S", "Longitude": "151\u00c2\u00b0 14.446' E", "VERDATE": "2025-12-05"}, "geometry": {"coordinates": [151.24076728666694, -33.86253351999983, 0.0], "type": "Point", "geometries": null}}, {"type": "Feature", "properties": {"ModifiedDa": "2010-08-06", "SAPEquipID": 300153445, "AssetName": "BBQ - 04", "d_SubtypeC": "BBQ/Fireplace", "d_AssetTyp": "No Roof", "d_AssetMat": "Steel", "d_Branch": "Greater Sydney", "d_LGA": "Liverpool", "Comments": "low level on 1m sq concrete slab", "Easting": 281662.51, "Northing": 6242784.4, "Latitude": "33\u00c2\u00b0 55.967' S", "Longitude": "150\u00c2\u00b0 38.269' E", "VERDATE": "2025-12-05"}, "geometry": {"coordinates": [150.63781888666722, -33.932775666666544, 0.0], "type": "Point", "geometries": null}}, {"type": "Feature", "properties": {"ModifiedDa": "2010-08-06", "SAPEquipID": 300153467, "AssetName": "Bin - Durrawi Central - 05", "d_SubtypeC": "Bin", "d_AssetTyp": "Garbage", "d_AssetMat": "Not Applicable", "d_Branch": "Greater Sydney", "d_LGA": "Liverpool", "Comments": null, "Easting": 281218.7, "Northing": 6242791.39, "Latitude": "33\u00c2\u00b0 55.957' S", "Longitude": "150\u00c2\u00b0 37.981' E", "VERDATE": "2025-12-05"}, "geometry": {"coordinates": [150.6330226133341, -33.93262049999993, 0.0], "type": "Point", "geometries": null}}, {"type": "Feature", "properties": {"ModifiedDa": "2010-08-06", "SAPEquipID": 300153490, "AssetName": "BBQ - Durrawi Central - 01", "d_SubtypeC": "BBQ/Fireplace", "d_AssetTyp": "No Roof", "d_AssetMat": "Steel", "d_Branch": "Greater Sydney", "d_LGA": "Liverpool", "Comments": "concrete pad", "Easting": 281248.38, "Northing": 6242832.3, "Latitude": "33\u00c2\u00b0 55.935' S", "Longitude": "150\u00c2\u00b0 38.001' E", "VERDATE": "2025-12-05"}, "geometry": {"coordinates": [150.63335366666706, -33.93225794666654, 0.0], "type": "Point", "geometries": null}}, {"type": "Feature", "properties": {"ModifiedDa": "2012-09-27", "SAPEquipID": 300153511, "AssetName": "Seat - 01", "d_SubtypeC": "Seat", "d_AssetTyp": "Without Pad", "d_AssetMat": "Timber", "d_Branch": "Greater Sydney", "d_LGA": "Blacktown", "Comments": null, "Easting": 306314.13, "Northing": 6271649.4, "Latitude": "33\u00c2\u00b0 40.646' S", "Longitude": "150\u00c2\u00b0 54.642' E", "VERDATE": "2025-12-05"}, "geometry": {"coordinates": [150.9106928333332, -33.67743777999988, 0.0], "type": "Point", "geometries": null}}, {"type": "Feature", "properties": {"ModifiedDa": "2012-03-27", "SAPEquipID": 300153532, "AssetName": "Bin - Mulch Bays", "d_SubtypeC": "Bin", "d_AssetTyp": "Other", "d_AssetMat": "Not Applicable", "d_Branch": "Greater Sydney", "d_LGA": "Hawkesbury", "Comments": null, "Easting": 303970.31, "Northing": 6278799.9, "Latitude": "33\u00c2\u00b0 36.753' S", "Longitude": "150\u00c2\u00b0 53.22' E", "VERDATE": "2025-12-05"}, "geometry": {"coordinates": [150.88700055333322, -33.61255833333314, 0.0], "type": "Point", "geometries": null}}, {"type": "Feature", "properties": {"ModifiedDa": "2010-08-06", "SAPEquipID": 300153554, "AssetName": "BBQ - 03", "d_SubtypeC": "BBQ/Fireplace", "d_AssetTyp": "Unknown", "d_AssetMat": "Steel", "d_Branch": "Greater Sydney", "d_LGA": "Liverpool", "Comments": null, "Easting": 281191.17, "Northing": 6242790.6, "Latitude": "33\u00c2\u00b0 55.957' S", "Longitude": "150\u00c2\u00b0 37.963' E", "VERDATE": "2025-12-05"}, "geometry": {"coordinates": [150.63272483333355, -33.93262188666654, 0.0], "type": "Point", "geometries": null}}, {"type": "Feature", "properties": {"ModifiedDa": "2024-05-29", "SAPEquipID": 300153576, "AssetName": "Seat - Browns Rock trackhead", "d_SubtypeC": "Seat", "d_AssetTyp": "Without Pad", "d_AssetMat": "Timber", "d_Branch": "Greater Sydney", "d_LGA": "Randwick", "Comments": null, "Easting": 337396.62, "Northing": 6237246.41, "Latitude": "33\u00c2\u00b0 59.567' S", "Longitude": "151\u00c2\u00b0 14.369' E", "VERDATE": "2025-12-05"}, "geometry": {"coordinates": [151.23948244666724, -33.99279088666651, 0.0], "type": "Point", "geometries": null}}, {"type": "Feature", "properties": {"ModifiedDa": "2016-04-06", "SAPEquipID": 300153597, "AssetName": "Seat - Camp Cove jump north", "d_SubtypeC": "Seat", "d_AssetTyp": "With Pad", "d_AssetMat": "Timber", "d_Branch": "Greater Sydney", "d_LGA": "Woollahra", "Comments": "Old seat, new conc pad", "Easting": 340719.63, "Northing": 6254529.31, "Latitude": "33\u00c2\u00b0 50.25' S", "Longitude": "151\u00c2\u00b0 16.715' E", "VERDATE": "2025-12-05"}, "geometry": {"coordinates": [151.27858306792484, -33.837495885416786, 0.0], "type": "Point", "geometries": null}}, {"type": "Feature", "properties": {"ModifiedDa": "2024-07-09", "SAPEquipID": 300153618, "AssetName": "Picnic Table - Middle Lawn - 04", "d_SubtypeC": "Picnic Table", "d_AssetTyp": "No Roof", "d_AssetMat": "Timber", "d_Branch": "Greater Sydney", "d_LGA": "Canterbury-Bankstown", "Comments": null, "Easting": 326836.29, "Northing": 6244034.4, "Latitude": "33\u00c2\u00b0 55.795' S", "Longitude": "151\u00c2\u00b0 7.592' E", "VERDATE": "2025-12-05"}, "geometry": {"coordinates": [151.126539386667, -33.929914053333164, 0.0], "type": "Point", "geometries": null}}, {"type": "Feature", "properties": {"ModifiedDa": "2024-07-09", "SAPEquipID": 300153639, "AssetName": "Seat - Sutton St playground", "d_SubtypeC": "Seat", "d_AssetTyp": "Without Pad", "d_AssetMat": "Timber Treated", "d_Branch": "Greater Sydney", "d_LGA": "Canterbury-Bankstown", "Comments": null, "Easting": 327115.69, "Northing": 6244153.06, "Latitude": "33\u00c2\u00b0 55.733' S", "Longitude": "151\u00c2\u00b0 7.775' E", "VERDATE": "2025-12-05"}, "geometry": {"coordinates": [151.1295841666673, -33.928890333333186, 0.0], "type": "Point", "geometries": null}}, {"type": "Feature", "properties": {"ModifiedDa": "2016-04-06", "SAPEquipID": 300153659, "AssetName": "Seat - Greycliffe Gardens west", "d_SubtypeC": "Seat", "d_AssetTyp": "With Pad", "d_AssetMat": "Stone", "d_Branch": "Greater Sydney", "d_LGA": "Woollahra", "Comments": null, "Easting": 339657.12, "Northing": 6252943.15, "Latitude": "33\u00c2\u00b0 51.098' S", "Longitude": "151\u00c2\u00b0 16.009' E", "VERDATE": "2025-12-05"}, "geometry": {"coordinates": [151.26681588666713, -33.85163427999987, 0.0], "type": "Point", "geometries": null}}, {"type": "Feature", "properties": {"ModifiedDa": "2016-04-06", "SAPEquipID": 300153680, "AssetName": "Seat - 04", "d_SubtypeC": "Seat", "d_AssetTyp": "With Pad", "d_AssetMat": "Timber", "d_Branch": "Greater Sydney", "d_LGA": "Woollahra", "Comments": null, "Easting": 339675.0, "Northing": 6253043.97, "Latitude": "33\u00c2\u00b0 51.044' S", "Longitude": "151\u00c2\u00b0 16.022' E", "VERDATE": "2025-12-05"}, "geometry": {"coordinates": [151.26702738666722, -33.850728053333285, 0.0], "type": "Point", "geometries": null}}, {"type": "Feature", "properties": {"ModifiedDa": "2016-04-06", "SAPEquipID": 300153701, "AssetName": "Seat - 10", "d_SubtypeC": "Seat", "d_AssetTyp": "With Pad", "d_AssetMat": "Timber", "d_Branch": "Greater Sydney", "d_LGA": "Woollahra", "Comments": null, "Easting": 339591.99, "Northing": 6253014.71, "Latitude": "33\u00c2\u00b0 51.059' S", "Longitude": "151\u00c2\u00b0 15.968' E", "VERDATE": "2025-12-05"}, "geometry": {"coordinates": [151.26612522000016, -33.85097927999993, 0.0], "type": "Point", "geometries": null}}, {"type": "Feature", "properties": {"ModifiedDa": "2016-04-06", "SAPEquipID": 300153722, "AssetName": "Seat - 15", "d_SubtypeC": "Seat", "d_AssetTyp": "With Pad", "d_AssetMat": "Timber", "d_Branch": "Greater Sydney", "d_LGA": "Woollahra", "Comments": null, "Easting": 339510.06, "Northing": 6253024.9, "Latitude": "33\u00c2\u00b0 51.052' S", "Longitude": "151\u00c2\u00b0 15.915' E", "VERDATE": "2025-12-05"}, "geometry": {"coordinates": [151.2652418333339, -33.85087494666641, 0.0], "type": "Point", "geometries": null}}, {"type": "Feature", "properties": {"ModifiedDa": "2016-04-06", "SAPEquipID": 300153746, "AssetName": "Tree Guard - 04", "d_SubtypeC": "Tree Guard", "d_AssetTyp": "Not Applicable", "d_AssetMat": "Not Applicable", "d_Branch": "Greater Sydney", "d_LGA": "Woollahra", "Comments": null, "Easting": 339725.31, "Northing": 6253071.54, "Latitude": "33\u00c2\u00b0 51.029' S", "Longitude": "151\u00c2\u00b0 16.055' E", "VERDATE": "2025-12-05"}, "geometry": {"coordinates": [151.26757605333364, -33.85048721999982, 0.0], "type": "Point", "geometries": null}}, {"type": "Feature", "properties": {"ModifiedDa": "2010-08-06", "SAPEquipID": 300153768, "AssetName": "Picnic Table - 01", "d_SubtypeC": "Picnic Table", "d_AssetTyp": "No Roof", "d_AssetMat": "Timber", "d_Branch": "Greater Sydney", "d_LGA": "Liverpool", "Comments": null, "Easting": 281465.58, "Northing": 6242781.91, "Latitude": "33\u00c2\u00b0 55.965' S", "Longitude": "150\u00c2\u00b0 38.141' E", "VERDATE": "2025-12-05"}, "geometry": {"coordinates": [150.63568928000018, -33.93275716666653, 0.0], "type": "Point", "geometries": null}}, {"type": "Feature", "properties": {"ModifiedDa": "2010-08-06", "SAPEquipID": 300153790, "AssetName": "Picnic Table - 04", "d_SubtypeC": "Picnic Table", "d_AssetTyp": "No Roof", "d_AssetMat": "Timber", "d_Branch": "Greater Sydney", "d_LGA": "Liverpool", "Comments": null, "Easting": 281355.26, "Northing": 6242705.43, "Latitude": "33\u00c2\u00b0 56.005' S", "Longitude": "150\u00c2\u00b0 38.069' E", "VERDATE": "2025-12-05"}, "geometry": {"coordinates": [150.63447750000012, -33.93342344666661, 0.0], "type": "Point", "geometries": null}}, {"type": "Feature", "properties": {"ModifiedDa": "2012-02-01", "SAPEquipID": 300153812, "AssetName": "Seat - Bellbird Lookout", "d_SubtypeC": "Seat", "d_AssetTyp": "With Pad", "d_AssetMat": "Timber", "d_Branch": "Greater Sydney", "d_LGA": "Liverpool", "Comments": null, "Easting": 306482.41, "Northing": 6241165.3, "Latitude": "33\u00c2\u00b0 57.134' S", "Longitude": "150\u00c2\u00b0 54.349' E", "VERDATE": "2025-12-05"}, "geometry": {"coordinates": [150.9058192034206, -33.95222671326536, 0.0], "type": "Point", "geometries": null}}, {"type": "Feature", "properties": {"ModifiedDa": "2016-04-06", "SAPEquipID": 300153834, "AssetName": "Seat - 05", "d_SubtypeC": "Seat", "d_AssetTyp": "Without Pad", "d_AssetMat": "Timber", "d_Branch": "Greater Sydney", "d_LGA": "Hunters Hill", "Comments": "200x400mm hardwood with two steel legs", "Easting": 327072.0, "Northing": 6253968.0, "Latitude": "33\u00c2\u00b0 50.425' S", "Longitude": "151\u00c2\u00b0 7.863' E", "VERDATE": "2025-12-05"}, "geometry": {"coordinates": [151.1310426666671, -33.840408666666576, 0.0], "type": "Point", "geometries": null}}, {"type": "Feature", "properties": {"ModifiedDa": "2016-04-06", "SAPEquipID": 300153856, "AssetName": "Seat - Foreshore WT - 01", "d_SubtypeC": "Seat", "d_AssetTyp": "Without Pad", "d_AssetMat": "Timber", "d_Branch": "Greater Sydney", "d_LGA": "Hunters Hill", "Comments": "200x400mm hardwood on two steel legs", "Easting": 327016.05, "Northing": 6253930.4, "Latitude": "33\u00c2\u00b0 50.444' S", "Longitude": "151\u00c2\u00b0 7.826' E", "VERDATE": "2025-12-05"}, "geometry": {"coordinates": [151.13043083333355, -33.8407383866666, 0.0], "type": "Point", "geometries": null}}, {"type": "Feature", "properties": {"ModifiedDa": "2016-04-06", "SAPEquipID": 300153923, "AssetName": "Seat - Bottle n Glass - 02", "d_SubtypeC": "Seat", "d_AssetTyp": "With Pad", "d_AssetMat": "Timber", "d_Branch": "Greater Sydney", "d_LGA": "Woollahra", "Comments": null, "Easting": 339764.78, "Northing": 6253194.31, "Latitude": "33\u00c2\u00b0 50.963' S", "Longitude": "151\u00c2\u00b0 16.081' E", "VERDATE": "2025-12-05"}, "geometry": {"coordinates": [151.26802483333347, -33.84938638666654, 0.0], "type": "Point", "geometries": null}}, {"type": "Feature", "properties": {"ModifiedDa": "2016-04-06", "SAPEquipID": 300153944, "AssetName": "Tree Guard - B n G - Shakespears - 01", "d_SubtypeC": "Tree Guard", "d_AssetTyp": "Not Applicable", "d_AssetMat": "Not Applicable", "d_Branch": "Greater Sydney", "d_LGA": "Woollahra", "Comments": null, "Easting": 339763.65, "Northing": 6253130.82, "Latitude": "33\u00c2\u00b0 50.998' S", "Longitude": "151\u00c2\u00b0 16.08' E", "VERDATE": "2025-12-05"}, "geometry": {"coordinates": [151.26800111333364, -33.849958613333285, 0.0], "type": "Point", "geometries": null}}, {"type": "Feature", "properties": {"ModifiedDa": "2016-04-06", "SAPEquipID": 300153966, "AssetName": "Picnic Table - Strickland grass - 04", "d_SubtypeC": "Picnic Table", "d_AssetTyp": "No Roof", "d_AssetMat": "Timber", "d_Branch": "Greater Sydney", "d_LGA": "Woollahra", "Comments": null, "Easting": 339808.91, "Northing": 6252342.93, "Latitude": "33\u00c2\u00b0 51.424' S", "Longitude": "151\u00c2\u00b0 16.101' E", "VERDATE": "2025-12-05"}, "geometry": {"coordinates": [151.26834678000012, -33.857068279999964, 0.0], "type": "Point", "geometries": null}}, {"type": "Feature", "properties": {"ModifiedDa": "2016-04-06", "SAPEquipID": 300153989, "AssetName": "Seat - Bayview fence", "d_SubtypeC": "Seat", "d_AssetTyp": "With Pad", "d_AssetMat": "Timber", "d_Branch": "Greater Sydney", "d_LGA": "Woollahra", "Comments": null, "Easting": 339907.18, "Northing": 6251641.84, "Latitude": "33\u00c2\u00b0 51.804' S", "Longitude": "151\u00c2\u00b0 16.157' E", "VERDATE": "2025-12-05"}, "geometry": {"coordinates": [151.26928111333348, -33.86340349999995, 0.0], "type": "Point", "geometries": null}}, {"type": "Feature", "properties": {"ModifiedDa": "2010-08-06", "SAPEquipID": 300154011, "AssetName": "Picnic Table - 01", "d_SubtypeC": "Picnic Table", "d_AssetTyp": "No Roof", "d_AssetMat": "Timber", "d_Branch": "Greater Sydney", "d_LGA": "Liverpool", "Comments": "picnic table", "Easting": 281274.47, "Northing": 6242811.59, "Latitude": "33\u00c2\u00b0 55.947' S", "Longitude": "150\u00c2\u00b0 38.018' E", "VERDATE": "2025-12-05"}, "geometry": {"coordinates": [150.63363055333355, -33.93244999999985, 0.0], "type": "Point", "geometries": null}}, {"type": "Feature", "properties": {"ModifiedDa": "2010-08-06", "SAPEquipID": 300154033, "AssetName": "Bin - Durrawi East - 01", "d_SubtypeC": "Bin", "d_AssetTyp": "Garbage", "d_AssetMat": "Not Applicable", "d_Branch": "Greater Sydney", "d_LGA": "Liverpool", "Comments": null, "Easting": 281290.99, "Northing": 6242772.23, "Latitude": "33\u00c2\u00b0 55.968' S", "Longitude": "150\u00c2\u00b0 38.028' E", "VERDATE": "2025-12-05"}, "geometry": {"coordinates": [150.6337993866673, -33.93280811333324, 0.0], "type": "Point", "geometries": null}}, {"type": "Feature", "properties": {"ModifiedDa": "2012-10-22", "SAPEquipID": 300154136, "AssetName": "Life Bouy Stand - The Snapper", "d_SubtypeC": "Life Buoy Stand", "d_AssetTyp": "Not Applicable", "d_AssetMat": "Not Applicable", "d_Branch": "Greater Sydney", "d_LGA": "Wollongong", "Comments": null, "Easting": 319980.0, "Northing": 6215490.0, "Latitude": "34\u00c2\u00b0 11.163' S", "Longitude": "151\u00c2\u00b0 2.79' E", "VERDATE": "2025-12-05"}, "geometry": {"coordinates": [151.04650210851503, -34.18605092114376, 0.0], "type": "Point", "geometries": null}}, {"type": "Feature", "properties": {"ModifiedDa": "2012-10-22", "SAPEquipID": 300154157, "AssetName": "Life Bouy Stand - Curracurrang", "d_SubtypeC": "Life Buoy Stand", "d_AssetTyp": "Not Applicable", "d_AssetMat": "Not Applicable", "d_Branch": "Greater Sydney", "d_LGA": "Sutherland", "Comments": null, "Easting": 325670.0, "Northing": 6219707.0, "Latitude": "34\u00c2\u00b0 8.94' S", "Longitude": "151\u00c2\u00b0 6.544' E", "VERDATE": "2025-12-05"}, "geometry": {"coordinates": [151.109065520071, -34.149007344713254, 0.0], "type": "Point", "geometries": null}}, {"type": "Feature", "properties": {"ModifiedDa": "2023-04-03", "SAPEquipID": 300154813, "AssetName": "BBQ - Murphys Glen - 03", "d_SubtypeC": "BBQ/Fireplace", "d_AssetTyp": "No Roof", "d_AssetMat": "Steel", "d_Branch": "Blue Mountains", "d_LGA": "Blue Mountains", "Comments": "Murphys glen fireplace", "Easting": 267241.36, "Northing": 6260613.07, "Latitude": "33\u00c2\u00b0 46.142' S", "Longitude": "150\u00c2\u00b0 29.198' E", "VERDATE": "2025-12-05"}, "geometry": {"coordinates": [150.48663704788714, -33.769040744784775, 0.0], "type": "Point", "geometries": null}}, {"type": "Feature", "properties": {"ModifiedDa": "2016-04-06", "SAPEquipID": 300154819, "AssetName": "Cycle Rack - Dinghy", "d_SubtypeC": "Cycle Rack", "d_AssetTyp": "Not Applicable", "d_AssetMat": "Not Applicable", "d_Branch": "Greater Sydney", "d_LGA": "Mosman", "Comments": "new", "Easting": 338024.4, "Northing": 6253891.03, "Latitude": "33\u00c2\u00b0 50.57' S", "Longitude": "151\u00c2\u00b0 14.961' E", "VERDATE": "2025-12-05"}, "geometry": {"coordinates": [151.2493489466675, -33.842839833333244, 0.0], "type": "Point", "geometries": null}}, {"type": "Feature", "properties": {"ModifiedDa": "2023-04-03", "SAPEquipID": 300154835, "AssetName": "BBQ - Murphys Glen - 05", "d_SubtypeC": "BBQ/Fireplace", "d_AssetTyp": "No Roof", "d_AssetMat": "Steel", "d_Branch": "Blue Mountains", "d_LGA": "Blue Mountains", "Comments": "Murphys glen fireplace", "Easting": 267172.0, "Northing": 6260619.92, "Latitude": "33\u00c2\u00b0 46.138' S", "Longitude": "150\u00c2\u00b0 29.153' E", "VERDATE": "2025-12-05"}, "geometry": {"coordinates": [150.48589056629362, -33.76896381642251, 0.0], "type": "Point", "geometries": null}}, {"type": "Feature", "properties": {"ModifiedDa": "2023-04-03", "SAPEquipID": 300154857, "AssetName": "Picnic Table - Murphys Glen Camp - 06", "d_SubtypeC": "Picnic Table", "d_AssetTyp": "No Roof", "d_AssetMat": "Timber", "d_Branch": "Blue Mountains", "d_LGA": "Blue Mountains", "Comments": "Murphys Glen Campground", "Easting": 267203.23, "Northing": 6260704.46, "Latitude": "33\u00c2\u00b0 46.093' S", "Longitude": "150\u00c2\u00b0 29.175' E", "VERDATE": "2025-12-05"}, "geometry": {"coordinates": [150.4862497680574, -33.76820888542176, 0.0], "type": "Point", "geometries": null}}, {"type": "Feature", "properties": {"ModifiedDa": "2023-04-03", "SAPEquipID": 300154879, "AssetName": "Picnic Table - Murphys Glen Camp - 04", "d_SubtypeC": "Picnic Table", "d_AssetTyp": "No Roof", "d_AssetMat": "Timber", "d_Branch": "Blue Mountains", "d_LGA": "Blue Mountains", "Comments": "Murphys Glen Campground", "Easting": 267201.13, "Northing": 6260600.2, "Latitude": "33\u00c2\u00b0 46.149' S", "Longitude": "150\u00c2\u00b0 29.172' E", "VERDATE": "2025-12-05"}, "geometry": {"coordinates": [150.48619965592115, -33.769147906658475, 0.0], "type": "Point", "geometries": null}}, {"type": "Feature", "properties": {"ModifiedDa": "2022-06-01", "SAPEquipID": 300154915, "AssetName": "Fee Collection Station - Glenbrook - 03", "d_SubtypeC": "Fee Collection Station - Unmanned", "d_AssetTyp": "Ticket Machine", "d_AssetMat": "Not Applicable", "d_Branch": "Blue Mountains", "d_LGA": "Blue Mountains", "Comments": "new", "Easting": 279696.33, "Northing": 6259897.04, "Latitude": "33\u00c2\u00b0 46.69' S", "Longitude": "150\u00c2\u00b0 37.251' E", "VERDATE": "2025-12-05"}, "geometry": {"coordinates": [150.62084500000003, -33.77815833333335, 0.0], "type": "Point", "geometries": null}}, {"type": "Feature", "properties": {"ModifiedDa": "2016-04-06", "SAPEquipID": 300154975, "AssetName": "Gravesite - Behind 3rd Class Young Boy", "d_SubtypeC": "Gravesite", "d_AssetTyp": "Not Applicable", "d_AssetMat": "Not Applicable", "d_Branch": "Greater Sydney", "d_LGA": "Northern Beaches", "Comments": null, "Easting": 341771.35, "Northing": 6256694.0, "Latitude": "33\u00c2\u00b0 49.088' S", "Longitude": "151\u00c2\u00b0 17.42' E", "VERDATE": "2025-12-05"}, "geometry": {"coordinates": [151.29033372000015, -33.818138999999746, 0.0], "type": "Point", "geometries": null}}, {"type": "Feature", "properties": {"ModifiedDa": "2015-08-31", "SAPEquipID": 300155109, "AssetName": "Seat - box hd", "d_SubtypeC": "Seat", "d_AssetTyp": "With Pad", "d_AssetMat": "Steel", "d_Branch": "Hunter Central Coast", "d_LGA": "Central Coast", "Comments": null, "Easting": 346396.35, "Northing": 6286900.57, "Latitude": "33\u00c2\u00b0 32.789' S", "Longitude": "151\u00c2\u00b0 20.731' E", "VERDATE": "2025-12-05"}, "geometry": {"coordinates": [151.34551480776327, -33.54649111088696, 0.0], "type": "Point", "geometries": null}}, {"type": "Feature", "properties": {"ModifiedDa": "2016-04-06", "SAPEquipID": 300156228, "AssetName": "Seat - north of constables cottage", "d_SubtypeC": "Seat", "d_AssetTyp": "With Pad", "d_AssetMat": "Timber", "d_Branch": "Greater Sydney", "d_LGA": "Woollahra", "Comments": null, "Easting": 340794.44, "Northing": 6254416.88, "Latitude": "33\u00c2\u00b0 50.311' S", "Longitude": "151\u00c2\u00b0 16.762' E", "VERDATE": "2025-12-05"}, "geometry": {"coordinates": [151.27937093550668, -33.83852067445167, 0.0], "type": "Point", "geometries": null}}, {"type": "Feature", "properties": {"ModifiedDa": "2023-01-03", "SAPEquipID": 300157915, "AssetName": "Seat - Henry Cox memorial", "d_SubtypeC": "Seat", "d_AssetTyp": "Without Pad", "d_AssetMat": "Timber", "d_Branch": "Hunter Central Coast", "d_LGA": "Central Coast", "Comments": "installed and maintained by the community", "Easting": 349102.02, "Northing": 6288797.68, "Latitude": "33\u00c2\u00b0 31.786' S", "Longitude": "151\u00c2\u00b0 22.498' E", "VERDATE": "2025-12-05"}, "geometry": {"coordinates": [151.3749677693254, -33.52977279225337, 0.0], "type": "Point", "geometries": null}}, {"type": "Feature", "properties": {"ModifiedDa": "2016-04-06", "SAPEquipID": 300158908, "AssetName": "Gravesite - Mulhall Grave", "d_SubtypeC": "Gravesite", "d_AssetTyp": "Not Applicable", "d_AssetMat": "Not Applicable", "d_Branch": "Greater Sydney", "d_LGA": "Northern Beaches", "Comments": null, "Easting": 345022.07, "Northing": 6283143.93, "Latitude": "33\u00c2\u00b0 34.81' S", "Longitude": "151\u00c2\u00b0 19.804' E", "VERDATE": "2025-12-05"}, "geometry": {"coordinates": [151.3300657666673, -33.580161346666614, 0.0], "type": "Point", "geometries": null}}, {"type": "Feature", "properties": {"ModifiedDa": "2015-08-03", "SAPEquipID": 300159031, "AssetName": "Fireplace - old stone cirlce", "d_SubtypeC": "BBQ/Fireplace", "d_AssetTyp": "No Roof", "d_AssetMat": "Stone", "d_Branch": "Hunter Central Coast", "d_LGA": "Central Coast", "Comments": null, "Easting": 339757.26, "Northing": 6299453.59, "Latitude": "33\u00c2\u00b0 25.941' S", "Longitude": "151\u00c2\u00b0 16.577' E", "VERDATE": "2025-12-05"}, "geometry": {"coordinates": [151.27627633969837, -33.43234250684941, 0.0], "type": "Point", "geometries": null}}, {"type": "Feature", "properties": {"ModifiedDa": "2024-12-06", "SAPEquipID": 300159055, "AssetName": "Picnic Table - Wattamolla Middle - 03", "d_SubtypeC": "Picnic Table", "d_AssetTyp": "With Roof", "d_AssetMat": "Timber Treated", "d_Branch": "Greater Sydney", "d_LGA": "Sutherland", "Comments": null, "Easting": 326138.6, "Northing": 6220969.6, "Latitude": "34\u00c2\u00b0 8.262' S", "Longitude": "151\u00c2\u00b0 6.864' E", "VERDATE": "2025-12-05"}, "geometry": {"coordinates": [151.11439892168698, -34.137704706709485, 0.0], "type": "Point", "geometries": null}}, {"type": "Feature", "properties": {"ModifiedDa": "2016-03-04", "SAPEquipID": 300160597, "AssetName": "Picnic Table - Amenities - North", "d_SubtypeC": "Picnic Table", "d_AssetTyp": "No Roof", "d_AssetMat": "Steel", "d_Branch": "South Coast", "d_LGA": "Campbelltown", "Comments": "Disable Access", "Easting": 299997.85, "Northing": 6218050.04, "Latitude": "34\u00c2\u00b0 9.56' S", "Longitude": "150\u00c2\u00b0 49.823' E", "VERDATE": "2025-12-05"}, "geometry": {"coordinates": [150.83038531170678, -34.15933641502858, 0.0], "type": "Point", "geometries": null}}, {"type": "Feature", "properties": {"ModifiedDa": "2012-10-11", "SAPEquipID": 300160759, "AssetName": "Picnic Table - Near Entrance - 01", "d_SubtypeC": "Picnic Table", "d_AssetTyp": "No Roof", "d_AssetMat": "Timber", "d_Branch": "Greater Sydney", "d_LGA": "Canterbury-Bankstown", "Comments": "near Entrance", "Easting": 315263.0, "Northing": 6238012.19, "Latitude": "33\u00c2\u00b0 58.934' S", "Longitude": "151\u00c2\u00b0 0.007' E", "VERDATE": "2025-12-05"}, "geometry": {"coordinates": [151.00012244666675, -33.982226779999394, 0.0], "type": "Point", "geometries": null}}, {"type": "Feature", "properties": {"ModifiedDa": "2016-04-06", "SAPEquipID": 300161110, "AssetName": "Picnic Table - Timber - 02", "d_SubtypeC": "Picnic Table", "d_AssetTyp": "No Roof", "d_AssetMat": "Timber", "d_Branch": "Greater Sydney", "d_LGA": "Northern Beaches", "Comments": null, "Easting": 338427.66, "Northing": 6277825.9, "Latitude": "33\u00c2\u00b0 37.628' S", "Longitude": "151\u00c2\u00b0 15.484' E", "VERDATE": "2025-12-05"}, "geometry": {"coordinates": [151.2580730533341, -33.627125946666524, 0.0], "type": "Point", "geometries": null}}, {"type": "Feature", "properties": {"ModifiedDa": "2016-04-06", "SAPEquipID": 300161131, "AssetName": "Picnic Table - Timber - 22", "d_SubtypeC": "Picnic Table", "d_AssetTyp": "No Roof", "d_AssetMat": "Timber", "d_Branch": "Greater Sydney", "d_LGA": "Northern Beaches", "Comments": null, "Easting": 333662.13, "Northing": 6261986.92, "Latitude": "33\u00c2\u00b0 46.151' S", "Longitude": "151\u00c2\u00b0 12.225' E", "VERDATE": "2025-12-05"}, "geometry": {"coordinates": [151.20374716666686, -33.76917899999995, 0.0], "type": "Point", "geometries": null}}, {"type": "Feature", "properties": {"ModifiedDa": "2016-03-04", "SAPEquipID": 300161290, "AssetName": "Seat - Minerva Pool", "d_SubtypeC": "Seat", "d_AssetTyp": "Without Pad", "d_AssetMat": null, "d_Branch": "South Coast", "d_LGA": "Campbelltown", "Comments": null, "Easting": 299150.25, "Northing": 6217666.04, "Latitude": "34\u00c2\u00b0 9.758' S", "Longitude": "150\u00c2\u00b0 49.266' E", "VERDATE": "2025-12-05"}, "geometry": {"coordinates": [150.82110739572101, -34.16263425169234, 0.0], "type": "Point", "geometries": null}}, {"type": "Feature", "properties": {"ModifiedDa": "2016-04-06", "SAPEquipID": 300161319, "AssetName": "Seat - Timber", "d_SubtypeC": "Seat", "d_AssetTyp": "Without Pad", "d_AssetMat": "Timber", "d_Branch": "Greater Sydney", "d_LGA": "Northern Beaches", "Comments": null, "Easting": 342535.24, "Northing": 6283259.34, "Latitude": "33\u00c2\u00b0 34.725' S", "Longitude": "151\u00c2\u00b0 18.198' E", "VERDATE": "2025-12-05"}, "geometry": {"coordinates": [151.30330000000026, -33.57875635333329, 0.0], "type": "Point", "geometries": null}}, {"type": "Feature", "properties": {"ModifiedDa": "2016-04-06", "SAPEquipID": 300161339, "AssetName": "Seat - Timber - 03", "d_SubtypeC": "Seat", "d_AssetTyp": "Without Pad", "d_AssetMat": "Timber", "d_Branch": "Greater Sydney", "d_LGA": "Northern Beaches", "Comments": null, "Easting": 341594.72, "Northing": 6280420.91, "Latitude": "33\u00c2\u00b0 36.252' S", "Longitude": "151\u00c2\u00b0 17.56' E", "VERDATE": "2025-12-05"}, "geometry": {"coordinates": [151.29266550000034, -33.604206946666466, 0.0], "type": "Point", "geometries": null}}, {"type": "Feature", "properties": {"ModifiedDa": "2016-04-06", "SAPEquipID": 300161361, "AssetName": "Seat - Timber - 07", "d_SubtypeC": "Seat", "d_AssetTyp": "Without Pad", "d_AssetMat": "Timber", "d_Branch": "Greater Sydney", "d_LGA": "Northern Beaches", "Comments": null, "Easting": 335099.2, "Northing": 6276599.49, "Latitude": "33\u00c2\u00b0 38.26' S", "Longitude": "151\u00c2\u00b0 13.319' E", "VERDATE": "2025-12-05"}, "geometry": {"coordinates": [151.22197622000033, -33.63767166666662, 0.0], "type": "Point", "geometries": null}}, {"type": "Feature", "properties": {"ModifiedDa": "2016-04-06", "SAPEquipID": 300161382, "AssetName": "Seat - Timber - 12", "d_SubtypeC": "Seat", "d_AssetTyp": "Without Pad", "d_AssetMat": "Timber", "d_Branch": "Greater Sydney", "d_LGA": "Northern Beaches", "Comments": null, "Easting": 341541.25, "Northing": 6280395.29, "Latitude": "33\u00c2\u00b0 36.266' S", "Longitude": "151\u00c2\u00b0 17.525' E", "VERDATE": "2025-12-05"}, "geometry": {"coordinates": [151.29208488666677, -33.60442994666653, 0.0], "type": "Point", "geometries": null}}, {"type": "Feature", "properties": {"ModifiedDa": "2016-04-06", "SAPEquipID": 300161402, "AssetName": "Seat - Timber - 19", "d_SubtypeC": "Seat", "d_AssetTyp": "Without Pad", "d_AssetMat": "Timber", "d_Branch": "Greater Sydney", "d_LGA": "Northern Beaches", "Comments": null, "Easting": 341515.12, "Northing": 6280478.06, "Latitude": "33\u00c2\u00b0 36.221' S", "Longitude": "151\u00c2\u00b0 17.509' E", "VERDATE": "2025-12-05"}, "geometry": {"coordinates": [151.29181800000072, -33.60367983333322, 0.0], "type": "Point", "geometries": null}}, {"type": "Feature", "properties": {"ModifiedDa": "2010-07-26", "SAPEquipID": 300161463, "AssetName": "BBQ 1 - near toilets", "d_SubtypeC": "BBQ/Fireplace", "d_AssetTyp": "With Roof", "d_AssetMat": "Steel Stainless", "d_Branch": "Greater Sydney", "d_LGA": "Sutherland", "Comments": "BBQ1 Picnic area", "Easting": 328543.15, "Northing": 6227148.08, "Latitude": "34\u00c2\u00b0 4.945' S", "Longitude": "151\u00c2\u00b0 8.501' E", "VERDATE": "2025-12-05"}, "geometry": {"coordinates": [151.14168372000017, -34.082409553332525, 0.0], "type": "Point", "geometries": null}}, {"type": "Feature", "properties": {"ModifiedDa": "2024-06-04", "SAPEquipID": 300161484, "AssetName": "Seat - Thelma Head South - 03", "d_SubtypeC": "Seat", "d_AssetTyp": "Without Pad", "d_AssetMat": "Timber Treated", "d_Branch": "Greater Sydney", "d_LGA": "Wollongong", "Comments": null, "Easting": 321104.42, "Northing": 6216476.57, "Latitude": "34\u00c2\u00b0 10.641' S", "Longitude": "151\u00c2\u00b0 3.534' E", "VERDATE": "2025-12-05"}, "geometry": {"coordinates": [151.05890138666643, -34.17735211333252, 0.0], "type": "Point", "geometries": null}}, {"type": "Feature", "properties": {"ModifiedDa": "2010-07-26", "SAPEquipID": 300161506, "AssetName": "seat 3 forest island loop track north", "d_SubtypeC": "Seat", "d_AssetTyp": "Without Pad", "d_AssetMat": "Timber Treated", "d_Branch": "Greater Sydney", "d_LGA": "Sutherland", "Comments": null, "Easting": 318126.02, "Northing": 6220659.83, "Latitude": "34\u00c2\u00b0 8.348' S", "Longitude": "151\u00c2\u00b0 1.649' E", "VERDATE": "2025-12-05"}, "geometry": {"coordinates": [151.0274783333332, -34.13913166666583, 0.0], "type": "Point", "geometries": null}}, {"type": "Feature", "properties": {"ModifiedDa": "2011-11-21", "SAPEquipID": 300161527, "AssetName": "Picnic Table - Girronba Day Use Area", "d_SubtypeC": "Picnic Table", "d_AssetTyp": "No Roof", "d_AssetMat": "Timber", "d_Branch": "Greater Sydney", "d_LGA": "Sutherland", "Comments": null, "Easting": 312587.61, "Northing": 6224198.95, "Latitude": "34\u00c2\u00b0 6.375' S", "Longitude": "150\u00c2\u00b0 58.092' E", "VERDATE": "2025-12-05"}, "geometry": {"coordinates": [150.9682074999996, -34.10625388666591, 0.0], "type": "Point", "geometries": null}}, {"type": "Feature", "properties": {"ModifiedDa": "2016-04-06", "SAPEquipID": 300161800, "AssetName": "BBQ - Fire Pit - 02", "d_SubtypeC": "BBQ/Fireplace", "d_AssetTyp": "No Roof", "d_AssetMat": "Block - Stone", "d_Branch": "Greater Sydney", "d_LGA": "Northern Beaches", "Comments": null, "Easting": 341544.09, "Northing": 6280408.64, "Latitude": "33\u00c2\u00b0 36.259' S", "Longitude": "151\u00c2\u00b0 17.527' E", "VERDATE": "2025-12-05"}, "geometry": {"coordinates": [151.2921177800007, -33.60431005333322, 0.0], "type": "Point", "geometries": null}}, {"type": "Feature", "properties": {"ModifiedDa": "2016-04-06", "SAPEquipID": 300161821, "AssetName": "BBQ - Wood - 11", "d_SubtypeC": "BBQ/Fireplace", "d_AssetTyp": "No Roof", "d_AssetMat": "Steel", "d_Branch": "Greater Sydney", "d_LGA": "Northern Beaches", "Comments": null, "Easting": 333764.37, "Northing": 6261881.52, "Latitude": "33\u00c2\u00b0 46.209' S", "Longitude": "151\u00c2\u00b0 12.29' E", "VERDATE": "2025-12-05"}, "geometry": {"coordinates": [151.20483100000047, -33.77014516666662, 0.0], "type": "Point", "geometries": null}}, {"type": "Feature", "properties": {"ModifiedDa": "2016-04-06", "SAPEquipID": 300162054, "AssetName": "BBQ - Wood - 02", "d_SubtypeC": "BBQ/Fireplace", "d_AssetTyp": "No Roof", "d_AssetMat": null, "d_Branch": "Greater Sydney", "d_LGA": "Northern Beaches", "Comments": null, "Easting": 341514.32, "Northing": 6280413.6, "Latitude": "33\u00c2\u00b0 36.256' S", "Longitude": "151\u00c2\u00b0 17.508' E", "VERDATE": "2025-12-05"}, "geometry": {"coordinates": [151.2917979466672, -33.604260886666566, 0.0], "type": "Point", "geometries": null}}, {"type": "Feature", "properties": {"ModifiedDa": "2022-03-04", "SAPEquipID": 300162220, "AssetName": "BBQ - Ingar DUA", "d_SubtypeC": "BBQ/Fireplace", "d_AssetTyp": "No Roof", "d_AssetMat": "Steel", "d_Branch": "Blue Mountains", "d_LGA": "Blue Mountains", "Comments": null, "Easting": 264993.66, "Northing": 6260318.32, "Latitude": "33\u00c2\u00b0 46.272' S", "Longitude": "150\u00c2\u00b0 27.739' E", "VERDATE": "2025-12-05"}, "geometry": {"coordinates": [150.46230849999563, -33.77119999999894, 0.0], "type": "Point", "geometries": null}}, {"type": "Feature", "properties": {"ModifiedDa": "2011-12-09", "SAPEquipID": 300162327, "AssetName": "BBQ - Reids Flat - 01", "d_SubtypeC": "BBQ/Fireplace", "d_AssetTyp": "With Roof", "d_AssetMat": "Steel", "d_Branch": "Greater Sydney", "d_LGA": "Sutherland", "Comments": null, "Easting": 320958.37, "Northing": 6228377.55, "Latitude": "34\u00c2\u00b0 4.203' S", "Longitude": "151\u00c2\u00b0 3.586' E", "VERDATE": "2025-12-05"}, "geometry": {"coordinates": [151.05977028617667, -34.070057051119136, 0.0], "type": "Point", "geometries": null}}, {"type": "Feature", "properties": {"ModifiedDa": "2011-12-09", "SAPEquipID": 300162369, "AssetName": "Seat - Wharf opp boat shed", "d_SubtypeC": "Seat", "d_AssetTyp": "With Pad", "d_AssetMat": "Timber", "d_Branch": "Greater Sydney", "d_LGA": "Sutherland", "Comments": "seat opposite boATSHED", "Easting": 320641.21, "Northing": 6227882.48, "Latitude": "34\u00c2\u00b0 4.468' S", "Longitude": "151\u00c2\u00b0 3.374' E", "VERDATE": "2025-12-05"}, "geometry": {"coordinates": [151.05623305097436, -34.07446508280157, 0.0], "type": "Point", "geometries": null}}, {"type": "Feature", "properties": {"ModifiedDa": "2010-07-26", "SAPEquipID": 300162390, "AssetName": "Tree Guard  7 sth", "d_SubtypeC": "Tree Guard", "d_AssetTyp": "Not Applicable", "d_AssetMat": "Not Applicable", "d_Branch": "Greater Sydney", "d_LGA": "Sutherland", "Comments": null, "Easting": 320568.39, "Northing": 6227587.16, "Latitude": "34\u00c2\u00b0 4.627' S", "Longitude": "151\u00c2\u00b0 3.323' E", "VERDATE": "2025-12-05"}, "geometry": {"coordinates": [151.05538338666634, -34.0771144999992, 0.0], "type": "Point", "geometries": null}}, {"type": "Feature", "properties": {"ModifiedDa": "2010-07-26", "SAPEquipID": 300162410, "AssetName": "WRS 2 wattle forest  east", "d_SubtypeC": "Waste/Recycling Stn", "d_AssetTyp": "Not Applicable", "d_AssetMat": "Not Applicable", "d_Branch": "Greater Sydney", "d_LGA": "Sutherland", "Comments": null, "Easting": 320595.18, "Northing": 6226956.19, "Latitude": "34\u00c2\u00b0 4.968' S", "Longitude": "151\u00c2\u00b0 3.333' E", "VERDATE": "2025-12-05"}, "geometry": {"coordinates": [151.05554361333327, -34.08280644666581, 0.0], "type": "Point", "geometries": null}}, {"type": "Feature", "properties": {"ModifiedDa": "2011-10-26", "SAPEquipID": 300162431, "AssetName": "Picnic Table - Hill Top Residence", "d_SubtypeC": "Picnic Table", "d_AssetTyp": "No Roof", "d_AssetMat": "Aluminium", "d_Branch": "Greater Sydney", "d_LGA": "Sutherland", "Comments": null, "Easting": 325071.48, "Northing": 6228204.78, "Latitude": "34\u00c2\u00b0 4.339' S", "Longitude": "151\u00c2\u00b0 6.257' E", "VERDATE": "2025-12-05"}, "geometry": {"coordinates": [151.10428661333344, -34.07230988666589, 0.0], "type": "Point", "geometries": null}}, {"type": "Feature", "properties": {"ModifiedDa": "2023-04-03", "SAPEquipID": 300162745, "AssetName": "Picnic Table - Bennets CA Sth - 03", "d_SubtypeC": "Picnic Table", "d_AssetTyp": "No Roof", "d_AssetMat": "Timber", "d_Branch": "Blue Mountains", "d_LGA": "Blue Mountains", "Comments": "on concrete", "Easting": 279534.03, "Northing": 6257425.31, "Latitude": "33\u00c2\u00b0 48.024' S", "Longitude": "150\u00c2\u00b0 37.109' E", "VERDATE": "2025-12-05"}, "geometry": {"coordinates": [150.61847666666665, -33.800398333333305, 0.0], "type": "Point", "geometries": null}}, {"type": "Feature", "properties": {"ModifiedDa": "2023-04-03", "SAPEquipID": 300162766, "AssetName": "Picnic Table -  Appletree CA Nth - 08", "d_SubtypeC": "Picnic Table", "d_AssetTyp": "No Roof", "d_AssetMat": "Timber", "d_Branch": "Blue Mountains", "d_LGA": "Blue Mountains", "Comments": "on concrete", "Easting": 279272.6, "Northing": 6257633.06, "Latitude": "33\u00c2\u00b0 47.908' S", "Longitude": "150\u00c2\u00b0 36.942' E", "VERDATE": "2025-12-05"}, "geometry": {"coordinates": [150.6157066666667, -33.79847166666656, 0.0], "type": "Point", "geometries": null}}, {"type": "Feature", "properties": {"ModifiedDa": "2023-04-03", "SAPEquipID": 300162787, "AssetName": "Picnic Table - Euroka DUA Nth Wst - 02", "d_SubtypeC": "Picnic Table", "d_AssetTyp": "No Roof", "d_AssetMat": "Timber", "d_Branch": "Blue Mountains", "d_LGA": "Blue Mountains", "Comments": "concrete", "Easting": 279410.37, "Northing": 6257704.87, "Latitude": "33\u00c2\u00b0 47.871' S", "Longitude": "150\u00c2\u00b0 37.033' E", "VERDATE": "2025-12-05"}, "geometry": {"coordinates": [150.61721166666678, -33.79785333333331, 0.0], "type": "Point", "geometries": null}}, {"type": "Feature", "properties": {"ModifiedDa": "2023-04-03", "SAPEquipID": 300162807, "AssetName": "Picnic Table -  Appletree CA Nth - 04", "d_SubtypeC": "Picnic Table", "d_AssetTyp": "No Roof", "d_AssetMat": "Timber", "d_Branch": "Blue Mountains", "d_LGA": "Blue Mountains", "Comments": "on concrete", "Easting": 279393.24, "Northing": 6257471.06, "Latitude": "33\u00c2\u00b0 47.997' S", "Longitude": "150\u00c2\u00b0 37.018' E", "VERDATE": "2025-12-05"}, "geometry": {"coordinates": [150.61696833333338, -33.799956666666674, 0.0], "type": "Point", "geometries": null}}, {"type": "Feature", "properties": {"ModifiedDa": "2023-04-03", "SAPEquipID": 300162828, "AssetName": "Picnic Table -  Appletree CA Nth - 06", "d_SubtypeC": "Picnic Table", "d_AssetTyp": "No Roof", "d_AssetMat": "Timber", "d_Branch": "Blue Mountains", "d_LGA": "Blue Mountains", "Comments": "on concrete", "Easting": 279415.43, "Northing": 6257459.37, "Latitude": "33\u00c2\u00b0 48.004' S", "Longitude": "150\u00c2\u00b0 37.032' E", "VERDATE": "2025-12-05"}, "geometry": {"coordinates": [150.61720500000013, -33.80006666666662, 0.0], "type": "Point", "geometries": null}}, {"type": "Feature", "properties": {"ModifiedDa": "2023-04-03", "SAPEquipID": 300162850, "AssetName": "Picnic Table - Bennets CA Sth - 06", "d_SubtypeC": "Picnic Table", "d_AssetTyp": "No Roof", "d_AssetMat": "Timber", "d_Branch": "Blue Mountains", "d_LGA": "Blue Mountains", "Comments": "on concrete", "Easting": 279534.03, "Northing": 6257425.31, "Latitude": "33\u00c2\u00b0 48.024' S", "Longitude": "150\u00c2\u00b0 37.109' E", "VERDATE": "2025-12-05"}, "geometry": {"coordinates": [150.61847666666665, -33.800398333333305, 0.0], "type": "Point", "geometries": null}}, {"type": "Feature", "properties": {"ModifiedDa": "2023-04-03", "SAPEquipID": 300162976, "AssetName": "Picnic Table - Bennets CA Sth - 01", "d_SubtypeC": "Picnic Table", "d_AssetTyp": "No Roof", "d_AssetMat": "Timber", "d_Branch": "Blue Mountains", "d_LGA": "Blue Mountains", "Comments": "on concrete", "Easting": 279550.44, "Northing": 6257410.15, "Latitude": "33\u00c2\u00b0 48.032' S", "Longitude": "150\u00c2\u00b0 37.119' E", "VERDATE": "2025-12-05"}, "geometry": {"coordinates": [150.61865000000012, -33.80053833333335, 0.0], "type": "Point", "geometries": null}}, {"type": "Feature", "properties": {"ModifiedDa": "2023-04-03", "SAPEquipID": 300163287, "AssetName": "Picnic Table -  Appletree CA Nth - 01", "d_SubtypeC": "Picnic Table", "d_AssetTyp": "No Roof", "d_AssetMat": "Timber", "d_Branch": "Blue Mountains", "d_LGA": "Blue Mountains", "Comments": "on concrete", "Easting": 279393.24, "Northing": 6257471.06, "Latitude": "33\u00c2\u00b0 47.997' S", "Longitude": "150\u00c2\u00b0 37.018' E", "VERDATE": "2025-12-05"}, "geometry": {"coordinates": [150.61696833333338, -33.799956666666674, 0.0], "type": "Point", "geometries": null}}, {"type": "Feature", "properties": {"ModifiedDa": "2023-04-03", "SAPEquipID": 300163308, "AssetName": "Picnic Table - Euroka DUA - 01", "d_SubtypeC": "Picnic Table", "d_AssetTyp": "No Roof", "d_AssetMat": "Timber", "d_Branch": "Blue Mountains", "d_LGA": "Blue Mountains", "Comments": "on concrete", "Easting": 279462.76, "Northing": 6257649.49, "Latitude": "33\u00c2\u00b0 47.902' S", "Longitude": "150\u00c2\u00b0 37.066' E", "VERDATE": "2025-12-05"}, "geometry": {"coordinates": [150.61776333333341, -33.79836333333333, 0.0], "type": "Point", "geometries": null}}, {"type": "Feature", "properties": {"ModifiedDa": "2023-04-03", "SAPEquipID": 300163558, "AssetName": "Picnic Table - Euroka DUA - 03", "d_SubtypeC": "Picnic Table", "d_AssetTyp": "No Roof", "d_AssetMat": "Timber", "d_Branch": "Blue Mountains", "d_LGA": "Blue Mountains", "Comments": "1 concrete pad", "Easting": 279473.8, "Northing": 6257586.3, "Latitude": "33\u00c2\u00b0 47.936' S", "Longitude": "150\u00c2\u00b0 37.072' E", "VERDATE": "2025-12-05"}, "geometry": {"coordinates": [150.61786666666683, -33.79893499999986, 0.0], "type": "Point", "geometries": null}}, {"type": "Feature", "properties": {"ModifiedDa": "2024-03-07", "SAPEquipID": 300163717, "AssetName": "Fee Collection Station - Glenbrook - 02", "d_SubtypeC": "Fee Collection Station - Unmanned", "d_AssetTyp": "Ticket Machine", "d_AssetMat": "Not Applicable", "d_Branch": "Blue Mountains", "d_LGA": "Blue Mountains", "Comments": "new", "Easting": 279723.75, "Northing": 6259910.12, "Latitude": "33\u00c2\u00b0 46.683' S", "Longitude": "150\u00c2\u00b0 37.269' E", "VERDATE": "2025-12-05"}, "geometry": {"coordinates": [150.62114414173448, -33.77804615514157, 0.0], "type": "Point", "geometries": null}}, {"type": "Feature", "properties": {"ModifiedDa": "2022-03-04", "SAPEquipID": 300163737, "AssetName": "Cycle Rack - Glenbrook Office - 01", "d_SubtypeC": "Cycle Rack", "d_AssetTyp": "Not Applicable", "d_AssetMat": "Not Applicable", "d_Branch": "Blue Mountains", "d_LGA": "Blue Mountains", "Comments": "new", "Easting": 279695.98, "Northing": 6259878.72, "Latitude": "33\u00c2\u00b0 46.699' S", "Longitude": "150\u00c2\u00b0 37.25' E", "VERDATE": "2025-12-05"}, "geometry": {"coordinates": [150.62083666666672, -33.77832333333333, 0.0], "type": "Point", "geometries": null}}, {"type": "Feature", "properties": {"ModifiedDa": "2022-03-04", "SAPEquipID": 300163757, "AssetName": "Picnic Table - Glenbrook Entrance - 01", "d_SubtypeC": "Picnic Table", "d_AssetTyp": "No Roof", "d_AssetMat": "Timber Treated", "d_Branch": "Blue Mountains", "d_LGA": "Blue Mountains", "Comments": "1 table 2 chair", "Easting": 279701.28, "Northing": 6259883.29, "Latitude": "33\u00c2\u00b0 46.697' S", "Longitude": "150\u00c2\u00b0 37.254' E", "VERDATE": "2025-12-05"}, "geometry": {"coordinates": [150.62089500000002, -33.77828333333332, 0.0], "type": "Point", "geometries": null}}, {"type": "Feature", "properties": {"ModifiedDa": "2023-04-03", "SAPEquipID": 300163778, "AssetName": "Seat - Glenbrook Entance - 02", "d_SubtypeC": "Seat", "d_AssetTyp": "With Pad", "d_AssetMat": "Timber", "d_Branch": "Blue Mountains", "d_LGA": "Blue Mountains", "Comments": "wood and steel", "Easting": 279684.17, "Northing": 6259868.46, "Latitude": "33\u00c2\u00b0 46.705' S", "Longitude": "150\u00c2\u00b0 37.242' E", "VERDATE": "2025-12-05"}, "geometry": {"coordinates": [150.6207066666666, -33.77841333333333, 0.0], "type": "Point", "geometries": null}}, {"type": "Feature", "properties": {"ModifiedDa": "2023-04-03", "SAPEquipID": 300163799, "AssetName": "Seat - Glenbrook Entance - 05", "d_SubtypeC": "Seat", "d_AssetTyp": "With Pad", "d_AssetMat": "Timber", "d_Branch": "Blue Mountains", "d_LGA": "Blue Mountains", "Comments": "1 wood steel concrete", "Easting": 279643.38, "Northing": 6259862.71, "Latitude": "33\u00c2\u00b0 46.707' S", "Longitude": "150\u00c2\u00b0 37.216' E", "VERDATE": "2025-12-05"}, "geometry": {"coordinates": [150.62026500000013, -33.77845666666667, 0.0], "type": "Point", "geometries": null}}, {"type": "Feature", "properties": {"ModifiedDa": "2024-12-06", "SAPEquipID": 300165851, "AssetName": "BBQ - 02", "d_SubtypeC": "BBQ/Fireplace", "d_AssetTyp": "With Roof", "d_AssetMat": "Steel Stainless", "d_Branch": "Greater Sydney", "d_LGA": "Sutherland", "Comments": null, "Easting": 326136.98, "Northing": 6220981.93, "Latitude": "34\u00c2\u00b0 8.256' S", "Longitude": "151\u00c2\u00b0 6.863' E", "VERDATE": "2025-12-05"}, "geometry": {"coordinates": [151.11438377658442, -34.13759330259575, 0.0], "type": "Point", "geometries": null}}, {"type": "Feature", "properties": {"ModifiedDa": "2024-12-06", "SAPEquipID": 300165871, "AssetName": "Picnic Table - Wattamolla Middle - 01", "d_SubtypeC": "Picnic Table", "d_AssetTyp": "With Roof", "d_AssetMat": "Timber Treated", "d_Branch": "Greater Sydney", "d_LGA": "Sutherland", "Comments": null, "Easting": 326127.3, "Northing": 6221006.66, "Latitude": "34\u00c2\u00b0 8.242' S", "Longitude": "151\u00c2\u00b0 6.857' E", "VERDATE": "2025-12-05"}, "geometry": {"coordinates": [151.11428375577407, -34.13736872681545, 0.0], "type": "Point", "geometries": null}}, {"type": "Feature", "properties": {"ModifiedDa": "2016-04-06", "SAPEquipID": 300165985, "AssetName": "Seat - Timber - 11", "d_SubtypeC": "Seat", "d_AssetTyp": "With Pad", "d_AssetMat": "Timber", "d_Branch": "Greater Sydney", "d_LGA": "Hornsby", "Comments": null, "Easting": 328387.69, "Northing": 6273402.83, "Latitude": "33\u00c2\u00b0 39.926' S", "Longitude": "151\u00c2\u00b0 8.942' E", "VERDATE": "2025-12-05"}, "geometry": {"coordinates": [151.1490255533339, -33.665427039999884, 0.0], "type": "Point", "geometries": null}}, {"type": "Feature", "properties": {"ModifiedDa": "2011-08-08", "SAPEquipID": 300166147, "AssetName": "Seat - Bungoona Lookout - 02", "d_SubtypeC": "Seat", "d_AssetTyp": "With Pad", "d_AssetMat": "Timber", "d_Branch": "Greater Sydney", "d_LGA": "Sutherland", "Comments": null, "Easting": 321118.83, "Northing": 6229209.43, "Latitude": "34\u00c2\u00b0 3.755' S", "Longitude": "151\u00c2\u00b0 3.701' E", "VERDATE": "2025-12-05"}, "geometry": {"coordinates": [151.06167905333348, -34.062586219999275, 0.0], "type": "Point", "geometries": null}}, {"type": "Feature", "properties": {"ModifiedDa": "2011-12-09", "SAPEquipID": 300166167, "AssetName": "Picnic Table - East by river", "d_SubtypeC": "Picnic Table", "d_AssetTyp": "No Roof", "d_AssetMat": "Timber", "d_Branch": "Greater Sydney", "d_LGA": "Sutherland", "Comments": null, "Easting": 321050.03, "Northing": 6228329.49, "Latitude": "34\u00c2\u00b0 4.23' S", "Longitude": "151\u00c2\u00b0 3.645' E", "VERDATE": "2025-12-05"}, "geometry": {"coordinates": [151.06075317593047, -34.07050592962952, 0.0], "type": "Point", "geometries": null}}, {"type": "Feature", "properties": {"ModifiedDa": "2012-04-30", "SAPEquipID": 300166209, "AssetName": "BBQ - 01", "d_SubtypeC": "BBQ/Fireplace", "d_AssetTyp": "No Roof", "d_AssetMat": "Brick", "d_Branch": "Greater Sydney", "d_LGA": "Sutherland", "Comments": null, "Easting": 320632.49, "Northing": 6227768.05, "Latitude": "34\u00c2\u00b0 4.53' S", "Longitude": "151\u00c2\u00b0 3.367' E", "VERDATE": "2025-12-05"}, "geometry": {"coordinates": [151.05611498031988, -34.07549508527484, 0.0], "type": "Point", "geometries": null}}, {"type": "Feature", "properties": {"ModifiedDa": "2011-12-09", "SAPEquipID": 300166232, "AssetName": "picnic Table 1", "d_SubtypeC": "Picnic Table", "d_AssetTyp": "No Roof", "d_AssetMat": "Timber", "d_Branch": "Greater Sydney", "d_LGA": "Sutherland", "Comments": "table  1 ironbark", "Easting": 320575.51, "Northing": 6227809.87, "Latitude": "34\u00c2\u00b0 4.506' S", "Longitude": "151\u00c2\u00b0 3.33' E", "VERDATE": "2025-12-05"}, "geometry": {"coordinates": [151.0555064188336, -34.075108307751066, 0.0], "type": "Point", "geometries": null}}, {"type": "Feature", "properties": {"ModifiedDa": "2011-12-07", "SAPEquipID": 300166253, "AssetName": "WRS - Willow Tree Flat Pavilion", "d_SubtypeC": "Waste/Recycling Stn", "d_AssetTyp": "Not Applicable", "d_AssetMat": "Not Applicable", "d_Branch": "Greater Sydney", "d_LGA": "Sutherland", "Comments": "5 bin station", "Easting": 320508.6, "Northing": 6227325.79, "Latitude": "34\u00c2\u00b0 4.768' S", "Longitude": "151\u00c2\u00b0 3.281' E", "VERDATE": "2025-12-05"}, "geometry": {"coordinates": [151.0546818866669, -34.07946016666597, 0.0], "type": "Point", "geometries": null}}, {"type": "Feature", "properties": {"ModifiedDa": "2010-07-26", "SAPEquipID": 300166297, "AssetName": "Tree Guard 9 southern end", "d_SubtypeC": "Tree Guard", "d_AssetTyp": "Not Applicable", "d_AssetMat": "Not Applicable", "d_Branch": "Greater Sydney", "d_LGA": "Sutherland", "Comments": null, "Easting": 320595.91, "Northing": 6227538.5, "Latitude": "34\u00c2\u00b0 4.653' S", "Longitude": "151\u00c2\u00b0 3.34' E", "VERDATE": "2025-12-05"}, "geometry": {"coordinates": [151.05567155333335, -34.07755783333255, 0.0], "type": "Point", "geometries": null}}, {"type": "Feature", "properties": {"ModifiedDa": "2010-07-26", "SAPEquipID": 300166317, "AssetName": "tree guard 4 cwong flat", "d_SubtypeC": "Tree Guard", "d_AssetTyp": "Not Applicable", "d_AssetMat": "Not Applicable", "d_Branch": "Greater Sydney", "d_LGA": "Sutherland", "Comments": null, "Easting": 320515.84, "Northing": 6227646.72, "Latitude": "34\u00c2\u00b0 4.594' S", "Longitude": "151\u00c2\u00b0 3.29' E", "VERDATE": "2025-12-05"}, "geometry": {"coordinates": [151.05482644666642, -34.07656866666599, 0.0], "type": "Point", "geometries": null}}, {"type": "Feature", "properties": {"ModifiedDa": "2024-01-04", "SAPEquipID": 300166449, "AssetName": "BBQ - wood - 01", "d_SubtypeC": "BBQ/Fireplace", "d_AssetTyp": "No Roof", "d_AssetMat": "Concrete", "d_Branch": "Blue Mountains", "d_LGA": "Central Coast", "Comments": "Sites 21 and 22 new concrete ring", "Easting": 318104.19, "Northing": 6302449.86, "Latitude": "33\u00c2\u00b0 24.113' S", "Longitude": "151\u00c2\u00b0 2.644' E", "VERDATE": "2025-12-05"}, "geometry": {"coordinates": [151.04407235936173, -33.401877506645974, 0.0], "type": "Point", "geometries": null}}, {"type": "Feature", "properties": {"ModifiedDa": "2016-04-06", "SAPEquipID": 300166520, "AssetName": "Picnic Table - No Roof - 05", "d_SubtypeC": "Picnic Table", "d_AssetTyp": "No Roof", "d_AssetMat": "Timber", "d_Branch": "Greater Sydney", "d_LGA": "Hornsby", "Comments": null, "Easting": 328384.32, "Northing": 6273413.22, "Latitude": "33\u00c2\u00b0 39.92' S", "Longitude": "151\u00c2\u00b0 8.939' E", "VERDATE": "2025-12-05"}, "geometry": {"coordinates": [151.14899124666692, -33.6653328466665, 0.0], "type": "Point", "geometries": null}}, {"type": "Feature", "properties": {"ModifiedDa": "2010-07-26", "SAPEquipID": 300166550, "AssetName": "WRS 1 cwong flat nth", "d_SubtypeC": "Waste/Recycling Stn", "d_AssetTyp": "Not Applicable", "d_AssetMat": "Not Applicable", "d_Branch": "Greater Sydney", "d_LGA": "Sutherland", "Comments": null, "Easting": 320516.13, "Northing": 6227689.68, "Latitude": "34\u00c2\u00b0 4.571' S", "Longitude": "151\u00c2\u00b0 3.29' E", "VERDATE": "2025-12-05"}, "geometry": {"coordinates": [151.05483850000041, -34.07618144666594, 0.0], "type": "Point", "geometries": null}}, {"type": "Feature", "properties": {"ModifiedDa": "2024-03-04", "SAPEquipID": 300166933, "AssetName": "Playground Equip - Natural Metal Dome", "d_SubtypeC": "Playground Equipment", "d_AssetTyp": "Not Applicable", "d_AssetMat": "Not Applicable", "d_Branch": "Greater Sydney", "d_LGA": "Blacktown", "Comments": null, "Easting": 306349.08, "Northing": 6271297.94, "Latitude": "33\u00c2\u00b0 40.837' S", "Longitude": "150\u00c2\u00b0 54.66' E", "VERDATE": "2025-12-05"}, "geometry": {"coordinates": [150.91099299999996, -33.680611999999996, 0.0], "type": "Point", "geometries": null}}, {"type": "Feature", "properties": {"ModifiedDa": "2016-04-06", "SAPEquipID": 300167239, "AssetName": "Cycle Rack - West Head LO", "d_SubtypeC": "Cycle Rack", "d_AssetTyp": "Not Applicable", "d_AssetMat": "Not Applicable", "d_Branch": "Greater Sydney", "d_LGA": "Northern Beaches", "Comments": "galv bike rack 6", "Easting": 343031.23, "Northing": 6283254.58, "Latitude": "33\u00c2\u00b0 34.732' S", "Longitude": "151\u00c2\u00b0 18.518' E", "VERDATE": "2025-12-05"}, "geometry": {"coordinates": [151.30864146644524, -33.57887240048643, 114.44195000000002], "type": "Point", "geometries": null}}, {"type": "Feature", "properties": {"ModifiedDa": "2016-04-06", "SAPEquipID": 300167685, "AssetName": "Picnic Table - No Roof - 03", "d_SubtypeC": "Picnic Table", "d_AssetTyp": "No Roof", "d_AssetMat": "Timber", "d_Branch": "Greater Sydney", "d_LGA": "Hornsby", "Comments": null, "Easting": 328385.02, "Northing": 6273451.52, "Latitude": "33\u00c2\u00b0 39.899' S", "Longitude": "151\u00c2\u00b0 8.94' E", "VERDATE": "2025-12-05"}, "geometry": {"coordinates": [151.14900616666728, -33.66498771999977, 0.0], "type": "Point", "geometries": null}}, {"type": "Feature", "properties": {"ModifiedDa": "2016-04-06", "SAPEquipID": 300167705, "AssetName": "WRS - Kalkari", "d_SubtypeC": "Waste/Recycling Stn", "d_AssetTyp": "Not Applicable", "d_AssetMat": "Not Applicable", "d_Branch": "Greater Sydney", "d_LGA": "Hornsby", "Comments": null, "Easting": 328377.64, "Northing": 6273433.25, "Latitude": "33\u00c2\u00b0 39.909' S", "Longitude": "151\u00c2\u00b0 8.935' E", "VERDATE": "2025-12-05"}, "geometry": {"coordinates": [151.14892304666728, -33.66515123333323, 0.0], "type": "Point", "geometries": null}}, {"type": "Feature", "properties": {"ModifiedDa": "2016-04-06", "SAPEquipID": 300167726, "AssetName": "Picnic Table - No Roof - 01", "d_SubtypeC": "Picnic Table", "d_AssetTyp": "No Roof", "d_AssetMat": "Timber", "d_Branch": "Greater Sydney", "d_LGA": "Ku-Ring-Gai", "Comments": null, "Easting": 329054.11, "Northing": 6270839.77, "Latitude": "33\u00c2\u00b0 41.318' S", "Longitude": "151\u00c2\u00b0 9.343' E", "VERDATE": "2025-12-05"}, "geometry": {"coordinates": [151.15571672000056, -33.688639666666575, 0.0], "type": "Point", "geometries": null}}, {"type": "Feature", "properties": {"ModifiedDa": "2022-03-04", "SAPEquipID": 300167927, "AssetName": "Seat - 2 ten mile hollow firepit", "d_SubtypeC": "Seat", "d_AssetTyp": "Without Pad", "d_AssetMat": "Timber", "d_Branch": "Blue Mountains", "d_LGA": "Central Coast", "Comments": "timber seat, metal frame", "Easting": 322203.75, "Northing": 6310746.02, "Latitude": "33\u00c2\u00b0 19.667' S", "Longitude": "151\u00c2\u00b0 5.386' E", "VERDATE": "2025-12-05"}, "geometry": {"coordinates": [151.08976888542122, -33.3277761191178, 0.0], "type": "Point", "geometries": null}}, {"type": "Feature", "properties": {"ModifiedDa": "2016-04-06", "SAPEquipID": 300168352, "AssetName": "Bin - main car park sign", "d_SubtypeC": "Bin", "d_AssetTyp": "Garbage", "d_AssetMat": "Not Applicable", "d_Branch": "Greater Sydney", "d_LGA": "Woollahra", "Comments": null, "Easting": 340629.19, "Northing": 6254174.99, "Latitude": "33\u00c2\u00b0 50.441' S", "Longitude": "151\u00c2\u00b0 16.653' E", "VERDATE": "2025-12-05"}, "geometry": {"coordinates": [151.2775419466675, -33.840676446666635, 0.0], "type": "Point", "geometries": null}}, {"type": "Feature", "properties": {"ModifiedDa": "2016-04-06", "SAPEquipID": 300168394, "AssetName": "Seat - Bottle n Glass - 03", "d_SubtypeC": "Seat", "d_AssetTyp": "With Pad", "d_AssetMat": "Timber", "d_Branch": "Greater Sydney", "d_LGA": "Woollahra", "Comments": null, "Easting": 339827.08, "Northing": 6253261.92, "Latitude": "33\u00c2\u00b0 50.927' S", "Longitude": "151\u00c2\u00b0 16.123' E", "VERDATE": "2025-12-05"}, "geometry": {"coordinates": [151.26871028000016, -33.84878638666663, 0.0], "type": "Point", "geometries": null}}, {"type": "Feature", "properties": {"ModifiedDa": "2016-04-06", "SAPEquipID": 300168917, "AssetName": "Seat - Timber - 05", "d_SubtypeC": "Seat", "d_AssetTyp": "Without Pad", "d_AssetMat": "Timber", "d_Branch": "Greater Sydney", "d_LGA": "Hornsby", "Comments": null, "Easting": 329275.18, "Northing": 6273830.88, "Latitude": "33\u00c2\u00b0 39.703' S", "Longitude": "151\u00c2\u00b0 9.521' E", "VERDATE": "2025-12-05"}, "geometry": {"coordinates": [151.15867572000025, -33.66171127999985, 0.0], "type": "Point", "geometries": null}}, {"type": "Feature", "properties": {"ModifiedDa": "2016-04-06", "SAPEquipID": 300168938, "AssetName": "Seat - Timber - 07", "d_SubtypeC": "Seat", "d_AssetTyp": "Without Pad", "d_AssetMat": "Timber", "d_Branch": "Greater Sydney", "d_LGA": "Hornsby", "Comments": null, "Easting": 329288.77, "Northing": 6273859.83, "Latitude": "33\u00c2\u00b0 39.687' S", "Longitude": "151\u00c2\u00b0 9.53' E", "VERDATE": "2025-12-05"}, "geometry": {"coordinates": [151.1588278333337, -33.6614524466666, 0.0], "type": "Point", "geometries": null}}, {"type": "Feature", "properties": {"ModifiedDa": "2016-04-06", "SAPEquipID": 300168959, "AssetName": "Seat - Timber - 09", "d_SubtypeC": "Seat", "d_AssetTyp": "Without Pad", "d_AssetMat": "Timber", "d_Branch": "Greater Sydney", "d_LGA": "Hornsby", "Comments": null, "Easting": 329301.14, "Northing": 6273900.46, "Latitude": "33\u00c2\u00b0 39.665' S", "Longitude": "151\u00c2\u00b0 9.538' E", "VERDATE": "2025-12-05"}, "geometry": {"coordinates": [151.15896900000052, -33.66108816666656, 0.0], "type": "Point", "geometries": null}}, {"type": "Feature", "properties": {"ModifiedDa": "2016-04-06", "SAPEquipID": 300168980, "AssetName": "Seat - Timber - 12", "d_SubtypeC": "Seat", "d_AssetTyp": "Without Pad", "d_AssetMat": "Timber", "d_Branch": "Greater Sydney", "d_LGA": "Hornsby", "Comments": null, "Easting": 329315.23, "Northing": 6273927.16, "Latitude": "33\u00c2\u00b0 39.651' S", "Longitude": "151\u00c2\u00b0 9.548' E", "VERDATE": "2025-12-05"}, "geometry": {"coordinates": [151.15912600000036, -33.660849719999874, 0.0], "type": "Point", "geometries": null}}, {"type": "Feature", "properties": {"ModifiedDa": "2016-04-06", "SAPEquipID": 300169000, "AssetName": "Seat - Timber - 14", "d_SubtypeC": "Seat", "d_AssetTyp": "Without Pad", "d_AssetMat": "Timber", "d_Branch": "Greater Sydney", "d_LGA": "Hornsby", "Comments": "Burnt in places", "Easting": 329274.45, "Northing": 6273932.9, "Latitude": "33\u00c2\u00b0 39.647' S", "Longitude": "151\u00c2\u00b0 9.521' E", "VERDATE": "2025-12-05"}, "geometry": {"coordinates": [151.15868744666682, -33.66079144666662, 0.0], "type": "Point", "geometries": null}}, {"type": "Feature", "properties": {"ModifiedDa": "2016-04-06", "SAPEquipID": 300169021, "AssetName": "Seat - Timber - 16", "d_SubtypeC": "Seat", "d_AssetTyp": "Without Pad", "d_AssetMat": "Timber Treated", "d_Branch": "Greater Sydney", "d_LGA": "Hornsby", "Comments": null, "Easting": 329275.82, "Northing": 6273923.45, "Latitude": "33\u00c2\u00b0 39.653' S", "Longitude": "151\u00c2\u00b0 9.522' E", "VERDATE": "2025-12-05"}, "geometry": {"coordinates": [151.1587003866673, -33.660876886666586, 0.0], "type": "Point", "geometries": null}}, {"type": "Feature", "properties": {"ModifiedDa": "2016-04-06", "SAPEquipID": 300169041, "AssetName": "Seat - Timber - 19", "d_SubtypeC": "Seat", "d_AssetTyp": "Without Pad", "d_AssetMat": "Timber", "d_Branch": "Greater Sydney", "d_LGA": "Hornsby", "Comments": null, "Easting": 329246.95, "Northing": 6273850.32, "Latitude": "33\u00c2\u00b0 39.692' S", "Longitude": "151\u00c2\u00b0 9.503' E", "VERDATE": "2025-12-05"}, "geometry": {"coordinates": [151.15837516666727, -33.66153144666646, 0.0], "type": "Point", "geometries": null}}, {"type": "Feature", "properties": {"ModifiedDa": "2016-04-06", "SAPEquipID": 300169061, "AssetName": "Seat - Timber - 20", "d_SubtypeC": "Seat", "d_AssetTyp": "Without Pad", "d_AssetMat": "Timber", "d_Branch": "Greater Sydney", "d_LGA": "Hornsby", "Comments": null, "Easting": 329309.47, "Northing": 6273845.51, "Latitude": "33\u00c2\u00b0 39.695' S", "Longitude": "151\u00c2\u00b0 9.543' E", "VERDATE": "2025-12-05"}, "geometry": {"coordinates": [151.15904816666682, -33.66158488666662, 0.0], "type": "Point", "geometries": null}}, {"type": "Feature", "properties": {"ModifiedDa": "2016-04-06", "SAPEquipID": 300169083, "AssetName": "Seat - Timber - 34", "d_SubtypeC": "Seat", "d_AssetTyp": "Without Pad", "d_AssetMat": "Timber", "d_Branch": "Greater Sydney", "d_LGA": "Hornsby", "Comments": null, "Easting": 328792.94, "Northing": 6274807.13, "Latitude": "33\u00c2\u00b0 39.17' S", "Longitude": "151\u00c2\u00b0 9.22' E", "VERDATE": "2025-12-05"}, "geometry": {"coordinates": [151.15366500000061, -33.65283299999987, 0.0], "type": "Point", "geometries": null}}, {"type": "Feature", "properties": {"ModifiedDa": "2016-04-06", "SAPEquipID": 300169104, "AssetName": "Seat - Treated Timber - 01", "d_SubtypeC": "Seat", "d_AssetTyp": "Without Pad", "d_AssetMat": "Timber Treated", "d_Branch": "Greater Sydney", "d_LGA": "Hornsby", "Comments": null, "Easting": 325595.5, "Northing": 6277554.91, "Latitude": "33\u00c2\u00b0 37.653' S", "Longitude": "151\u00c2\u00b0 7.184' E", "VERDATE": "2025-12-05"}, "geometry": {"coordinates": [151.1197378333336, -33.62754327999994, 0.0], "type": "Point", "geometries": null}}, {"type": "Feature", "properties": {"ModifiedDa": "2016-04-06", "SAPEquipID": 300169125, "AssetName": "Tree Guard - 02", "d_SubtypeC": "Tree Guard", "d_AssetTyp": "Not Applicable", "d_AssetMat": "Not Applicable", "d_Branch": "Greater Sydney", "d_LGA": "Ku-Ring-Gai", "Comments": null, "Easting": 329419.77, "Northing": 6273962.47, "Latitude": "33\u00c2\u00b0 39.633' S", "Longitude": "151\u00c2\u00b0 9.616' E", "VERDATE": "2025-12-05"}, "geometry": {"coordinates": [151.1602597800004, -33.660548219999896, 0.0], "type": "Point", "geometries": null}}, {"type": "Feature", "properties": {"ModifiedDa": "2016-04-06", "SAPEquipID": 300169146, "AssetName": "Seat - Timber - 03", "d_SubtypeC": "Seat", "d_AssetTyp": "Without Pad", "d_AssetMat": "Timber", "d_Branch": "Greater Sydney", "d_LGA": "Hornsby", "Comments": null, "Easting": 329255.76, "Northing": 6273790.83, "Latitude": "33\u00c2\u00b0 39.724' S", "Longitude": "151\u00c2\u00b0 9.508' E", "VERDATE": "2025-12-05"}, "geometry": {"coordinates": [151.15845866666712, -33.66206916666664, 0.0], "type": "Point", "geometries": null}}, {"type": "Feature", "properties": {"ModifiedDa": "2016-04-06", "SAPEquipID": 300169167, "AssetName": "Tree Guard - 05", "d_SubtypeC": "Tree Guard", "d_AssetTyp": "Not Applicable", "d_AssetMat": "Not Applicable", "d_Branch": "Greater Sydney", "d_LGA": "Ku-Ring-Gai", "Comments": null, "Easting": 329467.39, "Northing": 6273989.27, "Latitude": "33\u00c2\u00b0 39.619' S", "Longitude": "151\u00c2\u00b0 9.647' E", "VERDATE": "2025-12-05"}, "geometry": {"coordinates": [151.1607782200001, -33.660314219999975, 0.0], "type": "Point", "geometries": null}}, {"type": "Feature", "properties": {"ModifiedDa": "2016-04-06", "SAPEquipID": 300169188, "AssetName": "Seat - Treated Timber - 02", "d_SubtypeC": "Seat", "d_AssetTyp": "With Pad", "d_AssetMat": "Timber Treated", "d_Branch": "Greater Sydney", "d_LGA": "Ku-Ring-Gai", "Comments": null, "Easting": 329411.66, "Northing": 6273944.31, "Latitude": "33\u00c2\u00b0 39.643' S", "Longitude": "151\u00c2\u00b0 9.61' E", "VERDATE": "2025-12-05"}, "geometry": {"coordinates": [151.1601687800005, -33.660710586666596, 0.0], "type": "Point", "geometries": null}}, {"type": "Feature", "properties": {"ModifiedDa": "2016-04-06", "SAPEquipID": 300169209, "AssetName": "Picnic Table - No Roof - 02", "d_SubtypeC": "Picnic Table", "d_AssetTyp": "No Roof", "d_AssetMat": "Timber Treated", "d_Branch": "Greater Sydney", "d_LGA": "Hornsby", "Comments": null, "Easting": 324947.89, "Northing": 6277729.98, "Latitude": "33\u00c2\u00b0 37.552' S", "Longitude": "151\u00c2\u00b0 6.768' E", "VERDATE": "2025-12-05"}, "geometry": {"coordinates": [151.11279361333368, -33.62585877999982, 0.0], "type": "Point", "geometries": null}}, {"type": "Feature", "properties": {"ModifiedDa": "2016-04-06", "SAPEquipID": 300169230, "AssetName": "Picnic Table - With Roof - 03", "d_SubtypeC": "Picnic Table", "d_AssetTyp": "With Roof", "d_AssetMat": "Timber Treated", "d_Branch": "Greater Sydney", "d_LGA": "Hornsby", "Comments": null, "Easting": 324928.06, "Northing": 6277730.77, "Latitude": "33\u00c2\u00b0 37.551' S", "Longitude": "151\u00c2\u00b0 6.755' E", "VERDATE": "2025-12-05"}, "geometry": {"coordinates": [151.11258005333343, -33.62584838666652, 0.0], "type": "Point", "geometries": null}}, {"type": "Feature", "properties": {"ModifiedDa": "2016-04-06", "SAPEquipID": 300169251, "AssetName": "Picnic Table - No Roof - 05", "d_SubtypeC": "Picnic Table", "d_AssetTyp": "No Roof", "d_AssetMat": "Timber Treated", "d_Branch": "Greater Sydney", "d_LGA": "Hornsby", "Comments": null, "Easting": 324812.82, "Northing": 6277671.14, "Latitude": "33\u00c2\u00b0 37.582' S", "Longitude": "151\u00c2\u00b0 6.68' E", "VERDATE": "2025-12-05"}, "geometry": {"coordinates": [151.1113265533337, -33.62636694666662, 0.0], "type": "Point", "geometries": null}}, {"type": "Feature", "properties": {"ModifiedDa": "2016-04-06", "SAPEquipID": 300169272, "AssetName": "Tree Guard - 06", "d_SubtypeC": "Tree Guard", "d_AssetTyp": "Not Applicable", "d_AssetMat": "Not Applicable", "d_Branch": "Greater Sydney", "d_LGA": "Ku-Ring-Gai", "Comments": null, "Easting": 329420.41, "Northing": 6273948.9, "Latitude": "33\u00c2\u00b0 39.64' S", "Longitude": "151\u00c2\u00b0 9.616' E", "VERDATE": "2025-12-05"}, "geometry": {"coordinates": [151.1602640000002, -33.66067061333314, 0.0], "type": "Point", "geometries": null}}, {"type": "Feature", "properties": {"ModifiedDa": "2016-04-06", "SAPEquipID": 300169293, "AssetName": "Seat - Timber - 01", "d_SubtypeC": "Seat", "d_AssetTyp": "Without Pad", "d_AssetMat": "Timber", "d_Branch": "Greater Sydney", "d_LGA": "Hornsby", "Comments": null, "Easting": 322666.36, "Northing": 6273718.73, "Latitude": "33\u00c2\u00b0 39.698' S", "Longitude": "151\u00c2\u00b0 5.245' E", "VERDATE": "2025-12-05"}, "geometry": {"coordinates": [151.08740911333427, -33.661640053333144, 0.0], "type": "Point", "geometries": null}}, {"type": "Feature", "properties": {"ModifiedDa": "2016-04-06", "SAPEquipID": 300169314, "AssetName": "Seat - Timber", "d_SubtypeC": "Seat", "d_AssetTyp": "Without Pad", "d_AssetMat": "Timber", "d_Branch": "Greater Sydney", "d_LGA": "Hornsby", "Comments": null, "Easting": 328377.09, "Northing": 6295545.47, "Latitude": "33\u00c2\u00b0 27.949' S", "Longitude": "151\u00c2\u00b0 9.19' E", "VERDATE": "2025-12-05"}, "geometry": {"coordinates": [151.15316711333378, -33.46581283333319, 0.0], "type": "Point", "geometries": null}}, {"type": "Feature", "properties": {"ModifiedDa": "2016-04-06", "SAPEquipID": 300169335, "AssetName": "Picnic Table - No Roof - 02", "d_SubtypeC": "Picnic Table", "d_AssetTyp": "No Roof", "d_AssetMat": "Timber", "d_Branch": "Greater Sydney", "d_LGA": "Hornsby", "Comments": null, "Easting": 326479.49, "Northing": 6278773.05, "Latitude": "33\u00c2\u00b0 37.002' S", "Longitude": "151\u00c2\u00b0 7.77' E", "VERDATE": "2025-12-05"}, "geometry": {"coordinates": [151.12950104000038, -33.616706666666516, 0.0], "type": "Point", "geometries": null}}, {"type": "Feature", "properties": {"ModifiedDa": "2016-04-06", "SAPEquipID": 300169354, "AssetName": "Seat - Timber - 02", "d_SubtypeC": "Seat", "d_AssetTyp": "With Pad", "d_AssetMat": "Timber", "d_Branch": "Greater Sydney", "d_LGA": "Hornsby", "Comments": null, "Easting": 326463.71, "Northing": 6278764.66, "Latitude": "33\u00c2\u00b0 37.007' S", "Longitude": "151\u00c2\u00b0 7.76' E", "VERDATE": "2025-12-05"}, "geometry": {"coordinates": [151.12932944666704, -33.61677971999984, 0.0], "type": "Point", "geometries": null}}, {"type": "Feature", "properties": {"ModifiedDa": "2016-04-06", "SAPEquipID": 300169374, "AssetName": "Seat - Timber - 08", "d_SubtypeC": "Seat", "d_AssetTyp": "Without Pad", "d_AssetMat": "Plastic", "d_Branch": "Greater Sydney", "d_LGA": "Hornsby", "Comments": "amphitheatre", "Easting": 328445.53, "Northing": 6273441.01, "Latitude": "33\u00c2\u00b0 39.906' S", "Longitude": "151\u00c2\u00b0 8.979' E", "VERDATE": "2025-12-05"}, "geometry": {"coordinates": [151.14965650000022, -33.66509216666657, 0.0], "type": "Point", "geometries": null}}, {"type": "Feature", "properties": {"ModifiedDa": "2016-04-06", "SAPEquipID": 300169396, "AssetName": "Seat - Timber - 01", "d_SubtypeC": "Seat", "d_AssetTyp": "With Pad", "d_AssetMat": "Timber", "d_Branch": "Greater Sydney", "d_LGA": "Ku-Ring-Gai", "Comments": null, "Easting": 329049.98, "Northing": 6270826.63, "Latitude": "33\u00c2\u00b0 41.325' S", "Longitude": "151\u00c2\u00b0 9.34' E", "VERDATE": "2025-12-05"}, "geometry": {"coordinates": [151.1556696666671, -33.68875749333324, 0.0], "type": "Point", "geometries": null}}, {"type": "Feature", "properties": {"ModifiedDa": "2016-04-06", "SAPEquipID": 300169417, "AssetName": "WRS - 02", "d_SubtypeC": "Waste/Recycling Stn", "d_AssetTyp": "Not Applicable", "d_AssetMat": "Not Applicable", "d_Branch": "Greater Sydney", "d_LGA": "Ku-Ring-Gai", "Comments": "1 recycle 2 garbage", "Easting": 329448.23, "Northing": 6273983.15, "Latitude": "33\u00c2\u00b0 39.622' S", "Longitude": "151\u00c2\u00b0 9.634' E", "VERDATE": "2025-12-05"}, "geometry": {"coordinates": [151.16057048666698, -33.66036635333319, 0.0], "type": "Point", "geometries": null}}, {"type": "Feature", "properties": {"ModifiedDa": "2016-04-06", "SAPEquipID": 300169437, "AssetName": "Seat - Timber - 01", "d_SubtypeC": "Seat", "d_AssetTyp": "Without Pad", "d_AssetMat": "Timber", "d_Branch": "Greater Sydney", "d_LGA": "Hornsby", "Comments": null, "Easting": 329242.93, "Northing": 6273800.47, "Latitude": "33\u00c2\u00b0 39.719' S", "Longitude": "151\u00c2\u00b0 9.499' E", "VERDATE": "2025-12-05"}, "geometry": {"coordinates": [151.1583222200003, -33.66198016666664, 0.0], "type": "Point", "geometries": null}}, {"type": "Feature", "properties": {"ModifiedDa": "2016-04-06", "SAPEquipID": 300169457, "AssetName": "WRS - 04", "d_SubtypeC": "Waste/Recycling Stn", "d_AssetTyp": "Not Applicable", "d_AssetMat": "Not Applicable", "d_Branch": "Greater Sydney", "d_LGA": "Hornsby", "Comments": null, "Easting": 329304.61, "Northing": 6273959.35, "Latitude": "33\u00c2\u00b0 39.633' S", "Longitude": "151\u00c2\u00b0 9.541' E", "VERDATE": "2025-12-05"}, "geometry": {"coordinates": [151.15901766666695, -33.66055788666648, 0.0], "type": "Point", "geometries": null}}, {"type": "Feature", "properties": {"ModifiedDa": "2016-04-06", "SAPEquipID": 300169478, "AssetName": "WRS - 01", "d_SubtypeC": "Waste/Recycling Stn", "d_AssetTyp": "Not Applicable", "d_AssetMat": "Not Applicable", "d_Branch": "Greater Sydney", "d_LGA": "Hornsby", "Comments": null, "Easting": 329237.88, "Northing": 6273847.95, "Latitude": "33\u00c2\u00b0 39.693' S", "Longitude": "151\u00c2\u00b0 9.497' E", "VERDATE": "2025-12-05"}, "geometry": {"coordinates": [151.15827688666695, -33.66155138666653, 0.0], "type": "Point", "geometries": null}}, {"type": "Feature", "properties": {"ModifiedDa": "2023-12-08", "SAPEquipID": 300169979, "AssetName": "BBQ - Gas - 01 - Fishermans Cnr", "d_SubtypeC": "BBQ/Fireplace", "d_AssetTyp": "No Roof", "d_AssetMat": "Steel Stainless", "d_Branch": "Greater Sydney", "d_LGA": "Hornsby", "Comments": "UNDER SHELTER 13", "Easting": 329411.44, "Northing": 6274179.38, "Latitude": "33\u00c2\u00b0 39.515' S", "Longitude": "151\u00c2\u00b0 9.613' E", "VERDATE": "2025-12-05"}, "geometry": {"coordinates": [151.16021161333367, -33.65859144666649, 0.0], "type": "Point", "geometries": null}}, {"type": "Feature", "properties": {"ModifiedDa": "2016-04-06", "SAPEquipID": 300170000, "AssetName": "WRS - 01", "d_SubtypeC": "Waste/Recycling Stn", "d_AssetTyp": "Not Applicable", "d_AssetMat": "Not Applicable", "d_Branch": "Greater Sydney", "d_LGA": "Hornsby", "Comments": null, "Easting": 329307.91, "Northing": 6274131.71, "Latitude": "33\u00c2\u00b0 39.54' S", "Longitude": "151\u00c2\u00b0 9.545' E", "VERDATE": "2025-12-05"}, "geometry": {"coordinates": [151.1590863866668, -33.65900455333315, 0.0], "type": "Point", "geometries": null}}, {"type": "Feature", "properties": {"ModifiedDa": "2024-12-06", "SAPEquipID": 300170306, "AssetName": "Pay Machine GSB NPWS0126", "d_SubtypeC": "Fee Collection Station - Unmanned", "d_AssetTyp": "Parking Meter", "d_AssetMat": "Not Applicable", "d_Branch": "Greater Sydney", "d_LGA": "Sutherland", "Comments": null, "Easting": 326205.8, "Northing": 6220878.17, "Latitude": "34\u00c2\u00b0 8.312' S", "Longitude": "151\u00c2\u00b0 6.907' E", "VERDATE": "2025-12-05"}, "geometry": {"coordinates": [151.11510899999996, -34.13853999999998, 0.0], "type": "Point", "geometries": null}}, {"type": "Feature", "properties": {"ModifiedDa": "2024-12-06", "SAPEquipID": 300170327, "AssetName": "Pay Machine GSB NPWS0139", "d_SubtypeC": "Fee Collection Station - Unmanned", "d_AssetTyp": "Parking Meter", "d_AssetMat": "Not Applicable", "d_Branch": "Greater Sydney", "d_LGA": "Northern Beaches", "Comments": null, "Easting": 342670.15, "Northing": 6256416.49, "Latitude": "33\u00c2\u00b0 49.246' S", "Longitude": "151\u00c2\u00b0 18.0' E", "VERDATE": "2025-12-05"}, "geometry": {"coordinates": [151.29999199999997, -33.82077499999991, 0.0], "type": "Point", "geometries": null}}, {"type": "Feature", "properties": {"ModifiedDa": "2023-04-03", "SAPEquipID": 300170428, "AssetName": "Picnic Table -  Appletree CA Nth - 03", "d_SubtypeC": "Picnic Table", "d_AssetTyp": "No Roof", "d_AssetMat": "Timber", "d_Branch": "Blue Mountains", "d_LGA": "Blue Mountains", "Comments": "on concrete", "Easting": 279415.43, "Northing": 6257459.37, "Latitude": "33\u00c2\u00b0 48.004' S", "Longitude": "150\u00c2\u00b0 37.032' E", "VERDATE": "2025-12-05"}, "geometry": {"coordinates": [150.61720500000013, -33.80006666666662, 0.0], "type": "Point", "geometries": null}}, {"type": "Feature", "properties": {"ModifiedDa": "2023-04-03", "SAPEquipID": 300170740, "AssetName": "Picnic Table - Bennets CA Sth - 05", "d_SubtypeC": "Picnic Table", "d_AssetTyp": "No Roof", "d_AssetMat": "Timber", "d_Branch": "Blue Mountains", "d_LGA": "Blue Mountains", "Comments": "on concrete", "Easting": 279517.63, "Northing": 6257420.12, "Latitude": "33\u00c2\u00b0 48.026' S", "Longitude": "150\u00c2\u00b0 37.098' E", "VERDATE": "2025-12-05"}, "geometry": {"coordinates": [150.6182983333333, -33.80044166666664, 0.0], "type": "Point", "geometries": null}}, {"type": "Feature", "properties": {"ModifiedDa": "2023-04-03", "SAPEquipID": 300170986, "AssetName": "Seat - Glenbrook Entance - 01", "d_SubtypeC": "Seat", "d_AssetTyp": "With Pad", "d_AssetMat": "Timber", "d_Branch": "Blue Mountains", "d_LGA": "Blue Mountains", "Comments": "steel legs concrete pad 3chairs", "Easting": 279710.09, "Northing": 6259890.86, "Latitude": "33\u00c2\u00b0 46.693' S", "Longitude": "150\u00c2\u00b0 37.26' E", "VERDATE": "2025-12-05"}, "geometry": {"coordinates": [150.62099194994516, -33.77821691503482, 0.0], "type": "Point", "geometries": null}}, {"type": "Feature", "properties": {"ModifiedDa": "2019-03-15", "SAPEquipID": 300171073, "AssetName": "Seat - 10", "d_SubtypeC": "Seat", "d_AssetTyp": "Without Pad", "d_AssetMat": "Timber", "d_Branch": "Greater Sydney", "d_LGA": "Unincorporated", "Comments": null, "Easting": 337330.28, "Northing": 6251649.71, "Latitude": "33\u00c2\u00b0 51.776' S", "Longitude": "151\u00c2\u00b0 14.486' E", "VERDATE": "2025-12-05"}, "geometry": {"coordinates": [151.24143582000033, -33.86293827333316, 0.0], "type": "Point", "geometries": null}}, {"type": "Feature", "properties": {"ModifiedDa": "2016-04-06", "SAPEquipID": 300171355, "AssetName": "Gas Enclosure", "d_SubtypeC": "Gas Enclosure", "d_AssetTyp": "Not Applicable", "d_AssetMat": "Not Applicable", "d_Branch": "Greater Sydney", "d_LGA": "Northern Beaches", "Comments": null, "Easting": 342189.45, "Northing": 6283294.89, "Latitude": "33\u00c2\u00b0 34.703' S", "Longitude": "151\u00c2\u00b0 17.975' E", "VERDATE": "2025-12-05"}, "geometry": {"coordinates": [151.29958178000027, -33.57838471999986, 0.0], "type": "Point", "geometries": null}}, {"type": "Feature", "properties": {"ModifiedDa": "2016-04-06", "SAPEquipID": 300171376, "AssetName": "Gas Enclosure - Bottle Storage Cage", "d_SubtypeC": "Gas Enclosure", "d_AssetTyp": "Not Applicable", "d_AssetMat": "Not Applicable", "d_Branch": "Greater Sydney", "d_LGA": "Northern Beaches", "Comments": null, "Easting": 341548.75, "Northing": 6280519.89, "Latitude": "33\u00c2\u00b0 36.198' S", "Longitude": "151\u00c2\u00b0 17.531' E", "VERDATE": "2025-12-05"}, "geometry": {"coordinates": [151.29218778000063, -33.60330771999992, 0.0], "type": "Point", "geometries": null}}, {"type": "Feature", "properties": {"ModifiedDa": "2011-12-09", "SAPEquipID": 300171725, "AssetName": "WRS - Ironbark VPA 02", "d_SubtypeC": "Waste/Recycling Stn", "d_AssetTyp": "Not Applicable", "d_AssetMat": "Not Applicable", "d_Branch": "Greater Sydney", "d_LGA": "Sutherland", "Comments": "3 bin stand near bbqs", "Easting": 320593.92, "Northing": 6227722.99, "Latitude": "34\u00c2\u00b0 4.554' S", "Longitude": "151\u00c2\u00b0 3.341' E", "VERDATE": "2025-12-05"}, "geometry": {"coordinates": [151.0556879355007, -34.07589462551255, 0.0], "type": "Point", "geometries": null}}, {"type": "Feature", "properties": {"ModifiedDa": "2012-02-08", "SAPEquipID": 300171746, "AssetName": "Picnic Table - Calala Visitor Area", "d_SubtypeC": "Picnic Table", "d_AssetTyp": "No Roof", "d_AssetMat": "Timber", "d_Branch": "Greater Sydney", "d_LGA": "Sutherland", "Comments": "Calala", "Easting": 319668.19, "Northing": 6222926.78, "Latitude": "34\u00c2\u00b0 7.138' S", "Longitude": "151\u00c2\u00b0 2.68' E", "VERDATE": "2025-12-05"}, "geometry": {"coordinates": [151.0446661666665, -34.11896616666587, 0.0], "type": "Point", "geometries": null}}, {"type": "Feature", "properties": {"ModifiedDa": "2016-04-06", "SAPEquipID": 300171992, "AssetName": "Bin Bay", "d_SubtypeC": "Bin", "d_AssetTyp": "Recycle", "d_AssetMat": "Not Applicable", "d_Branch": "Greater Sydney", "d_LGA": "Sydney", "Comments": null, "Easting": 334331.18, "Northing": 6252034.34, "Latitude": "33\u00c2\u00b0 51.54' S", "Longitude": "151\u00c2\u00b0 12.546' E", "VERDATE": "2025-12-05"}, "geometry": {"coordinates": [151.20909972000038, -33.85900416666658, 0.0], "type": "Point", "geometries": null}}, {"type": "Feature", "properties": {"ModifiedDa": "2012-09-27", "SAPEquipID": 300172269, "AssetName": "Picnic Table - 02", "d_SubtypeC": "Picnic Table", "d_AssetTyp": "No Roof", "d_AssetMat": "Timber", "d_Branch": "Greater Sydney", "d_LGA": "Blacktown", "Comments": null, "Easting": 306331.49, "Northing": 6271312.42, "Latitude": "33\u00c2\u00b0 40.829' S", "Longitude": "150\u00c2\u00b0 54.648' E", "VERDATE": "2025-12-05"}, "geometry": {"coordinates": [150.9108065605916, -33.680478232355824, 0.0], "type": "Point", "geometries": null}}, {"type": "Feature", "properties": {"ModifiedDa": "2016-04-06", "SAPEquipID": 300172289, "AssetName": "Picnic Table - 02", "d_SubtypeC": "Picnic Table", "d_AssetTyp": "No Roof", "d_AssetMat": "Timber", "d_Branch": "Greater Sydney", "d_LGA": "Woollahra", "Comments": null, "Easting": 339793.05, "Northing": 6253008.81, "Latitude": "33\u00c2\u00b0 51.064' S", "Longitude": "151\u00c2\u00b0 16.098' E", "VERDATE": "2025-12-05"}, "geometry": {"coordinates": [151.2682965000006, -33.851062946666616, 0.0], "type": "Point", "geometries": null}}, {"type": "Feature", "properties": {"ModifiedDa": "2016-04-06", "SAPEquipID": 300172310, "AssetName": "Life Buoy Stand - 02", "d_SubtypeC": "Life Buoy Stand", "d_AssetTyp": "Not Applicable", "d_AssetMat": "Not Applicable", "d_Branch": "Greater Sydney", "d_LGA": "Unincorporated", "Comments": null, "Easting": 327056.09, "Northing": 6253941.72, "Latitude": "33\u00c2\u00b0 50.439' S", "Longitude": "151\u00c2\u00b0 7.852' E", "VERDATE": "2025-12-05"}, "geometry": {"coordinates": [151.13086561333364, -33.840642946666605, 0.0], "type": "Point", "geometries": null}}, {"type": "Feature", "properties": {"ModifiedDa": "2010-08-06", "SAPEquipID": 300172330, "AssetName": "Picnic Table - 04", "d_SubtypeC": "Picnic Table", "d_AssetTyp": "No Roof", "d_AssetMat": "Timber", "d_Branch": "Greater Sydney", "d_LGA": "Liverpool", "Comments": "picnic table", "Easting": 281329.18, "Northing": 6242792.25, "Latitude": "33\u00c2\u00b0 55.958' S", "Longitude": "150\u00c2\u00b0 38.053' E", "VERDATE": "2025-12-05"}, "geometry": {"coordinates": [150.63421722000044, -33.93263571999995, 0.0], "type": "Point", "geometries": null}}, {"type": "Feature", "properties": {"ModifiedDa": "2010-08-06", "SAPEquipID": 300172372, "AssetName": "Bin - 10", "d_SubtypeC": "Bin", "d_AssetTyp": "Garbage", "d_AssetMat": "Not Applicable", "d_Branch": "Greater Sydney", "d_LGA": "Liverpool", "Comments": "gal steel garbage bin on steel post", "Easting": 281648.79, "Northing": 6242823.35, "Latitude": "33\u00c2\u00b0 55.945' S", "Longitude": "150\u00c2\u00b0 38.261' E", "VERDATE": "2025-12-05"}, "geometry": {"coordinates": [150.63768028000027, -33.93242177999991, 0.0], "type": "Point", "geometries": null}}, {"type": "Feature", "properties": {"ModifiedDa": "2019-03-15", "SAPEquipID": 300172692, "AssetName": "Picnic Table - Shelter - 05", "d_SubtypeC": "Picnic Table", "d_AssetTyp": "With Roof", "d_AssetMat": "Timber", "d_Branch": "Greater Sydney", "d_LGA": "Unincorporated", "Comments": null, "Easting": 338828.85, "Northing": 6252219.88, "Latitude": "33\u00c2\u00b0 51.482' S", "Longitude": "151\u00c2\u00b0 15.464' E", "VERDATE": "2025-12-05"}, "geometry": {"coordinates": [151.25773407333395, -33.85802833999992, 0.0], "type": "Point", "geometries": null}}, {"type": "Feature", "properties": {"ModifiedDa": "2023-04-03", "SAPEquipID": 300172791, "AssetName": "Picnic Table - Daruk CA - 02", "d_SubtypeC": "Picnic Table", "d_AssetTyp": "No Roof", "d_AssetMat": "Timber", "d_Branch": "Blue Mountains", "d_LGA": "Blue Mountains", "Comments": "benchseat", "Easting": 279527.99, "Northing": 6257673.19, "Latitude": "33\u00c2\u00b0 47.89' S", "Longitude": "150\u00c2\u00b0 37.108' E", "VERDATE": "2025-12-05"}, "geometry": {"coordinates": [150.61847333333333, -33.79816333333321, 0.0], "type": "Point", "geometries": null}}, {"type": "Feature", "properties": {"ModifiedDa": "2012-10-12", "SAPEquipID": 300173545, "AssetName": "Seat - Comm Flat DUA", "d_SubtypeC": "Seat", "d_AssetTyp": "With Pad", "d_AssetMat": "Timber", "d_Branch": "Greater Sydney", "d_LGA": "Sutherland", "Comments": "Commemoration Flat Day Use Area seat 1", "Easting": 335708.8, "Northing": 6236107.36, "Latitude": "34\u00c2\u00b0 0.168' S", "Longitude": "151\u00c2\u00b0 13.26' E", "VERDATE": "2025-12-05"}, "geometry": {"coordinates": [151.22100194666666, -34.00279611333252, 0.0], "type": "Point", "geometries": null}}, {"type": "Feature", "properties": {"ModifiedDa": "2016-04-06", "SAPEquipID": 300173626, "AssetName": "Picnic Table - No Roof - 01", "d_SubtypeC": "Picnic Table", "d_AssetTyp": "No Roof", "d_AssetMat": "Timber", "d_Branch": "Greater Sydney", "d_LGA": "Ryde", "Comments": null, "Easting": 328165.76, "Northing": 6256701.16, "Latitude": "33\u00c2\u00b0 48.957' S", "Longitude": "151\u00c2\u00b0 8.603' E", "VERDATE": "2025-12-05"}, "geometry": {"coordinates": [151.14339105333386, -33.81594933333275, 0.0], "type": "Point", "geometries": null}}, {"type": "Feature", "properties": {"ModifiedDa": "2016-04-06", "SAPEquipID": 300173646, "AssetName": "Picnic Table - No Roof - 02", "d_SubtypeC": "Picnic Table", "d_AssetTyp": "No Roof", "d_AssetMat": "Timber", "d_Branch": "Greater Sydney", "d_LGA": "Ryde", "Comments": null, "Easting": 328476.39, "Northing": 6259833.01, "Latitude": "33\u00c2\u00b0 47.266' S", "Longitude": "151\u00c2\u00b0 8.841' E", "VERDATE": "2025-12-05"}, "geometry": {"coordinates": [151.14735444666667, -33.78776783333274, 0.0], "type": "Point", "geometries": null}}, {"type": "Feature", "properties": {"ModifiedDa": "2016-04-06", "SAPEquipID": 300173666, "AssetName": "BBQ - Wood - 02", "d_SubtypeC": "BBQ/Fireplace", "d_AssetTyp": "No Roof", "d_AssetMat": "Steel", "d_Branch": "Greater Sydney", "d_LGA": "Ryde", "Comments": null, "Easting": 327417.14, "Northing": 6260568.35, "Latitude": "33\u00c2\u00b0 46.858' S", "Longitude": "151\u00c2\u00b0 8.164' E", "VERDATE": "2025-12-05"}, "geometry": {"coordinates": [151.13606233333337, -33.780966833332684, 0.0], "type": "Point", "geometries": null}}, {"type": "Feature", "properties": {"ModifiedDa": "2016-04-06", "SAPEquipID": 300173707, "AssetName": "Picnic Table - No Roof - 02", "d_SubtypeC": "Picnic Table", "d_AssetTyp": "No Roof", "d_AssetMat": "Timber", "d_Branch": "Greater Sydney", "d_LGA": "Ku-Ring-Gai", "Comments": null, "Easting": 329215.33, "Northing": 6259484.69, "Latitude": "33\u00c2\u00b0 47.462' S", "Longitude": "151\u00c2\u00b0 9.316' E", "VERDATE": "2025-12-05"}, "geometry": {"coordinates": [151.15526477999992, -33.79102733333269, 0.0], "type": "Point", "geometries": null}}, {"type": "Feature", "properties": {"ModifiedDa": "2016-04-06", "SAPEquipID": 300173728, "AssetName": "WRS - 01", "d_SubtypeC": "Waste/Recycling Stn", "d_AssetTyp": "Not Applicable", "d_AssetMat": "Not Applicable", "d_Branch": "Greater Sydney", "d_LGA": "Ryde", "Comments": null, "Easting": 328952.63, "Northing": 6259449.6, "Latitude": "33\u00c2\u00b0 47.478' S", "Longitude": "151\u00c2\u00b0 9.145' E", "VERDATE": "2025-12-05"}, "geometry": {"coordinates": [151.15242178000005, -33.79130121999947, 0.0], "type": "Point", "geometries": null}}, {"type": "Feature", "properties": {"ModifiedDa": "2016-04-06", "SAPEquipID": 300173749, "AssetName": "Picnic Table - No Roof - 01", "d_SubtypeC": "Picnic Table", "d_AssetTyp": "No Roof", "d_AssetMat": "Unknown", "d_Branch": "Greater Sydney", "d_LGA": "Ryde", "Comments": null, "Easting": 329254.32, "Northing": 6259385.93, "Latitude": "33\u00c2\u00b0 47.515' S", "Longitude": "151\u00c2\u00b0 9.34' E", "VERDATE": "2025-12-05"}, "geometry": {"coordinates": [151.15566671999977, -33.791923946666145, 0.0], "type": "Point", "geometries": null}}, {"type": "Feature", "properties": {"ModifiedDa": "2016-04-06", "SAPEquipID": 300173769, "AssetName": "WRS", "d_SubtypeC": "Waste/Recycling Stn", "d_AssetTyp": "Not Applicable", "d_AssetMat": "Not Applicable", "d_Branch": "Greater Sydney", "d_LGA": "Ryde", "Comments": "2 rubbish 3 recycling", "Easting": 328226.88, "Northing": 6259910.58, "Latitude": "33\u00c2\u00b0 47.222' S", "Longitude": "151\u00c2\u00b0 8.681' E", "VERDATE": "2025-12-05"}, "geometry": {"coordinates": [151.14467578000006, -33.787028113332724, 0.0], "type": "Point", "geometries": null}}, {"type": "Feature", "properties": {"ModifiedDa": "2016-04-06", "SAPEquipID": 300173790, "AssetName": "Seat - Timber", "d_SubtypeC": "Seat", "d_AssetTyp": "With Pad", "d_AssetMat": "Timber", "d_Branch": "Greater Sydney", "d_LGA": "Ryde", "Comments": "heritage stone seat", "Easting": 329302.15, "Northing": 6259310.17, "Latitude": "33\u00c2\u00b0 47.557' S", "Longitude": "151\u00c2\u00b0 9.37' E", "VERDATE": "2025-12-05"}, "geometry": {"coordinates": [151.1561683866671, -33.79261461333266, 0.0], "type": "Point", "geometries": null}}, {"type": "Feature", "properties": {"ModifiedDa": "2016-04-06", "SAPEquipID": 300173811, "AssetName": "Seat - Stone - 01", "d_SubtypeC": "Seat", "d_AssetTyp": "Without Pad", "d_AssetMat": "Stone", "d_Branch": "Greater Sydney", "d_LGA": "Ryde", "Comments": "heritage stone seat", "Easting": 329029.11, "Northing": 6259392.19, "Latitude": "33\u00c2\u00b0 47.51' S", "Longitude": "151\u00c2\u00b0 9.194' E", "VERDATE": "2025-12-05"}, "geometry": {"coordinates": [151.15323638666712, -33.79183111333276, 0.0], "type": "Point", "geometries": null}}, {"type": "Feature", "properties": {"ModifiedDa": "2016-04-06", "SAPEquipID": 300173831, "AssetName": "Picnic Table - No Roof - 02", "d_SubtypeC": "Picnic Table", "d_AssetTyp": "No Roof", "d_AssetMat": "Timber", "d_Branch": "Greater Sydney", "d_LGA": "Ku-Ring-Gai", "Comments": null, "Easting": 328604.77, "Northing": 6259187.93, "Latitude": "33\u00c2\u00b0 47.616' S", "Longitude": "151\u00c2\u00b0 8.917' E", "VERDATE": "2025-12-05"}, "geometry": {"coordinates": [151.14861522000024, -33.79360371999945, 0.0], "type": "Point", "geometries": null}}, {"type": "Feature", "properties": {"ModifiedDa": "2016-04-06", "SAPEquipID": 300173852, "AssetName": "Picnic Table - No Roof", "d_SubtypeC": "Picnic Table", "d_AssetTyp": "No Roof", "d_AssetMat": "Timber", "d_Branch": "Greater Sydney", "d_LGA": "Ku-Ring-Gai", "Comments": null, "Easting": 329313.62, "Northing": 6259496.47, "Latitude": "33\u00c2\u00b0 47.456' S", "Longitude": "151\u00c2\u00b0 9.38' E", "VERDATE": "2025-12-05"}, "geometry": {"coordinates": [151.15632833333314, -33.79093699999942, 0.0], "type": "Point", "geometries": null}}, {"type": "Feature", "properties": {"ModifiedDa": "2016-04-06", "SAPEquipID": 300173873, "AssetName": "Picnic Table - No Roof - 02", "d_SubtypeC": "Picnic Table", "d_AssetTyp": "No Roof", "d_AssetMat": "Timber", "d_Branch": "Greater Sydney", "d_LGA": "Ku-Ring-Gai", "Comments": null, "Easting": 329259.96, "Northing": 6259497.7, "Latitude": "33\u00c2\u00b0 47.455' S", "Longitude": "151\u00c2\u00b0 9.345' E", "VERDATE": "2025-12-05"}, "geometry": {"coordinates": [151.15574921999985, -33.790917279999405, 0.0], "type": "Point", "geometries": null}}, {"type": "Feature", "properties": {"ModifiedDa": "2016-04-06", "SAPEquipID": 300173958, "AssetName": "Picnic Table - No Roof - 01", "d_SubtypeC": "Picnic Table", "d_AssetTyp": "No Roof", "d_AssetMat": "Timber", "d_Branch": "Greater Sydney", "d_LGA": "Ryde", "Comments": null, "Easting": 328429.42, "Northing": 6259573.81, "Latitude": "33\u00c2\u00b0 47.406' S", "Longitude": "151\u00c2\u00b0 8.808' E", "VERDATE": "2025-12-05"}, "geometry": {"coordinates": [151.14679699999988, -33.790096779999374, 0.0], "type": "Point", "geometries": null}}, {"type": "Feature", "properties": {"ModifiedDa": "2019-03-15", "SAPEquipID": 300174048, "AssetName": "Life Buoy Stand - Life Buoy - Wharf", "d_SubtypeC": "Life Buoy Stand", "d_AssetTyp": "Not Applicable", "d_AssetMat": "Not Applicable", "d_Branch": "Greater Sydney", "d_LGA": "Unincorporated", "Comments": null, "Easting": 337284.33, "Northing": 6251625.29, "Latitude": "33\u00c2\u00b0 51.789' S", "Longitude": "151\u00c2\u00b0 14.456' E", "VERDATE": "2025-12-05"}, "geometry": {"coordinates": [151.24093466666693, -33.86315138666663, 0.0], "type": "Point", "geometries": null}}, {"type": "Feature", "properties": {"ModifiedDa": "2011-12-07", "SAPEquipID": 300174609, "AssetName": "Seat - Tram Platform - 01", "d_SubtypeC": "Seat", "d_AssetTyp": "Without Pad", "d_AssetMat": "Timber", "d_Branch": "Greater Sydney", "d_LGA": "Sutherland", "Comments": null, "Easting": 320662.41, "Northing": 6229198.4, "Latitude": "34\u00c2\u00b0 3.756' S", "Longitude": "151\u00c2\u00b0 3.404' E", "VERDATE": "2025-12-05"}, "geometry": {"coordinates": [151.05673357076455, -34.06260754258403, 0.0], "type": "Point", "geometries": null}}, {"type": "Feature", "properties": {"ModifiedDa": "2022-03-04", "SAPEquipID": 300174724, "AssetName": "Bin - The Oaks Trl - 01", "d_SubtypeC": "Bin", "d_AssetTyp": "Garbage", "d_AssetMat": "Not Applicable", "d_Branch": "Blue Mountains", "d_LGA": "Blue Mountains", "Comments": null, "Easting": 279679.99, "Northing": 6259917.17, "Latitude": "33\u00c2\u00b0 46.678' S", "Longitude": "150\u00c2\u00b0 37.24' E", "VERDATE": "2025-12-05"}, "geometry": {"coordinates": [150.62067366666702, -33.777973553333254, 0.0], "type": "Point", "geometries": null}}, {"type": "Feature", "properties": {"ModifiedDa": "2010-08-06", "SAPEquipID": 300174896, "AssetName": "BBQ - 07", "d_SubtypeC": "BBQ/Fireplace", "d_AssetTyp": "No Roof", "d_AssetMat": "Steel", "d_Branch": "Greater Sydney", "d_LGA": "Liverpool", "Comments": "low level on 1m sq concrete slab", "Easting": 281617.61, "Northing": 6242797.95, "Latitude": "33\u00c2\u00b0 55.959' S", "Longitude": "150\u00c2\u00b0 38.24' E", "VERDATE": "2025-12-05"}, "geometry": {"coordinates": [150.63733683333396, -33.93264421999993, 0.0], "type": "Point", "geometries": null}}, {"type": "Feature", "properties": {"ModifiedDa": "2019-03-15", "SAPEquipID": 300175041, "AssetName": "Picnic Table - 04", "d_SubtypeC": "Picnic Table", "d_AssetTyp": "No Roof", "d_AssetMat": "Timber", "d_Branch": "Greater Sydney", "d_LGA": "Unincorporated", "Comments": null, "Easting": 333135.36, "Northing": 6252690.67, "Latitude": "33\u00c2\u00b0 51.174' S", "Longitude": "151\u00c2\u00b0 11.778' E", "VERDATE": "2025-12-05"}, "geometry": {"coordinates": [151.19630278000045, -33.852899166666475, 0.0], "type": "Point", "geometries": null}}, {"type": "Feature", "properties": {"ModifiedDa": "2016-04-06", "SAPEquipID": 300175059, "AssetName": "Picnic Table - Cave", "d_SubtypeC": "Picnic Table", "d_AssetTyp": "With Roof", "d_AssetMat": "Timber", "d_Branch": "Greater Sydney", "d_LGA": "Unincorporated", "Comments": null, "Easting": 329184.57, "Northing": 6251452.12, "Latitude": "33\u00c2\u00b0 51.806' S", "Longitude": "151\u00c2\u00b0 9.203' E", "VERDATE": "2025-12-05"}, "geometry": {"coordinates": [151.15337611333348, -33.86343183333315, 0.0], "type": "Point", "geometries": null}}, {"type": "Feature", "properties": {"ModifiedDa": "2016-04-06", "SAPEquipID": 300175079, "AssetName": "Picnic Table - Upper Lawn - 02", "d_SubtypeC": "Picnic Table", "d_AssetTyp": "No Roof", "d_AssetMat": "Timber", "d_Branch": "Greater Sydney", "d_LGA": "Unincorporated", "Comments": null, "Easting": 329170.07, "Northing": 6251408.33, "Latitude": "33\u00c2\u00b0 51.829' S", "Longitude": "151\u00c2\u00b0 9.193' E", "VERDATE": "2025-12-05"}, "geometry": {"coordinates": [151.15321100000017, -33.863824219999856, 0.0], "type": "Point", "geometries": null}}, {"type": "Feature", "properties": {"ModifiedDa": "2016-04-06", "SAPEquipID": 300175082, "AssetName": "Picnic Table - No Roof - 01", "d_SubtypeC": "Picnic Table", "d_AssetTyp": "No Roof", "d_AssetMat": "Timber", "d_Branch": "Greater Sydney", "d_LGA": "Ku-Ring-Gai", "Comments": null, "Easting": 328529.55, "Northing": 6259345.4, "Latitude": "33\u00c2\u00b0 47.53' S", "Longitude": "151\u00c2\u00b0 8.87' E", "VERDATE": "2025-12-05"}, "geometry": {"coordinates": [151.14783366666654, -33.79217199999948, 0.0], "type": "Point", "geometries": null}}, {"type": "Feature", "properties": {"ModifiedDa": "2016-04-06", "SAPEquipID": 300175101, "AssetName": "Seat - Timber", "d_SubtypeC": "Seat", "d_AssetTyp": "Without Pad", "d_AssetMat": "Timber", "d_Branch": "Greater Sydney", "d_LGA": "Ku-Ring-Gai", "Comments": null, "Easting": 328705.03, "Northing": 6259246.51, "Latitude": "33\u00c2\u00b0 47.586' S", "Longitude": "151\u00c2\u00b0 8.983' E", "VERDATE": "2025-12-05"}, "geometry": {"coordinates": [151.14970906666645, -33.793091866666146, 0.0], "type": "Point", "geometries": null}}, {"type": "Feature", "properties": {"ModifiedDa": "2016-04-06", "SAPEquipID": 300175119, "AssetName": "BBQ - Wood", "d_SubtypeC": "BBQ/Fireplace", "d_AssetTyp": "No Roof", "d_AssetMat": "Steel", "d_Branch": "Greater Sydney", "d_LGA": "Ryde", "Comments": null, "Easting": 328499.89, "Northing": 6259831.26, "Latitude": "33\u00c2\u00b0 47.267' S", "Longitude": "151\u00c2\u00b0 8.856' E", "VERDATE": "2025-12-05"}, "geometry": {"coordinates": [151.14760783333315, -33.787787446666016, 0.0], "type": "Point", "geometries": null}}, {"type": "Feature", "properties": {"ModifiedDa": "2016-04-06", "SAPEquipID": 300175138, "AssetName": "BBQ - Gas - 02", "d_SubtypeC": "BBQ/Fireplace", "d_AssetTyp": "No Roof", "d_AssetMat": null, "d_Branch": "Greater Sydney", "d_LGA": "Northern Beaches", "Comments": null, "Easting": 341565.98, "Northing": 6280429.02, "Latitude": "33\u00c2\u00b0 36.248' S", "Longitude": "151\u00c2\u00b0 17.541' E", "VERDATE": "2025-12-05"}, "geometry": {"coordinates": [151.29235728666708, -33.60412954666663, 0.0], "type": "Point", "geometries": null}}, {"type": "Feature", "properties": {"ModifiedDa": "2016-04-06", "SAPEquipID": 300175250, "AssetName": "Picnic Table - Timber - 05", "d_SubtypeC": "Picnic Table", "d_AssetTyp": "No Roof", "d_AssetMat": "Timber", "d_Branch": "Greater Sydney", "d_LGA": "Northern Beaches", "Comments": null, "Easting": 342233.78, "Northing": 6283314.26, "Latitude": "33\u00c2\u00b0 34.693' S", "Longitude": "151\u00c2\u00b0 18.004' E", "VERDATE": "2025-12-05"}, "geometry": {"coordinates": [151.30006266666692, -33.57821666666649, 0.0], "type": "Point", "geometries": null}}, {"type": "Feature", "properties": {"ModifiedDa": "2019-03-15", "SAPEquipID": 300175255, "AssetName": "Picnic Table - 01", "d_SubtypeC": "Picnic Table", "d_AssetTyp": "No Roof", "d_AssetMat": "Timber", "d_Branch": "Greater Sydney", "d_LGA": "Unincorporated", "Comments": null, "Easting": 333036.2, "Northing": 6252625.53, "Latitude": "33\u00c2\u00b0 51.208' S", "Longitude": "151\u00c2\u00b0 11.713' E", "VERDATE": "2025-12-05"}, "geometry": {"coordinates": [151.1952190000003, -33.85347066666651, 0.0], "type": "Point", "geometries": null}}, {"type": "Feature", "properties": {"ModifiedDa": "2016-04-06", "SAPEquipID": 300175307, "AssetName": "Seat - Timber - 09", "d_SubtypeC": "Seat", "d_AssetTyp": "Without Pad", "d_AssetMat": "Timber Treated", "d_Branch": "Greater Sydney", "d_LGA": "Northern Beaches", "Comments": null, "Easting": 335086.63, "Northing": 6276715.79, "Latitude": "33\u00c2\u00b0 38.197' S", "Longitude": "151\u00c2\u00b0 13.312' E", "VERDATE": "2025-12-05"}, "geometry": {"coordinates": [151.22186233333366, -33.636621219999824, 0.0], "type": "Point", "geometries": null}}, {"type": "Feature", "properties": {"ModifiedDa": "2022-03-04", "SAPEquipID": 300177273, "AssetName": "Picnic Table - steel - mill picnic - 01", "d_SubtypeC": "Picnic Table", "d_AssetTyp": "No Roof", "d_AssetMat": "Steel", "d_Branch": "Blue Mountains", "d_LGA": "Central Coast", "Comments": "Galvanised steel frame timber seat & table", "Easting": 318417.14, "Northing": 6302591.69, "Latitude": "33\u00c2\u00b0 24.039' S", "Longitude": "151\u00c2\u00b0 2.848' E", "VERDATE": "2025-12-05"}, "geometry": {"coordinates": [151.04746433333344, -33.40065199999975, 0.0], "type": "Point", "geometries": null}}, {"type": "Feature", "properties": {"ModifiedDa": "2022-03-04", "SAPEquipID": 300177292, "AssetName": "Picnic Table - steel - mill picnic - 03", "d_SubtypeC": "Picnic Table", "d_AssetTyp": "No Roof", "d_AssetMat": "Steel", "d_Branch": "Blue Mountains", "d_LGA": "Central Coast", "Comments": null, "Easting": 318491.36, "Northing": 6302574.46, "Latitude": "33\u00c2\u00b0 24.049' S", "Longitude": "151\u00c2\u00b0 2.896' E", "VERDATE": "2025-12-05"}, "geometry": {"coordinates": [151.04825861333325, -33.40081983333312, 0.0], "type": "Point", "geometries": null}}, {"type": "Feature", "properties": {"ModifiedDa": "2022-03-04", "SAPEquipID": 300177310, "AssetName": "Picnic Table - steel - mill picnic - 05", "d_SubtypeC": "Picnic Table", "d_AssetTyp": "No Roof", "d_AssetMat": "Steel", "d_Branch": "Blue Mountains", "d_LGA": "Central Coast", "Comments": null, "Easting": 318489.13, "Northing": 6302557.79, "Latitude": "33\u00c2\u00b0 24.058' S", "Longitude": "151\u00c2\u00b0 2.894' E", "VERDATE": "2025-12-05"}, "geometry": {"coordinates": [151.0482312800001, -33.40096971999975, 0.0], "type": "Point", "geometries": null}}, {"type": "Feature", "properties": {"ModifiedDa": "2022-03-04", "SAPEquipID": 300177329, "AssetName": "Picnic Table - timber with pad - 02", "d_SubtypeC": "Picnic Table", "d_AssetTyp": "No Roof", "d_AssetMat": "Timber", "d_Branch": "Blue Mountains", "d_LGA": "Hawkesbury", "Comments": null, "Easting": 325839.49, "Northing": 6334897.4, "Latitude": "33\u00c2\u00b0 6.638' S", "Longitude": "151\u00c2\u00b0 8.007' E", "VERDATE": "2025-12-05"}, "geometry": {"coordinates": [151.1334433333334, -33.110639999999876, 0.0], "type": "Point", "geometries": null}}, {"type": "Feature", "properties": {"ModifiedDa": "2021-02-26", "SAPEquipID": 300178193, "AssetName": "Bin - vpa10 garbage", "d_SubtypeC": "Bin", "d_AssetTyp": "Garbage", "d_AssetMat": "Not Applicable", "d_Branch": "Hunter Central Coast", "d_LGA": "Central Coast", "Comments": null, "Easting": 348933.28, "Northing": 6288978.95, "Latitude": "33\u00c2\u00b0 31.687' S", "Longitude": "151\u00c2\u00b0 22.391' E", "VERDATE": "2025-12-05"}, "geometry": {"coordinates": [151.37318192282055, -33.52811467523901, 0.0], "type": "Point", "geometries": null}}, {"type": "Feature", "properties": {"ModifiedDa": "2022-03-04", "SAPEquipID": 300178273, "AssetName": "Seat - around fire ring - 03", "d_SubtypeC": "Seat", "d_AssetTyp": "Without Pad", "d_AssetMat": "Other", "d_Branch": "Blue Mountains", "d_LGA": "Hawkesbury", "Comments": null, "Easting": 304142.45, "Northing": 6316696.35, "Latitude": "33\u00c2\u00b0 16.26' S", "Longitude": "150\u00c2\u00b0 53.827' E", "VERDATE": "2025-12-05"}, "geometry": {"coordinates": [150.89711596666598, -33.271005859999946, 0.0], "type": "Point", "geometries": null}}, {"type": "Feature", "properties": {"ModifiedDa": "2022-03-04", "SAPEquipID": 300178291, "AssetName": "Seat - around fire ring - 05", "d_SubtypeC": "Seat", "d_AssetTyp": "Without Pad", "d_AssetMat": "Other", "d_Branch": "Blue Mountains", "d_LGA": "Hawkesbury", "Comments": null, "Easting": 304145.18, "Northing": 6316699.41, "Latitude": "33\u00c2\u00b0 16.259' S", "Longitude": "150\u00c2\u00b0 53.829' E", "VERDATE": "2025-12-05"}, "geometry": {"coordinates": [150.89714596666636, -33.27097877999984, 0.0], "type": "Point", "geometries": null}}, {"type": "Feature", "properties": {"ModifiedDa": "2024-07-09", "SAPEquipID": 300178457, "AssetName": "Picnic Table - lawn - 01", "d_SubtypeC": "Picnic Table", "d_AssetTyp": "No Roof", "d_AssetMat": "Timber", "d_Branch": "Greater Sydney", "d_LGA": "Canterbury-Bankstown", "Comments": null, "Easting": 326838.63, "Northing": 6244115.19, "Latitude": "33\u00c2\u00b0 55.751' S", "Longitude": "151\u00c2\u00b0 7.595' E", "VERDATE": "2025-12-05"}, "geometry": {"coordinates": [151.126580666667, -33.92918611333323, 0.0], "type": "Point", "geometries": null}}, {"type": "Feature", "properties": {"ModifiedDa": "2016-04-06", "SAPEquipID": 300179057, "AssetName": "Picnic Table - No Roof - 03", "d_SubtypeC": "Picnic Table", "d_AssetTyp": "No Roof", "d_AssetMat": "Timber Treated", "d_Branch": "Greater Sydney", "d_LGA": "Ryde", "Comments": null, "Easting": 328827.89, "Northing": 6259277.86, "Latitude": "33\u00c2\u00b0 47.57' S", "Longitude": "151\u00c2\u00b0 9.063' E", "VERDATE": "2025-12-05"}, "geometry": {"coordinates": [151.15104166666674, -33.79282916666608, 0.0], "type": "Point", "geometries": null}}, {"type": "Feature", "properties": {"ModifiedDa": "2016-04-06", "SAPEquipID": 300179075, "AssetName": "BBQ - Wood - 03", "d_SubtypeC": "BBQ/Fireplace", "d_AssetTyp": "No Roof", "d_AssetMat": "Steel", "d_Branch": "Greater Sydney", "d_LGA": "Ryde", "Comments": null, "Easting": 328782.8, "Northing": 6259210.14, "Latitude": "33\u00c2\u00b0 47.606' S", "Longitude": "151\u00c2\u00b0 9.032' E", "VERDATE": "2025-12-05"}, "geometry": {"coordinates": [151.1505416666664, -33.79343233333282, 0.0], "type": "Point", "geometries": null}}, {"type": "Feature", "properties": {"ModifiedDa": "2011-12-05", "SAPEquipID": 300179331, "AssetName": "Picnic Table", "d_SubtypeC": "Picnic Table", "d_AssetTyp": "No Roof", "d_AssetMat": "Timber", "d_Branch": "Greater Sydney", "d_LGA": "Sutherland", "Comments": null, "Easting": 320507.28, "Northing": 6229112.0, "Latitude": "34\u00c2\u00b0 3.802' S", "Longitude": "151\u00c2\u00b0 3.302' E", "VERDATE": "2025-12-05"}, "geometry": {"coordinates": [151.0550357181496, -34.06335977441296, 0.0], "type": "Point", "geometries": null}}, {"type": "Feature", "properties": {"ModifiedDa": "2011-08-02", "SAPEquipID": 300179349, "AssetName": "Table - Govenor Game LOut North - 01", "d_SubtypeC": "Picnic Table", "d_AssetTyp": "No Roof", "d_AssetMat": "Timber", "d_Branch": "Greater Sydney", "d_LGA": "Sutherland", "Comments": null, "Easting": 320555.09, "Northing": 6217185.71, "Latitude": "34\u00c2\u00b0 10.252' S", "Longitude": "151\u00c2\u00b0 3.185' E", "VERDATE": "2025-12-05"}, "geometry": {"coordinates": [151.05309075070863, -34.17086597061183, 0.0], "type": "Point", "geometries": null}}, {"type": "Feature", "properties": {"ModifiedDa": "2016-04-06", "SAPEquipID": 300180438, "AssetName": "Picnic Table - No Roof - 02", "d_SubtypeC": "Picnic Table", "d_AssetTyp": "No Roof", "d_AssetMat": "Timber", "d_Branch": "Greater Sydney", "d_LGA": "Hornsby", "Comments": null, "Easting": 329341.38, "Northing": 6274095.1, "Latitude": "33\u00c2\u00b0 39.56' S", "Longitude": "151\u00c2\u00b0 9.566' E", "VERDATE": "2025-12-05"}, "geometry": {"coordinates": [151.1594401125468, -33.65933996358319, 0.0], "type": "Point", "geometries": null}}, {"type": "Feature", "properties": {"ModifiedDa": "2015-06-13", "SAPEquipID": 300180687, "AssetName": "Bin - Tallow Beach CA - 03", "d_SubtypeC": "Bin", "d_AssetTyp": "Garbage", "d_AssetMat": "Not Applicable", "d_Branch": "Hunter Central Coast", "d_LGA": "Central Coast", "Comments": null, "Easting": 346842.07, "Northing": 6287934.84, "Latitude": "33\u00c2\u00b0 32.234' S", "Longitude": "151\u00c2\u00b0 21.029' E", "VERDATE": "2025-12-05"}, "geometry": {"coordinates": [151.35049124666693, -33.537230419999844, 0.0], "type": "Point", "geometries": null}}, {"type": "Feature", "properties": {"ModifiedDa": "2015-06-13", "SAPEquipID": 300180722, "AssetName": "Bin - sand -gravel  bins", "d_SubtypeC": "Bin", "d_AssetTyp": "Other", "d_AssetMat": "Not Applicable", "d_Branch": "Hunter Central Coast", "d_LGA": "Central Coast", "Comments": null, "Easting": 339878.67, "Northing": 6299845.96, "Latitude": "33\u00c2\u00b0 25.729' S", "Longitude": "151\u00c2\u00b0 16.659' E", "VERDATE": "2025-12-05"}, "geometry": {"coordinates": [151.277651666667, -33.42882316666663, 0.0], "type": "Point", "geometries": null}}, {"type": "Feature", "properties": {"ModifiedDa": "2017-10-06", "SAPEquipID": 300180740, "AssetName": "Picnic Table - putty beach dayuse - 05", "d_SubtypeC": "Picnic Table", "d_AssetTyp": "No Roof", "d_AssetMat": "Timber", "d_Branch": "Hunter Central Coast", "d_LGA": "Central Coast", "Comments": null, "Easting": 348945.96, "Northing": 6288962.39, "Latitude": "33\u00c2\u00b0 31.696' S", "Longitude": "151\u00c2\u00b0 22.399' E", "VERDATE": "2025-12-05"}, "geometry": {"coordinates": [151.37331562937402, -33.52826573244755, 0.0], "type": "Point", "geometries": null}}, {"type": "Feature", "properties": {"ModifiedDa": "2016-04-06", "SAPEquipID": 300180998, "AssetName": "WRS - 01", "d_SubtypeC": "Waste/Recycling Stn", "d_AssetTyp": "Not Applicable", "d_AssetMat": "Not Applicable", "d_Branch": "Greater Sydney", "d_LGA": "Ryde", "Comments": "5 otto bins, 2 general, aluminium, plastic, glass", "Easting": 328437.03, "Northing": 6259540.77, "Latitude": "33\u00c2\u00b0 47.424' S", "Longitude": "151\u00c2\u00b0 8.812' E", "VERDATE": "2025-12-05"}, "geometry": {"coordinates": [151.14687266666658, -33.79039588666609, 0.0], "type": "Point", "geometries": null}}, {"type": "Feature", "properties": {"ModifiedDa": "2016-04-06", "SAPEquipID": 300181014, "AssetName": "Picnic Table - With Roof - 01", "d_SubtypeC": "Picnic Table", "d_AssetTyp": "With Roof", "d_AssetMat": "Timber", "d_Branch": "Greater Sydney", "d_LGA": "Ryde", "Comments": "no animal feeding sign", "Easting": 328519.56, "Northing": 6259188.88, "Latitude": "33\u00c2\u00b0 47.615' S", "Longitude": "151\u00c2\u00b0 8.862' E", "VERDATE": "2025-12-05"}, "geometry": {"coordinates": [151.14769544666706, -33.79358133333261, 0.0], "type": "Point", "geometries": null}}, {"type": "Feature", "properties": {"ModifiedDa": "2016-04-06", "SAPEquipID": 300181032, "AssetName": "Picnic Table - No Roof - 01", "d_SubtypeC": "Picnic Table", "d_AssetTyp": "No Roof", "d_AssetMat": "Concrete", "d_Branch": "Greater Sydney", "d_LGA": "Ryde", "Comments": null, "Easting": 329024.64, "Northing": 6259393.69, "Latitude": "33\u00c2\u00b0 47.509' S", "Longitude": "151\u00c2\u00b0 9.191' E", "VERDATE": "2025-12-05"}, "geometry": {"coordinates": [151.15318833333322, -33.79181688666597, 0.0], "type": "Point", "geometries": null}}, {"type": "Feature", "properties": {"ModifiedDa": "2016-04-06", "SAPEquipID": 300181048, "AssetName": "Picnic Table - With Roof - 01", "d_SubtypeC": "Picnic Table", "d_AssetTyp": "With Roof", "d_AssetMat": "Timber", "d_Branch": "Greater Sydney", "d_LGA": "Ryde", "Comments": "2 tables inside Illoura picnic shed", "Easting": 328946.1, "Northing": 6259464.5, "Latitude": "33\u00c2\u00b0 47.47' S", "Longitude": "151\u00c2\u00b0 9.141' E", "VERDATE": "2025-12-05"}, "geometry": {"coordinates": [151.1523541133331, -33.791165833332684, 0.0], "type": "Point", "geometries": null}}, {"type": "Feature", "properties": {"ModifiedDa": "2016-04-06", "SAPEquipID": 300181065, "AssetName": "Picnic Table - No Roof - 03", "d_SubtypeC": "Picnic Table", "d_AssetTyp": "No Roof", "d_AssetMat": "Timber", "d_Branch": "Greater Sydney", "d_LGA": "Ryde", "Comments": "no animal  feeding sign", "Easting": 328955.74, "Northing": 6259491.45, "Latitude": "33\u00c2\u00b0 47.455' S", "Longitude": "151\u00c2\u00b0 9.148' E", "VERDATE": "2025-12-05"}, "geometry": {"coordinates": [151.1524633866668, -33.79092444666611, 0.0], "type": "Point", "geometries": null}}, {"type": "Feature", "properties": {"ModifiedDa": "2016-04-06", "SAPEquipID": 300181082, "AssetName": "BBQ - Wood - 02", "d_SubtypeC": "BBQ/Fireplace", "d_AssetTyp": "No Roof", "d_AssetMat": "Steel", "d_Branch": "Greater Sydney", "d_LGA": "Ryde", "Comments": "on concrete pad", "Easting": 329030.19, "Northing": 6259454.37, "Latitude": "33\u00c2\u00b0 47.476' S", "Longitude": "151\u00c2\u00b0 9.196' E", "VERDATE": "2025-12-05"}, "geometry": {"coordinates": [151.15326000000027, -33.79127071999943, 0.0], "type": "Point", "geometries": null}}, {"type": "Feature", "properties": {"ModifiedDa": "2016-04-06", "SAPEquipID": 300181100, "AssetName": "Picnic Table - No Roof - 01", "d_SubtypeC": "Picnic Table", "d_AssetTyp": "No Roof", "d_AssetMat": "Other", "d_Branch": "Greater Sydney", "d_LGA": "Ryde", "Comments": "heritage stone table", "Easting": 329114.44, "Northing": 6259391.67, "Latitude": "33\u00c2\u00b0 47.511' S", "Longitude": "151\u00c2\u00b0 9.249' E", "VERDATE": "2025-12-05"}, "geometry": {"coordinates": [151.15415755333333, -33.79184955333278, 0.0], "type": "Point", "geometries": null}}, {"type": "Feature", "properties": {"ModifiedDa": "2016-04-06", "SAPEquipID": 300181117, "AssetName": "WRS", "d_SubtypeC": "Waste/Recycling Stn", "d_AssetTyp": "Not Applicable", "d_AssetMat": "Not Applicable", "d_Branch": "Greater Sydney", "d_LGA": "Ryde", "Comments": null, "Easting": 329278.72, "Northing": 6259378.11, "Latitude": "33\u00c2\u00b0 47.52' S", "Longitude": "151\u00c2\u00b0 9.356' E", "VERDATE": "2025-12-05"}, "geometry": {"coordinates": [151.1559285533333, -33.79199838666608, 0.0], "type": "Point", "geometries": null}}, {"type": "Feature", "properties": {"ModifiedDa": "2024-01-16", "SAPEquipID": 300181119, "AssetName": "BBQ - twin nr stone pit", "d_SubtypeC": "BBQ/Fireplace", "d_AssetTyp": "No Roof", "d_AssetMat": "Steel", "d_Branch": "Hunter Central Coast", "d_LGA": "Central Coast", "Comments": null, "Easting": 339751.72, "Northing": 6299445.32, "Latitude": "33\u00c2\u00b0 25.945' S", "Longitude": "151\u00c2\u00b0 16.573' E", "VERDATE": "2025-12-05"}, "geometry": {"coordinates": [151.27621525761185, -33.43241621390132, 0.0], "type": "Point", "geometries": null}}, {"type": "Feature", "properties": {"ModifiedDa": "2016-04-06", "SAPEquipID": 300181135, "AssetName": "Picnic Table - With Roof - 01", "d_SubtypeC": "Picnic Table", "d_AssetTyp": "With Roof", "d_AssetMat": "Timber", "d_Branch": "Greater Sydney", "d_LGA": "Ryde", "Comments": "Timber table metal framed shelter", "Easting": 328277.95, "Northing": 6259895.49, "Latitude": "33\u00c2\u00b0 47.23' S", "Longitude": "151\u00c2\u00b0 8.713' E", "VERDATE": "2025-12-05"}, "geometry": {"coordinates": [151.1452241400001, -33.78717241999942, 0.0], "type": "Point", "geometries": null}}, {"type": "Feature", "properties": {"ModifiedDa": "2015-07-12", "SAPEquipID": 300181136, "AssetName": "Picnic Table - older picnic  table - 01", "d_SubtypeC": "Picnic Table", "d_AssetTyp": "No Roof", "d_AssetMat": "Timber", "d_Branch": "Hunter Central Coast", "d_LGA": "Central Coast", "Comments": null, "Easting": 339767.14, "Northing": 6299442.3, "Latitude": "33\u00c2\u00b0 25.947' S", "Longitude": "151\u00c2\u00b0 16.583' E", "VERDATE": "2025-12-05"}, "geometry": {"coordinates": [151.27638051398594, -33.4324457310027, 0.0], "type": "Point", "geometries": null}}, {"type": "Feature", "properties": {"ModifiedDa": "2016-04-06", "SAPEquipID": 300181151, "AssetName": "Picnic Table - No Roof - 01", "d_SubtypeC": "Picnic Table", "d_AssetTyp": "No Roof", "d_AssetMat": "Timber", "d_Branch": "Greater Sydney", "d_LGA": "Ryde", "Comments": null, "Easting": 327406.67, "Northing": 6260633.87, "Latitude": "33\u00c2\u00b0 46.822' S", "Longitude": "151\u00c2\u00b0 8.158' E", "VERDATE": "2025-12-05"}, "geometry": {"coordinates": [151.1359620533334, -33.78037449999937, 0.0], "type": "Point", "geometries": null}}, {"type": "Feature", "properties": {"ModifiedDa": "2019-07-01", "SAPEquipID": 300181153, "AssetName": "Picnic Table - 03", "d_SubtypeC": "Picnic Table", "d_AssetTyp": "No Roof", "d_AssetMat": "Steel", "d_Branch": "Hunter Central Coast", "d_LGA": "Central Coast", "Comments": null, "Easting": 339763.99, "Northing": 6299552.06, "Latitude": "33\u00c2\u00b0 25.887' S", "Longitude": "151\u00c2\u00b0 16.582' E", "VERDATE": "2025-12-05"}, "geometry": {"coordinates": [151.27636620021758, -33.4314556887349, 0.0], "type": "Point", "geometries": null}}, {"type": "Feature", "properties": {"ModifiedDa": "2016-04-06", "SAPEquipID": 300181166, "AssetName": "Picnic Table - With Roof - 01", "d_SubtypeC": "Picnic Table", "d_AssetTyp": "With Roof", "d_AssetMat": "Timber Treated", "d_Branch": "Greater Sydney", "d_LGA": "Ryde", "Comments": "older log style with log and iron roof", "Easting": 327361.5, "Northing": 6260579.84, "Latitude": "33\u00c2\u00b0 46.851' S", "Longitude": "151\u00c2\u00b0 8.128' E", "VERDATE": "2025-12-05"}, "geometry": {"coordinates": [151.13546383333323, -33.780854219999355, 0.0], "type": "Point", "geometries": null}}, {"type": "Feature", "properties": {"ModifiedDa": "2016-04-06", "SAPEquipID": 300181183, "AssetName": "Picnic Table - With Roof - 02", "d_SubtypeC": "Picnic Table", "d_AssetTyp": "With Roof", "d_AssetMat": "Timber", "d_Branch": "Greater Sydney", "d_LGA": "Ryde", "Comments": null, "Easting": 328417.41, "Northing": 6259563.46, "Latitude": "33\u00c2\u00b0 47.411' S", "Longitude": "151\u00c2\u00b0 8.8' E", "VERDATE": "2025-12-05"}, "geometry": {"coordinates": [151.14666533333366, -33.79018816666604, 0.0], "type": "Point", "geometries": null}}, {"type": "Feature", "properties": {"ModifiedDa": "2016-04-06", "SAPEquipID": 300181199, "AssetName": "Picnic Table - No Roof - 04", "d_SubtypeC": "Picnic Table", "d_AssetTyp": "No Roof", "d_AssetMat": "Timber", "d_Branch": "Greater Sydney", "d_LGA": "Ryde", "Comments": null, "Easting": 327428.66, "Northing": 6260571.23, "Latitude": "33\u00c2\u00b0 46.857' S", "Longitude": "151\u00c2\u00b0 8.171' E", "VERDATE": "2025-12-05"}, "geometry": {"coordinates": [151.13618716666656, -33.78094277999941, 0.0], "type": "Point", "geometries": null}}, {"type": "Feature", "properties": {"ModifiedDa": "2016-04-06", "SAPEquipID": 300181216, "AssetName": "Picnic Table - No Roof - 08", "d_SubtypeC": "Picnic Table", "d_AssetTyp": "No Roof", "d_AssetMat": "Timber", "d_Branch": "Greater Sydney", "d_LGA": "Ryde", "Comments": "table inside the old barn", "Easting": 327420.12, "Northing": 6260573.42, "Latitude": "33\u00c2\u00b0 46.855' S", "Longitude": "151\u00c2\u00b0 8.166' E", "VERDATE": "2025-12-05"}, "geometry": {"coordinates": [151.13609544666645, -33.78092161333268, 0.0], "type": "Point", "geometries": null}}, {"type": "Feature", "properties": {"ModifiedDa": "2016-04-06", "SAPEquipID": 300181234, "AssetName": "BBQ - Gas", "d_SubtypeC": "BBQ/Fireplace", "d_AssetTyp": "With Roof", "d_AssetMat": "Steel Stainless", "d_Branch": "Greater Sydney", "d_LGA": "Ryde", "Comments": null, "Easting": 328501.43, "Northing": 6259232.18, "Latitude": "33\u00c2\u00b0 47.591' S", "Longitude": "151\u00c2\u00b0 8.85' E", "VERDATE": "2025-12-05"}, "geometry": {"coordinates": [151.14750805333324, -33.793188053332756, 0.0], "type": "Point", "geometries": null}}, {"type": "Feature", "properties": {"ModifiedDa": "2016-04-06", "SAPEquipID": 300181251, "AssetName": "WRS - Carters Creek", "d_SubtypeC": "Waste/Recycling Stn", "d_AssetTyp": "Not Applicable", "d_AssetMat": "Not Applicable", "d_Branch": "Greater Sydney", "d_LGA": "Ryde", "Comments": "2 general waste, plastics, glass, aluminum", "Easting": 328532.93, "Northing": 6259164.86, "Latitude": "33\u00c2\u00b0 47.628' S", "Longitude": "151\u00c2\u00b0 8.87' E", "VERDATE": "2025-12-05"}, "geometry": {"coordinates": [151.14783505333332, -33.79379999999935, 0.0], "type": "Point", "geometries": null}}, {"type": "Feature", "properties": {"ModifiedDa": "2016-04-06", "SAPEquipID": 300181268, "AssetName": "Picnic Table - With Roof - 01", "d_SubtypeC": "Picnic Table", "d_AssetTyp": "With Roof", "d_AssetMat": "Timber Treated", "d_Branch": "Greater Sydney", "d_LGA": "Ryde", "Comments": null, "Easting": 328625.08, "Northing": 6259057.83, "Latitude": "33\u00c2\u00b0 47.687' S", "Longitude": "151\u00c2\u00b0 8.929' E", "VERDATE": "2025-12-05"}, "geometry": {"coordinates": [151.14880928000048, -33.79477977999932, 0.0], "type": "Point", "geometries": null}}, {"type": "Feature", "properties": {"ModifiedDa": "2016-04-06", "SAPEquipID": 300181285, "AssetName": "Picnic Table - No Roof - 03", "d_SubtypeC": "Picnic Table", "d_AssetTyp": "No Roof", "d_AssetMat": "Timber", "d_Branch": "Greater Sydney", "d_LGA": "Ryde", "Comments": "no animal  feeding sign", "Easting": 328634.68, "Northing": 6259058.09, "Latitude": "33\u00c2\u00b0 47.687' S", "Longitude": "151\u00c2\u00b0 8.935' E", "VERDATE": "2025-12-05"}, "geometry": {"coordinates": [151.14891294666666, -33.794779053332775, 0.0], "type": "Point", "geometries": null}}, {"type": "Feature", "properties": {"ModifiedDa": "2016-04-06", "SAPEquipID": 300181301, "AssetName": "Seat - Stone", "d_SubtypeC": "Seat", "d_AssetTyp": "Unknown", "d_AssetMat": "Stone", "d_Branch": "Greater Sydney", "d_LGA": "Ryde", "Comments": null, "Easting": 329237.67, "Northing": 6259392.28, "Latitude": "33\u00c2\u00b0 47.512' S", "Longitude": "151\u00c2\u00b0 9.329' E", "VERDATE": "2025-12-05"}, "geometry": {"coordinates": [151.15548811333326, -33.79186399999929, 0.0], "type": "Point", "geometries": null}}, {"type": "Feature", "properties": {"ModifiedDa": "2016-04-06", "SAPEquipID": 300181318, "AssetName": "Seat - Timber - 01", "d_SubtypeC": "Seat", "d_AssetTyp": "With Pad", "d_AssetMat": "Timber", "d_Branch": "Greater Sydney", "d_LGA": "Ryde", "Comments": null, "Easting": 329290.76, "Northing": 6259434.48, "Latitude": "33\u00c2\u00b0 47.49' S", "Longitude": "151\u00c2\u00b0 9.364' E", "VERDATE": "2025-12-05"}, "geometry": {"coordinates": [151.15606950000006, -33.7914921666661, 0.0], "type": "Point", "geometries": null}}, {"type": "Feature", "properties": {"ModifiedDa": "2016-04-06", "SAPEquipID": 300181335, "AssetName": "Seat - Timber - 02", "d_SubtypeC": "Seat", "d_AssetTyp": "With Pad", "d_AssetMat": "Timber", "d_Branch": "Greater Sydney", "d_LGA": "Ryde", "Comments": null, "Easting": 329287.3, "Northing": 6259430.39, "Latitude": "33\u00c2\u00b0 47.492' S", "Longitude": "151\u00c2\u00b0 9.362' E", "VERDATE": "2025-12-05"}, "geometry": {"coordinates": [151.15603133333343, -33.791528499999345, 0.0], "type": "Point", "geometries": null}}, {"type": "Feature", "properties": {"ModifiedDa": "2016-04-06", "SAPEquipID": 300181352, "AssetName": "Picnic Table - With Roof - 01", "d_SubtypeC": "Picnic Table", "d_AssetTyp": "With Roof", "d_AssetMat": "Timber", "d_Branch": "Greater Sydney", "d_LGA": "Ku-Ring-Gai", "Comments": null, "Easting": 328503.81, "Northing": 6259386.8, "Latitude": "33\u00c2\u00b0 47.508' S", "Longitude": "151\u00c2\u00b0 8.854' E", "VERDATE": "2025-12-05"}, "geometry": {"coordinates": [151.14756377999993, -33.79179466666591, 0.0], "type": "Point", "geometries": null}}, {"type": "Feature", "properties": {"ModifiedDa": "2016-04-06", "SAPEquipID": 300181369, "AssetName": "Picnic Table - With Roof - 04", "d_SubtypeC": "Picnic Table", "d_AssetTyp": "With Roof", "d_AssetMat": "Timber", "d_Branch": "Greater Sydney", "d_LGA": "Ku-Ring-Gai", "Comments": null, "Easting": 328503.37, "Northing": 6259438.52, "Latitude": "33\u00c2\u00b0 47.48' S", "Longitude": "151\u00c2\u00b0 8.854' E", "VERDATE": "2025-12-05"}, "geometry": {"coordinates": [151.14756911333347, -33.79132833333273, 0.0], "type": "Point", "geometries": null}}, {"type": "Feature", "properties": {"ModifiedDa": "2016-04-06", "SAPEquipID": 300181386, "AssetName": "Picnic Table - No Roof - 07", "d_SubtypeC": "Picnic Table", "d_AssetTyp": "No Roof", "d_AssetMat": "Timber", "d_Branch": "Greater Sydney", "d_LGA": "Ryde", "Comments": null, "Easting": 328880.18, "Northing": 6259340.91, "Latitude": "33\u00c2\u00b0 47.536' S", "Longitude": "151\u00c2\u00b0 9.097' E", "VERDATE": "2025-12-05"}, "geometry": {"coordinates": [151.15161844666693, -33.792269279999346, 0.0], "type": "Point", "geometries": null}}, {"type": "Feature", "properties": {"ModifiedDa": "2016-04-06", "SAPEquipID": 300181405, "AssetName": "Picnic Table - No Roof - 06", "d_SubtypeC": "Picnic Table", "d_AssetTyp": "No Roof", "d_AssetMat": "Timber", "d_Branch": "Greater Sydney", "d_LGA": "Ryde", "Comments": null, "Easting": 327441.06, "Northing": 6260632.6, "Latitude": "33\u00c2\u00b0 46.823' S", "Longitude": "151\u00c2\u00b0 8.18' E", "VERDATE": "2025-12-05"}, "geometry": {"coordinates": [151.1363330533336, -33.78039161333277, 0.0], "type": "Point", "geometries": null}}, {"type": "Feature", "properties": {"ModifiedDa": "2016-04-06", "SAPEquipID": 300181422, "AssetName": "BBQ - Wood - 01", "d_SubtypeC": "BBQ/Fireplace", "d_AssetTyp": "No Roof", "d_AssetMat": "Steel", "d_Branch": "Greater Sydney", "d_LGA": "Ryde", "Comments": null, "Easting": 329014.03, "Northing": 6259430.12, "Latitude": "33\u00c2\u00b0 47.489' S", "Longitude": "151\u00c2\u00b0 9.185' E", "VERDATE": "2025-12-05"}, "geometry": {"coordinates": [151.15308088666654, -33.79148671999934, 0.0], "type": "Point", "geometries": null}}, {"type": "Feature", "properties": {"ModifiedDa": "2016-04-06", "SAPEquipID": 300181439, "AssetName": "Picnic Table - No Roof - 04", "d_SubtypeC": "Picnic Table", "d_AssetTyp": "No Roof", "d_AssetMat": "Timber", "d_Branch": "Greater Sydney", "d_LGA": "Ryde", "Comments": null, "Easting": 328422.59, "Northing": 6259591.89, "Latitude": "33\u00c2\u00b0 47.396' S", "Longitude": "151\u00c2\u00b0 8.804' E", "VERDATE": "2025-12-05"}, "geometry": {"coordinates": [151.14672675333327, -33.78993269999938, 0.0], "type": "Point", "geometries": null}}, {"type": "Feature", "properties": {"ModifiedDa": "2016-04-06", "SAPEquipID": 300181455, "AssetName": "Picnic Table - No Roof - 03", "d_SubtypeC": "Picnic Table", "d_AssetTyp": "No Roof", "d_AssetMat": "Timber", "d_Branch": "Greater Sydney", "d_LGA": "Ryde", "Comments": null, "Easting": 328857.35, "Northing": 6259265.6, "Latitude": "33\u00c2\u00b0 47.577' S", "Longitude": "151\u00c2\u00b0 9.081' E", "VERDATE": "2025-12-05"}, "geometry": {"coordinates": [151.15135738666675, -33.79294444666601, 0.0], "type": "Point", "geometries": null}}, {"type": "Feature", "properties": {"ModifiedDa": "2016-04-06", "SAPEquipID": 300181523, "AssetName": "Picnic Table - No Roof - 02", "d_SubtypeC": "Picnic Table", "d_AssetTyp": "No Roof", "d_AssetMat": "Timber", "d_Branch": "Greater Sydney", "d_LGA": "Ryde", "Comments": null, "Easting": 328172.9, "Northing": 6256759.05, "Latitude": "33\u00c2\u00b0 48.926' S", "Longitude": "151\u00c2\u00b0 8.609' E", "VERDATE": "2025-12-05"}, "geometry": {"coordinates": [151.1434795, -33.81542866666598, 0.0], "type": "Point", "geometries": null}}, {"type": "Feature", "properties": {"ModifiedDa": "2016-04-06", "SAPEquipID": 300181540, "AssetName": "Picnic Table - No Roof - 01", "d_SubtypeC": "Picnic Table", "d_AssetTyp": "No Roof", "d_AssetMat": "Timber", "d_Branch": "Greater Sydney", "d_LGA": "Ku-Ring-Gai", "Comments": null, "Easting": 328642.57, "Northing": 6259192.82, "Latitude": "33\u00c2\u00b0 47.614' S", "Longitude": "151\u00c2\u00b0 8.941' E", "VERDATE": "2025-12-05"}, "geometry": {"coordinates": [151.14902433333384, -33.793565779999426, 0.0], "type": "Point", "geometries": null}}, {"type": "Feature", "properties": {"ModifiedDa": "2016-04-06", "SAPEquipID": 300181557, "AssetName": "Picnic Table - No Roof - 03", "d_SubtypeC": "Picnic Table", "d_AssetTyp": "No Roof", "d_AssetMat": "Concrete", "d_Branch": "Greater Sydney", "d_LGA": "Ku-Ring-Gai", "Comments": null, "Easting": 328624.84, "Northing": 6259184.03, "Latitude": "33\u00c2\u00b0 47.619' S", "Longitude": "151\u00c2\u00b0 8.93' E", "VERDATE": "2025-12-05"}, "geometry": {"coordinates": [151.1488312199998, -33.79364211333268, 0.0], "type": "Point", "geometries": null}}, {"type": "Feature", "properties": {"ModifiedDa": "2016-04-06", "SAPEquipID": 300181574, "AssetName": "WRS - Bakers Flat", "d_SubtypeC": "Waste/Recycling Stn", "d_AssetTyp": "Not Applicable", "d_AssetMat": "Not Applicable", "d_Branch": "Greater Sydney", "d_LGA": "Ku-Ring-Gai", "Comments": "recycle station with pad and stand", "Easting": 328835.77, "Northing": 6259405.14, "Latitude": "33\u00c2\u00b0 47.501' S", "Longitude": "151\u00c2\u00b0 9.069' E", "VERDATE": "2025-12-05"}, "geometry": {"coordinates": [151.15115144666697, -33.79168311333268, 0.0], "type": "Point", "geometries": null}}, {"type": "Feature", "properties": {"ModifiedDa": "2016-04-06", "SAPEquipID": 300181583, "AssetName": "Picnic Table - No Roof - 01", "d_SubtypeC": "Picnic Table", "d_AssetTyp": "No Roof", "d_AssetMat": "Timber", "d_Branch": "Greater Sydney", "d_LGA": "Ryde", "Comments": null, "Easting": 328319.72, "Northing": 6259452.18, "Latitude": "33\u00c2\u00b0 47.471' S", "Longitude": "151\u00c2\u00b0 8.735' E", "VERDATE": "2025-12-05"}, "geometry": {"coordinates": [151.14558894666698, -33.79117538666611, 0.0], "type": "Point", "geometries": null}}, {"type": "Feature", "properties": {"ModifiedDa": "2016-04-06", "SAPEquipID": 300181591, "AssetName": "Seat - Table - 01", "d_SubtypeC": "Picnic Table", "d_AssetTyp": "No Roof", "d_AssetMat": "Timber", "d_Branch": "Greater Sydney", "d_LGA": "Ku-Ring-Gai", "Comments": null, "Easting": 328821.56, "Northing": 6259382.23, "Latitude": "33\u00c2\u00b0 47.513' S", "Longitude": "151\u00c2\u00b0 9.06' E", "VERDATE": "2025-12-05"}, "geometry": {"coordinates": [151.15099361333318, -33.791887333332795, 0.0], "type": "Point", "geometries": null}}, {"type": "Feature", "properties": {"ModifiedDa": "2016-04-06", "SAPEquipID": 300181608, "AssetName": "Seat - Table - 02", "d_SubtypeC": "Picnic Table", "d_AssetTyp": "No Roof", "d_AssetMat": "Timber", "d_Branch": "Greater Sydney", "d_LGA": "Ku-Ring-Gai", "Comments": null, "Easting": 328790.86, "Northing": 6259341.66, "Latitude": "33\u00c2\u00b0 47.535' S", "Longitude": "151\u00c2\u00b0 9.039' E", "VERDATE": "2025-12-05"}, "geometry": {"coordinates": [151.15065422000032, -33.7922480533328, 0.0], "type": "Point", "geometries": null}}, {"type": "Feature", "properties": {"ModifiedDa": "2016-04-06", "SAPEquipID": 300181616, "AssetName": "Picnic Table - No Roof", "d_SubtypeC": "Picnic Table", "d_AssetTyp": "No Roof", "d_AssetMat": "Timber", "d_Branch": "Greater Sydney", "d_LGA": "Ryde", "Comments": null, "Easting": 328287.36, "Northing": 6259795.47, "Latitude": "33\u00c2\u00b0 47.285' S", "Longitude": "151\u00c2\u00b0 8.718' E", "VERDATE": "2025-12-05"}, "geometry": {"coordinates": [151.14530628, -33.7880755533327, 0.0], "type": "Point", "geometries": null}}, {"type": "Feature", "properties": {"ModifiedDa": "2016-04-06", "SAPEquipID": 300181625, "AssetName": "Picnic Table - No Roof - 03", "d_SubtypeC": "Picnic Table", "d_AssetTyp": "No Roof", "d_AssetMat": "Timber", "d_Branch": "Greater Sydney", "d_LGA": "Ryde", "Comments": null, "Easting": 328472.81, "Northing": 6259826.66, "Latitude": "33\u00c2\u00b0 47.269' S", "Longitude": "151\u00c2\u00b0 8.839' E", "VERDATE": "2025-12-05"}, "geometry": {"coordinates": [151.14731455333322, -33.787824499999374, 0.0], "type": "Point", "geometries": null}}, {"type": "Feature", "properties": {"ModifiedDa": "2016-04-06", "SAPEquipID": 300181633, "AssetName": "BBQ - Wood - 02", "d_SubtypeC": "BBQ/Fireplace", "d_AssetTyp": "No Roof", "d_AssetMat": "Steel Stainless", "d_Branch": "Greater Sydney", "d_LGA": "Ku-Ring-Gai", "Comments": null, "Easting": 328501.06, "Northing": 6259412.71, "Latitude": "33\u00c2\u00b0 47.494' S", "Longitude": "151\u00c2\u00b0 8.852' E", "VERDATE": "2025-12-05"}, "geometry": {"coordinates": [151.14753911333332, -33.79156061333276, 0.0], "type": "Point", "geometries": null}}, {"type": "Feature", "properties": {"ModifiedDa": "2016-04-06", "SAPEquipID": 300181643, "AssetName": "Picnic Table - No Roof - 02", "d_SubtypeC": "Picnic Table", "d_AssetTyp": "No Roof", "d_AssetMat": "Timber", "d_Branch": "Greater Sydney", "d_LGA": "Ryde", "Comments": null, "Easting": 328410.99, "Northing": 6259695.68, "Latitude": "33\u00c2\u00b0 47.34' S", "Longitude": "151\u00c2\u00b0 8.797' E", "VERDATE": "2025-12-05"}, "geometry": {"coordinates": [151.14662171999976, -33.788995219999435, 0.0], "type": "Point", "geometries": null}}, {"type": "Feature", "properties": {"ModifiedDa": "2016-04-06", "SAPEquipID": 300181650, "AssetName": "Seat - Timber - 15", "d_SubtypeC": "Seat", "d_AssetTyp": "Without Pad", "d_AssetMat": "Timber", "d_Branch": "Greater Sydney", "d_LGA": "Hornsby", "Comments": null, "Easting": 329270.65, "Northing": 6273915.6, "Latitude": "33\u00c2\u00b0 39.657' S", "Longitude": "151\u00c2\u00b0 9.519' E", "VERDATE": "2025-12-05"}, "geometry": {"coordinates": [151.15864316666705, -33.66094677999973, 0.0], "type": "Point", "geometries": null}}, {"type": "Feature", "properties": {"ModifiedDa": "2016-04-06", "SAPEquipID": 300181661, "AssetName": "Picnic Table - No Roof - 02", "d_SubtypeC": "Picnic Table", "d_AssetTyp": "No Roof", "d_AssetMat": "Timber", "d_Branch": "Greater Sydney", "d_LGA": "Ryde", "Comments": "no animal feed sign", "Easting": 328429.63, "Northing": 6259567.01, "Latitude": "33\u00c2\u00b0 47.409' S", "Longitude": "151\u00c2\u00b0 8.808' E", "VERDATE": "2025-12-05"}, "geometry": {"coordinates": [151.146797946667, -33.79015811333272, 0.0], "type": "Point", "geometries": null}}, {"type": "Feature", "properties": {"ModifiedDa": "2016-04-06", "SAPEquipID": 300181678, "AssetName": "Picnic Table - No Roof", "d_SubtypeC": "Picnic Table", "d_AssetTyp": "No Roof", "d_AssetMat": "Timber", "d_Branch": "Greater Sydney", "d_LGA": "Ryde", "Comments": null, "Easting": 328334.07, "Northing": 6259724.74, "Latitude": "33\u00c2\u00b0 47.323' S", "Longitude": "151\u00c2\u00b0 8.748' E", "VERDATE": "2025-12-05"}, "geometry": {"coordinates": [151.14579688666674, -33.78872077999938, 0.0], "type": "Point", "geometries": null}}, {"type": "Feature", "properties": {"ModifiedDa": "2016-04-06", "SAPEquipID": 300181684, "AssetName": "Tree Guard - 01", "d_SubtypeC": "Tree Guard", "d_AssetTyp": "Not Applicable", "d_AssetMat": "Not Applicable", "d_Branch": "Greater Sydney", "d_LGA": "Ku-Ring-Gai", "Comments": null, "Easting": 329415.31, "Northing": 6273970.99, "Latitude": "33\u00c2\u00b0 39.628' S", "Longitude": "151\u00c2\u00b0 9.613' E", "VERDATE": "2025-12-05"}, "geometry": {"coordinates": [151.1602133333338, -33.66047066666664, 0.0], "type": "Point", "geometries": null}}, {"type": "Feature", "properties": {"ModifiedDa": "2016-04-06", "SAPEquipID": 300181712, "AssetName": "WRS - 02", "d_SubtypeC": "Waste/Recycling Stn", "d_AssetTyp": "Not Applicable", "d_AssetMat": "Not Applicable", "d_Branch": "Greater Sydney", "d_LGA": "Ryde", "Comments": "2 rubbish 3 recycling", "Easting": 327412.39, "Northing": 6260577.51, "Latitude": "33\u00c2\u00b0 46.853' S", "Longitude": "151\u00c2\u00b0 8.161' E", "VERDATE": "2025-12-05"}, "geometry": {"coordinates": [151.13601277999987, -33.78088355333273, 0.0], "type": "Point", "geometries": null}}, {"type": "Feature", "properties": {"ModifiedDa": "2016-04-06", "SAPEquipID": 300181730, "AssetName": "WRS - 03", "d_SubtypeC": "Waste/Recycling Stn", "d_AssetTyp": "Not Applicable", "d_AssetMat": "Not Applicable", "d_Branch": "Greater Sydney", "d_LGA": "Ryde", "Comments": "2 rubbish 3 recycling", "Easting": 327359.07, "Northing": 6260607.08, "Latitude": "33\u00c2\u00b0 46.836' S", "Longitude": "151\u00c2\u00b0 8.127' E", "VERDATE": "2025-12-05"}, "geometry": {"coordinates": [151.13544294666644, -33.78060827999934, 0.0], "type": "Point", "geometries": null}}, {"type": "Feature", "properties": {"ModifiedDa": "2016-04-06", "SAPEquipID": 300181747, "AssetName": "Gas Enclosure", "d_SubtypeC": "Gas Enclosure", "d_AssetTyp": "Not Applicable", "d_AssetMat": "Not Applicable", "d_Branch": "Greater Sydney", "d_LGA": "Ryde", "Comments": null, "Easting": 327414.03, "Northing": 6260665.73, "Latitude": "33\u00c2\u00b0 46.805' S", "Longitude": "151\u00c2\u00b0 8.163' E", "VERDATE": "2025-12-05"}, "geometry": {"coordinates": [151.13604772000008, -33.78008849999941, 0.0], "type": "Point", "geometries": null}}, {"type": "Feature", "properties": {"ModifiedDa": "2016-04-06", "SAPEquipID": 300181765, "AssetName": "Picnic Table - No Roof - 01", "d_SubtypeC": "Picnic Table", "d_AssetTyp": "No Roof", "d_AssetMat": "Timber", "d_Branch": "Greater Sydney", "d_LGA": "Ryde", "Comments": null, "Easting": 328602.85, "Northing": 6259849.4, "Latitude": "33\u00c2\u00b0 47.258' S", "Longitude": "151\u00c2\u00b0 8.923' E", "VERDATE": "2025-12-05"}, "geometry": {"coordinates": [151.1487228333334, -33.78764061333277, 0.0], "type": "Point", "geometries": null}}, {"type": "Feature", "properties": {"ModifiedDa": "2016-04-06", "SAPEquipID": 300181783, "AssetName": "Playground Equipment - Jenkins Hall", "d_SubtypeC": "Playground Equipment", "d_AssetTyp": "Not Applicable", "d_AssetMat": "Not Applicable", "d_Branch": "Greater Sydney", "d_LGA": "Ku-Ring-Gai", "Comments": null, "Easting": 329190.13, "Northing": 6259540.17, "Latitude": "33\u00c2\u00b0 47.431' S", "Longitude": "151\u00c2\u00b0 9.3' E", "VERDATE": "2025-12-05"}, "geometry": {"coordinates": [151.15500344666646, -33.79052311333271, 0.0], "type": "Point", "geometries": null}}, {"type": "Feature", "properties": {"ModifiedDa": "2016-04-06", "SAPEquipID": 300181801, "AssetName": "WRS - 01", "d_SubtypeC": "Waste/Recycling Stn", "d_AssetTyp": "Not Applicable", "d_AssetMat": "Not Applicable", "d_Branch": "Greater Sydney", "d_LGA": "Ku-Ring-Gai", "Comments": null, "Easting": 329201.43, "Northing": 6259495.14, "Latitude": "33\u00c2\u00b0 47.456' S", "Longitude": "151\u00c2\u00b0 9.307' E", "VERDATE": "2025-12-05"}, "geometry": {"coordinates": [151.1551167800003, -33.79093088666605, 0.0], "type": "Point", "geometries": null}}, {"type": "Feature", "properties": {"ModifiedDa": "2016-04-06", "SAPEquipID": 300181818, "AssetName": "Picnic Table - No Roof - 03", "d_SubtypeC": "Picnic Table", "d_AssetTyp": "No Roof", "d_AssetMat": "Timber", "d_Branch": "Greater Sydney", "d_LGA": "Ku-Ring-Gai", "Comments": null, "Easting": 329181.3, "Northing": 6259460.16, "Latitude": "33\u00c2\u00b0 47.475' S", "Longitude": "151\u00c2\u00b0 9.294' E", "VERDATE": "2025-12-05"}, "geometry": {"coordinates": [151.1548926133337, -33.7912429466661, 0.0], "type": "Point", "geometries": null}}, {"type": "Feature", "properties": {"ModifiedDa": "2016-04-06", "SAPEquipID": 300181835, "AssetName": "Picnic Table - No Roof - 02", "d_SubtypeC": "Picnic Table", "d_AssetTyp": "No Roof", "d_AssetMat": "Timber", "d_Branch": "Greater Sydney", "d_LGA": "Ku-Ring-Gai", "Comments": null, "Easting": 329261.25, "Northing": 6259554.39, "Latitude": "33\u00c2\u00b0 47.424' S", "Longitude": "151\u00c2\u00b0 9.346' E", "VERDATE": "2025-12-05"}, "geometry": {"coordinates": [151.15577410666663, -33.79040647999949, 0.0], "type": "Point", "geometries": null}}, {"type": "Feature", "properties": {"ModifiedDa": "2016-04-06", "SAPEquipID": 300181836, "AssetName": "Seat - Timber - 08", "d_SubtypeC": "Seat", "d_AssetTyp": "Without Pad", "d_AssetMat": "Timber", "d_Branch": "Greater Sydney", "d_LGA": "Hornsby", "Comments": null, "Easting": 329288.33, "Northing": 6273869.99, "Latitude": "33\u00c2\u00b0 39.682' S", "Longitude": "151\u00c2\u00b0 9.53' E", "VERDATE": "2025-12-05"}, "geometry": {"coordinates": [151.15882505333366, -33.66136077999988, 0.0], "type": "Point", "geometries": null}}, {"type": "Feature", "properties": {"ModifiedDa": "2016-04-06", "SAPEquipID": 300181853, "AssetName": "Seat - Timber", "d_SubtypeC": "Seat", "d_AssetTyp": "Without Pad", "d_AssetMat": "Timber", "d_Branch": "Greater Sydney", "d_LGA": "Ryde", "Comments": null, "Easting": 328718.69, "Northing": 6258599.63, "Latitude": "33\u00c2\u00b0 47.936' S", "Longitude": "151\u00c2\u00b0 8.984' E", "VERDATE": "2025-12-05"}, "geometry": {"coordinates": [151.14973105333365, -33.798925386665985, 0.0], "type": "Point", "geometries": null}}, {"type": "Feature", "properties": {"ModifiedDa": "2016-04-06", "SAPEquipID": 300181870, "AssetName": "Picnic Table - No Roof - 01", "d_SubtypeC": "Picnic Table", "d_AssetTyp": "No Roof", "d_AssetMat": "Timber", "d_Branch": "Greater Sydney", "d_LGA": "Ryde", "Comments": null, "Easting": 328845.49, "Northing": 6259249.56, "Latitude": "33\u00c2\u00b0 47.585' S", "Longitude": "151\u00c2\u00b0 9.074' E", "VERDATE": "2025-12-05"}, "geometry": {"coordinates": [151.15122616666656, -33.79308716666611, 0.0], "type": "Point", "geometries": null}}, {"type": "Feature", "properties": {"ModifiedDa": "2016-10-20", "SAPEquipID": 300181887, "AssetName": "Picnic Table - No Roof - 02", "d_SubtypeC": "Picnic Table", "d_AssetTyp": "No Roof", "d_AssetMat": "Timber", "d_Branch": "Greater Sydney", "d_LGA": "Ryde", "Comments": null, "Easting": 328192.17, "Northing": 6260089.53, "Latitude": "33\u00c2\u00b0 47.125' S", "Longitude": "151\u00c2\u00b0 8.66' E", "VERDATE": "2025-12-05"}, "geometry": {"coordinates": [151.14433583333334, -33.78540933333272, 0.0], "type": "Point", "geometries": null}}, {"type": "Feature", "properties": {"ModifiedDa": "2016-04-06", "SAPEquipID": 300181904, "AssetName": "Seat - Stone - 02", "d_SubtypeC": "Seat", "d_AssetTyp": "Without Pad", "d_AssetMat": "Stone", "d_Branch": "Greater Sydney", "d_LGA": "Ryde", "Comments": "heritage stone seat", "Easting": 329021.31, "Northing": 6259396.35, "Latitude": "33\u00c2\u00b0 47.508' S", "Longitude": "151\u00c2\u00b0 9.189' E", "VERDATE": "2025-12-05"}, "geometry": {"coordinates": [151.15315294666664, -33.79179233333275, 0.0], "type": "Point", "geometries": null}}, {"type": "Feature", "properties": {"ModifiedDa": "2016-04-06", "SAPEquipID": 300181921, "AssetName": "WRS", "d_SubtypeC": "Waste/Recycling Stn", "d_AssetTyp": "Not Applicable", "d_AssetMat": "Not Applicable", "d_Branch": "Greater Sydney", "d_LGA": "Ryde", "Comments": null, "Easting": 328555.87, "Northing": 6259050.5, "Latitude": "33\u00c2\u00b0 47.69' S", "Longitude": "151\u00c2\u00b0 8.884' E", "VERDATE": "2025-12-05"}, "geometry": {"coordinates": [151.14806055333315, -33.794834666665906, 0.0], "type": "Point", "geometries": null}}, {"type": "Feature", "properties": {"ModifiedDa": "2016-04-06", "SAPEquipID": 300181938, "AssetName": "Seat - Bench Seat", "d_SubtypeC": "Seat", "d_AssetTyp": "Without Pad", "d_AssetMat": "Timber", "d_Branch": "Greater Sydney", "d_LGA": "Ku-Ring-Gai", "Comments": null, "Easting": 328563.45, "Northing": 6259329.24, "Latitude": "33\u00c2\u00b0 47.539' S", "Longitude": "151\u00c2\u00b0 8.892' E", "VERDATE": "2025-12-05"}, "geometry": {"coordinates": [151.1481965733334, -33.792323146666035, 0.0], "type": "Point", "geometries": null}}, {"type": "Feature", "properties": {"ModifiedDa": "2016-04-06", "SAPEquipID": 300182091, "AssetName": "Seat - Timber - 02", "d_SubtypeC": "Seat", "d_AssetTyp": "Without Pad", "d_AssetMat": "Timber", "d_Branch": "Greater Sydney", "d_LGA": "Hornsby", "Comments": null, "Easting": 329250.71, "Northing": 6273788.22, "Latitude": "33\u00c2\u00b0 39.726' S", "Longitude": "151\u00c2\u00b0 9.504' E", "VERDATE": "2025-12-05"}, "geometry": {"coordinates": [151.15840372000048, -33.662091833333136, 0.0], "type": "Point", "geometries": null}}, {"type": "Feature", "properties": {"ModifiedDa": "2016-04-06", "SAPEquipID": 300182108, "AssetName": "Seat - Plastic - 02", "d_SubtypeC": "Seat", "d_AssetTyp": "Without Pad", "d_AssetMat": "Plastic", "d_Branch": "Greater Sydney", "d_LGA": "Hornsby", "Comments": null, "Easting": 329094.85, "Northing": 6273631.22, "Latitude": "33\u00c2\u00b0 39.809' S", "Longitude": "151\u00c2\u00b0 9.402' E", "VERDATE": "2025-12-05"}, "geometry": {"coordinates": [151.1566933333337, -33.66348214666658, 0.0], "type": "Point", "geometries": null}}, {"type": "Feature", "properties": {"ModifiedDa": "2016-04-06", "SAPEquipID": 300182126, "AssetName": "Seat - Timber - 02", "d_SubtypeC": "Seat", "d_AssetTyp": "Without Pad", "d_AssetMat": "Timber", "d_Branch": "Greater Sydney", "d_LGA": "Hornsby", "Comments": null, "Easting": 328471.37, "Northing": 6273533.9, "Latitude": "33\u00c2\u00b0 39.856' S", "Longitude": "151\u00c2\u00b0 8.997' E", "VERDATE": "2025-12-05"}, "geometry": {"coordinates": [151.14995300000044, -33.66425899999996, 0.0], "type": "Point", "geometries": null}}, {"type": "Feature", "properties": {"ModifiedDa": "2016-04-06", "SAPEquipID": 300182291, "AssetName": "Seat - Timber - 15", "d_SubtypeC": "Seat", "d_AssetTyp": "Without Pad", "d_AssetMat": "Timber", "d_Branch": "Greater Sydney", "d_LGA": "Hornsby", "Comments": null, "Easting": 328765.43, "Northing": 6274782.53, "Latitude": "33\u00c2\u00b0 39.183' S", "Longitude": "151\u00c2\u00b0 9.202' E", "VERDATE": "2025-12-05"}, "geometry": {"coordinates": [151.1533637452609, -33.65305036831637, 0.0], "type": "Point", "geometries": null}}, {"type": "Feature", "properties": {"ModifiedDa": "2016-04-06", "SAPEquipID": 300182308, "AssetName": "WRS - 03", "d_SubtypeC": "Waste/Recycling Stn", "d_AssetTyp": "Not Applicable", "d_AssetMat": "Not Applicable", "d_Branch": "Greater Sydney", "d_LGA": "Hornsby", "Comments": null, "Easting": 329382.8, "Northing": 6274174.54, "Latitude": "33\u00c2\u00b0 39.518' S", "Longitude": "151\u00c2\u00b0 9.594' E", "VERDATE": "2025-12-05"}, "geometry": {"coordinates": [151.15990194666676, -33.65863055333318, 0.0], "type": "Point", "geometries": null}}, {"type": "Feature", "properties": {"ModifiedDa": "2016-04-06", "SAPEquipID": 300182324, "AssetName": "Seat - Timber - 21", "d_SubtypeC": "Seat", "d_AssetTyp": "Without Pad", "d_AssetMat": "Timber", "d_Branch": "Greater Sydney", "d_LGA": "Hornsby", "Comments": null, "Easting": 328861.26, "Northing": 6274865.45, "Latitude": "33\u00c2\u00b0 39.139' S", "Longitude": "151\u00c2\u00b0 9.265' E", "VERDATE": "2025-12-05"}, "geometry": {"coordinates": [151.15441269333417, -33.652318333333255, 0.0], "type": "Point", "geometries": null}}, {"type": "Feature", "properties": {"ModifiedDa": "2016-04-06", "SAPEquipID": 300182359, "AssetName": "Seat - Timber", "d_SubtypeC": "Seat", "d_AssetTyp": "Without Pad", "d_AssetMat": "Timber", "d_Branch": "Greater Sydney", "d_LGA": "Hornsby", "Comments": null, "Easting": 328341.08, "Northing": 6295506.86, "Latitude": "33\u00c2\u00b0 27.969' S", "Longitude": "151\u00c2\u00b0 9.166' E", "VERDATE": "2025-12-05"}, "geometry": {"coordinates": [151.1527723866675, -33.46615516666651, 0.0], "type": "Point", "geometries": null}}, {"type": "Feature", "properties": {"ModifiedDa": "2016-04-06", "SAPEquipID": 300182374, "AssetName": "Seat - Timber - 07", "d_SubtypeC": "Seat", "d_AssetTyp": "Without Pad", "d_AssetMat": "Timber", "d_Branch": "Greater Sydney", "d_LGA": "Hornsby", "Comments": null, "Easting": 328886.19, "Northing": 6274794.98, "Latitude": "33\u00c2\u00b0 39.177' S", "Longitude": "151\u00c2\u00b0 9.28' E", "VERDATE": "2025-12-05"}, "geometry": {"coordinates": [151.1546678516164, -33.65295756533942, 0.0], "type": "Point", "geometries": null}}, {"type": "Feature", "properties": {"ModifiedDa": "2016-04-06", "SAPEquipID": 300182392, "AssetName": "Seat - Timber - 07", "d_SubtypeC": "Seat", "d_AssetTyp": "Without Pad", "d_AssetMat": "Timber", "d_Branch": "Greater Sydney", "d_LGA": "Hornsby", "Comments": null, "Easting": 328372.48, "Northing": 6273652.88, "Latitude": "33\u00c2\u00b0 39.79' S", "Longitude": "151\u00c2\u00b0 8.935' E", "VERDATE": "2025-12-05"}, "geometry": {"coordinates": [151.14890983333396, -33.663170499999694, 0.0], "type": "Point", "geometries": null}}, {"type": "Feature", "properties": {"ModifiedDa": "2016-04-06", "SAPEquipID": 300182409, "AssetName": "Picnic Table - No Roof - 02", "d_SubtypeC": "Picnic Table", "d_AssetTyp": "No Roof", "d_AssetMat": "Steel", "d_Branch": "Greater Sydney", "d_LGA": "Hornsby", "Comments": "CENTRE POST Timber top No 2", "Easting": 329235.24, "Northing": 6273888.57, "Latitude": "33\u00c2\u00b0 39.671' S", "Longitude": "151\u00c2\u00b0 9.495' E", "VERDATE": "2025-12-05"}, "geometry": {"coordinates": [151.15825622000057, -33.66118471999988, 0.0], "type": "Point", "geometries": null}}, {"type": "Feature", "properties": {"ModifiedDa": "2016-04-06", "SAPEquipID": 300182425, "AssetName": "BBQ - Wood - 02", "d_SubtypeC": "BBQ/Fireplace", "d_AssetTyp": "No Roof", "d_AssetMat": "Steel Stainless", "d_Branch": "Greater Sydney", "d_LGA": "Ku-Ring-Gai", "Comments": null, "Easting": 328547.52, "Northing": 6259338.4, "Latitude": "33\u00c2\u00b0 47.534' S", "Longitude": "151\u00c2\u00b0 8.882' E", "VERDATE": "2025-12-05"}, "geometry": {"coordinates": [151.14802635333365, -33.79223801999933, 0.0], "type": "Point", "geometries": null}}, {"type": "Feature", "properties": {"ModifiedDa": "2016-04-06", "SAPEquipID": 300182426, "AssetName": "Picnic Table - No Roof - 09", "d_SubtypeC": "Picnic Table", "d_AssetTyp": "No Roof", "d_AssetMat": "Unknown", "d_Branch": "Greater Sydney", "d_LGA": "Hornsby", "Comments": "CENTRE POST  timber top No 8", "Easting": 329184.9, "Northing": 6273767.07, "Latitude": "33\u00c2\u00b0 39.736' S", "Longitude": "151\u00c2\u00b0 9.461' E", "VERDATE": "2025-12-05"}, "geometry": {"coordinates": [151.15769016666673, -33.662271946666635, 0.0], "type": "Point", "geometries": null}}, {"type": "Feature", "properties": {"ModifiedDa": "2016-04-06", "SAPEquipID": 300182442, "AssetName": "WRS", "d_SubtypeC": "Waste/Recycling Stn", "d_AssetTyp": "Not Applicable", "d_AssetMat": "Not Applicable", "d_Branch": "Greater Sydney", "d_LGA": "Ku-Ring-Gai", "Comments": null, "Easting": 328571.17, "Northing": 6259324.44, "Latitude": "33\u00c2\u00b0 47.542' S", "Longitude": "151\u00c2\u00b0 8.897' E", "VERDATE": "2025-12-05"}, "geometry": {"coordinates": [151.14827899999977, -33.792367666665996, 0.0], "type": "Point", "geometries": null}}, {"type": "Feature", "properties": {"ModifiedDa": "2016-04-06", "SAPEquipID": 300182443, "AssetName": "Picnic Table - No Roof - 16", "d_SubtypeC": "Picnic Table", "d_AssetTyp": "No Roof", "d_AssetMat": "Timber", "d_Branch": "Greater Sydney", "d_LGA": "Hornsby", "Comments": "CENTRE POST  timber top No 15", "Easting": 329106.86, "Northing": 6273651.68, "Latitude": "33\u00c2\u00b0 39.798' S", "Longitude": "151\u00c2\u00b0 9.41' E", "VERDATE": "2025-12-05"}, "geometry": {"coordinates": [151.15682672000037, -33.66329966666649, 0.0], "type": "Point", "geometries": null}}, {"type": "Feature", "properties": {"ModifiedDa": "2016-04-06", "SAPEquipID": 300182458, "AssetName": "Picnic Table - No Roof - 03", "d_SubtypeC": "Picnic Table", "d_AssetTyp": "No Roof", "d_AssetMat": "Timber", "d_Branch": "Greater Sydney", "d_LGA": "Ku-Ring-Gai", "Comments": null, "Easting": 328601.99, "Northing": 6259182.6, "Latitude": "33\u00c2\u00b0 47.619' S", "Longitude": "151\u00c2\u00b0 8.915' E", "VERDATE": "2025-12-05"}, "geometry": {"coordinates": [151.14858416666664, -33.79365133333272, 0.0], "type": "Point", "geometries": null}}, {"type": "Feature", "properties": {"ModifiedDa": "2016-04-06", "SAPEquipID": 300182460, "AssetName": "WRS - The Station", "d_SubtypeC": "Waste/Recycling Stn", "d_AssetTyp": "Not Applicable", "d_AssetMat": "Not Applicable", "d_Branch": "Greater Sydney", "d_LGA": "Hornsby", "Comments": "6 rubbish 5 recycling", "Easting": 329254.05, "Northing": 6273930.36, "Latitude": "33\u00c2\u00b0 39.649' S", "Longitude": "151\u00c2\u00b0 9.508' E", "VERDATE": "2025-12-05"}, "geometry": {"coordinates": [151.1584670000002, -33.660811053333134, 0.0], "type": "Point", "geometries": null}}, {"type": "Feature", "properties": {"ModifiedDa": "2016-04-06", "SAPEquipID": 300182475, "AssetName": "BBQ - Wood - 02", "d_SubtypeC": "BBQ/Fireplace", "d_AssetTyp": "No Roof", "d_AssetMat": "Steel", "d_Branch": "Greater Sydney", "d_LGA": "Ryde", "Comments": null, "Easting": 328248.15, "Northing": 6259886.31, "Latitude": "33\u00c2\u00b0 47.235' S", "Longitude": "151\u00c2\u00b0 8.694' E", "VERDATE": "2025-12-05"}, "geometry": {"coordinates": [151.14490063999983, -33.78725035333281, 0.0], "type": "Point", "geometries": null}}, {"type": "Feature", "properties": {"ModifiedDa": "2016-04-06", "SAPEquipID": 300182476, "AssetName": "BBQ - Pedestal - 02", "d_SubtypeC": "BBQ/Fireplace", "d_AssetTyp": "No Roof", "d_AssetMat": "Steel", "d_Branch": "Greater Sydney", "d_LGA": "Hornsby", "Comments": null, "Easting": 324952.31, "Northing": 6277728.77, "Latitude": "33\u00c2\u00b0 37.552' S", "Longitude": "151\u00c2\u00b0 6.77' E", "VERDATE": "2025-12-05"}, "geometry": {"coordinates": [151.1128410533339, -33.62587038666658, 0.0], "type": "Point", "geometries": null}}, {"type": "Feature", "properties": {"ModifiedDa": "2016-04-06", "SAPEquipID": 300182492, "AssetName": "Picnic Table - No Roof", "d_SubtypeC": "Picnic Table", "d_AssetTyp": "No Roof", "d_AssetMat": "Timber", "d_Branch": "Greater Sydney", "d_LGA": "Ryde", "Comments": null, "Easting": 328247.03, "Northing": 6259877.2, "Latitude": "33\u00c2\u00b0 47.24' S", "Longitude": "151\u00c2\u00b0 8.693' E", "VERDATE": "2025-12-05"}, "geometry": {"coordinates": [151.14488683333332, -33.78733227999942, 0.0], "type": "Point", "geometries": null}}, {"type": "Feature", "properties": {"ModifiedDa": "2016-04-06", "SAPEquipID": 300182493, "AssetName": "Seat - Timber - 01", "d_SubtypeC": "Seat", "d_AssetTyp": "With Pad", "d_AssetMat": "Timber", "d_Branch": "Greater Sydney", "d_LGA": "Hornsby", "Comments": null, "Easting": 322015.54, "Northing": 6273370.56, "Latitude": "33\u00c2\u00b0 39.88' S", "Longitude": "151\u00c2\u00b0 4.819' E", "VERDATE": "2025-12-05"}, "geometry": {"coordinates": [151.08032350000087, -33.66466983333328, 0.0], "type": "Point", "geometries": null}}, {"type": "Feature", "properties": {"ModifiedDa": "2016-04-06", "SAPEquipID": 300182509, "AssetName": "Seat - Timber", "d_SubtypeC": "Seat", "d_AssetTyp": "Without Pad", "d_AssetMat": "Timber", "d_Branch": "Greater Sydney", "d_LGA": "Ku-Ring-Gai", "Comments": null, "Easting": 329244.26, "Northing": 6259488.33, "Latitude": "33\u00c2\u00b0 47.46' S", "Longitude": "151\u00c2\u00b0 9.335' E", "VERDATE": "2025-12-05"}, "geometry": {"coordinates": [151.15557783333338, -33.790999219999435, 0.0], "type": "Point", "geometries": null}}, {"type": "Feature", "properties": {"ModifiedDa": "2016-04-06", "SAPEquipID": 300182510, "AssetName": "Seat - Timber - 27", "d_SubtypeC": "Seat", "d_AssetTyp": "Without Pad", "d_AssetMat": "Timber", "d_Branch": "Greater Sydney", "d_LGA": "Hornsby", "Comments": null, "Easting": 328919.65, "Northing": 6274837.68, "Latitude": "33\u00c2\u00b0 39.155' S", "Longitude": "151\u00c2\u00b0 9.302' E", "VERDATE": "2025-12-05"}, "geometry": {"coordinates": [151.15503672000023, -33.65257805333306, 0.0], "type": "Point", "geometries": null}}, {"type": "Feature", "properties": {"ModifiedDa": "2016-04-06", "SAPEquipID": 300182526, "AssetName": "BBQ - Electric", "d_SubtypeC": "BBQ/Fireplace", "d_AssetTyp": "With Roof", "d_AssetMat": "Steel", "d_Branch": "Greater Sydney", "d_LGA": "Ku-Ring-Gai", "Comments": null, "Easting": 329265.42, "Northing": 6259554.42, "Latitude": "33\u00c2\u00b0 47.424' S", "Longitude": "151\u00c2\u00b0 9.349' E", "VERDATE": "2025-12-05"}, "geometry": {"coordinates": [151.1558190533333, -33.79040688666612, 0.0], "type": "Point", "geometries": null}}, {"type": "Feature", "properties": {"ModifiedDa": "2016-04-06", "SAPEquipID": 300182527, "AssetName": "BBQ - The Station - 01", "d_SubtypeC": "BBQ/Fireplace", "d_AssetTyp": "No Roof", "d_AssetMat": "Block - Concrete", "d_Branch": "Greater Sydney", "d_LGA": "Hornsby", "Comments": "The Station BBQ2", "Easting": 329218.83, "Northing": 6273933.05, "Latitude": "33\u00c2\u00b0 39.647' S", "Longitude": "151\u00c2\u00b0 9.485' E", "VERDATE": "2025-12-05"}, "geometry": {"coordinates": [151.1580878333334, -33.66078116666648, 0.0], "type": "Point", "geometries": null}}, {"type": "Feature", "properties": {"ModifiedDa": "2016-04-06", "SAPEquipID": 300182543, "AssetName": "WRS", "d_SubtypeC": "Waste/Recycling Stn", "d_AssetTyp": "Not Applicable", "d_AssetMat": "Not Applicable", "d_Branch": "Greater Sydney", "d_LGA": "Ku-Ring-Gai", "Comments": null, "Easting": 329271.32, "Northing": 6259527.72, "Latitude": "33\u00c2\u00b0 47.439' S", "Longitude": "151\u00c2\u00b0 9.353' E", "VERDATE": "2025-12-05"}, "geometry": {"coordinates": [151.1558776666668, -33.790648446666125, 0.0], "type": "Point", "geometries": null}}, {"type": "Feature", "properties": {"ModifiedDa": "2016-04-06", "SAPEquipID": 300182545, "AssetName": "Picnic Table - No Roof - 01", "d_SubtypeC": "Picnic Table", "d_AssetTyp": "No Roof", "d_AssetMat": "Timber Treated", "d_Branch": "Greater Sydney", "d_LGA": "Hornsby", "Comments": null, "Easting": 325939.52, "Northing": 6272338.2, "Latitude": "33\u00c2\u00b0 40.478' S", "Longitude": "151\u00c2\u00b0 7.345' E", "VERDATE": "2025-12-05"}, "geometry": {"coordinates": [151.12242383333364, -33.67462599999993, 0.0], "type": "Point", "geometries": null}}, {"type": "Feature", "properties": {"ModifiedDa": "2016-04-06", "SAPEquipID": 300182559, "AssetName": "Cycle Rack - Jenkins Hall", "d_SubtypeC": "Cycle Rack", "d_AssetTyp": "Not Applicable", "d_AssetMat": "Not Applicable", "d_Branch": "Greater Sydney", "d_LGA": "Ku-Ring-Gai", "Comments": null, "Easting": 329240.71, "Northing": 6259527.09, "Latitude": "33\u00c2\u00b0 47.439' S", "Longitude": "151\u00c2\u00b0 9.333' E", "VERDATE": "2025-12-05"}, "geometry": {"coordinates": [151.15554702666668, -33.79064927333275, 0.0], "type": "Point", "geometries": null}}, {"type": "Feature", "properties": {"ModifiedDa": "2016-04-06", "SAPEquipID": 300182576, "AssetName": "Picnic Table - No Roof - 02", "d_SubtypeC": "Picnic Table", "d_AssetTyp": "No Roof", "d_AssetMat": "Timber", "d_Branch": "Greater Sydney", "d_LGA": "Ku-Ring-Gai", "Comments": null, "Easting": 329174.12, "Northing": 6259494.42, "Latitude": "33\u00c2\u00b0 47.456' S", "Longitude": "151\u00c2\u00b0 9.289' E", "VERDATE": "2025-12-05"}, "geometry": {"coordinates": [151.15482178000002, -33.79093295999945, 0.0], "type": "Point", "geometries": null}}, {"type": "Feature", "properties": {"ModifiedDa": "2016-04-06", "SAPEquipID": 300182593, "AssetName": "Seat - Timber - 03", "d_SubtypeC": "Seat", "d_AssetTyp": "With Pad", "d_AssetMat": "Timber", "d_Branch": "Greater Sydney", "d_LGA": "Ku-Ring-Gai", "Comments": null, "Easting": 329194.8, "Northing": 6259559.89, "Latitude": "33\u00c2\u00b0 47.421' S", "Longitude": "151\u00c2\u00b0 9.303' E", "VERDATE": "2025-12-05"}, "geometry": {"coordinates": [151.1550576666665, -33.790346166666154, 0.0], "type": "Point", "geometries": null}}, {"type": "Feature", "properties": {"ModifiedDa": "2016-04-06", "SAPEquipID": 300182627, "AssetName": "BBQ - Electric", "d_SubtypeC": "BBQ/Fireplace", "d_AssetTyp": "No Roof", "d_AssetMat": "Steel Stainless", "d_Branch": "Greater Sydney", "d_LGA": "Ku-Ring-Gai", "Comments": null, "Easting": 329277.17, "Northing": 6259505.34, "Latitude": "33\u00c2\u00b0 47.451' S", "Longitude": "151\u00c2\u00b0 9.356' E", "VERDATE": "2025-12-05"}, "geometry": {"coordinates": [151.1559365000004, -33.790851219999354, 0.0], "type": "Point", "geometries": null}}, {"type": "Feature", "properties": {"ModifiedDa": "2016-04-06", "SAPEquipID": 300182644, "AssetName": "WRS", "d_SubtypeC": "Waste/Recycling Stn", "d_AssetTyp": "Not Applicable", "d_AssetMat": "Not Applicable", "d_Branch": "Greater Sydney", "d_LGA": "Ku-Ring-Gai", "Comments": null, "Easting": 329286.1, "Northing": 6259514.54, "Latitude": "33\u00c2\u00b0 47.446' S", "Longitude": "151\u00c2\u00b0 9.362' E", "VERDATE": "2025-12-05"}, "geometry": {"coordinates": [151.1560346133332, -33.79076966666611, 0.0], "type": "Point", "geometries": null}}, {"type": "Feature", "properties": {"ModifiedDa": "2016-04-06", "SAPEquipID": 300183477, "AssetName": "BBQ - Pit - 02", "d_SubtypeC": "BBQ/Fireplace", "d_AssetTyp": "No Roof", "d_AssetMat": "Other", "d_Branch": "Greater Sydney", "d_LGA": "Hornsby", "Comments": null, "Easting": 325038.72, "Northing": 6277691.58, "Latitude": "33\u00c2\u00b0 37.573' S", "Longitude": "151\u00c2\u00b0 6.826' E", "VERDATE": "2025-12-05"}, "geometry": {"coordinates": [151.1137648333339, -33.626219886666604, 0.0], "type": "Point", "geometries": null}}, {"type": "Feature", "properties": {"ModifiedDa": "2016-04-06", "SAPEquipID": 300183524, "AssetName": "Picnic Table - With Roof - 01", "d_SubtypeC": "Picnic Table", "d_AssetTyp": "With Roof", "d_AssetMat": "Timber", "d_Branch": "Greater Sydney", "d_LGA": "Ryde", "Comments": null, "Easting": 328436.92, "Northing": 6259608.81, "Latitude": "33\u00c2\u00b0 47.387' S", "Longitude": "151\u00c2\u00b0 8.813' E", "VERDATE": "2025-12-05"}, "geometry": {"coordinates": [151.14688472000046, -33.78978244666604, 0.0], "type": "Point", "geometries": null}}, {"type": "Feature", "properties": {"ModifiedDa": "2016-04-06", "SAPEquipID": 300183541, "AssetName": "Picnic Table - With Roof - 02", "d_SubtypeC": "Picnic Table", "d_AssetTyp": "With Roof", "d_AssetMat": "Unknown", "d_Branch": "Greater Sydney", "d_LGA": "Ryde", "Comments": "no animal feeding sign", "Easting": 328491.72, "Northing": 6259228.48, "Latitude": "33\u00c2\u00b0 47.593' S", "Longitude": "151\u00c2\u00b0 8.844' E", "VERDATE": "2025-12-05"}, "geometry": {"coordinates": [151.14740249999988, -33.79321983333273, 0.0], "type": "Point", "geometries": null}}, {"type": "Feature", "properties": {"ModifiedDa": "2016-04-06", "SAPEquipID": 300183558, "AssetName": "Picnic Table - No Roof - 02", "d_SubtypeC": "Picnic Table", "d_AssetTyp": "No Roof", "d_AssetMat": "Timber", "d_Branch": "Greater Sydney", "d_LGA": "Ryde", "Comments": null, "Easting": 328955.91, "Northing": 6259471.47, "Latitude": "33\u00c2\u00b0 47.466' S", "Longitude": "151\u00c2\u00b0 9.148' E", "VERDATE": "2025-12-05"}, "geometry": {"coordinates": [151.15246133333335, -33.79110461333278, 0.0], "type": "Point", "geometries": null}}, {"type": "Feature", "properties": {"ModifiedDa": "2016-04-06", "SAPEquipID": 300183576, "AssetName": "Picnic Table - No Roof - 02", "d_SubtypeC": "Picnic Table", "d_AssetTyp": "No Roof", "d_AssetMat": "Other", "d_Branch": "Greater Sydney", "d_LGA": "Ryde", "Comments": "heritage stone table", "Easting": 329110.13, "Northing": 6259396.73, "Latitude": "33\u00c2\u00b0 47.508' S", "Longitude": "151\u00c2\u00b0 9.247' E", "VERDATE": "2025-12-05"}, "geometry": {"coordinates": [151.1541119466666, -33.79180327999944, 0.0], "type": "Point", "geometries": null}}, {"type": "Feature", "properties": {"ModifiedDa": "2016-04-06", "SAPEquipID": 300183594, "AssetName": "Picnic Table - No Roof - 02", "d_SubtypeC": "Picnic Table", "d_AssetTyp": "No Roof", "d_AssetMat": "Timber", "d_Branch": "Greater Sydney", "d_LGA": "Ryde", "Comments": null, "Easting": 327374.95, "Northing": 6260634.88, "Latitude": "33\u00c2\u00b0 46.822' S", "Longitude": "151\u00c2\u00b0 8.137' E", "VERDATE": "2025-12-05"}, "geometry": {"coordinates": [151.13561988666652, -33.78036027999934, 0.0], "type": "Point", "geometries": null}}, {"type": "Feature", "properties": {"ModifiedDa": "2016-04-06", "SAPEquipID": 300183611, "AssetName": "Picnic Table - No Roof - 07", "d_SubtypeC": "Picnic Table", "d_AssetTyp": "No Roof", "d_AssetMat": "Other", "d_Branch": "Greater Sydney", "d_LGA": "Ryde", "Comments": "table inside the old barn", "Easting": 327415.99, "Northing": 6260581.94, "Latitude": "33\u00c2\u00b0 46.851' S", "Longitude": "151\u00c2\u00b0 8.163' E", "VERDATE": "2025-12-05"}, "geometry": {"coordinates": [151.13605249999978, -33.78084416666616, 0.0], "type": "Point", "geometries": null}}, {"type": "Feature", "properties": {"ModifiedDa": "2016-04-06", "SAPEquipID": 300183628, "AssetName": "Gas Enclosure - Carters Creek", "d_SubtypeC": "Gas Enclosure", "d_AssetTyp": "Not Applicable", "d_AssetMat": "Not Applicable", "d_Branch": "Greater Sydney", "d_LGA": "Ryde", "Comments": null, "Easting": 328497.61, "Northing": 6259182.87, "Latitude": "33\u00c2\u00b0 47.618' S", "Longitude": "151\u00c2\u00b0 8.847' E", "VERDATE": "2025-12-05"}, "geometry": {"coordinates": [151.14745721999998, -33.79363194666615, 0.0], "type": "Point", "geometries": null}}, {"type": "Feature", "properties": {"ModifiedDa": "2016-04-06", "SAPEquipID": 300183646, "AssetName": "Picnic Table - No Roof - 02", "d_SubtypeC": "Picnic Table", "d_AssetTyp": "No Roof", "d_AssetMat": "Timber", "d_Branch": "Greater Sydney", "d_LGA": "Ryde", "Comments": null, "Easting": 329258.35, "Northing": 6259382.25, "Latitude": "33\u00c2\u00b0 47.517' S", "Longitude": "151\u00c2\u00b0 9.343' E", "VERDATE": "2025-12-05"}, "geometry": {"coordinates": [151.1557094466666, -33.791957779999336, 0.0], "type": "Point", "geometries": null}}, {"type": "Feature", "properties": {"ModifiedDa": "2016-04-06", "SAPEquipID": 300183664, "AssetName": "Seat - Timber - 03", "d_SubtypeC": "Seat", "d_AssetTyp": "With Pad", "d_AssetMat": "Timber", "d_Branch": "Greater Sydney", "d_LGA": "Ryde", "Comments": null, "Easting": 329334.6, "Northing": 6259344.53, "Latitude": "33\u00c2\u00b0 47.539' S", "Longitude": "151\u00c2\u00b0 9.392' E", "VERDATE": "2025-12-05"}, "geometry": {"coordinates": [151.1565253866671, -33.792310053332585, 0.0], "type": "Point", "geometries": null}}, {"type": "Feature", "properties": {"ModifiedDa": "2016-04-06", "SAPEquipID": 300183681, "AssetName": "Picnic Table - No Roof - 08", "d_SubtypeC": "Picnic Table", "d_AssetTyp": "No Roof", "d_AssetMat": "Timber", "d_Branch": "Greater Sydney", "d_LGA": "Ryde", "Comments": null, "Easting": 328874.57, "Northing": 6259334.69, "Latitude": "33\u00c2\u00b0 47.539' S", "Longitude": "151\u00c2\u00b0 9.093' E", "VERDATE": "2025-12-05"}, "geometry": {"coordinates": [151.15155666666692, -33.79232444666604, 0.0], "type": "Point", "geometries": null}}, {"type": "Feature", "properties": {"ModifiedDa": "2016-04-06", "SAPEquipID": 300183698, "AssetName": "Seat - Stone - 04", "d_SubtypeC": "Seat", "d_AssetTyp": "Without Pad", "d_AssetMat": "Stone", "d_Branch": "Greater Sydney", "d_LGA": "Ryde", "Comments": "heritage stone seat", "Easting": 329014.9, "Northing": 6259395.9, "Latitude": "33\u00c2\u00b0 47.508' S", "Longitude": "151\u00c2\u00b0 9.185' E", "VERDATE": "2025-12-05"}, "geometry": {"coordinates": [151.15308366666682, -33.79179538666597, 0.0], "type": "Point", "geometries": null}}, {"type": "Feature", "properties": {"ModifiedDa": "2016-04-06", "SAPEquipID": 300183714, "AssetName": "Picnic Table - No Roof - 02", "d_SubtypeC": "Picnic Table", "d_AssetTyp": "No Roof", "d_AssetMat": "Timber", "d_Branch": "Greater Sydney", "d_LGA": "Ryde", "Comments": null, "Easting": 328845.32, "Northing": 6259256.39, "Latitude": "33\u00c2\u00b0 47.582' S", "Longitude": "151\u00c2\u00b0 9.074' E", "VERDATE": "2025-12-05"}, "geometry": {"coordinates": [151.1512256666665, -33.793025553332825, 0.0], "type": "Point", "geometries": null}}, {"type": "Feature", "properties": {"ModifiedDa": "2016-04-06", "SAPEquipID": 300183747, "AssetName": "Picnic Table - No Roof - 01", "d_SubtypeC": "Picnic Table", "d_AssetTyp": "No Roof", "d_AssetMat": "Timber", "d_Branch": "Greater Sydney", "d_LGA": "Ku-Ring-Gai", "Comments": null, "Easting": 329262.15, "Northing": 6259538.05, "Latitude": "33\u00c2\u00b0 47.433' S", "Longitude": "151\u00c2\u00b0 9.347' E", "VERDATE": "2025-12-05"}, "geometry": {"coordinates": [151.1557806133335, -33.79055388666592, 0.0], "type": "Point", "geometries": null}}, {"type": "Feature", "properties": {"ModifiedDa": "2016-04-06", "SAPEquipID": 300183764, "AssetName": "Picnic Table - No Roof - 01", "d_SubtypeC": "Picnic Table", "d_AssetTyp": "No Roof", "d_AssetMat": "Timber", "d_Branch": "Greater Sydney", "d_LGA": "Ku-Ring-Gai", "Comments": null, "Easting": 329226.05, "Northing": 6259521.71, "Latitude": "33\u00c2\u00b0 47.442' S", "Longitude": "151\u00c2\u00b0 9.323' E", "VERDATE": "2025-12-05"}, "geometry": {"coordinates": [151.1553877199998, -33.790695333332565, 0.0], "type": "Point", "geometries": null}}, {"type": "Feature", "properties": {"ModifiedDa": "2016-04-06", "SAPEquipID": 300183934, "AssetName": "BBQ - Wood - 01", "d_SubtypeC": "BBQ/Fireplace", "d_AssetTyp": "No Roof", "d_AssetMat": "Steel", "d_Branch": "Greater Sydney", "d_LGA": "Ryde", "Comments": null, "Easting": 328279.65, "Northing": 6259897.68, "Latitude": "33\u00c2\u00b0 47.229' S", "Longitude": "151\u00c2\u00b0 8.715' E", "VERDATE": "2025-12-05"}, "geometry": {"coordinates": [151.14524300000028, -33.78715294666608, 0.0], "type": "Point", "geometries": null}}, {"type": "Feature", "properties": {"ModifiedDa": "2016-04-06", "SAPEquipID": 300183968, "AssetName": "Bin - Garbage", "d_SubtypeC": "Bin", "d_AssetTyp": "Garbage", "d_AssetMat": "Not Applicable", "d_Branch": "Greater Sydney", "d_LGA": "Ku-Ring-Gai", "Comments": null, "Easting": 328275.38, "Northing": 6260316.37, "Latitude": "33\u00c2\u00b0 47.003' S", "Longitude": "151\u00c2\u00b0 8.717' E", "VERDATE": "2025-12-05"}, "geometry": {"coordinates": [151.14527828000018, -33.78337794666612, 0.0], "type": "Point", "geometries": null}}, {"type": "Feature", "properties": {"ModifiedDa": "2016-04-06", "SAPEquipID": 300184186, "AssetName": "Cycle Rack - Jenkins Hall", "d_SubtypeC": "Cycle Rack", "d_AssetTyp": "Not Applicable", "d_AssetMat": "Not Applicable", "d_Branch": "Greater Sydney", "d_LGA": "Ku-Ring-Gai", "Comments": null, "Easting": 329196.06, "Northing": 6259569.26, "Latitude": "33\u00c2\u00b0 47.416' S", "Longitude": "151\u00c2\u00b0 9.304' E", "VERDATE": "2025-12-05"}, "geometry": {"coordinates": [151.15507316666708, -33.79026183333258, 0.0], "type": "Point", "geometries": null}}, {"type": "Feature", "properties": {"ModifiedDa": "2016-04-06", "SAPEquipID": 300184341, "AssetName": "Picnic Table - No Roof - 02", "d_SubtypeC": "Picnic Table", "d_AssetTyp": "No Roof", "d_AssetMat": "Timber", "d_Branch": "Greater Sydney", "d_LGA": "Ku-Ring-Gai", "Comments": null, "Easting": 328636.76, "Northing": 6259178.69, "Latitude": "33\u00c2\u00b0 47.622' S", "Longitude": "151\u00c2\u00b0 8.938' E", "VERDATE": "2025-12-05"}, "geometry": {"coordinates": [151.1489588333336, -33.7936922199994, 0.0], "type": "Point", "geometries": null}}, {"type": "Feature", "properties": {"ModifiedDa": "2023-12-08", "SAPEquipID": 300184359, "AssetName": "BBQ  - Wood", "d_SubtypeC": "BBQ/Fireplace", "d_AssetTyp": "No Roof", "d_AssetMat": "Steel", "d_Branch": "Greater Sydney", "d_LGA": "Ku-Ring-Gai", "Comments": null, "Easting": 328816.59, "Northing": 6259395.68, "Latitude": "33\u00c2\u00b0 47.506' S", "Longitude": "151\u00c2\u00b0 9.057' E", "VERDATE": "2025-12-05"}, "geometry": {"coordinates": [151.15094250000004, -33.79176527999948, 0.0], "type": "Point", "geometries": null}}, {"type": "Feature", "properties": {"ModifiedDa": "2016-04-06", "SAPEquipID": 300184376, "AssetName": "Picnic Table - No Roof - 01", "d_SubtypeC": "Picnic Table", "d_AssetTyp": "No Roof", "d_AssetMat": "Timber", "d_Branch": "Greater Sydney", "d_LGA": "Ryde", "Comments": null, "Easting": 328405.12, "Northing": 6259696.41, "Latitude": "33\u00c2\u00b0 47.339' S", "Longitude": "151\u00c2\u00b0 8.794' E", "VERDATE": "2025-12-05"}, "geometry": {"coordinates": [151.14655844666652, -33.788987613332665, 0.0], "type": "Point", "geometries": null}}, {"type": "Feature", "properties": {"ModifiedDa": "2016-10-20", "SAPEquipID": 300184394, "AssetName": "Picnic Table - No Roof - 03", "d_SubtypeC": "Picnic Table", "d_AssetTyp": "No Roof", "d_AssetMat": "Timber", "d_Branch": "Greater Sydney", "d_LGA": "Ryde", "Comments": null, "Easting": 328203.89, "Northing": 6260069.03, "Latitude": "33\u00c2\u00b0 47.136' S", "Longitude": "151\u00c2\u00b0 8.668' E", "VERDATE": "2025-12-05"}, "geometry": {"coordinates": [151.14445833333366, -33.78559605333271, 0.0], "type": "Point", "geometries": null}}, {"type": "Feature", "properties": {"ModifiedDa": "2022-03-04", "SAPEquipID": 300184571, "AssetName": "Fireplace - pit ten mile hollw camping", "d_SubtypeC": "BBQ/Fireplace", "d_AssetTyp": "No Roof", "d_AssetMat": "Concrete", "d_Branch": "Blue Mountains", "d_LGA": "Central Coast", "Comments": null, "Easting": 322203.63, "Northing": 6310746.03, "Latitude": "33\u00c2\u00b0 19.667' S", "Longitude": "151\u00c2\u00b0 5.386' E", "VERDATE": "2025-12-05"}, "geometry": {"coordinates": [151.08976761588985, -33.32777602345112, 0.0], "type": "Point", "geometries": null}}, {"type": "Feature", "properties": {"ModifiedDa": "2016-04-06", "SAPEquipID": 300185338, "AssetName": "WRS", "d_SubtypeC": "Waste/Recycling Stn", "d_AssetTyp": "Not Applicable", "d_AssetMat": "Not Applicable", "d_Branch": "Greater Sydney", "d_LGA": "Ku-Ring-Gai", "Comments": null, "Easting": 328861.71, "Northing": 6259489.16, "Latitude": "33\u00c2\u00b0 47.456' S", "Longitude": "151\u00c2\u00b0 9.087' E", "VERDATE": "2025-12-05"}, "geometry": {"coordinates": [151.15144778000013, -33.79092988666605, 0.0], "type": "Point", "geometries": null}}, {"type": "Feature", "properties": {"ModifiedDa": "2015-06-13", "SAPEquipID": 300185731, "AssetName": "BBQ - Wishing Well block concrete", "d_SubtypeC": "BBQ/Fireplace", "d_AssetTyp": "No Roof", "d_AssetMat": "Block - Concrete", "d_Branch": "Hunter Central Coast", "d_LGA": "Lake Macquarie", "Comments": null, "Easting": 347517.3, "Northing": 6338837.89, "Latitude": "33\u00c2\u00b0 4.702' S", "Longitude": "151\u00c2\u00b0 21.981' E", "VERDATE": "2025-12-05"}, "geometry": {"coordinates": [151.36634384000047, -33.078373253333154, 0.0], "type": "Point", "geometries": null}}, {"type": "Feature", "properties": {"ModifiedDa": "2015-06-13", "SAPEquipID": 300186727, "AssetName": "Bin - Tallow Beach CA - 01", "d_SubtypeC": "Bin", "d_AssetTyp": "Garbage", "d_AssetMat": "Not Applicable", "d_Branch": "Hunter Central Coast", "d_LGA": "Central Coast", "Comments": null, "Easting": 346906.42, "Northing": 6287991.73, "Latitude": "33\u00c2\u00b0 32.204' S", "Longitude": "151\u00c2\u00b0 21.072' E", "VERDATE": "2025-12-05"}, "geometry": {"coordinates": [151.35119374666738, -33.53672666666648, 0.0], "type": "Point", "geometries": null}}, {"type": "Feature", "properties": {"ModifiedDa": "2017-10-06", "SAPEquipID": 300186742, "AssetName": "Picnic Table - putty beach dayuse - 02", "d_SubtypeC": "Picnic Table", "d_AssetTyp": "No Roof", "d_AssetMat": "Timber", "d_Branch": "Hunter Central Coast", "d_LGA": "Central Coast", "Comments": null, "Easting": 348905.81, "Northing": 6288978.11, "Latitude": "33\u00c2\u00b0 31.687' S", "Longitude": "151\u00c2\u00b0 22.373' E", "VERDATE": "2025-12-05"}, "geometry": {"coordinates": [151.37288608451354, -33.52811832375812, 0.0], "type": "Point", "geometries": null}}, {"type": "Feature", "properties": {"ModifiedDa": "2017-10-06", "SAPEquipID": 300186757, "AssetName": "Picnic Table - putty beach dayuse - 04", "d_SubtypeC": "Picnic Table", "d_AssetTyp": "No Roof", "d_AssetMat": "Timber", "d_Branch": "Hunter Central Coast", "d_LGA": "Central Coast", "Comments": null, "Easting": 348952.12, "Northing": 6288969.97, "Latitude": "33\u00c2\u00b0 31.692' S", "Longitude": "151\u00c2\u00b0 22.403' E", "VERDATE": "2025-12-05"}, "geometry": {"coordinates": [151.37338322201708, -33.528198248486206, 0.0], "type": "Point", "geometries": null}}, {"type": "Feature", "properties": {"ModifiedDa": "2016-12-15", "SAPEquipID": 300187118, "AssetName": "Picnic Table - #1 top picnic area", "d_SubtypeC": "Picnic Table", "d_AssetTyp": "No Roof", "d_AssetMat": "Timber", "d_Branch": "Hunter Central Coast", "d_LGA": "Central Coast", "Comments": "old style", "Easting": 339814.55, "Northing": 6299538.78, "Latitude": "33\u00c2\u00b0 25.895' S", "Longitude": "151\u00c2\u00b0 16.614' E", "VERDATE": "2025-12-05"}, "geometry": {"coordinates": [151.2769074466836, -33.431583047302865, 0.0], "type": "Point", "geometries": null}}, {"type": "Feature", "properties": {"ModifiedDa": "2019-07-01", "SAPEquipID": 300187325, "AssetName": "BBQ - 02", "d_SubtypeC": "BBQ/Fireplace", "d_AssetTyp": "No Roof", "d_AssetMat": "Brick", "d_Branch": "Hunter Central Coast", "d_LGA": "Central Coast", "Comments": null, "Easting": 339771.5, "Northing": 6299531.06, "Latitude": "33\u00c2\u00b0 25.899' S", "Longitude": "151\u00c2\u00b0 16.587' E", "VERDATE": "2025-12-05"}, "geometry": {"coordinates": [151.27644316878173, -33.431646143547084, 0.0], "type": "Point", "geometries": null}}, {"type": "Feature", "properties": {"ModifiedDa": "2015-06-13", "SAPEquipID": 300187339, "AssetName": "Picnic Table - 04", "d_SubtypeC": "Picnic Table", "d_AssetTyp": "No Roof", "d_AssetMat": "Steel", "d_Branch": "Hunter Central Coast", "d_LGA": "Central Coast", "Comments": "timber top steel frame", "Easting": 339755.66, "Northing": 6299587.49, "Latitude": "33\u00c2\u00b0 25.868' S", "Longitude": "151\u00c2\u00b0 16.577' E", "VERDATE": "2025-12-05"}, "geometry": {"coordinates": [151.2762829370339, -33.431135023054765, 0.0], "type": "Point", "geometries": null}}, {"type": "Feature", "properties": {"ModifiedDa": "2019-07-01", "SAPEquipID": 300187355, "AssetName": "Bin - 2 garbage bins", "d_SubtypeC": "Bin", "d_AssetTyp": "Garbage", "d_AssetMat": "Not Applicable", "d_Branch": "Hunter Central Coast", "d_LGA": "Central Coast", "Comments": null, "Easting": 339783.69, "Northing": 6299533.81, "Latitude": "33\u00c2\u00b0 25.897' S", "Longitude": "151\u00c2\u00b0 16.594' E", "VERDATE": "2025-12-05"}, "geometry": {"coordinates": [151.27657474397984, -33.43162323715973, 0.0], "type": "Point", "geometries": null}}, {"type": "Feature", "properties": {"ModifiedDa": "2024-01-16", "SAPEquipID": 300187385, "AssetName": "BBQ - twin nr bbq", "d_SubtypeC": "BBQ/Fireplace", "d_AssetTyp": "No Roof", "d_AssetMat": "Steel", "d_Branch": "Hunter Central Coast", "d_LGA": "Central Coast", "Comments": null, "Easting": 339762.88, "Northing": 6299436.88, "Latitude": "33\u00c2\u00b0 25.95' S", "Longitude": "151\u00c2\u00b0 16.58' E", "VERDATE": "2025-12-05"}, "geometry": {"coordinates": [151.27633378754012, -33.432493984214375, 0.0], "type": "Point", "geometries": null}}, {"type": "Feature", "properties": {"ModifiedDa": "2015-07-12", "SAPEquipID": 300187400, "AssetName": "Picnic Table - older picnic  table - 03", "d_SubtypeC": "Picnic Table", "d_AssetTyp": "No Roof", "d_AssetMat": "Timber", "d_Branch": "Hunter Central Coast", "d_LGA": "Central Coast", "Comments": null, "Easting": 339751.02, "Northing": 6299429.98, "Latitude": "33\u00c2\u00b0 25.953' S", "Longitude": "151\u00c2\u00b0 16.572' E", "VERDATE": "2025-12-05"}, "geometry": {"coordinates": [151.27620499838497, -33.43255442791241, 0.0], "type": "Point", "geometries": null}}, {"type": "Feature", "properties": {"ModifiedDa": "2015-06-13", "SAPEquipID": 300187415, "AssetName": "Picnic Table - older picnic  table - 04", "d_SubtypeC": "Picnic Table", "d_AssetTyp": "No Roof", "d_AssetMat": "Timber", "d_Branch": "Hunter Central Coast", "d_LGA": "Central Coast", "Comments": null, "Easting": 339759.26, "Northing": 6299457.32, "Latitude": "33\u00c2\u00b0 25.939' S", "Longitude": "151\u00c2\u00b0 16.578' E", "VERDATE": "2025-12-05"}, "geometry": {"coordinates": [151.27629850000062, -33.432309166666585, 0.0], "type": "Point", "geometries": null}}, {"type": "Feature", "properties": {"ModifiedDa": "2019-07-01", "SAPEquipID": 300187489, "AssetName": "Picnic Table - 01", "d_SubtypeC": "Picnic Table", "d_AssetTyp": "No Roof", "d_AssetMat": "Steel", "d_Branch": "Hunter Central Coast", "d_LGA": "Central Coast", "Comments": "timber top steel frame", "Easting": 339777.77, "Northing": 6299525.79, "Latitude": "33\u00c2\u00b0 25.902' S", "Longitude": "151\u00c2\u00b0 16.591' E", "VERDATE": "2025-12-05"}, "geometry": {"coordinates": [151.27650966680915, -33.43169461314403, 0.0], "type": "Point", "geometries": null}}, {"type": "Feature", "properties": {"ModifiedDa": "2016-04-06", "SAPEquipID": 300187806, "AssetName": "WRS - np bins main station", "d_SubtypeC": "Waste/Recycling Stn", "d_AssetTyp": "Not Applicable", "d_AssetMat": "Not Applicable", "d_Branch": "Greater Sydney", "d_LGA": "Woollahra", "Comments": "30 bins 20 general garbage  and 10 recycling", "Easting": 339765.76, "Northing": 6253063.08, "Latitude": "33\u00c2\u00b0 51.034' S", "Longitude": "151\u00c2\u00b0 16.081' E", "VERDATE": "2025-12-05"}, "geometry": {"coordinates": [151.26801155333396, -33.85056961333322, 0.0], "type": "Point", "geometries": null}}, {"type": "Feature", "properties": {"ModifiedDa": "2024-12-06", "SAPEquipID": 300188472, "AssetName": "PUF Station -  Wattamolla Lower Carpark", "d_SubtypeC": "Fee Collection Station - Unmanned", "d_AssetTyp": "Parking Meter", "d_AssetMat": "Not Applicable", "d_Branch": "Greater Sydney", "d_LGA": "Sutherland", "Comments": null, "Easting": 326120.65, "Northing": 6220948.04, "Latitude": "34\u00c2\u00b0 8.274' S", "Longitude": "151\u00c2\u00b0 6.852' E", "VERDATE": "2025-12-05"}, "geometry": {"coordinates": [151.11419999999998, -34.137895999999955, 0.0], "type": "Point", "geometries": null}}, {"type": "Feature", "properties": {"ModifiedDa": "2024-01-03", "SAPEquipID": 300189481, "AssetName": "Picnic Table - Burralow Ck CA - 02", "d_SubtypeC": "Picnic Table", "d_AssetTyp": "No Roof", "d_AssetMat": "Steel", "d_Branch": "Blue Mountains", "d_LGA": "Hawkesbury", "Comments": "Low steel tables Burralow Campground", "Easting": 277556.47, "Northing": 6284598.97, "Latitude": "33\u00c2\u00b0 33.307' S", "Longitude": "150\u00c2\u00b0 36.236' E", "VERDATE": "2025-12-05"}, "geometry": {"coordinates": [150.60393667800008, -33.55510986399992, 0.0], "type": "Point", "geometries": null}}, {"type": "Feature", "properties": {"ModifiedDa": "2023-11-29", "SAPEquipID": 300189495, "AssetName": "Picnic Table - Burralow Ck CA - 06", "d_SubtypeC": "Picnic Table", "d_AssetTyp": "No Roof", "d_AssetMat": "Steel", "d_Branch": "Blue Mountains", "d_LGA": "Hawkesbury", "Comments": "Low steel tables Burralow Campground", "Easting": 277559.85, "Northing": 6284547.07, "Latitude": "33\u00c2\u00b0 33.335' S", "Longitude": "150\u00c2\u00b0 36.238' E", "VERDATE": "2025-12-05"}, "geometry": {"coordinates": [150.60396007800023, -33.55557826399996, 0.0], "type": "Point", "geometries": null}}, {"type": "Feature", "properties": {"ModifiedDa": "2024-01-10", "SAPEquipID": 300192607, "AssetName": "Picnic Table - Burragorang Lookout - 06", "d_SubtypeC": "Picnic Table", "d_AssetTyp": "No Roof", "d_AssetMat": "Timber", "d_Branch": "Blue Mountains", "d_LGA": "Wollondilly", "Comments": null, "Easting": 263206.79, "Northing": 6227273.13, "Latitude": "34\u00c2\u00b0 4.112' S", "Longitude": "150\u00c2\u00b0 26.047' E", "VERDATE": "2025-12-05"}, "geometry": {"coordinates": [150.4341143736665, -34.06853897783117, 0.0], "type": "Point", "geometries": null}}, {"type": "Feature", "properties": {"ModifiedDa": "2024-01-04", "SAPEquipID": 300195533, "AssetName": "BBQ - Mill Ck CA - 26", "d_SubtypeC": "BBQ/Fireplace", "d_AssetTyp": "No Roof", "d_AssetMat": "Concrete", "d_Branch": "Blue Mountains", "d_LGA": "Central Coast", "Comments": "site 26", "Easting": 318103.17, "Northing": 6302405.36, "Latitude": "33\u00c2\u00b0 24.137' S", "Longitude": "151\u00c2\u00b0 2.643' E", "VERDATE": "2025-12-05"}, "geometry": {"coordinates": [151.04405239000005, -33.402278459999934, 0.0], "type": "Point", "geometries": null}}, {"type": "Feature", "properties": {"ModifiedDa": "2024-12-06", "SAPEquipID": 300196023, "AssetName": "Pay Machine GSB NPWS0125", "d_SubtypeC": "Fee Collection Station - Unmanned", "d_AssetTyp": "Parking Meter", "d_AssetMat": "Not Applicable", "d_Branch": "Greater Sydney", "d_LGA": "Sutherland", "Comments": null, "Easting": 326120.65, "Northing": 6220948.04, "Latitude": "34\u00c2\u00b0 8.274' S", "Longitude": "151\u00c2\u00b0 6.852' E", "VERDATE": "2025-12-05"}, "geometry": {"coordinates": [151.11419999999998, -34.137895999999955, 0.0], "type": "Point", "geometries": null}}, {"type": "Feature", "properties": {"ModifiedDa": "2024-12-06", "SAPEquipID": 300196081, "AssetName": "Pay Machine GSB NPWS0138", "d_SubtypeC": "Fee Collection Station - Unmanned", "d_AssetTyp": "Parking Meter", "d_AssetMat": "Not Applicable", "d_Branch": "Greater Sydney", "d_LGA": "Northern Beaches", "Comments": null, "Easting": 342405.91, "Northing": 6256568.08, "Latitude": "33\u00c2\u00b0 49.162' S", "Longitude": "151\u00c2\u00b0 17.83' E", "VERDATE": "2025-12-05"}, "geometry": {"coordinates": [151.29716499999995, -33.819368999999995, 0.0], "type": "Point", "geometries": null}}, {"type": "Feature", "properties": {"ModifiedDa": "2024-12-06", "SAPEquipID": 300196093, "AssetName": "Pay Machine GSB NPWS0140", "d_SubtypeC": "Fee Collection Station - Unmanned", "d_AssetTyp": "Parking Meter", "d_AssetMat": "Not Applicable", "d_Branch": "Greater Sydney", "d_LGA": "Northern Beaches", "Comments": null, "Easting": 342652.34, "Northing": 6256362.4, "Latitude": "33\u00c2\u00b0 49.276' S", "Longitude": "151\u00c2\u00b0 17.987' E", "VERDATE": "2025-12-05"}, "geometry": {"coordinates": [151.29979000000014, -33.821259999999995, 0.0], "type": "Point", "geometries": null}}, {"type": "Feature", "properties": {"ModifiedDa": "2016-04-06", "SAPEquipID": 300197935, "AssetName": "Seat - Treated Timber - 01", "d_SubtypeC": "Seat", "d_AssetTyp": "Without Pad", "d_AssetMat": "Timber Treated", "d_Branch": "Greater Sydney", "d_LGA": "Northern Beaches", "Comments": "please don't feed the wildlife plaque", "Easting": 342250.7, "Northing": 6283332.03, "Latitude": "33\u00c2\u00b0 34.684' S", "Longitude": "151\u00c2\u00b0 18.015' E", "VERDATE": "2025-12-05"}, "geometry": {"coordinates": [151.3002480533338, -33.578058999999826, 0.0], "type": "Point", "geometries": null}}, {"type": "Feature", "properties": {"ModifiedDa": "2022-03-04", "SAPEquipID": 300198089, "AssetName": "Bin - Euroka DUA - 02", "d_SubtypeC": "Bin", "d_AssetTyp": "Garbage", "d_AssetMat": "Not Applicable", "d_Branch": "Blue Mountains", "d_LGA": "Blue Mountains", "Comments": "Main flat sulo bins", "Easting": 279391.71, "Northing": 6257578.34, "Latitude": "33\u00c2\u00b0 47.939' S", "Longitude": "150\u00c2\u00b0 37.019' E", "VERDATE": "2025-12-05"}, "geometry": {"coordinates": [150.61697861333369, -33.79898961333316, 0.0], "type": "Point", "geometries": null}}, {"type": "Feature", "properties": {"ModifiedDa": "2016-04-06", "SAPEquipID": 300198213, "AssetName": "Picnic Table - No Roof - 03", "d_SubtypeC": "Picnic Table", "d_AssetTyp": "No Roof", "d_AssetMat": "Timber", "d_Branch": "Greater Sydney", "d_LGA": "Ku-Ring-Gai", "Comments": null, "Easting": 328841.81, "Northing": 6259447.41, "Latitude": "33\u00c2\u00b0 47.478' S", "Longitude": "151\u00c2\u00b0 9.073' E", "VERDATE": "2025-12-05"}, "geometry": {"coordinates": [151.15122479333365, -33.79130301999942, 0.0], "type": "Point", "geometries": null}}, {"type": "Feature", "properties": {"ModifiedDa": "2016-04-06", "SAPEquipID": 300198238, "AssetName": "Picnic Table - No Roof - 05", "d_SubtypeC": "Picnic Table", "d_AssetTyp": "No Roof", "d_AssetMat": "Timber", "d_Branch": "Greater Sydney", "d_LGA": "Ryde", "Comments": "no animal  feeding sign", "Easting": 329029.02, "Northing": 6259458.06, "Latitude": "33\u00c2\u00b0 47.474' S", "Longitude": "151\u00c2\u00b0 9.195' E", "VERDATE": "2025-12-05"}, "geometry": {"coordinates": [151.15324816666703, -33.79123727999951, 0.0], "type": "Point", "geometries": null}}, {"type": "Feature", "properties": {"ModifiedDa": "2016-04-06", "SAPEquipID": 300198379, "AssetName": "Seat - Timber - 13", "d_SubtypeC": "Seat", "d_AssetTyp": "Without Pad", "d_AssetMat": "Timber", "d_Branch": "Greater Sydney", "d_LGA": "Hornsby", "Comments": null, "Easting": 328807.06, "Northing": 6274751.74, "Latitude": "33\u00c2\u00b0 39.2' S", "Longitude": "151\u00c2\u00b0 9.228' E", "VERDATE": "2025-12-05"}, "geometry": {"coordinates": [151.15380649177416, -33.65333466056694, 0.0], "type": "Point", "geometries": null}}, {"type": "Feature", "properties": {"ModifiedDa": "2016-04-06", "SAPEquipID": 300198391, "AssetName": "WRS - 03", "d_SubtypeC": "Waste/Recycling Stn", "d_AssetTyp": "Not Applicable", "d_AssetMat": "Not Applicable", "d_Branch": "Greater Sydney", "d_LGA": "Hornsby", "Comments": null, "Easting": 329315.67, "Northing": 6273877.42, "Latitude": "33\u00c2\u00b0 39.678' S", "Longitude": "151\u00c2\u00b0 9.547' E", "VERDATE": "2025-12-05"}, "geometry": {"coordinates": [151.15912116666698, -33.66129821999988, 0.0], "type": "Point", "geometries": null}}, {"type": "Feature", "properties": {"ModifiedDa": "2016-04-06", "SAPEquipID": 300199050, "AssetName": "Seat - Entrance - 02", "d_SubtypeC": "Seat", "d_AssetTyp": "Without Pad", "d_AssetMat": "Timber", "d_Branch": "Greater Sydney", "d_LGA": "Northern Beaches", "Comments": null, "Easting": 342639.87, "Northing": 6256351.98, "Latitude": "33\u00c2\u00b0 49.281' S", "Longitude": "151\u00c2\u00b0 17.979' E", "VERDATE": "2025-12-05"}, "geometry": {"coordinates": [151.29965338666682, -33.82135205333327, 0.0], "type": "Point", "geometries": null}}, {"type": "Feature", "properties": {"ModifiedDa": "2016-04-06", "SAPEquipID": 300199533, "AssetName": "Picnic Table - No Roof - 03", "d_SubtypeC": "Picnic Table", "d_AssetTyp": "No Roof", "d_AssetMat": "Timber", "d_Branch": "Greater Sydney", "d_LGA": "Ku-Ring-Gai", "Comments": null, "Easting": 328562.27, "Northing": 6259291.76, "Latitude": "33\u00c2\u00b0 47.56' S", "Longitude": "151\u00c2\u00b0 8.891' E", "VERDATE": "2025-12-05"}, "geometry": {"coordinates": [151.14817649999998, -33.79266088666617, 0.0], "type": "Point", "geometries": null}}, {"type": "Feature", "properties": {"ModifiedDa": "2016-04-06", "SAPEquipID": 300199603, "AssetName": "Picnic Table - No Roof - 05", "d_SubtypeC": "Picnic Table", "d_AssetTyp": "No Roof", "d_AssetMat": "Steel", "d_Branch": "Greater Sydney", "d_LGA": "Hornsby", "Comments": "CENTRE POST Timber top No 5", "Easting": 329223.49, "Northing": 6273826.12, "Latitude": "33\u00c2\u00b0 39.705' S", "Longitude": "151\u00c2\u00b0 9.487' E", "VERDATE": "2025-12-05"}, "geometry": {"coordinates": [151.15811755333357, -33.6617458333331, 0.0], "type": "Point", "geometries": null}}, {"type": "Feature", "properties": {"ModifiedDa": "2016-04-06", "SAPEquipID": 300199716, "AssetName": "Seat - Timber - 02", "d_SubtypeC": "Seat", "d_AssetTyp": "Without Pad", "d_AssetMat": "Timber", "d_Branch": "Greater Sydney", "d_LGA": "Northern Beaches", "Comments": "please don't feed the wildlife plaque", "Easting": 342216.01, "Northing": 6283329.0, "Latitude": "33\u00c2\u00b0 34.685' S", "Longitude": "151\u00c2\u00b0 17.992' E", "VERDATE": "2025-12-05"}, "geometry": {"coordinates": [151.29987383333344, -33.57808116666655, 0.0], "type": "Point", "geometries": null}}, {"type": "Feature", "properties": {"ModifiedDa": "2015-07-30", "SAPEquipID": 300204282, "AssetName": "Picnic Table - camping 1", "d_SubtypeC": "Picnic Table", "d_AssetTyp": "No Roof", "d_AssetMat": "Timber", "d_Branch": "Hunter Central Coast", "d_LGA": "Central Coast", "Comments": null, "Easting": 348777.12, "Northing": 6289075.55, "Latitude": "33\u00c2\u00b0 31.633' S", "Longitude": "151\u00c2\u00b0 22.291' E", "VERDATE": "2025-12-05"}, "geometry": {"coordinates": [151.37151717337758, -33.52722164784325, 0.0], "type": "Point", "geometries": null}}, {"type": "Feature", "properties": {"ModifiedDa": "2023-06-20", "SAPEquipID": 300204671, "AssetName": "Park n Pay - Jellybean Pool Car Park", "d_SubtypeC": "Fee Collection Station - Unmanned", "d_AssetTyp": "Ticket Machine", "d_AssetMat": "Not Applicable", "d_Branch": "Blue Mountains", "d_LGA": "Blue Mountains", "Comments": null, "Easting": 279596.8, "Northing": 6259547.0, "Latitude": "33\u00c2\u00b0 46.878' S", "Longitude": "150\u00c2\u00b0 37.181' E", "VERDATE": "2025-12-05"}, "geometry": {"coordinates": [150.61968363215237, -33.78129202118896, 0.0], "type": "Point", "geometries": null}}, {"type": "Feature", "properties": {"ModifiedDa": "2023-12-08", "SAPEquipID": 300205239, "AssetName": "Life Bouy Stand - Figure Eight Pools", "d_SubtypeC": "Life Buoy Stand", "d_AssetTyp": "Not Applicable", "d_AssetMat": "Not Applicable", "d_Branch": "Greater Sydney", "d_LGA": "Wollongong", "Comments": null, "Easting": 319274.0, "Northing": 6214621.0, "Latitude": "34\u00c2\u00b0 11.626' S", "Longitude": "151\u00c2\u00b0 2.32' E", "VERDATE": "2025-12-05"}, "geometry": {"coordinates": [151.03866347100018, -34.19376132147386, 0.0], "type": "Point", "geometries": null}}, {"type": "Feature", "properties": {"ModifiedDa": "2024-07-09", "SAPEquipID": 300205463, "AssetName": "Bin - enclosure at BBQ", "d_SubtypeC": "Bin", "d_AssetTyp": "Garbage", "d_AssetMat": "Not Applicable", "d_Branch": "Greater Sydney", "d_LGA": "Canterbury-Bankstown", "Comments": null, "Easting": 326837.02, "Northing": 6244126.86, "Latitude": "33\u00c2\u00b0 55.745' S", "Longitude": "151\u00c2\u00b0 7.594' E", "VERDATE": "2025-12-05"}, "geometry": {"coordinates": [151.1265655866673, -33.92908069333322, 0.0], "type": "Point", "geometries": null}}, {"type": "Feature", "properties": {"ModifiedDa": "2012-10-22", "SAPEquipID": 300205595, "AssetName": "Life Bouy Stand - Garie North Head", "d_SubtypeC": "Life Buoy Stand", "d_AssetTyp": "Not Applicable", "d_AssetMat": "Not Applicable", "d_Branch": "Greater Sydney", "d_LGA": "Sutherland", "Comments": null, "Easting": 322514.11, "Northing": 6217487.59, "Latitude": "34\u00c2\u00b0 10.109' S", "Longitude": "151\u00c2\u00b0 4.464' E", "VERDATE": "2025-12-05"}, "geometry": {"coordinates": [151.0743965559933, -34.16848016625357, 0.0], "type": "Point", "geometries": null}}, {"type": "Feature", "properties": {"ModifiedDa": "2012-10-22", "SAPEquipID": 300205608, "AssetName": "Life Bouy Stand - Little Marley", "d_SubtypeC": "Life Buoy Stand", "d_AssetTyp": "Not Applicable", "d_AssetMat": "Not Applicable", "d_Branch": "Greater Sydney", "d_LGA": "Sutherland", "Comments": null, "Easting": 328067.0, "Northing": 6222610.0, "Latitude": "34\u00c2\u00b0 7.394' S", "Longitude": "151\u00c2\u00b0 8.138' E", "VERDATE": "2025-12-05"}, "geometry": {"coordinates": [151.13562819231447, -34.12323758293235, 0.0], "type": "Point", "geometries": null}}, {"type": "Feature", "properties": {"ModifiedDa": "2024-01-04", "SAPEquipID": 300206061, "AssetName": "BBQ - wood - 05", "d_SubtypeC": "BBQ/Fireplace", "d_AssetTyp": "No Roof", "d_AssetMat": "Concrete", "d_Branch": "Blue Mountains", "d_LGA": "Central Coast", "Comments": "Site 27 new concrete ring", "Easting": 318100.06, "Northing": 6302413.4, "Latitude": "33\u00c2\u00b0 24.132' S", "Longitude": "151\u00c2\u00b0 2.641' E", "VERDATE": "2025-12-05"}, "geometry": {"coordinates": [151.04402057739492, -33.40220545910387, 0.0], "type": "Point", "geometries": null}}, {"type": "Feature", "properties": {"ModifiedDa": "2016-04-06", "SAPEquipID": 300206083, "AssetName": "Picnic Table - No Roof", "d_SubtypeC": "Picnic Table", "d_AssetTyp": "No Roof", "d_AssetMat": "Timber", "d_Branch": "Greater Sydney", "d_LGA": "Hornsby", "Comments": null, "Easting": 322660.86, "Northing": 6273714.79, "Latitude": "33\u00c2\u00b0 39.7' S", "Longitude": "151\u00c2\u00b0 5.241' E", "VERDATE": "2025-12-05"}, "geometry": {"coordinates": [151.08734894666725, -33.66167461333316, 0.0], "type": "Point", "geometries": null}}, {"type": "Feature", "properties": {"ModifiedDa": "2024-01-04", "SAPEquipID": 300206085, "AssetName": "BBQ - wood - 06", "d_SubtypeC": "BBQ/Fireplace", "d_AssetTyp": "No Roof", "d_AssetMat": "Concrete", "d_Branch": "Blue Mountains", "d_LGA": "Central Coast", "Comments": "Sites 28 and 29 new concrete ring", "Easting": 318082.97, "Northing": 6302434.14, "Latitude": "33\u00c2\u00b0 24.121' S", "Longitude": "151\u00c2\u00b0 2.63' E", "VERDATE": "2025-12-05"}, "geometry": {"coordinates": [151.04384106657574, -33.40201559189143, 0.0], "type": "Point", "geometries": null}}, {"type": "Feature", "properties": {"ModifiedDa": "2023-04-03", "SAPEquipID": 300206352, "AssetName": "Picnic Table - Murphys Glen Camp - 01", "d_SubtypeC": "Picnic Table", "d_AssetTyp": "No Roof", "d_AssetMat": "Timber", "d_Branch": "Blue Mountains", "d_LGA": "Blue Mountains", "Comments": "Murphys Glen Campground", "Easting": 267234.57, "Northing": 6260696.14, "Latitude": "33\u00c2\u00b0 46.097' S", "Longitude": "150\u00c2\u00b0 29.195' E", "VERDATE": "2025-12-05"}, "geometry": {"coordinates": [150.4865857479515, -33.76829073888035, 0.0], "type": "Point", "geometries": null}}, {"type": "Feature", "properties": {"ModifiedDa": "2016-04-06", "SAPEquipID": 300206896, "AssetName": "Seat - 01", "d_SubtypeC": "Seat", "d_AssetTyp": "Without Pad", "d_AssetMat": "Stone", "d_Branch": "Greater Sydney", "d_LGA": "Hunters Hill", "Comments": "three sandstone blocks placed on ground as seating", "Easting": 327225.13, "Northing": 6253949.51, "Latitude": "33\u00c2\u00b0 50.436' S", "Longitude": "151\u00c2\u00b0 7.962' E", "VERDATE": "2025-12-05"}, "geometry": {"coordinates": [151.1326932200002, -33.84060038666655, 0.0], "type": "Point", "geometries": null}}, {"type": "Feature", "properties": {"ModifiedDa": "2016-04-06", "SAPEquipID": 300206907, "AssetName": "Seat - 04", "d_SubtypeC": "Seat", "d_AssetTyp": "Without Pad", "d_AssetMat": "Timber", "d_Branch": "Greater Sydney", "d_LGA": "Hunters Hill", "Comments": "200x400mm hardwood with two steel legs", "Easting": 327113.86, "Northing": 6253952.0, "Latitude": "33\u00c2\u00b0 50.434' S", "Longitude": "151\u00c2\u00b0 7.89' E", "VERDATE": "2025-12-05"}, "geometry": {"coordinates": [151.13149166666744, -33.84055971999982, 0.0], "type": "Point", "geometries": null}}, {"type": "Feature", "properties": {"ModifiedDa": "2016-04-06", "SAPEquipID": 300206919, "AssetName": "Seat - 06", "d_SubtypeC": "Seat", "d_AssetTyp": "Without Pad", "d_AssetMat": "Timber", "d_Branch": "Greater Sydney", "d_LGA": "Hunters Hill", "Comments": "200x400mm hardwood on two steel legs", "Easting": 327036.35, "Northing": 6254014.06, "Latitude": "33\u00c2\u00b0 50.399' S", "Longitude": "151\u00c2\u00b0 7.84' E", "VERDATE": "2025-12-05"}, "geometry": {"coordinates": [151.13066655333353, -33.83998755333323, 0.0], "type": "Point", "geometries": null}}, {"type": "Feature", "properties": {"ModifiedDa": "2016-04-06", "SAPEquipID": 300206931, "AssetName": "Cycle Rack - 02", "d_SubtypeC": "Cycle Rack", "d_AssetTyp": "Not Applicable", "d_AssetMat": "Not Applicable", "d_Branch": "Greater Sydney", "d_LGA": "Hunters Hill", "Comments": "dingy rack holding 7 boats", "Easting": 327044.2, "Northing": 6253957.52, "Latitude": "33\u00c2\u00b0 50.43' S", "Longitude": "151\u00c2\u00b0 7.844' E", "VERDATE": "2025-12-05"}, "geometry": {"coordinates": [151.13074033333407, -33.84049849999997, 0.0], "type": "Point", "geometries": null}}, {"type": "Feature", "properties": {"ModifiedDa": "2016-04-06", "SAPEquipID": 300206943, "AssetName": "Seat - Foreshore WT - 03", "d_SubtypeC": "Seat", "d_AssetTyp": "Without Pad", "d_AssetMat": "Timber", "d_Branch": "Greater Sydney", "d_LGA": "Hunters Hill", "Comments": "200x400mm hardwood on two steel legs", "Easting": 326885.67, "Northing": 6253868.18, "Latitude": "33\u00c2\u00b0 50.477' S", "Longitude": "151\u00c2\u00b0 7.741' E", "VERDATE": "2025-12-05"}, "geometry": {"coordinates": [151.12901022000028, -33.841277886666376, 0.0], "type": "Point", "geometries": null}}, {"type": "Feature", "properties": {"ModifiedDa": "2016-04-06", "SAPEquipID": 300207014, "AssetName": "Seat - Bottle n Glass - 01", "d_SubtypeC": "Seat", "d_AssetTyp": "With Pad", "d_AssetMat": "Timber", "d_Branch": "Greater Sydney", "d_LGA": "Woollahra", "Comments": null, "Easting": 339862.61, "Northing": 6253196.6, "Latitude": "33\u00c2\u00b0 50.963' S", "Longitude": "151\u00c2\u00b0 16.145' E", "VERDATE": "2025-12-05"}, "geometry": {"coordinates": [151.2690822800006, -33.84938061333327, 0.0], "type": "Point", "geometries": null}}, {"type": "Feature", "properties": {"ModifiedDa": "2016-04-06", "SAPEquipID": 300207349, "AssetName": "WRS - bins", "d_SubtypeC": "Waste/Recycling Stn", "d_AssetTyp": "Not Applicable", "d_AssetMat": "Not Applicable", "d_Branch": "Greater Sydney", "d_LGA": "Woollahra", "Comments": "9 general garbage 2 recycling", "Easting": 339805.18, "Northing": 6253198.43, "Latitude": "33\u00c2\u00b0 50.961' S", "Longitude": "151\u00c2\u00b0 16.108' E", "VERDATE": "2025-12-05"}, "geometry": {"coordinates": [151.26846205333356, -33.849355386666446, 0.0], "type": "Point", "geometries": null}}, {"type": "Feature", "properties": {"ModifiedDa": "2016-04-06", "SAPEquipID": 300207361, "AssetName": "Seat - Bottle n Glass - 05", "d_SubtypeC": "Seat", "d_AssetTyp": "Without Pad", "d_AssetMat": "Timber", "d_Branch": "Greater Sydney", "d_LGA": "Woollahra", "Comments": null, "Easting": 339933.09, "Northing": 6253352.68, "Latitude": "33\u00c2\u00b0 50.879' S", "Longitude": "151\u00c2\u00b0 16.192' E", "VERDATE": "2025-12-05"}, "geometry": {"coordinates": [151.26987211333403, -33.847984219999944, 0.0], "type": "Point", "geometries": null}}, {"type": "Feature", "properties": {"ModifiedDa": "2016-04-06", "SAPEquipID": 300207402, "AssetName": "Seat - Milk Beach", "d_SubtypeC": "Seat", "d_AssetTyp": "Without Pad", "d_AssetMat": "Timber", "d_Branch": "Greater Sydney", "d_LGA": "Woollahra", "Comments": null, "Easting": 339723.02, "Northing": 6252405.18, "Latitude": "33\u00c2\u00b0 51.39' S", "Longitude": "151\u00c2\u00b0 16.046' E", "VERDATE": "2025-12-05"}, "geometry": {"coordinates": [151.26743000000033, -33.856494113333156, 0.0], "type": "Point", "geometries": null}}, {"type": "Feature", "properties": {"ModifiedDa": "2014-09-12", "SAPEquipID": 300207823, "AssetName": "Seat - Victoria Rd - Jinga", "d_SubtypeC": "Seat", "d_AssetTyp": "With Pad", "d_AssetMat": "Timber", "d_Branch": "South Coast", "d_LGA": "Campbelltown", "Comments": null, "Easting": 300179.4, "Northing": 6217785.41, "Latitude": "34\u00c2\u00b0 9.705' S", "Longitude": "150\u00c2\u00b0 49.938' E", "VERDATE": "2025-12-05"}, "geometry": {"coordinates": [150.8322924965346, -34.16175617331248, 0.0], "type": "Point", "geometries": null}}, {"type": "Feature", "properties": {"ModifiedDa": "2010-08-06", "SAPEquipID": 300207859, "AssetName": "Bin - 13", "d_SubtypeC": "Bin", "d_AssetTyp": "Garbage", "d_AssetMat": "Not Applicable", "d_Branch": "Greater Sydney", "d_LGA": "Liverpool", "Comments": "gal steel garbage bin on steel post", "Easting": 281575.63, "Northing": 6242776.8, "Latitude": "33\u00c2\u00b0 55.97' S", "Longitude": "150\u00c2\u00b0 38.213' E", "VERDATE": "2025-12-05"}, "geometry": {"coordinates": [150.63687766666715, -33.93282605333303, 0.0], "type": "Point", "geometries": null}}, {"type": "Feature", "properties": {"ModifiedDa": "2016-04-06", "SAPEquipID": 300207870, "AssetName": "Seat - Strickland grass", "d_SubtypeC": "Seat", "d_AssetTyp": "With Pad", "d_AssetMat": "Timber", "d_Branch": "Greater Sydney", "d_LGA": "Woollahra", "Comments": null, "Easting": 339743.07, "Northing": 6252348.55, "Latitude": "33\u00c2\u00b0 51.42' S", "Longitude": "151\u00c2\u00b0 16.058' E", "VERDATE": "2025-12-05"}, "geometry": {"coordinates": [151.26763633333383, -33.85700761333317, 0.0], "type": "Point", "geometries": null}}, {"type": "Feature", "properties": {"ModifiedDa": "2016-04-06", "SAPEquipID": 300207882, "AssetName": "Picnic Table - Hermit Bay - 01", "d_SubtypeC": "Picnic Table", "d_AssetTyp": "No Roof", "d_AssetMat": "Timber", "d_Branch": "Greater Sydney", "d_LGA": "Woollahra", "Comments": null, "Easting": 339843.65, "Northing": 6252110.86, "Latitude": "33\u00c2\u00b0 51.55' S", "Longitude": "151\u00c2\u00b0 16.121' E", "VERDATE": "2025-12-05"}, "geometry": {"coordinates": [151.26867988666697, -33.85916566666663, 0.0], "type": "Point", "geometries": null}}, {"type": "Feature", "properties": {"ModifiedDa": "2016-04-06", "SAPEquipID": 300207894, "AssetName": "Picnic Table - Hermit Bay - 04", "d_SubtypeC": "Picnic Table", "d_AssetTyp": "No Roof", "d_AssetMat": "Timber", "d_Branch": "Greater Sydney", "d_LGA": "Woollahra", "Comments": null, "Easting": 339811.96, "Northing": 6252106.21, "Latitude": "33\u00c2\u00b0 51.552' S", "Longitude": "151\u00c2\u00b0 16.1' E", "VERDATE": "2025-12-05"}, "geometry": {"coordinates": [151.26833661333387, -33.85920277999992, 0.0], "type": "Point", "geometries": null}}, {"type": "Feature", "properties": {"ModifiedDa": "2010-08-06", "SAPEquipID": 300207906, "AssetName": "Bin - Firewood", "d_SubtypeC": "Bin", "d_AssetTyp": "Firewood", "d_AssetMat": "Not Applicable", "d_Branch": "Greater Sydney", "d_LGA": "Liverpool", "Comments": null, "Easting": 281205.59, "Northing": 6242789.53, "Latitude": "33\u00c2\u00b0 55.958' S", "Longitude": "150\u00c2\u00b0 37.973' E", "VERDATE": "2025-12-05"}, "geometry": {"coordinates": [150.63288044666717, -33.932634499999835, 0.0], "type": "Point", "geometries": null}}, {"type": "Feature", "properties": {"ModifiedDa": "2010-08-06", "SAPEquipID": 300207918, "AssetName": "Bin - toilet block", "d_SubtypeC": "Bin", "d_AssetTyp": "Garbage", "d_AssetMat": "Not Applicable", "d_Branch": "Greater Sydney", "d_LGA": "Liverpool", "Comments": null, "Easting": 281172.77, "Northing": 6242783.0, "Latitude": "33\u00c2\u00b0 55.961' S", "Longitude": "150\u00c2\u00b0 37.951' E", "VERDATE": "2025-12-05"}, "geometry": {"coordinates": [150.63252394666733, -33.93268655333321, 0.0], "type": "Point", "geometries": null}}, {"type": "Feature", "properties": {"ModifiedDa": "2010-08-06", "SAPEquipID": 300207930, "AssetName": "Picnic Table - 03", "d_SubtypeC": "Picnic Table", "d_AssetTyp": "With Roof", "d_AssetMat": "Timber", "d_Branch": "Greater Sydney", "d_LGA": "Liverpool", "Comments": "picnic table", "Easting": 281299.68, "Northing": 6242818.69, "Latitude": "33\u00c2\u00b0 55.943' S", "Longitude": "150\u00c2\u00b0 38.034' E", "VERDATE": "2025-12-05"}, "geometry": {"coordinates": [150.63390488666755, -33.932391333333214, 0.0], "type": "Point", "geometries": null}}, {"type": "Feature", "properties": {"ModifiedDa": "2010-08-06", "SAPEquipID": 300207942, "AssetName": "Picnic Table - 06", "d_SubtypeC": "Picnic Table", "d_AssetTyp": "No Roof", "d_AssetMat": "Timber", "d_Branch": "Greater Sydney", "d_LGA": "Liverpool", "Comments": "picnic table", "Easting": 281283.6, "Northing": 6242788.44, "Latitude": "33\u00c2\u00b0 55.96' S", "Longitude": "150\u00c2\u00b0 38.023' E", "VERDATE": "2025-12-05"}, "geometry": {"coordinates": [150.6337235000001, -33.93266055333328, 0.0], "type": "Point", "geometries": null}}, {"type": "Feature", "properties": {"ModifiedDa": "2010-08-06", "SAPEquipID": 300207952, "AssetName": "BBQ - Durrawi East - 01", "d_SubtypeC": "BBQ/Fireplace", "d_AssetTyp": "No Roof", "d_AssetMat": "Steel", "d_Branch": "Greater Sydney", "d_LGA": "Liverpool", "Comments": "concrete pad", "Easting": 281320.34, "Northing": 6242784.93, "Latitude": "33\u00c2\u00b0 55.962' S", "Longitude": "150\u00c2\u00b0 38.047' E", "VERDATE": "2025-12-05"}, "geometry": {"coordinates": [150.63411988666758, -33.93269977999984, 0.0], "type": "Point", "geometries": null}}, {"type": "Feature", "properties": {"ModifiedDa": "2010-08-06", "SAPEquipID": 300207964, "AssetName": "BBQ - Durrawi East - 04", "d_SubtypeC": "BBQ/Fireplace", "d_AssetTyp": "No Roof", "d_AssetMat": "Steel", "d_Branch": "Greater Sydney", "d_LGA": "Liverpool", "Comments": "concrete pad", "Easting": 281327.79, "Northing": 6242820.59, "Latitude": "33\u00c2\u00b0 55.943' S", "Longitude": "150\u00c2\u00b0 38.053' E", "VERDATE": "2025-12-05"}, "geometry": {"coordinates": [150.63420928000085, -33.93238005333308, 0.0], "type": "Point", "geometries": null}}, {"type": "Feature", "properties": {"ModifiedDa": "2010-08-06", "SAPEquipID": 300207976, "AssetName": "BBQ - Durrawi Central - 03", "d_SubtypeC": "BBQ/Fireplace", "d_AssetTyp": "No Roof", "d_AssetMat": "Steel", "d_Branch": "Greater Sydney", "d_LGA": "Liverpool", "Comments": "concrete pad", "Easting": 281234.54, "Northing": 6242821.88, "Latitude": "33\u00c2\u00b0 55.941' S", "Longitude": "150\u00c2\u00b0 37.992' E", "VERDATE": "2025-12-05"}, "geometry": {"coordinates": [150.63320150000095, -33.93234899999993, 0.0], "type": "Point", "geometries": null}}, {"type": "Feature", "properties": {"ModifiedDa": "2010-08-06", "SAPEquipID": 300207988, "AssetName": "Bin - Durrawi Central - 03", "d_SubtypeC": "Bin", "d_AssetTyp": "Garbage", "d_AssetMat": "Not Applicable", "d_Branch": "Greater Sydney", "d_LGA": "Liverpool", "Comments": null, "Easting": 281233.18, "Northing": 6242853.35, "Latitude": "33\u00c2\u00b0 55.924' S", "Longitude": "150\u00c2\u00b0 37.992' E", "VERDATE": "2025-12-05"}, "geometry": {"coordinates": [150.63319466666724, -33.93206511333324, 0.0], "type": "Point", "geometries": null}}, {"type": "Feature", "properties": {"ModifiedDa": "2010-08-06", "SAPEquipID": 300208000, "AssetName": "Bin - Durrawi Central - 07", "d_SubtypeC": "Bin", "d_AssetTyp": "Firewood", "d_AssetMat": "Not Applicable", "d_Branch": "Greater Sydney", "d_LGA": "Liverpool", "Comments": null, "Easting": 281202.55, "Northing": 6242816.57, "Latitude": "33\u00c2\u00b0 55.943' S", "Longitude": "150\u00c2\u00b0 37.971' E", "VERDATE": "2025-12-05"}, "geometry": {"coordinates": [150.6328542800003, -33.93239016666655, 0.0], "type": "Point", "geometries": null}}, {"type": "Feature", "properties": {"ModifiedDa": "2010-08-06", "SAPEquipID": 300208012, "AssetName": "BBQ - 03", "d_SubtypeC": "BBQ/Fireplace", "d_AssetTyp": "No Roof", "d_AssetMat": "Steel", "d_Branch": "Greater Sydney", "d_LGA": "Liverpool", "Comments": "low level on 1m sq concrete slab", "Easting": 281679.52, "Northing": 6242762.85, "Latitude": "33\u00c2\u00b0 55.978' S", "Longitude": "150\u00c2\u00b0 38.28' E", "VERDATE": "2025-12-05"}, "geometry": {"coordinates": [150.63799738666705, -33.93297333333322, 0.0], "type": "Point", "geometries": null}}, {"type": "Feature", "properties": {"ModifiedDa": "2010-08-06", "SAPEquipID": 300208024, "AssetName": "BBQ - 06", "d_SubtypeC": "BBQ/Fireplace", "d_AssetTyp": "No Roof", "d_AssetMat": "Steel", "d_Branch": "Greater Sydney", "d_LGA": "Liverpool", "Comments": "low level on 1m sq concrete slab", "Easting": 281635.44, "Northing": 6242777.89, "Latitude": "33\u00c2\u00b0 55.97' S", "Longitude": "150\u00c2\u00b0 38.251' E", "VERDATE": "2025-12-05"}, "geometry": {"coordinates": [150.6375245533335, -33.93282871999992, 0.0], "type": "Point", "geometries": null}}, {"type": "Feature", "properties": {"ModifiedDa": "2010-08-06", "SAPEquipID": 300208035, "AssetName": "BBQ - 09", "d_SubtypeC": "BBQ/Fireplace", "d_AssetTyp": "No Roof", "d_AssetMat": "Steel", "d_Branch": "Greater Sydney", "d_LGA": "Liverpool", "Comments": "low level on 1m sq concrete slab", "Easting": 281612.57, "Northing": 6242855.24, "Latitude": "33\u00c2\u00b0 55.928' S", "Longitude": "150\u00c2\u00b0 38.238' E", "VERDATE": "2025-12-05"}, "geometry": {"coordinates": [150.63729661333366, -33.932126886666424, 0.0], "type": "Point", "geometries": null}}, {"type": "Feature", "properties": {"ModifiedDa": "2010-08-06", "SAPEquipID": 300208047, "AssetName": "BBQ - 12", "d_SubtypeC": "BBQ/Fireplace", "d_AssetTyp": "No Roof", "d_AssetMat": "Steel", "d_Branch": "Greater Sydney", "d_LGA": "Liverpool", "Comments": "low level on 1m sq concrete slab", "Easting": 281485.34, "Northing": 6242853.91, "Latitude": "33\u00c2\u00b0 55.927' S", "Longitude": "150\u00c2\u00b0 38.155' E", "VERDATE": "2025-12-05"}, "geometry": {"coordinates": [150.63592078000033, -33.932112446666565, 0.0], "type": "Point", "geometries": null}}, {"type": "Feature", "properties": {"ModifiedDa": "2010-08-06", "SAPEquipID": 300208059, "AssetName": "BBQ - 15", "d_SubtypeC": "BBQ/Fireplace", "d_AssetTyp": "With Roof", "d_AssetMat": "Steel Stainless", "d_Branch": "Greater Sydney", "d_LGA": "Liverpool", "Comments": "waist level brick bench", "Easting": 281580.56, "Northing": 6242778.29, "Latitude": "33\u00c2\u00b0 55.969' S", "Longitude": "150\u00c2\u00b0 38.216' E", "VERDATE": "2025-12-05"}, "geometry": {"coordinates": [150.6369313866668, -33.932813666666505, 0.0], "type": "Point", "geometries": null}}, {"type": "Feature", "properties": {"ModifiedDa": "2010-08-06", "SAPEquipID": 300208070, "AssetName": "BBQ - 19", "d_SubtypeC": "BBQ/Fireplace", "d_AssetTyp": "No Roof", "d_AssetMat": "Steel", "d_Branch": "Greater Sydney", "d_LGA": "Liverpool", "Comments": "bbq plate and billy holder on side post", "Easting": 281655.79, "Northing": 6242856.86, "Latitude": "33\u00c2\u00b0 55.927' S", "Longitude": "150\u00c2\u00b0 38.266' E", "VERDATE": "2025-12-05"}, "geometry": {"coordinates": [150.63776422000046, -33.93212127999993, 0.0], "type": "Point", "geometries": null}}, {"type": "Feature", "properties": {"ModifiedDa": "2010-08-06", "SAPEquipID": 300208082, "AssetName": "BBQ - 22", "d_SubtypeC": "BBQ/Fireplace", "d_AssetTyp": "No Roof", "d_AssetMat": "Steel", "d_Branch": "Greater Sydney", "d_LGA": "Liverpool", "Comments": "bbq plate and billy holder on side post", "Easting": 281549.07, "Northing": 6242820.25, "Latitude": "33\u00c2\u00b0 55.946' S", "Longitude": "150\u00c2\u00b0 38.196' E", "VERDATE": "2025-12-05"}, "geometry": {"coordinates": [150.63660144666756, -33.9324289999999, 0.0], "type": "Point", "geometries": null}}, {"type": "Feature", "properties": {"ModifiedDa": "2010-08-06", "SAPEquipID": 300208095, "AssetName": "BBQ - 26", "d_SubtypeC": "BBQ/Fireplace", "d_AssetTyp": "No Roof", "d_AssetMat": "Steel", "d_Branch": "Greater Sydney", "d_LGA": "Liverpool", "Comments": "bbq plate and billy holder on side post", "Easting": 281483.16, "Northing": 6242894.89, "Latitude": "33\u00c2\u00b0 55.905' S", "Longitude": "150\u00c2\u00b0 38.154' E", "VERDATE": "2025-12-05"}, "geometry": {"coordinates": [150.63590750000014, -33.931742719999875, 0.0], "type": "Point", "geometries": null}}, {"type": "Feature", "properties": {"ModifiedDa": "2010-08-06", "SAPEquipID": 300208107, "AssetName": "BBQ - 29", "d_SubtypeC": "BBQ/Fireplace", "d_AssetTyp": "No Roof", "d_AssetMat": "Steel", "d_Branch": "Greater Sydney", "d_LGA": "Liverpool", "Comments": "bbq on 800mm steel post", "Easting": 281571.26, "Northing": 6242815.36, "Latitude": "33\u00c2\u00b0 55.949' S", "Longitude": "150\u00c2\u00b0 38.21' E", "VERDATE": "2025-12-05"}, "geometry": {"coordinates": [150.63684005333403, -33.93247771999984, 0.0], "type": "Point", "geometries": null}}, {"type": "Feature", "properties": {"ModifiedDa": "2010-08-06", "SAPEquipID": 300208119, "AssetName": "Bin - 11", "d_SubtypeC": "Bin", "d_AssetTyp": "Garbage", "d_AssetMat": "Not Applicable", "d_Branch": "Greater Sydney", "d_LGA": "Liverpool", "Comments": "gal steel garbage bin on steel post", "Easting": 281623.94, "Northing": 6242792.55, "Latitude": "33\u00c2\u00b0 55.962' S", "Longitude": "150\u00c2\u00b0 38.244' E", "VERDATE": "2025-12-05"}, "geometry": {"coordinates": [150.6374038866668, -33.932694166666465, 0.0], "type": "Point", "geometries": null}}, {"type": "Feature", "properties": {"ModifiedDa": "2010-08-06", "SAPEquipID": 300208131, "AssetName": "Bin - 08", "d_SubtypeC": "Bin", "d_AssetTyp": "Garbage", "d_AssetMat": "Not Applicable", "d_Branch": "Greater Sydney", "d_LGA": "Liverpool", "Comments": "gal steel garbage bin on steel post", "Easting": 281681.23, "Northing": 6242843.78, "Latitude": "33\u00c2\u00b0 55.935' S", "Longitude": "150\u00c2\u00b0 38.282' E", "VERDATE": "2025-12-05"}, "geometry": {"coordinates": [150.63803605333396, -33.93224444666657, 0.0], "type": "Point", "geometries": null}}, {"type": "Feature", "properties": {"ModifiedDa": "2010-08-06", "SAPEquipID": 300208142, "AssetName": "Bin - 04", "d_SubtypeC": "Bin", "d_AssetTyp": "Garbage", "d_AssetMat": "Not Applicable", "d_Branch": "Greater Sydney", "d_LGA": "Liverpool", "Comments": "gal steel garbage bin on steel post", "Easting": 281485.2, "Northing": 6242902.95, "Latitude": "33\u00c2\u00b0 55.9' S", "Longitude": "150\u00c2\u00b0 38.156' E", "VERDATE": "2025-12-05"}, "geometry": {"coordinates": [150.63593155333422, -33.93167055333328, 0.0], "type": "Point", "geometries": null}}, {"type": "Feature", "properties": {"ModifiedDa": "2010-08-06", "SAPEquipID": 300208153, "AssetName": "Bin - 01", "d_SubtypeC": "Bin", "d_AssetTyp": "Garbage", "d_AssetMat": "Not Applicable", "d_Branch": "Greater Sydney", "d_LGA": "Liverpool", "Comments": "gal steel garbage bin on steel post", "Easting": 281495.44, "Northing": 6242843.01, "Latitude": "33\u00c2\u00b0 55.933' S", "Longitude": "150\u00c2\u00b0 38.162' E", "VERDATE": "2025-12-05"}, "geometry": {"coordinates": [150.6360273333338, -33.9322128333331, 0.0], "type": "Point", "geometries": null}}, {"type": "Feature", "properties": {"ModifiedDa": "2016-04-06", "SAPEquipID": 300209221, "AssetName": "WRS - 02", "d_SubtypeC": "Waste/Recycling Stn", "d_AssetTyp": "Not Applicable", "d_AssetMat": "Not Applicable", "d_Branch": "Greater Sydney", "d_LGA": "Ryde", "Comments": null, "Easting": 328408.04, "Northing": 6259710.67, "Latitude": "33\u00c2\u00b0 47.332' S", "Longitude": "151\u00c2\u00b0 8.796' E", "VERDATE": "2025-12-05"}, "geometry": {"coordinates": [151.1465927200004, -33.78885955333283, 0.0], "type": "Point", "geometries": null}}, {"type": "Feature", "properties": {"ModifiedDa": "2016-04-06", "SAPEquipID": 300209223, "AssetName": "Seat - 03", "d_SubtypeC": "Seat", "d_AssetTyp": "Unknown", "d_AssetMat": "Timber", "d_Branch": "Greater Sydney", "d_LGA": "Mosman", "Comments": null, "Easting": 337588.28, "Northing": 6253109.49, "Latitude": "33\u00c2\u00b0 50.989' S", "Longitude": "151\u00c2\u00b0 14.67' E", "VERDATE": "2025-12-05"}, "geometry": {"coordinates": [151.2444931666672, -33.849818333333246, 0.0], "type": "Point", "geometries": null}}, {"type": "Feature", "properties": {"ModifiedDa": "2019-03-15", "SAPEquipID": 300209246, "AssetName": "Seat - 14", "d_SubtypeC": "Seat", "d_AssetTyp": "Without Pad", "d_AssetMat": "Timber", "d_Branch": "Greater Sydney", "d_LGA": "Unincorporated", "Comments": null, "Easting": 337320.32, "Northing": 6251641.98, "Latitude": "33\u00c2\u00b0 51.78' S", "Longitude": "151\u00c2\u00b0 14.48' E", "VERDATE": "2025-12-05"}, "geometry": {"coordinates": [151.24132666666685, -33.863006493333216, 0.0], "type": "Point", "geometries": null}}, {"type": "Feature", "properties": {"ModifiedDa": "2019-03-15", "SAPEquipID": 300209258, "AssetName": "Seat - Mark Cuppitt", "d_SubtypeC": "Seat", "d_AssetTyp": "Without Pad", "d_AssetMat": "Timber", "d_Branch": "Greater Sydney", "d_LGA": "Unincorporated", "Comments": null, "Easting": 337351.84, "Northing": 6251678.67, "Latitude": "33\u00c2\u00b0 51.761' S", "Longitude": "151\u00c2\u00b0 14.5' E", "VERDATE": "2025-12-05"}, "geometry": {"coordinates": [151.24167405333367, -33.862680553333234, 0.0], "type": "Point", "geometries": null}}, {"type": "Feature", "properties": {"ModifiedDa": "2011-08-02", "SAPEquipID": 300209424, "AssetName": "Table - Govenor Game LOut South - 03", "d_SubtypeC": "Picnic Table", "d_AssetTyp": "No Roof", "d_AssetMat": "Timber", "d_Branch": "Greater Sydney", "d_LGA": "Sutherland", "Comments": null, "Easting": 320540.5, "Northing": 6217149.14, "Latitude": "34\u00c2\u00b0 10.272' S", "Longitude": "151\u00c2\u00b0 3.175' E", "VERDATE": "2025-12-05"}, "geometry": {"coordinates": [151.05292495869367, -34.171193047090696, 0.0], "type": "Point", "geometries": null}}, {"type": "Feature", "properties": {"ModifiedDa": "2023-04-03", "SAPEquipID": 300209550, "AssetName": "BBQ - Murphys Glen - 04", "d_SubtypeC": "BBQ/Fireplace", "d_AssetTyp": "No Roof", "d_AssetMat": "Steel", "d_Branch": "Blue Mountains", "d_LGA": "Blue Mountains", "Comments": "Murphys glen fireplace", "Easting": 267201.78, "Northing": 6260601.37, "Latitude": "33\u00c2\u00b0 46.148' S", "Longitude": "150\u00c2\u00b0 29.172' E", "VERDATE": "2025-12-05"}, "geometry": {"coordinates": [150.48620695475324, -33.76913751591553, 0.0], "type": "Point", "geometries": null}}, {"type": "Feature", "properties": {"ModifiedDa": "2019-03-15", "SAPEquipID": 300209554, "AssetName": "Life Buoy Stand - Life Buoy", "d_SubtypeC": "Life Buoy Stand", "d_AssetTyp": "Not Applicable", "d_AssetMat": "Not Applicable", "d_Branch": "Greater Sydney", "d_LGA": "Unincorporated", "Comments": null, "Easting": 338844.12, "Northing": 6252044.18, "Latitude": "33\u00c2\u00b0 51.577' S", "Longitude": "151\u00c2\u00b0 15.472' E", "VERDATE": "2025-12-05"}, "geometry": {"coordinates": [151.25786694666726, -33.859614613333235, 0.0], "type": "Point", "geometries": null}}, {"type": "Feature", "properties": {"ModifiedDa": "2023-04-03", "SAPEquipID": 300209562, "AssetName": "Picnic Table - Murphys Glen Camp - 02", "d_SubtypeC": "Picnic Table", "d_AssetTyp": "No Roof", "d_AssetMat": "Timber", "d_Branch": "Blue Mountains", "d_LGA": "Blue Mountains", "Comments": "Murphys Glen Campground", "Easting": 267210.35, "Northing": 6260658.81, "Latitude": "33\u00c2\u00b0 46.117' S", "Longitude": "150\u00c2\u00b0 29.179' E", "VERDATE": "2025-12-05"}, "geometry": {"coordinates": [150.4863145845752, -33.76862181708475, 0.0], "type": "Point", "geometries": null}}, {"type": "Feature", "properties": {"ModifiedDa": "2023-04-03", "SAPEquipID": 300209574, "AssetName": "Picnic Table - Murphys Glen Camp - 05", "d_SubtypeC": "Picnic Table", "d_AssetTyp": "No Roof", "d_AssetMat": "Timber", "d_Branch": "Blue Mountains", "d_LGA": "Blue Mountains", "Comments": "Murphys Glen Campground", "Easting": 267171.1, "Northing": 6260619.07, "Latitude": "33\u00c2\u00b0 46.138' S", "Longitude": "150\u00c2\u00b0 29.153' E", "VERDATE": "2025-12-05"}, "geometry": {"coordinates": [150.4858806138235, -33.768971275302135, 0.0], "type": "Point", "geometries": null}}, {"type": "Feature", "properties": {"ModifiedDa": "2022-03-04", "SAPEquipID": 300209686, "AssetName": "Picnic Table - Wheeny Ck CA - 01", "d_SubtypeC": "Picnic Table", "d_AssetTyp": "No Roof", "d_AssetMat": "Steel", "d_Branch": "Blue Mountains", "d_LGA": "Hawkesbury", "Comments": null, "Easting": 288042.33, "Northing": 6295806.8, "Latitude": "33\u00c2\u00b0 27.374' S", "Longitude": "150\u00c2\u00b0 43.167' E", "VERDATE": "2025-12-05"}, "geometry": {"coordinates": [150.71945783333376, -33.45623383333316, 0.0], "type": "Point", "geometries": null}}, {"type": "Feature", "properties": {"ModifiedDa": "2016-04-06", "SAPEquipID": 300209706, "AssetName": "Picnic Table - Lower Lawn - 03", "d_SubtypeC": "Picnic Table", "d_AssetTyp": "No Roof", "d_AssetMat": "Timber", "d_Branch": "Greater Sydney", "d_LGA": "Unincorporated", "Comments": null, "Easting": 329172.41, "Northing": 6251474.55, "Latitude": "33\u00c2\u00b0 51.794' S", "Longitude": "151\u00c2\u00b0 9.195' E", "VERDATE": "2025-12-05"}, "geometry": {"coordinates": [151.15324911333346, -33.863227666666546, 0.0], "type": "Point", "geometries": null}}, {"type": "Feature", "properties": {"ModifiedDa": "2024-03-04", "SAPEquipID": 300210086, "AssetName": "Bin - Carpark - 02", "d_SubtypeC": "Bin", "d_AssetTyp": "Garbage", "d_AssetMat": "Not Applicable", "d_Branch": "Greater Sydney", "d_LGA": "Northern Beaches", "Comments": null, "Easting": 342431.97, "Northing": 6256548.96, "Latitude": "33\u00c2\u00b0 49.173' S", "Longitude": "151\u00c2\u00b0 17.847' E", "VERDATE": "2025-12-05"}, "geometry": {"coordinates": [151.29744299999993, -33.819545300000016, 0.0], "type": "Point", "geometries": null}}, {"type": "Feature", "properties": {"ModifiedDa": "2017-10-06", "SAPEquipID": 300210130, "AssetName": "BBQ - Putty DUA", "d_SubtypeC": "BBQ/Fireplace", "d_AssetTyp": "No Roof", "d_AssetMat": "Steel", "d_Branch": "Hunter Central Coast", "d_LGA": "Central Coast", "Comments": null, "Easting": 348928.21, "Northing": 6288970.82, "Latitude": "33\u00c2\u00b0 31.691' S", "Longitude": "151\u00c2\u00b0 22.388' E", "VERDATE": "2025-12-05"}, "geometry": {"coordinates": [151.37312592370415, -33.528187211682734, 0.0], "type": "Point", "geometries": null}}, {"type": "Feature", "properties": {"ModifiedDa": "2024-07-09", "SAPEquipID": 300210199, "AssetName": "Picnic Table - lawn - 03", "d_SubtypeC": "Picnic Table", "d_AssetTyp": "No Roof", "d_AssetMat": "Timber", "d_Branch": "Greater Sydney", "d_LGA": "Canterbury-Bankstown", "Comments": null, "Easting": 326847.69, "Northing": 6244111.98, "Latitude": "33\u00c2\u00b0 55.753' S", "Longitude": "151\u00c2\u00b0 7.601' E", "VERDATE": "2025-12-05"}, "geometry": {"coordinates": [151.12667794666686, -33.92921655333316, 0.0], "type": "Point", "geometries": null}}, {"type": "Feature", "properties": {"ModifiedDa": "2024-07-09", "SAPEquipID": 300210211, "AssetName": "BBQ - picnic area", "d_SubtypeC": "BBQ/Fireplace", "d_AssetTyp": "No Roof", "d_AssetMat": "Brick", "d_Branch": "Greater Sydney", "d_LGA": "Canterbury-Bankstown", "Comments": null, "Easting": 326831.16, "Northing": 6244124.48, "Latitude": "33\u00c2\u00b0 55.746' S", "Longitude": "151\u00c2\u00b0 7.59' E", "VERDATE": "2025-12-05"}, "geometry": {"coordinates": [151.12650166666685, -33.929101166666555, 0.0], "type": "Point", "geometries": null}}, {"type": "Feature", "properties": {"ModifiedDa": "2011-12-07", "SAPEquipID": 300210309, "AssetName": "WRS - 3 Bin station near VPA", "d_SubtypeC": "Waste/Recycling Stn", "d_AssetTyp": "Not Applicable", "d_AssetMat": "Not Applicable", "d_Branch": "Greater Sydney", "d_LGA": "Sutherland", "Comments": "3 bin station", "Easting": 320485.44, "Northing": 6227223.21, "Latitude": "34\u00c2\u00b0 4.823' S", "Longitude": "151\u00c2\u00b0 3.265' E", "VERDATE": "2025-12-05"}, "geometry": {"coordinates": [151.05440983333347, -34.08038077999919, 0.0], "type": "Point", "geometries": null}}, {"type": "Feature", "properties": {"ModifiedDa": "2010-07-26", "SAPEquipID": 300210320, "AssetName": "Picnic Table 3", "d_SubtypeC": "Picnic Table", "d_AssetTyp": "With Roof", "d_AssetMat": "Timber", "d_Branch": "Greater Sydney", "d_LGA": "Sutherland", "Comments": "UNDER SHELTER", "Easting": 320587.43, "Northing": 6226954.27, "Latitude": "34\u00c2\u00b0 4.969' S", "Longitude": "151\u00c2\u00b0 3.328' E", "VERDATE": "2025-12-05"}, "geometry": {"coordinates": [151.05545928000026, -34.082822446665716, 0.0], "type": "Point", "geometries": null}}, {"type": "Feature", "properties": {"ModifiedDa": "2024-07-09", "SAPEquipID": 300210340, "AssetName": "Picnic Table - lawn - 04", "d_SubtypeC": "Picnic Table", "d_AssetTyp": "No Roof", "d_AssetMat": "Timber", "d_Branch": "Greater Sydney", "d_LGA": "Canterbury-Bankstown", "Comments": null, "Easting": 326828.0, "Northing": 6244145.67, "Latitude": "33\u00c2\u00b0 55.735' S", "Longitude": "151\u00c2\u00b0 7.588' E", "VERDATE": "2025-12-05"}, "geometry": {"coordinates": [151.12647166666704, -33.92890961333319, 0.0], "type": "Point", "geometries": null}}, {"type": "Feature", "properties": {"ModifiedDa": "2010-07-26", "SAPEquipID": 300210392, "AssetName": "seat 1 forest island loop track south", "d_SubtypeC": "Seat", "d_AssetTyp": "Without Pad", "d_AssetMat": "Timber", "d_Branch": "Greater Sydney", "d_LGA": "Sutherland", "Comments": null, "Easting": 317798.36, "Northing": 6219679.14, "Latitude": "34\u00c2\u00b0 8.875' S", "Longitude": "151\u00c2\u00b0 1.423' E", "VERDATE": "2025-12-05"}, "geometry": {"coordinates": [151.02372066666703, -34.14791388666595, 0.0], "type": "Point", "geometries": null}}, {"type": "Feature", "properties": {"ModifiedDa": "2010-07-26", "SAPEquipID": 300210439, "AssetName": "picnic  table - 1 Allambie Flat north", "d_SubtypeC": "Picnic Table", "d_AssetTyp": "No Roof", "d_AssetMat": "Timber Treated", "d_Branch": "Greater Sydney", "d_LGA": "Sutherland", "Comments": "allambie  flat  picnic table1", "Easting": 320402.38, "Northing": 6227896.99, "Latitude": "34\u00c2\u00b0 4.458' S", "Longitude": "151\u00c2\u00b0 3.219' E", "VERDATE": "2025-12-05"}, "geometry": {"coordinates": [151.05364905333374, -34.07429338666594, 0.0], "type": "Point", "geometries": null}}, {"type": "Feature", "properties": {"ModifiedDa": "2016-04-06", "SAPEquipID": 300210510, "AssetName": "Picnic Table - west lawn - 01", "d_SubtypeC": "Picnic Table", "d_AssetTyp": "No Roof", "d_AssetMat": "Timber", "d_Branch": "Greater Sydney", "d_LGA": "Canterbury-Bankstown", "Comments": null, "Easting": 326783.55, "Northing": 6244168.98, "Latitude": "33\u00c2\u00b0 55.722' S", "Longitude": "151\u00c2\u00b0 7.56' E", "VERDATE": "2025-12-05"}, "geometry": {"coordinates": [151.12599566666745, -33.92869216666645, 0.0], "type": "Point", "geometries": null}}, {"type": "Feature", "properties": {"ModifiedDa": "2016-04-06", "SAPEquipID": 300210585, "AssetName": "Seat - Timber - 11", "d_SubtypeC": "Seat", "d_AssetTyp": "Without Pad", "d_AssetMat": "Timber", "d_Branch": "Greater Sydney", "d_LGA": "Northern Beaches", "Comments": null, "Easting": 343068.58, "Northing": 6283240.85, "Latitude": "33\u00c2\u00b0 34.74' S", "Longitude": "151\u00c2\u00b0 18.542' E", "VERDATE": "2025-12-05"}, "geometry": {"coordinates": [151.3090413866671, -33.57900171999984, 0.0], "type": "Point", "geometries": null}}, {"type": "Feature", "properties": {"ModifiedDa": "2022-03-04", "SAPEquipID": 300210752, "AssetName": "Picnic Table - Yellow Rock Lookout - 03", "d_SubtypeC": "Picnic Table", "d_AssetTyp": "No Roof", "d_AssetMat": "Concrete", "d_Branch": "Blue Mountains", "d_LGA": "Blue Mountains", "Comments": null, "Easting": 282230.99, "Northing": 6270748.06, "Latitude": "33\u00c2\u00b0 40.854' S", "Longitude": "150\u00c2\u00b0 39.052' E", "VERDATE": "2025-12-05"}, "geometry": {"coordinates": [150.65086508000036, -33.68089675333323, 0.0], "type": "Point", "geometries": null}}, {"type": "Feature", "properties": {"ModifiedDa": "2022-03-04", "SAPEquipID": 300210764, "AssetName": "BBQ - Euroka DUA - 01", "d_SubtypeC": "BBQ/Fireplace", "d_AssetTyp": "No Roof", "d_AssetMat": "Steel", "d_Branch": "Blue Mountains", "d_LGA": "Blue Mountains", "Comments": "Main Flat", "Easting": 279468.29, "Northing": 6257662.69, "Latitude": "33\u00c2\u00b0 47.895' S", "Longitude": "150\u00c2\u00b0 37.07' E", "VERDATE": "2025-12-05"}, "geometry": {"coordinates": [150.61782628000014, -33.79824555333306, 0.0], "type": "Point", "geometries": null}}, {"type": "Feature", "properties": {"ModifiedDa": "2022-03-04", "SAPEquipID": 300210788, "AssetName": "Bin - Euroka DUA - 01", "d_SubtypeC": "Bin", "d_AssetTyp": "Garbage", "d_AssetMat": "Not Applicable", "d_Branch": "Blue Mountains", "d_LGA": "Blue Mountains", "Comments": "Main Flat", "Easting": 279437.86, "Northing": 6257576.31, "Latitude": "33\u00c2\u00b0 47.941' S", "Longitude": "150\u00c2\u00b0 37.049' E", "VERDATE": "2025-12-05"}, "geometry": {"coordinates": [150.61747633333346, -33.799017586666594, 0.0], "type": "Point", "geometries": null}}, {"type": "Feature", "properties": {"ModifiedDa": "2022-03-04", "SAPEquipID": 300211118, "AssetName": "BBQ - Bennetts CA - 02", "d_SubtypeC": "BBQ/Fireplace", "d_AssetTyp": "No Roof", "d_AssetMat": "Steel", "d_Branch": "Blue Mountains", "d_LGA": "Blue Mountains", "Comments": "Bennett Ridge", "Easting": 279509.75, "Northing": 6257500.04, "Latitude": "33\u00c2\u00b0 47.983' S", "Longitude": "150\u00c2\u00b0 37.094' E", "VERDATE": "2025-12-05"}, "geometry": {"coordinates": [150.61823322000055, -33.7997198333332, 0.0], "type": "Point", "geometries": null}}, {"type": "Feature", "properties": {"ModifiedDa": "2022-03-04", "SAPEquipID": 300211130, "AssetName": "Bin - Euroka DUA - 03", "d_SubtypeC": "Bin", "d_AssetTyp": "Garbage", "d_AssetMat": "Not Applicable", "d_Branch": "Blue Mountains", "d_LGA": "Blue Mountains", "Comments": "Entrance left hand side, otto bin on pad", "Easting": 279370.1, "Northing": 6257686.29, "Latitude": "33\u00c2\u00b0 47.881' S", "Longitude": "150\u00c2\u00b0 37.006' E", "VERDATE": "2025-12-05"}, "geometry": {"coordinates": [150.6167723866672, -33.79801233333313, 0.0], "type": "Point", "geometries": null}}, {"type": "Feature", "properties": {"ModifiedDa": "2017-04-03", "SAPEquipID": 300211357, "AssetName": "BBQ - Toddlers Playspace Visitor Area", "d_SubtypeC": "BBQ/Fireplace", "d_AssetTyp": "With Roof", "d_AssetMat": "Steel Stainless", "d_Branch": "Greater Sydney", "d_LGA": "Blacktown", "Comments": null, "Easting": 306309.57, "Northing": 6271283.35, "Latitude": "33\u00c2\u00b0 40.844' S", "Longitude": "150\u00c2\u00b0 54.634' E", "VERDATE": "2025-12-05"}, "geometry": {"coordinates": [150.9105638972028, -33.68073628406586, 0.0], "type": "Point", "geometries": null}}, {"type": "Feature", "properties": {"ModifiedDa": "2019-03-15", "SAPEquipID": 300212611, "AssetName": "Seat - Gazebo - 04", "d_SubtypeC": "Seat", "d_AssetTyp": "Unknown", "d_AssetMat": "Timber", "d_Branch": "Greater Sydney", "d_LGA": "Unincorporated", "Comments": null, "Easting": 338830.76, "Northing": 6252185.34, "Latitude": "33\u00c2\u00b0 51.5' S", "Longitude": "151\u00c2\u00b0 15.465' E", "VERDATE": "2025-12-05"}, "geometry": {"coordinates": [151.25774843333352, -33.85833995999985, 0.0], "type": "Point", "geometries": null}}, {"type": "Feature", "properties": {"ModifiedDa": "2023-04-03", "SAPEquipID": 300213614, "AssetName": "Picnic Table - Burragorang Lookout - 02", "d_SubtypeC": "Picnic Table", "d_AssetTyp": "No Roof", "d_AssetMat": "Timber", "d_Branch": "Blue Mountains", "d_LGA": "Wollondilly", "Comments": null, "Easting": 263187.42, "Northing": 6227209.85, "Latitude": "34\u00c2\u00b0 4.146' S", "Longitude": "150\u00c2\u00b0 26.033' E", "VERDATE": "2025-12-05"}, "geometry": {"coordinates": [150.43388737366058, -34.06910477784612, 0.0], "type": "Point", "geometries": null}}, {"type": "Feature", "properties": {"ModifiedDa": "2023-04-03", "SAPEquipID": 300213625, "AssetName": "Seat - Burragorang Lookout -  03", "d_SubtypeC": "Seat", "d_AssetTyp": "With Pad", "d_AssetMat": "Timber", "d_Branch": "Blue Mountains", "d_LGA": "Wollondilly", "Comments": null, "Easting": 263179.93, "Northing": 6227234.83, "Latitude": "34\u00c2\u00b0 4.133' S", "Longitude": "150\u00c2\u00b0 26.029' E", "VERDATE": "2025-12-05"}, "geometry": {"coordinates": [150.4338131736588, -34.068877977840145, 0.0], "type": "Point", "geometries": null}}, {"type": "Feature", "properties": {"ModifiedDa": "2023-04-03", "SAPEquipID": 300213741, "AssetName": "Picnic Table - Bennets CA Sth - 04", "d_SubtypeC": "Picnic Table", "d_AssetTyp": "No Roof", "d_AssetMat": "Timber", "d_Branch": "Blue Mountains", "d_LGA": "Blue Mountains", "Comments": "on concrete", "Easting": 279550.44, "Northing": 6257410.15, "Latitude": "33\u00c2\u00b0 48.032' S", "Longitude": "150\u00c2\u00b0 37.119' E", "VERDATE": "2025-12-05"}, "geometry": {"coordinates": [150.61865000000012, -33.80053833333335, 0.0], "type": "Point", "geometries": null}}, {"type": "Feature", "properties": {"ModifiedDa": "2023-04-03", "SAPEquipID": 300213752, "AssetName": "Picnic Table - Euroka DUA - 05", "d_SubtypeC": "Picnic Table", "d_AssetTyp": "No Roof", "d_AssetMat": "Timber", "d_Branch": "Blue Mountains", "d_LGA": "Blue Mountains", "Comments": "concrete", "Easting": 279388.2, "Northing": 6257548.44, "Latitude": "33\u00c2\u00b0 47.955' S", "Longitude": "150\u00c2\u00b0 37.016' E", "VERDATE": "2025-12-05"}, "geometry": {"coordinates": [150.61693333333335, -33.799258333333285, 0.0], "type": "Point", "geometries": null}}, {"type": "Feature", "properties": {"ModifiedDa": "2023-04-03", "SAPEquipID": 300213763, "AssetName": "Picnic Table -  Appletree CA Nth - 09", "d_SubtypeC": "Picnic Table", "d_AssetTyp": "No Roof", "d_AssetMat": "Timber", "d_Branch": "Blue Mountains", "d_LGA": "Blue Mountains", "Comments": "on concrete", "Easting": 279292.32, "Northing": 6257628.16, "Latitude": "33\u00c2\u00b0 47.911' S", "Longitude": "150\u00c2\u00b0 36.955' E", "VERDATE": "2025-12-05"}, "geometry": {"coordinates": [150.61591833333352, -33.798519999999996, 0.0], "type": "Point", "geometries": null}}, {"type": "Feature", "properties": {"ModifiedDa": "2016-04-06", "SAPEquipID": 300214018, "AssetName": "Seat - Cannon BH Fort Area - 01", "d_SubtypeC": "Seat", "d_AssetTyp": "Without Pad", "d_AssetMat": "Timber", "d_Branch": "Greater Sydney", "d_LGA": "Mosman", "Comments": "new", "Easting": 337763.26, "Northing": 6252825.97, "Latitude": "33\u00c2\u00b0 51.144' S", "Longitude": "151\u00c2\u00b0 14.78' E", "VERDATE": "2025-12-05"}, "geometry": {"coordinates": [151.2463314200004, -33.852401113333144, 0.0], "type": "Point", "geometries": null}}, {"type": "Feature", "properties": {"ModifiedDa": "2021-02-19", "SAPEquipID": 300214549, "AssetName": "Seat - putty bullimah int", "d_SubtypeC": "Seat", "d_AssetTyp": "With Pad", "d_AssetMat": "Timber Treated", "d_Branch": "Hunter Central Coast", "d_LGA": "Central Coast", "Comments": null, "Easting": 349541.96, "Northing": 6288636.88, "Latitude": "33\u00c2\u00b0 31.877' S", "Longitude": "151\u00c2\u00b0 22.781' E", "VERDATE": "2025-12-05"}, "geometry": {"coordinates": [151.3796768192111, -33.531284710279806, 0.0], "type": "Point", "geometries": null}}, {"type": "Feature", "properties": {"ModifiedDa": "2019-03-15", "SAPEquipID": 300214568, "AssetName": "Picnic Table - 06", "d_SubtypeC": "Picnic Table", "d_AssetTyp": "No Roof", "d_AssetMat": "Timber", "d_Branch": "Greater Sydney", "d_LGA": "Unincorporated", "Comments": null, "Easting": 337252.44, "Northing": 6251722.54, "Latitude": "33\u00c2\u00b0 51.736' S", "Longitude": "151\u00c2\u00b0 14.436' E", "VERDATE": "2025-12-05"}, "geometry": {"coordinates": [151.24060811333356, -33.86226974666653, 0.0], "type": "Point", "geometries": null}}, {"type": "Feature", "properties": {"ModifiedDa": "2019-03-15", "SAPEquipID": 300214580, "AssetName": "Picnic Table - Shelter - 02", "d_SubtypeC": "Picnic Table", "d_AssetTyp": "With Roof", "d_AssetMat": "Timber", "d_Branch": "Greater Sydney", "d_LGA": "Unincorporated", "Comments": null, "Easting": 338840.26, "Northing": 6252203.14, "Latitude": "33\u00c2\u00b0 51.491' S", "Longitude": "151\u00c2\u00b0 15.471' E", "VERDATE": "2025-12-05"}, "geometry": {"coordinates": [151.25785436000024, -33.8581810066666, 0.0], "type": "Point", "geometries": null}}, {"type": "Feature", "properties": {"ModifiedDa": "2019-03-15", "SAPEquipID": 300214592, "AssetName": "Picnic Table - 04", "d_SubtypeC": "Picnic Table", "d_AssetTyp": "No Roof", "d_AssetMat": "Timber", "d_Branch": "Greater Sydney", "d_LGA": "Unincorporated", "Comments": null, "Easting": 338846.2, "Northing": 6252171.93, "Latitude": "33\u00c2\u00b0 51.508' S", "Longitude": "151\u00c2\u00b0 15.475' E", "VERDATE": "2025-12-05"}, "geometry": {"coordinates": [151.25791276666678, -33.858463213333266, 0.0], "type": "Point", "geometries": null}}, {"type": "Feature", "properties": {"ModifiedDa": "2022-03-04", "SAPEquipID": 300214655, "AssetName": "Picnic Table - Glenbrook Entrance - 02", "d_SubtypeC": "Picnic Table", "d_AssetTyp": "No Roof", "d_AssetMat": "Timber Treated", "d_Branch": "Blue Mountains", "d_LGA": "Blue Mountains", "Comments": "wood concrete based", "Easting": 279647.79, "Northing": 6259865.59, "Latitude": "33\u00c2\u00b0 46.706' S", "Longitude": "150\u00c2\u00b0 37.219' E", "VERDATE": "2025-12-05"}, "geometry": {"coordinates": [150.62031333333334, -33.77843166666668, 0.0], "type": "Point", "geometries": null}}, {"type": "Feature", "properties": {"ModifiedDa": "2023-04-03", "SAPEquipID": 300214668, "AssetName": "Seat - Glenbrook Entance - 03", "d_SubtypeC": "Seat", "d_AssetTyp": "With Pad", "d_AssetMat": "Timber", "d_Branch": "Blue Mountains", "d_LGA": "Blue Mountains", "Comments": "wood  and steel", "Easting": 279684.72, "Northing": 6259878.28, "Latitude": "33\u00c2\u00b0 46.699' S", "Longitude": "150\u00c2\u00b0 37.243' E", "VERDATE": "2025-12-05"}, "geometry": {"coordinates": [150.62071500000002, -33.77832499999988, 0.0], "type": "Point", "geometries": null}}, {"type": "Feature", "properties": {"ModifiedDa": "2023-04-03", "SAPEquipID": 300214680, "AssetName": "Picnic Table - Daruk CA - 01", "d_SubtypeC": "Picnic Table", "d_AssetTyp": "No Roof", "d_AssetMat": "Timber", "d_Branch": "Blue Mountains", "d_LGA": "Blue Mountains", "Comments": "wood steel", "Easting": 279514.12, "Northing": 6257685.26, "Latitude": "33\u00c2\u00b0 47.883' S", "Longitude": "150\u00c2\u00b0 37.1' E", "VERDATE": "2025-12-05"}, "geometry": {"coordinates": [150.6183266666667, -33.79805166666654, 0.0], "type": "Point", "geometries": null}}, {"type": "Feature", "properties": {"ModifiedDa": "2023-04-03", "SAPEquipID": 300214691, "AssetName": "Picnic Table - Euroka DUA - 02", "d_SubtypeC": "Picnic Table", "d_AssetTyp": "No Roof", "d_AssetMat": "Timber", "d_Branch": "Blue Mountains", "d_LGA": "Blue Mountains", "Comments": "1", "Easting": 279438.8, "Northing": 6257630.44, "Latitude": "33\u00c2\u00b0 47.912' S", "Longitude": "150\u00c2\u00b0 37.05' E", "VERDATE": "2025-12-05"}, "geometry": {"coordinates": [150.61750000000018, -33.798529999999914, 0.0], "type": "Point", "geometries": null}}, {"type": "Feature", "properties": {"ModifiedDa": "2023-04-03", "SAPEquipID": 300214703, "AssetName": "Picnic Table -  Appletree CA Nth - 02", "d_SubtypeC": "Picnic Table", "d_AssetTyp": "No Roof", "d_AssetMat": "Timber", "d_Branch": "Blue Mountains", "d_LGA": "Blue Mountains", "Comments": "on concrete", "Easting": 279417.52, "Northing": 6257476.07, "Latitude": "33\u00c2\u00b0 47.995' S", "Longitude": "150\u00c2\u00b0 37.034' E", "VERDATE": "2025-12-05"}, "geometry": {"coordinates": [150.6172316666666, -33.79991666666666, 0.0], "type": "Point", "geometries": null}}, {"type": "Feature", "properties": {"ModifiedDa": "2023-04-03", "SAPEquipID": 300214715, "AssetName": "Picnic Table - Bennets CA Sth - 02", "d_SubtypeC": "Picnic Table", "d_AssetTyp": "No Roof", "d_AssetMat": "Timber", "d_Branch": "Blue Mountains", "d_LGA": "Blue Mountains", "Comments": "on concrete", "Easting": 279517.63, "Northing": 6257420.12, "Latitude": "33\u00c2\u00b0 48.026' S", "Longitude": "150\u00c2\u00b0 37.098' E", "VERDATE": "2025-12-05"}, "geometry": {"coordinates": [150.6182983333333, -33.80044166666664, 0.0], "type": "Point", "geometries": null}}, {"type": "Feature", "properties": {"ModifiedDa": "2016-04-06", "SAPEquipID": 300214754, "AssetName": "Seat - Cannon BH Fort Area - 03", "d_SubtypeC": "Seat", "d_AssetTyp": "Without Pad", "d_AssetMat": "Timber", "d_Branch": "Greater Sydney", "d_LGA": "Mosman", "Comments": null, "Easting": 337778.46, "Northing": 6252838.36, "Latitude": "33\u00c2\u00b0 51.138' S", "Longitude": "151\u00c2\u00b0 14.79' E", "VERDATE": "2025-12-05"}, "geometry": {"coordinates": [151.24649797333348, -33.85229181333307, 0.0], "type": "Point", "geometries": null}}, {"type": "Feature", "properties": {"ModifiedDa": "2015-06-13", "SAPEquipID": 300215353, "AssetName": "Bin - 1 recycling bin", "d_SubtypeC": "Bin", "d_AssetTyp": "Recycle", "d_AssetMat": "Not Applicable", "d_Branch": "Hunter Central Coast", "d_LGA": "Central Coast", "Comments": null, "Easting": 339812.65, "Northing": 6299527.7, "Latitude": "33\u00c2\u00b0 25.901' S", "Longitude": "151\u00c2\u00b0 16.613' E", "VERDATE": "2025-12-05"}, "geometry": {"coordinates": [151.2768850866671, -33.43168260666636, 0.0], "type": "Point", "geometries": null}}, {"type": "Feature", "properties": {"ModifiedDa": "2015-08-21", "SAPEquipID": 300215364, "AssetName": "Picnic Table - older picnic  table - 02", "d_SubtypeC": "Picnic Table", "d_AssetTyp": "No Roof", "d_AssetMat": "Timber", "d_Branch": "Hunter Central Coast", "d_LGA": "Central Coast", "Comments": null, "Easting": 339758.97, "Northing": 6299424.0, "Latitude": "33\u00c2\u00b0 25.957' S", "Longitude": "151\u00c2\u00b0 16.577' E", "VERDATE": "2025-12-05"}, "geometry": {"coordinates": [151.2762893851792, -33.43260949349127, 0.0], "type": "Point", "geometries": null}}, {"type": "Feature", "properties": {"ModifiedDa": "2024-08-20", "SAPEquipID": 300215756, "AssetName": "Pay\u00c2\u00a0Machine\u00c2\u00a0HCCB\u00c2\u00a0NPWS0011", "d_SubtypeC": "Fee Collection Station - Unmanned", "d_AssetTyp": "Parking Meter", "d_AssetMat": "Not Applicable", "d_Branch": "Hunter Central Coast", "d_LGA": "Central Coast", "Comments": null, "Easting": 348961.81, "Northing": 6288972.7, "Latitude": "33\u00c2\u00b0 31.69' S", "Longitude": "151\u00c2\u00b0 22.409' E", "VERDATE": "2025-12-05"}, "geometry": {"coordinates": [151.37348800000007, -33.528174999999976, 0.0], "type": "Point", "geometries": null}}, {"type": "Feature", "properties": {"ModifiedDa": "2024-12-04", "SAPEquipID": 300215767, "AssetName": "Pay\u00c2\u00a0Machine\u00c2\u00a0HCCB\u00c2\u00a0NPWS0014", "d_SubtypeC": "Fee Collection Station - Unmanned", "d_AssetTyp": "Parking Meter", "d_AssetMat": "Not Applicable", "d_Branch": "Hunter Central Coast", "d_LGA": "Central Coast", "Comments": null, "Easting": 339177.57, "Northing": 6302866.87, "Latitude": "33\u00c2\u00b0 24.089' S", "Longitude": "151\u00c2\u00b0 16.239' E", "VERDATE": "2025-12-05"}, "geometry": {"coordinates": [151.2706533279403, -33.40148272435948, 0.0], "type": "Point", "geometries": null}}, {"type": "Feature", "properties": {"ModifiedDa": "2023-04-03", "SAPEquipID": 300216416, "AssetName": "BBQ - Burragorang Lookout - 02", "d_SubtypeC": "BBQ/Fireplace", "d_AssetTyp": "With Roof", "d_AssetMat": "Steel Stainless", "d_Branch": "Blue Mountains", "d_LGA": "Wollondilly", "Comments": null, "Easting": 263196.98, "Northing": 6227266.23, "Latitude": "34\u00c2\u00b0 4.116' S", "Longitude": "150\u00c2\u00b0 26.04' E", "VERDATE": "2025-12-05"}, "geometry": {"coordinates": [150.43400627366373, -34.06859897783278, 0.0], "type": "Point", "geometries": null}}, {"type": "Feature", "properties": {"ModifiedDa": "2024-01-10", "SAPEquipID": 300216425, "AssetName": "Picnic Table - Burragorang Lookout - 04", "d_SubtypeC": "Picnic Table", "d_AssetTyp": "No Roof", "d_AssetMat": "Timber", "d_Branch": "Blue Mountains", "d_LGA": "Wollondilly", "Comments": null, "Easting": 263193.18, "Northing": 6227196.77, "Latitude": "34\u00c2\u00b0 4.153' S", "Longitude": "150\u00c2\u00b0 26.037' E", "VERDATE": "2025-12-05"}, "geometry": {"coordinates": [150.43394627366217, -34.06922387784914, 0.0], "type": "Point", "geometries": null}}, {"type": "Feature", "properties": {"ModifiedDa": "2023-04-03", "SAPEquipID": 300216435, "AssetName": "Seat - Burragorang Lookout - 01", "d_SubtypeC": "Seat", "d_AssetTyp": "With Pad", "d_AssetMat": "Timber", "d_Branch": "Blue Mountains", "d_LGA": "Wollondilly", "Comments": null, "Easting": 263183.69, "Northing": 6227234.8, "Latitude": "34\u00c2\u00b0 4.133' S", "Longitude": "150\u00c2\u00b0 26.031' E", "VERDATE": "2025-12-05"}, "geometry": {"coordinates": [150.43385377365985, -34.068879077840165, 0.0], "type": "Point", "geometries": null}}, {"type": "Feature", "properties": {"ModifiedDa": "2023-04-03", "SAPEquipID": 300216446, "AssetName": "Seat - Burragorang Lookout - 05", "d_SubtypeC": "Seat", "d_AssetTyp": "With Pad", "d_AssetMat": "Timber", "d_Branch": "Blue Mountains", "d_LGA": "Wollondilly", "Comments": null, "Easting": 263184.53, "Northing": 6227228.25, "Latitude": "34\u00c2\u00b0 4.136' S", "Longitude": "150\u00c2\u00b0 26.032' E", "VERDATE": "2025-12-05"}, "geometry": {"coordinates": [150.43386117365992, -34.06893827784165, 0.0], "type": "Point", "geometries": null}}, {"type": "Feature", "properties": {"ModifiedDa": "2023-04-03", "SAPEquipID": 300216455, "AssetName": "BBQ - Burragorang Lookout - 01", "d_SubtypeC": "BBQ/Fireplace", "d_AssetTyp": "With Roof", "d_AssetMat": "Steel Stainless", "d_Branch": "Blue Mountains", "d_LGA": "Wollondilly", "Comments": null, "Easting": 263198.05, "Northing": 6227197.11, "Latitude": "34\u00c2\u00b0 4.153' S", "Longitude": "150\u00c2\u00b0 26.04' E", "VERDATE": "2025-12-05"}, "geometry": {"coordinates": [150.43399905333092, -34.069221946666005, 0.0], "type": "Point", "geometries": null}}, {"type": "Feature", "properties": {"ModifiedDa": "2022-03-04", "SAPEquipID": 300216481, "AssetName": "Seat - Red Hands Cave WT - 02", "d_SubtypeC": "Seat", "d_AssetTyp": "Without Pad", "d_AssetMat": "Timber", "d_Branch": "Blue Mountains", "d_LGA": "Blue Mountains", "Comments": null, "Easting": 277233.38, "Northing": 6259223.67, "Latitude": "33\u00c2\u00b0 47.023' S", "Longitude": "150\u00c2\u00b0 35.646' E", "VERDATE": "2025-12-05"}, "geometry": {"coordinates": [150.5940971666672, -33.7837107199997, 0.0], "type": "Point", "geometries": null}}, {"type": "Feature", "properties": {"ModifiedDa": "2015-07-30", "SAPEquipID": 300216644, "AssetName": "Picnic Table - camping 8", "d_SubtypeC": "Picnic Table", "d_AssetTyp": "No Roof", "d_AssetMat": "Timber", "d_Branch": "Hunter Central Coast", "d_LGA": "Central Coast", "Comments": null, "Easting": 348786.85, "Northing": 6289028.64, "Latitude": "33\u00c2\u00b0 31.659' S", "Longitude": "151\u00c2\u00b0 22.297' E", "VERDATE": "2025-12-05"}, "geometry": {"coordinates": [151.37161392280086, -33.52764590533667, 0.0], "type": "Point", "geometries": null}}, {"type": "Feature", "properties": {"ModifiedDa": "2015-07-30", "SAPEquipID": 300216655, "AssetName": "BBQ - camping 8", "d_SubtypeC": "BBQ/Fireplace", "d_AssetTyp": "No Roof", "d_AssetMat": "Steel Stainless", "d_Branch": "Hunter Central Coast", "d_LGA": "Central Coast", "Comments": null, "Easting": 348786.03, "Northing": 6289025.21, "Latitude": "33\u00c2\u00b0 31.661' S", "Longitude": "151\u00c2\u00b0 22.296' E", "VERDATE": "2025-12-05"}, "geometry": {"coordinates": [151.37160454619539, -33.5276767321551, 0.0], "type": "Point", "geometries": null}}, {"type": "Feature", "properties": {"ModifiedDa": "2015-07-30", "SAPEquipID": 300216665, "AssetName": "Bin - back of toilets-garbage", "d_SubtypeC": "Bin", "d_AssetTyp": "Garbage", "d_AssetMat": "Not Applicable", "d_Branch": "Hunter Central Coast", "d_LGA": "Central Coast", "Comments": null, "Easting": 348821.27, "Northing": 6289000.03, "Latitude": "33\u00c2\u00b0 31.675' S", "Longitude": "151\u00c2\u00b0 22.319' E", "VERDATE": "2025-12-05"}, "geometry": {"coordinates": [151.3719796083385, -33.52790873484906, 0.0], "type": "Point", "geometries": null}}, {"type": "Feature", "properties": {"ModifiedDa": "2015-07-30", "SAPEquipID": 300216675, "AssetName": "Bin - back of toilets-recycling", "d_SubtypeC": "Bin", "d_AssetTyp": "Recycle", "d_AssetMat": "Not Applicable", "d_Branch": "Hunter Central Coast", "d_LGA": "Central Coast", "Comments": null, "Easting": 348821.27, "Northing": 6289000.03, "Latitude": "33\u00c2\u00b0 31.675' S", "Longitude": "151\u00c2\u00b0 22.319' E", "VERDATE": "2025-12-05"}, "geometry": {"coordinates": [151.3719796083385, -33.52790873484906, 0.0], "type": "Point", "geometries": null}}, {"type": "Feature", "properties": {"ModifiedDa": "2022-03-04", "SAPEquipID": 300217018, "AssetName": "Picnic Table - Red Hands Cave DUA", "d_SubtypeC": "Picnic Table", "d_AssetTyp": "No Roof", "d_AssetMat": "Concrete", "d_Branch": "Blue Mountains", "d_LGA": "Blue Mountains", "Comments": null, "Easting": 276870.78, "Northing": 6259235.34, "Latitude": "33\u00c2\u00b0 47.012' S", "Longitude": "150\u00c2\u00b0 35.411' E", "VERDATE": "2025-12-05"}, "geometry": {"coordinates": [150.59018705333347, -33.7835291133332, 0.0], "type": "Point", "geometries": null}}, {"type": "Feature", "properties": {"ModifiedDa": "2022-03-04", "SAPEquipID": 300217028, "AssetName": "Picnic Table - Bennetts CA -03", "d_SubtypeC": "Picnic Table", "d_AssetTyp": "No Roof", "d_AssetMat": "Fibreglass", "d_Branch": "Blue Mountains", "d_LGA": "Blue Mountains", "Comments": "Bennett Ridge", "Easting": 279537.52, "Northing": 6257425.7, "Latitude": "33\u00c2\u00b0 48.024' S", "Longitude": "150\u00c2\u00b0 37.111' E", "VERDATE": "2025-12-05"}, "geometry": {"coordinates": [150.61851444666672, -33.800395553333146, 0.0], "type": "Point", "geometries": null}}, {"type": "Feature", "properties": {"ModifiedDa": "2022-03-04", "SAPEquipID": 300217037, "AssetName": "Picnic Table - Euroka CA", "d_SubtypeC": "Picnic Table", "d_AssetTyp": "No Roof", "d_AssetMat": "Concrete", "d_Branch": "Blue Mountains", "d_LGA": "Blue Mountains", "Comments": "Bennett Ridge", "Easting": 279552.3, "Northing": 6257629.28, "Latitude": "33\u00c2\u00b0 47.914' S", "Longitude": "150\u00c2\u00b0 37.123' E", "VERDATE": "2025-12-05"}, "geometry": {"coordinates": [150.6187247200004, -33.79856405333322, 0.0], "type": "Point", "geometries": null}}, {"type": "Feature", "properties": {"ModifiedDa": "2016-04-06", "SAPEquipID": 300217253, "AssetName": "Seat - Timber", "d_SubtypeC": "Seat", "d_AssetTyp": "Without Pad", "d_AssetMat": "Timber", "d_Branch": "Greater Sydney", "d_LGA": "Hornsby", "Comments": null, "Easting": 326345.94, "Northing": 6278628.22, "Latitude": "33\u00c2\u00b0 37.079' S", "Longitude": "151\u00c2\u00b0 7.682' E", "VERDATE": "2025-12-05"}, "geometry": {"coordinates": [151.12803383333346, -33.61799044666651, 0.0], "type": "Point", "geometries": null}}, {"type": "Feature", "properties": {"ModifiedDa": "2016-04-06", "SAPEquipID": 300217263, "AssetName": "Picnic Table - No Roof - 01", "d_SubtypeC": "Picnic Table", "d_AssetTyp": "No Roof", "d_AssetMat": "Timber", "d_Branch": "Greater Sydney", "d_LGA": "Hornsby", "Comments": null, "Easting": 326492.09, "Northing": 6278757.12, "Latitude": "33\u00c2\u00b0 37.011' S", "Longitude": "151\u00c2\u00b0 7.778' E", "VERDATE": "2025-12-05"}, "geometry": {"coordinates": [151.12963378000018, -33.616852333333156, 0.0], "type": "Point", "geometries": null}}, {"type": "Feature", "properties": {"ModifiedDa": "2016-04-06", "SAPEquipID": 300217312, "AssetName": "Seat - Timber - 17", "d_SubtypeC": "Seat", "d_AssetTyp": "Without Pad", "d_AssetMat": "Timber", "d_Branch": "Greater Sydney", "d_LGA": "Hornsby", "Comments": null, "Easting": 328781.11, "Northing": 6274826.78, "Latitude": "33\u00c2\u00b0 39.159' S", "Longitude": "151\u00c2\u00b0 9.212' E", "VERDATE": "2025-12-05"}, "geometry": {"coordinates": [151.15354127307467, -33.65265403694883, 0.0], "type": "Point", "geometries": null}}, {"type": "Feature", "properties": {"ModifiedDa": "2016-04-06", "SAPEquipID": 300217324, "AssetName": "Seat - Timber - 14", "d_SubtypeC": "Seat", "d_AssetTyp": "Without Pad", "d_AssetMat": "Timber", "d_Branch": "Greater Sydney", "d_LGA": "Northern Beaches", "Comments": null, "Easting": 341504.64, "Northing": 6280373.35, "Latitude": "33\u00c2\u00b0 36.277' S", "Longitude": "151\u00c2\u00b0 17.501' E", "VERDATE": "2025-12-05"}, "geometry": {"coordinates": [151.29168655333388, -33.604622333333225, 0.0], "type": "Point", "geometries": null}}, {"type": "Feature", "properties": {"ModifiedDa": "2016-04-06", "SAPEquipID": 300217332, "AssetName": "BBQ - Wood - 01", "d_SubtypeC": "BBQ/Fireplace", "d_AssetTyp": "No Roof", "d_AssetMat": "Steel", "d_Branch": "Greater Sydney", "d_LGA": "Hornsby", "Comments": null, "Easting": 322329.54, "Northing": 6289186.85, "Latitude": "33\u00c2\u00b0 31.329' S", "Longitude": "151\u00c2\u00b0 5.212' E", "VERDATE": "2025-12-05"}, "geometry": {"coordinates": [151.0868598333334, -33.52214694666657, 0.0], "type": "Point", "geometries": null}}, {"type": "Feature", "properties": {"ModifiedDa": "2025-05-13", "SAPEquipID": 300217334, "AssetName": "Seat - Timber - 18", "d_SubtypeC": "Seat", "d_AssetTyp": "Without Pad", "d_AssetMat": "Timber", "d_Branch": "Greater Sydney", "d_LGA": "Northern Beaches", "Comments": null, "Easting": 343077.37, "Northing": 6283208.5, "Latitude": "33\u00c2\u00b0 34.758' S", "Longitude": "151\u00c2\u00b0 18.548' E", "VERDATE": "2025-12-05"}, "geometry": {"coordinates": [151.30913034323783, -33.57929470548095, 0.0], "type": "Point", "geometries": null}}, {"type": "Feature", "properties": {"ModifiedDa": "2016-04-06", "SAPEquipID": 300217342, "AssetName": "Picnic Table - The Station - 02", "d_SubtypeC": "Picnic Table", "d_AssetTyp": "No Roof", "d_AssetMat": "Timber", "d_Branch": "Greater Sydney", "d_LGA": "Hornsby", "Comments": "The Station picnic table 2", "Easting": 329247.07, "Northing": 6273932.87, "Latitude": "33\u00c2\u00b0 39.647' S", "Longitude": "151\u00c2\u00b0 9.504' E", "VERDATE": "2025-12-05"}, "geometry": {"coordinates": [151.15839228000073, -33.660787279999965, 0.0], "type": "Point", "geometries": null}}, {"type": "Feature", "properties": {"ModifiedDa": "2016-04-06", "SAPEquipID": 300217343, "AssetName": "Seat - Timber - 22", "d_SubtypeC": "Seat", "d_AssetTyp": "Without Pad", "d_AssetMat": null, "d_Branch": "Greater Sydney", "d_LGA": "Northern Beaches", "Comments": null, "Easting": 341633.87, "Northing": 6280457.88, "Latitude": "33\u00c2\u00b0 36.233' S", "Longitude": "151\u00c2\u00b0 17.586' E", "VERDATE": "2025-12-05"}, "geometry": {"coordinates": [151.29309388666695, -33.603879446666554, 0.0], "type": "Point", "geometries": null}}, {"type": "Feature", "properties": {"ModifiedDa": "2016-04-06", "SAPEquipID": 300217352, "AssetName": "Picnic Table - No Roof - 12", "d_SubtypeC": "Picnic Table", "d_AssetTyp": "No Roof", "d_AssetMat": "Steel", "d_Branch": "Greater Sydney", "d_LGA": "Hornsby", "Comments": "CENTRE POST  timber top No 11", "Easting": 329123.6, "Northing": 6273716.61, "Latitude": "33\u00c2\u00b0 39.763' S", "Longitude": "151\u00c2\u00b0 9.421' E", "VERDATE": "2025-12-05"}, "geometry": {"coordinates": [151.1570196133339, -33.66271699999993, 0.0], "type": "Point", "geometries": null}}, {"type": "Feature", "properties": {"ModifiedDa": "2016-04-06", "SAPEquipID": 300217362, "AssetName": "Seat - Concrete", "d_SubtypeC": "Seat", "d_AssetTyp": "With Pad", "d_AssetMat": "Concrete", "d_Branch": "Greater Sydney", "d_LGA": "Hornsby", "Comments": null, "Easting": 329341.39, "Northing": 6274055.57, "Latitude": "33\u00c2\u00b0 39.582' S", "Longitude": "151\u00c2\u00b0 9.566' E", "VERDATE": "2025-12-05"}, "geometry": {"coordinates": [151.15943261333348, -33.65969633333327, 0.0], "type": "Point", "geometries": null}}, {"type": "Feature", "properties": {"ModifiedDa": "2016-04-06", "SAPEquipID": 300217373, "AssetName": "Seat - Treated Timber - 05", "d_SubtypeC": "Seat", "d_AssetTyp": "Without Pad", "d_AssetMat": "Timber Treated", "d_Branch": "Greater Sydney", "d_LGA": "Hornsby", "Comments": null, "Easting": 325922.36, "Northing": 6280206.51, "Latitude": "33\u00c2\u00b0 36.222' S", "Longitude": "151\u00c2\u00b0 7.427' E", "VERDATE": "2025-12-05"}, "geometry": {"coordinates": [151.12377828000047, -33.60369361333329, 0.0], "type": "Point", "geometries": null}}, {"type": "Feature", "properties": {"ModifiedDa": "2016-04-06", "SAPEquipID": 300217384, "AssetName": "Seat - Timber - 02", "d_SubtypeC": "Seat", "d_AssetTyp": "Without Pad", "d_AssetMat": "Timber", "d_Branch": "Greater Sydney", "d_LGA": "Hornsby", "Comments": null, "Easting": 329405.03, "Northing": 6274171.69, "Latitude": "33\u00c2\u00b0 39.52' S", "Longitude": "151\u00c2\u00b0 9.608' E", "VERDATE": "2025-12-05"}, "geometry": {"coordinates": [151.16014100000052, -33.65865977999988, 0.0], "type": "Point", "geometries": null}}, {"type": "Feature", "properties": {"ModifiedDa": "2016-04-06", "SAPEquipID": 300217394, "AssetName": "Picnic Table - No Roof - 19", "d_SubtypeC": "Picnic Table", "d_AssetTyp": "No Roof", "d_AssetMat": "Timber", "d_Branch": "Greater Sydney", "d_LGA": "Hornsby", "Comments": null, "Easting": 329267.97, "Northing": 6273813.2, "Latitude": "33\u00c2\u00b0 39.712' S", "Longitude": "151\u00c2\u00b0 9.516' E", "VERDATE": "2025-12-05"}, "geometry": {"coordinates": [151.15859461333343, -33.661869499999966, 0.0], "type": "Point", "geometries": null}}, {"type": "Feature", "properties": {"ModifiedDa": "2016-04-06", "SAPEquipID": 300217403, "AssetName": "Seat - Timber - 18", "d_SubtypeC": "Seat", "d_AssetTyp": "Without Pad", "d_AssetMat": "Timber Treated", "d_Branch": "Greater Sydney", "d_LGA": "Hornsby", "Comments": null, "Easting": 329257.5, "Northing": 6273865.1, "Latitude": "33\u00c2\u00b0 39.684' S", "Longitude": "151\u00c2\u00b0 9.51' E", "VERDATE": "2025-12-05"}, "geometry": {"coordinates": [151.15849172000082, -33.661399886666516, 0.0], "type": "Point", "geometries": null}}, {"type": "Feature", "properties": {"ModifiedDa": "2016-04-06", "SAPEquipID": 300217413, "AssetName": "Tree Guard - 04", "d_SubtypeC": "Tree Guard", "d_AssetTyp": "Not Applicable", "d_AssetMat": "Not Applicable", "d_Branch": "Greater Sydney", "d_LGA": "Ku-Ring-Gai", "Comments": null, "Easting": 329446.92, "Northing": 6273990.41, "Latitude": "33\u00c2\u00b0 39.618' S", "Longitude": "151\u00c2\u00b0 9.633' E", "VERDATE": "2025-12-05"}, "geometry": {"coordinates": [151.16055783333388, -33.66030071999984, 0.0], "type": "Point", "geometries": null}}, {"type": "Feature", "properties": {"ModifiedDa": "2016-04-06", "SAPEquipID": 300217422, "AssetName": "Seat - Treated Timber - 03", "d_SubtypeC": "Seat", "d_AssetTyp": "With Pad", "d_AssetMat": "Timber Treated", "d_Branch": "Greater Sydney", "d_LGA": "Ku-Ring-Gai", "Comments": null, "Easting": 329416.06, "Northing": 6273946.89, "Latitude": "33\u00c2\u00b0 39.641' S", "Longitude": "151\u00c2\u00b0 9.613' E", "VERDATE": "2025-12-05"}, "geometry": {"coordinates": [151.16021678000038, -33.66068805333316, 0.0], "type": "Point", "geometries": null}}, {"type": "Feature", "properties": {"ModifiedDa": "2016-04-06", "SAPEquipID": 300217432, "AssetName": "Picnic Table - No Roof - 03", "d_SubtypeC": "Picnic Table", "d_AssetTyp": "No Roof", "d_AssetMat": "Timber", "d_Branch": "Greater Sydney", "d_LGA": "Hornsby", "Comments": null, "Easting": 326449.1, "Northing": 6278771.74, "Latitude": "33\u00c2\u00b0 37.003' S", "Longitude": "151\u00c2\u00b0 7.75' E", "VERDATE": "2025-12-05"}, "geometry": {"coordinates": [151.1291733333336, -33.616713499999946, 0.0], "type": "Point", "geometries": null}}, {"type": "Feature", "properties": {"ModifiedDa": "2016-04-06", "SAPEquipID": 300217441, "AssetName": "Seat - Timber - 10", "d_SubtypeC": "Seat", "d_AssetTyp": "With Pad", "d_AssetMat": "Timber", "d_Branch": "Greater Sydney", "d_LGA": "Hornsby", "Comments": null, "Easting": 328387.24, "Northing": 6273406.28, "Latitude": "33\u00c2\u00b0 39.924' S", "Longitude": "151\u00c2\u00b0 8.941' E", "VERDATE": "2025-12-05"}, "geometry": {"coordinates": [151.1490213866673, -33.66539583333321, 0.0], "type": "Point", "geometries": null}}, {"type": "Feature", "properties": {"ModifiedDa": "2016-04-06", "SAPEquipID": 300217449, "AssetName": "Seat - Plastic - 01", "d_SubtypeC": "Seat", "d_AssetTyp": "With Pad", "d_AssetMat": "Plastic", "d_Branch": "Greater Sydney", "d_LGA": "Hornsby", "Comments": null, "Easting": 329173.84, "Northing": 6274739.06, "Latitude": "33\u00c2\u00b0 39.21' S", "Longitude": "151\u00c2\u00b0 9.465' E", "VERDATE": "2025-12-05"}, "geometry": {"coordinates": [151.15775778000045, -33.65350796666661, 0.0], "type": "Point", "geometries": null}}, {"type": "Feature", "properties": {"ModifiedDa": "2016-04-06", "SAPEquipID": 300217725, "AssetName": "WRS", "d_SubtypeC": "Waste/Recycling Stn", "d_AssetTyp": "Not Applicable", "d_AssetMat": "Not Applicable", "d_Branch": "Greater Sydney", "d_LGA": "Northern Beaches", "Comments": null, "Easting": 334111.51, "Northing": 6263524.94, "Latitude": "33\u00c2\u00b0 45.323' S", "Longitude": "151\u00c2\u00b0 12.533' E", "VERDATE": "2025-12-05"}, "geometry": {"coordinates": [151.20888644666718, -33.75538449999971, 0.0], "type": "Point", "geometries": null}}, {"type": "Feature", "properties": {"ModifiedDa": "2022-03-04", "SAPEquipID": 300217763, "AssetName": "BBQ - Colo Meroo CA - 02", "d_SubtypeC": "BBQ/Fireplace", "d_AssetTyp": "No Roof", "d_AssetMat": "Steel", "d_Branch": "Blue Mountains", "d_LGA": "Hawkesbury", "Comments": null, "Easting": 285409.59, "Northing": 6303767.12, "Latitude": "33\u00c2\u00b0 23.038' S", "Longitude": "150\u00c2\u00b0 41.583' E", "VERDATE": "2025-12-05"}, "geometry": {"coordinates": [150.69305000000054, -33.383967859999814, 0.0], "type": "Point", "geometries": null}}, {"type": "Feature", "properties": {"ModifiedDa": "2022-03-04", "SAPEquipID": 300217773, "AssetName": "Seat - Hawkesbury Lookout", "d_SubtypeC": "Seat", "d_AssetTyp": "Without Pad", "d_AssetMat": "Timber", "d_Branch": "Blue Mountains", "d_LGA": "Blue Mountains", "Comments": "Wheelchair accessible table nearby", "Easting": 282290.05, "Northing": 6272270.65, "Latitude": "33\u00c2\u00b0 40.031' S", "Longitude": "150\u00c2\u00b0 39.112' E", "VERDATE": "2025-12-05"}, "geometry": {"coordinates": [150.65187488666686, -33.667187613333226, 0.0], "type": "Point", "geometries": null}}, {"type": "Feature", "properties": {"ModifiedDa": "2022-03-04", "SAPEquipID": 300217784, "AssetName": "Picnic Table -  Wheeny Ck CA - 01", "d_SubtypeC": "Picnic Table", "d_AssetTyp": "No Roof", "d_AssetMat": "Timber", "d_Branch": "Blue Mountains", "d_LGA": "Hawkesbury", "Comments": "Lyrebird Camping Area", "Easting": 287852.23, "Northing": 6295865.64, "Latitude": "33\u00c2\u00b0 27.34' S", "Longitude": "150\u00c2\u00b0 43.046' E", "VERDATE": "2025-12-05"}, "geometry": {"coordinates": [150.71742778000032, -33.455665886666566, 0.0], "type": "Point", "geometries": null}}, {"type": "Feature", "properties": {"ModifiedDa": "2022-03-04", "SAPEquipID": 300217794, "AssetName": "BBQ - Noika CA - 03", "d_SubtypeC": "BBQ/Fireplace", "d_AssetTyp": "No Roof", "d_AssetMat": "Steel", "d_Branch": "Blue Mountains", "d_LGA": "Blue Mountains", "Comments": "Nioka Camping Area - Campers and Trailers", "Easting": 279297.97, "Northing": 6257470.49, "Latitude": "33\u00c2\u00b0 47.997' S", "Longitude": "150\u00c2\u00b0 36.956' E", "VERDATE": "2025-12-05"}, "geometry": {"coordinates": [150.61593988666687, -33.79994199999976, 0.0], "type": "Point", "geometries": null}}, {"type": "Feature", "properties": {"ModifiedDa": "2022-03-04", "SAPEquipID": 300217804, "AssetName": "Bin - Glenbrook Office - 01", "d_SubtypeC": "Bin", "d_AssetTyp": "Garbage", "d_AssetMat": "Not Applicable", "d_Branch": "Blue Mountains", "d_LGA": "Blue Mountains", "Comments": null, "Easting": 279686.25, "Northing": 6259880.9, "Latitude": "33\u00c2\u00b0 46.698' S", "Longitude": "150\u00c2\u00b0 37.244' E", "VERDATE": "2025-12-05"}, "geometry": {"coordinates": [150.6207321666676, -33.77830166666655, 0.0], "type": "Point", "geometries": null}}, {"type": "Feature", "properties": {"ModifiedDa": "2022-03-04", "SAPEquipID": 300217814, "AssetName": "Bin - Appletree CA", "d_SubtypeC": "Bin", "d_AssetTyp": "Garbage", "d_AssetMat": "Not Applicable", "d_Branch": "Blue Mountains", "d_LGA": "Blue Mountains", "Comments": "Appletree Flat", "Easting": 279354.4, "Northing": 6257453.17, "Latitude": "33\u00c2\u00b0 48.007' S", "Longitude": "150\u00c2\u00b0 36.993' E", "VERDATE": "2025-12-05"}, "geometry": {"coordinates": [150.6165446533338, -33.80010985999979, 0.0], "type": "Point", "geometries": null}}, {"type": "Feature", "properties": {"ModifiedDa": "2022-03-04", "SAPEquipID": 300217824, "AssetName": "Seat - Glenbrook Office - 02", "d_SubtypeC": "Seat", "d_AssetTyp": "Without Pad", "d_AssetMat": "Timber", "d_Branch": "Blue Mountains", "d_LGA": "Blue Mountains", "Comments": null, "Easting": 279645.33, "Northing": 6259858.07, "Latitude": "33\u00c2\u00b0 46.71' S", "Longitude": "150\u00c2\u00b0 37.217' E", "VERDATE": "2025-12-05"}, "geometry": {"coordinates": [150.62028488666715, -33.778498946666446, 0.0], "type": "Point", "geometries": null}}, {"type": "Feature", "properties": {"ModifiedDa": "2022-03-04", "SAPEquipID": 300218216, "AssetName": "WRS 2 Carpark  - Burragorang Lout", "d_SubtypeC": "Waste/Recycling Stn", "d_AssetTyp": "Not Applicable", "d_AssetMat": "Not Applicable", "d_Branch": "Blue Mountains", "d_LGA": "Wollondilly", "Comments": null, "Easting": 263238.66, "Northing": 6227252.84, "Latitude": "34\u00c2\u00b0 4.124' S", "Longitude": "150\u00c2\u00b0 26.067' E", "VERDATE": "2025-12-05"}, "geometry": {"coordinates": [150.43445380666424, -34.06872904666591, 0.0], "type": "Point", "geometries": null}}, {"type": "Feature", "properties": {"ModifiedDa": "2022-03-04", "SAPEquipID": 300218257, "AssetName": "Picnic Table - timber with pad - 01", "d_SubtypeC": "Picnic Table", "d_AssetTyp": "No Roof", "d_AssetMat": "Timber", "d_Branch": "Blue Mountains", "d_LGA": "Hawkesbury", "Comments": null, "Easting": 325848.32, "Northing": 6334899.59, "Latitude": "33\u00c2\u00b0 6.637' S", "Longitude": "151\u00c2\u00b0 8.012' E", "VERDATE": "2025-12-05"}, "geometry": {"coordinates": [151.13353833333326, -33.11062166666636, 0.0], "type": "Point", "geometries": null}}, {"type": "Feature", "properties": {"ModifiedDa": "2024-12-06", "SAPEquipID": 300219094, "AssetName": "PUF Station -  Providential Track", "d_SubtypeC": "Fee Collection Station - Unmanned", "d_AssetTyp": "Parking Meter", "d_AssetMat": "Not Applicable", "d_Branch": "Greater Sydney", "d_LGA": "Sutherland", "Comments": null, "Easting": 326205.8, "Northing": 6220878.17, "Latitude": "34\u00c2\u00b0 8.312' S", "Longitude": "151\u00c2\u00b0 6.907' E", "VERDATE": "2025-12-05"}, "geometry": {"coordinates": [151.11510899999996, -34.13853999999998, 0.0], "type": "Point", "geometries": null}}, {"type": "Feature", "properties": {"ModifiedDa": "2014-09-12", "SAPEquipID": 300219153, "AssetName": "Seat - Victoria Rd - Midway", "d_SubtypeC": "Seat", "d_AssetTyp": "With Pad", "d_AssetMat": "Timber", "d_Branch": "South Coast", "d_LGA": "Campbelltown", "Comments": null, "Easting": 300543.36, "Northing": 6217935.43, "Latitude": "34\u00c2\u00b0 9.628' S", "Longitude": "150\u00c2\u00b0 50.176' E", "VERDATE": "2025-12-05"}, "geometry": {"coordinates": [150.83627281286022, -34.16047378925066, 0.0], "type": "Point", "geometries": null}}, {"type": "Feature", "properties": {"ModifiedDa": "2019-03-15", "SAPEquipID": 300219320, "AssetName": "Picnic Table - 06", "d_SubtypeC": "Picnic Table", "d_AssetTyp": "No Roof", "d_AssetMat": "Timber", "d_Branch": "Greater Sydney", "d_LGA": "Unincorporated", "Comments": null, "Easting": 333211.88, "Northing": 6252796.73, "Latitude": "33\u00c2\u00b0 51.117' S", "Longitude": "151\u00c2\u00b0 11.829' E", "VERDATE": "2025-12-05"}, "geometry": {"coordinates": [151.19714961333386, -33.85195516666653, 0.0], "type": "Point", "geometries": null}}, {"type": "Feature", "properties": {"ModifiedDa": "2016-04-06", "SAPEquipID": 300219774, "AssetName": "Seat - 04", "d_SubtypeC": "Seat", "d_AssetTyp": "Unknown", "d_AssetMat": "Timber", "d_Branch": "Greater Sydney", "d_LGA": "Mosman", "Comments": null, "Easting": 337601.4, "Northing": 6253192.71, "Latitude": "33\u00c2\u00b0 50.944' S", "Longitude": "151\u00c2\u00b0 14.679' E", "VERDATE": "2025-12-05"}, "geometry": {"coordinates": [151.24465022000038, -33.84907016666648, 0.0], "type": "Point", "geometries": null}}, {"type": "Feature", "properties": {"ModifiedDa": "2016-04-06", "SAPEquipID": 300219780, "AssetName": "Seat - Lookout SE - 07", "d_SubtypeC": "Seat", "d_AssetTyp": "Without Pad", "d_AssetMat": "Timber", "d_Branch": "Greater Sydney", "d_LGA": "Northern Beaches", "Comments": null, "Easting": 342716.22, "Northing": 6256125.52, "Latitude": "33\u00c2\u00b0 49.404' S", "Longitude": "151\u00c2\u00b0 18.026' E", "VERDATE": "2025-12-05"}, "geometry": {"coordinates": [151.30043766666688, -33.82340505333315, 0.0], "type": "Point", "geometries": null}}, {"type": "Feature", "properties": {"ModifiedDa": "2019-03-15", "SAPEquipID": 300219786, "AssetName": "Seat - 09", "d_SubtypeC": "Seat", "d_AssetTyp": "With Pad", "d_AssetMat": "Timber", "d_Branch": "Greater Sydney", "d_LGA": "Unincorporated", "Comments": null, "Easting": 337255.66, "Northing": 6251706.96, "Latitude": "33\u00c2\u00b0 51.745' S", "Longitude": "151\u00c2\u00b0 14.438' E", "VERDATE": "2025-12-05"}, "geometry": {"coordinates": [151.24063995333404, -33.86241072666655, 0.0], "type": "Point", "geometries": null}}, {"type": "Feature", "properties": {"ModifiedDa": "2019-03-15", "SAPEquipID": 300219792, "AssetName": "Seat - 12", "d_SubtypeC": "Seat", "d_AssetTyp": "Without Pad", "d_AssetMat": "Timber", "d_Branch": "Greater Sydney", "d_LGA": "Unincorporated", "Comments": null, "Easting": 337325.31, "Northing": 6251645.09, "Latitude": "33\u00c2\u00b0 51.779' S", "Longitude": "151\u00c2\u00b0 14.483' E", "VERDATE": "2025-12-05"}, "geometry": {"coordinates": [151.2413812466673, -33.86297920666641, 0.0], "type": "Point", "geometries": null}}, {"type": "Feature", "properties": {"ModifiedDa": "2016-04-06", "SAPEquipID": 300219798, "AssetName": "Seat - Angophora Track - 01", "d_SubtypeC": "Seat", "d_AssetTyp": "Without Pad", "d_AssetMat": "Timber", "d_Branch": "Greater Sydney", "d_LGA": "Northern Beaches", "Comments": null, "Easting": 340000.41, "Northing": 6258034.55, "Latitude": "33\u00c2\u00b0 48.347' S", "Longitude": "151\u00c2\u00b0 16.287' E", "VERDATE": "2025-12-05"}, "geometry": {"coordinates": [151.27144932700241, -33.80578714596152, 0.0], "type": "Point", "geometries": null}}, {"type": "Feature", "properties": {"ModifiedDa": "2016-04-06", "SAPEquipID": 300219804, "AssetName": "Seat - 01", "d_SubtypeC": "Seat", "d_AssetTyp": "Unknown", "d_AssetMat": "Timber", "d_Branch": "Greater Sydney", "d_LGA": "Mosman", "Comments": null, "Easting": 337630.0, "Northing": 6252900.15, "Latitude": "33\u00c2\u00b0 51.103' S", "Longitude": "151\u00c2\u00b0 14.694' E", "VERDATE": "2025-12-05"}, "geometry": {"coordinates": [151.24490528000035, -33.85171188666658, 0.0], "type": "Point", "geometries": null}}, {"type": "Feature", "properties": {"ModifiedDa": "2019-03-15", "SAPEquipID": 300219810, "AssetName": "Seat - Toilet", "d_SubtypeC": "Seat", "d_AssetTyp": "Without Pad", "d_AssetMat": "Timber", "d_Branch": "Greater Sydney", "d_LGA": "Unincorporated", "Comments": null, "Easting": 337342.81, "Northing": 6251640.43, "Latitude": "33\u00c2\u00b0 51.781' S", "Longitude": "151\u00c2\u00b0 14.494' E", "VERDATE": "2025-12-05"}, "geometry": {"coordinates": [151.24156944666686, -33.863023886666554, 0.0], "type": "Point", "geometries": null}}, {"type": "Feature", "properties": {"ModifiedDa": "2016-04-06", "SAPEquipID": 300220092, "AssetName": "Seat - Timber - 09", "d_SubtypeC": "Seat", "d_AssetTyp": "Without Pad", "d_AssetMat": "Timber", "d_Branch": "Greater Sydney", "d_LGA": "Northern Beaches", "Comments": null, "Easting": 341526.28, "Northing": 6280318.66, "Latitude": "33\u00c2\u00b0 36.307' S", "Longitude": "151\u00c2\u00b0 17.515' E", "VERDATE": "2025-12-05"}, "geometry": {"coordinates": [151.29191000000037, -33.60511857333324, 0.0], "type": "Point", "geometries": null}}, {"type": "Feature", "properties": {"ModifiedDa": "2019-03-15", "SAPEquipID": 300220097, "AssetName": "Seat - Upper Lawn/walking track - 01", "d_SubtypeC": "Seat", "d_AssetTyp": "Without Pad", "d_AssetMat": "Timber", "d_Branch": "Greater Sydney", "d_LGA": "Unincorporated", "Comments": null, "Easting": 337275.88, "Northing": 6251710.93, "Latitude": "33\u00c2\u00b0 51.743' S", "Longitude": "151\u00c2\u00b0 14.452' E", "VERDATE": "2025-12-05"}, "geometry": {"coordinates": [151.24085928000022, -33.86237805333326, 0.0], "type": "Point", "geometries": null}}, {"type": "Feature", "properties": {"ModifiedDa": "2019-03-15", "SAPEquipID": 300220102, "AssetName": "Seat - 02", "d_SubtypeC": "Seat", "d_AssetTyp": "Without Pad", "d_AssetMat": "Timber", "d_Branch": "Greater Sydney", "d_LGA": "Unincorporated", "Comments": null, "Easting": 337338.65, "Northing": 6251677.1, "Latitude": "33\u00c2\u00b0 51.762' S", "Longitude": "151\u00c2\u00b0 14.492' E", "VERDATE": "2025-12-05"}, "geometry": {"coordinates": [151.2415313200006, -33.86269269333326, 0.0], "type": "Point", "geometries": null}}, {"type": "Feature", "properties": {"ModifiedDa": "2022-03-04", "SAPEquipID": 300220105, "AssetName": "Seat - around fire ring - 06", "d_SubtypeC": "Seat", "d_AssetTyp": "Without Pad", "d_AssetMat": "Other", "d_Branch": "Blue Mountains", "d_LGA": "Hawkesbury", "Comments": null, "Easting": 304144.32, "Northing": 6316699.91, "Latitude": "33\u00c2\u00b0 16.258' S", "Longitude": "150\u00c2\u00b0 53.828' E", "VERDATE": "2025-12-05"}, "geometry": {"coordinates": [150.89713683333298, -33.270974066666554, 0.0], "type": "Point", "geometries": null}}, {"type": "Feature", "properties": {"ModifiedDa": "2019-03-15", "SAPEquipID": 300220107, "AssetName": "Seat - 03", "d_SubtypeC": "Seat", "d_AssetTyp": "Without Pad", "d_AssetMat": "Timber", "d_Branch": "Greater Sydney", "d_LGA": "Unincorporated", "Comments": null, "Easting": 337338.73, "Northing": 6251672.56, "Latitude": "33\u00c2\u00b0 51.764' S", "Longitude": "151\u00c2\u00b0 14.492' E", "VERDATE": "2025-12-05"}, "geometry": {"coordinates": [151.2415313200006, -33.86273361999986, 0.0], "type": "Point", "geometries": null}}, {"type": "Feature", "properties": {"ModifiedDa": "2019-03-15", "SAPEquipID": 300220114, "AssetName": "Seat - 04", "d_SubtypeC": "Seat", "d_AssetTyp": "Without Pad", "d_AssetMat": "Timber", "d_Branch": "Greater Sydney", "d_LGA": "Unincorporated", "Comments": null, "Easting": 337285.12, "Northing": 6251657.52, "Latitude": "33\u00c2\u00b0 51.772' S", "Longitude": "151\u00c2\u00b0 14.457' E", "VERDATE": "2025-12-05"}, "geometry": {"coordinates": [151.2409492000004, -33.86286095999992, 0.0], "type": "Point", "geometries": null}}, {"type": "Feature", "properties": {"ModifiedDa": "2019-03-15", "SAPEquipID": 300220120, "AssetName": "Seat - 05", "d_SubtypeC": "Seat", "d_AssetTyp": "Without Pad", "d_AssetMat": "Timber", "d_Branch": "Greater Sydney", "d_LGA": "Unincorporated", "Comments": null, "Easting": 337281.18, "Northing": 6251666.53, "Latitude": "33\u00c2\u00b0 51.767' S", "Longitude": "151\u00c2\u00b0 14.454' E", "VERDATE": "2025-12-05"}, "geometry": {"coordinates": [151.24090827333373, -33.8627790999999, 0.0], "type": "Point", "geometries": null}}, {"type": "Feature", "properties": {"ModifiedDa": "2019-03-15", "SAPEquipID": 300220126, "AssetName": "Seat - 06", "d_SubtypeC": "Seat", "d_AssetTyp": "Without Pad", "d_AssetMat": "Timber", "d_Branch": "Greater Sydney", "d_LGA": "Unincorporated", "Comments": null, "Easting": 337275.55, "Northing": 6251675.52, "Latitude": "33\u00c2\u00b0 51.762' S", "Longitude": "151\u00c2\u00b0 14.451' E", "VERDATE": "2025-12-05"}, "geometry": {"coordinates": [151.24084914666696, -33.862697239999875, 0.0], "type": "Point", "geometries": null}}, {"type": "Feature", "properties": {"ModifiedDa": "2019-03-15", "SAPEquipID": 300220132, "AssetName": "Seat - 07", "d_SubtypeC": "Seat", "d_AssetTyp": "Without Pad", "d_AssetMat": "Timber", "d_Branch": "Greater Sydney", "d_LGA": "Unincorporated", "Comments": null, "Easting": 337335.18, "Northing": 6251658.88, "Latitude": "33\u00c2\u00b0 51.771' S", "Longitude": "151\u00c2\u00b0 14.489' E", "VERDATE": "2025-12-05"}, "geometry": {"coordinates": [151.24149039333406, -33.862856413333304, 0.0], "type": "Point", "geometries": null}}, {"type": "Feature", "properties": {"ModifiedDa": "2019-03-15", "SAPEquipID": 300220139, "AssetName": "Seat - 08", "d_SubtypeC": "Seat", "d_AssetTyp": "Without Pad", "d_AssetMat": "Timber", "d_Branch": "Greater Sydney", "d_LGA": "Unincorporated", "Comments": null, "Easting": 337332.73, "Northing": 6251654.3, "Latitude": "33\u00c2\u00b0 51.774' S", "Longitude": "151\u00c2\u00b0 14.488' E", "VERDATE": "2025-12-05"}, "geometry": {"coordinates": [151.2414631066673, -33.86289734666639, 0.0], "type": "Point", "geometries": null}}, {"type": "Feature", "properties": {"ModifiedDa": "2019-03-15", "SAPEquipID": 300220145, "AssetName": "Seat - 10", "d_SubtypeC": "Seat", "d_AssetTyp": "Without Pad", "d_AssetMat": "Timber", "d_Branch": "Greater Sydney", "d_LGA": "Unincorporated", "Comments": null, "Easting": 337250.35, "Northing": 6251722.0, "Latitude": "33\u00c2\u00b0 51.736' S", "Longitude": "151\u00c2\u00b0 14.435' E", "VERDATE": "2025-12-05"}, "geometry": {"coordinates": [151.2405853800003, -33.8622742933332, 0.0], "type": "Point", "geometries": null}}, {"type": "Feature", "properties": {"ModifiedDa": "2019-03-15", "SAPEquipID": 300220150, "AssetName": "Seat - 11", "d_SubtypeC": "Seat", "d_AssetTyp": "Without Pad", "d_AssetMat": "Timber", "d_Branch": "Greater Sydney", "d_LGA": "Unincorporated", "Comments": null, "Easting": 337328.64, "Northing": 6251647.67, "Latitude": "33\u00c2\u00b0 51.777' S", "Longitude": "151\u00c2\u00b0 14.485' E", "VERDATE": "2025-12-05"}, "geometry": {"coordinates": [151.24141762666693, -33.8629564666665, 0.0], "type": "Point", "geometries": null}}, {"type": "Feature", "properties": {"ModifiedDa": "2019-03-15", "SAPEquipID": 300220155, "AssetName": "Seat - 13", "d_SubtypeC": "Seat", "d_AssetTyp": "Without Pad", "d_AssetMat": "Timber", "d_Branch": "Greater Sydney", "d_LGA": "Unincorporated", "Comments": null, "Easting": 337322.4, "Northing": 6251643.02, "Latitude": "33\u00c2\u00b0 51.78' S", "Longitude": "151\u00c2\u00b0 14.481' E", "VERDATE": "2025-12-05"}, "geometry": {"coordinates": [151.2413494066675, -33.86299739333316, 0.0], "type": "Point", "geometries": null}}, {"type": "Feature", "properties": {"ModifiedDa": "2019-03-15", "SAPEquipID": 300220166, "AssetName": "Seat - 16", "d_SubtypeC": "Seat", "d_AssetTyp": "Without Pad", "d_AssetMat": "Timber", "d_Branch": "Greater Sydney", "d_LGA": "Unincorporated", "Comments": null, "Easting": 337313.62, "Northing": 6251639.84, "Latitude": "33\u00c2\u00b0 51.781' S", "Longitude": "151\u00c2\u00b0 14.475' E", "VERDATE": "2025-12-05"}, "geometry": {"coordinates": [151.24125390666688, -33.86302467999997, 0.0], "type": "Point", "geometries": null}}, {"type": "Feature", "properties": {"ModifiedDa": "2016-04-06", "SAPEquipID": 300220172, "AssetName": "Seat - Grotto Pnt Track - 01 - Cutler", "d_SubtypeC": "Seat", "d_AssetTyp": "Without Pad", "d_AssetMat": "Timber", "d_Branch": "Greater Sydney", "d_LGA": "Northern Beaches", "Comments": null, "Easting": 339283.3, "Northing": 6257229.67, "Latitude": "33\u00c2\u00b0 48.776' S", "Longitude": "151\u00c2\u00b0 15.814' E", "VERDATE": "2025-12-05"}, "geometry": {"coordinates": [151.26355855333395, -33.81293433333303, 0.0], "type": "Point", "geometries": null}}, {"type": "Feature", "properties": {"ModifiedDa": "2016-04-06", "SAPEquipID": 300220178, "AssetName": "Seat - Lookout - 02", "d_SubtypeC": "Seat", "d_AssetTyp": "Without Pad", "d_AssetMat": "Timber", "d_Branch": "Greater Sydney", "d_LGA": "Northern Beaches", "Comments": null, "Easting": 341592.53, "Northing": 6257001.39, "Latitude": "33\u00c2\u00b0 48.92' S", "Longitude": "151\u00c2\u00b0 17.307' E", "VERDATE": "2025-12-05"}, "geometry": {"coordinates": [151.28845744666683, -33.815340999999876, 0.0], "type": "Point", "geometries": null}}, {"type": "Feature", "properties": {"ModifiedDa": "2019-03-15", "SAPEquipID": 300220184, "AssetName": "Seat - Seawall Path", "d_SubtypeC": "Seat", "d_AssetTyp": "Without Pad", "d_AssetMat": "Timber", "d_Branch": "Greater Sydney", "d_LGA": "Unincorporated", "Comments": null, "Easting": 337323.76, "Northing": 6251718.99, "Latitude": "33\u00c2\u00b0 51.739' S", "Longitude": "151\u00c2\u00b0 14.483' E", "VERDATE": "2025-12-05"}, "geometry": {"coordinates": [151.24137814666722, -33.862312779999854, 0.0], "type": "Point", "geometries": null}}, {"type": "Feature", "properties": {"ModifiedDa": "2016-04-06", "SAPEquipID": 300220235, "AssetName": "Seat - Arabanoo Lookout", "d_SubtypeC": "Seat", "d_AssetTyp": "Without Pad", "d_AssetMat": "Concrete", "d_Branch": "Greater Sydney", "d_LGA": "Northern Beaches", "Comments": null, "Easting": 339790.38, "Northing": 6257799.73, "Latitude": "33\u00c2\u00b0 48.472' S", "Longitude": "151\u00c2\u00b0 16.148' E", "VERDATE": "2025-12-05"}, "geometry": {"coordinates": [151.26913855333396, -33.80787221999992, 0.0], "type": "Point", "geometries": null}}, {"type": "Feature", "properties": {"ModifiedDa": "2024-03-04", "SAPEquipID": 300220492, "AssetName": "BBQ - Comm Flat DUA - 01", "d_SubtypeC": "BBQ/Fireplace", "d_AssetTyp": "With Roof", "d_AssetMat": "Steel Stainless", "d_Branch": "Greater Sydney", "d_LGA": "Sutherland", "Comments": null, "Easting": 335860.71, "Northing": 6236015.77, "Latitude": "34\u00c2\u00b0 0.219' S", "Longitude": "151\u00c2\u00b0 13.358' E", "VERDATE": "2025-12-05"}, "geometry": {"coordinates": [151.22262899999998, -34.003645500000005, 0.0], "type": "Point", "geometries": null}}, {"type": "Feature", "properties": {"ModifiedDa": "2012-10-12", "SAPEquipID": 300220515, "AssetName": "Seat - VC - 01", "d_SubtypeC": "Seat", "d_AssetTyp": "With Pad", "d_AssetMat": "Timber", "d_Branch": "Greater Sydney", "d_LGA": "Sutherland", "Comments": "outside office -sout west side going up to Ladies Toilets", "Easting": 335757.07, "Northing": 6235859.09, "Latitude": "34\u00c2\u00b0 0.302' S", "Longitude": "151\u00c2\u00b0 13.289' E", "VERDATE": "2025-12-05"}, "geometry": {"coordinates": [151.22147778000044, -34.005041666666045, 0.0], "type": "Point", "geometries": null}}, {"type": "Feature", "properties": {"ModifiedDa": "2015-06-13", "SAPEquipID": 300220812, "AssetName": "BBQ - Girrakool picnic area 02", "d_SubtypeC": "BBQ/Fireplace", "d_AssetTyp": "No Roof", "d_AssetMat": "Steel", "d_Branch": "Hunter Central Coast", "d_LGA": "Central Coast", "Comments": null, "Easting": 339821.28, "Northing": 6299542.49, "Latitude": "33\u00c2\u00b0 25.893' S", "Longitude": "151\u00c2\u00b0 16.619' E", "VERDATE": "2025-12-05"}, "geometry": {"coordinates": [151.27698048387924, -33.431550608959014, 0.0], "type": "Point", "geometries": null}}, {"type": "Feature", "properties": {"ModifiedDa": "2022-03-04", "SAPEquipID": 300220906, "AssetName": "Picnic Table - steel - mill picnic - 04", "d_SubtypeC": "Picnic Table", "d_AssetTyp": "No Roof", "d_AssetMat": "Steel", "d_Branch": "Blue Mountains", "d_LGA": "Central Coast", "Comments": null, "Easting": 318518.26, "Northing": 6302574.12, "Latitude": "33\u00c2\u00b0 24.05' S", "Longitude": "151\u00c2\u00b0 2.913' E", "VERDATE": "2025-12-05"}, "geometry": {"coordinates": [151.04854766666665, -33.40082744666637, 0.0], "type": "Point", "geometries": null}}, {"type": "Feature", "properties": {"ModifiedDa": "2024-01-04", "SAPEquipID": 300221001, "AssetName": "BBQ - gas", "d_SubtypeC": "BBQ/Fireplace", "d_AssetTyp": "With Roof", "d_AssetMat": "Brick", "d_Branch": "Blue Mountains", "d_LGA": "Central Coast", "Comments": null, "Easting": 318094.58, "Northing": 6302439.17, "Latitude": "33\u00c2\u00b0 24.118' S", "Longitude": "151\u00c2\u00b0 2.638' E", "VERDATE": "2025-12-05"}, "geometry": {"coordinates": [151.04396688666657, -33.401972219999834, 0.0], "type": "Point", "geometries": null}}, {"type": "Feature", "properties": {"ModifiedDa": "2022-03-04", "SAPEquipID": 300221004, "AssetName": "Bin - blue metal", "d_SubtypeC": "Bin", "d_AssetTyp": "Other", "d_AssetMat": "Not Applicable", "d_Branch": "Blue Mountains", "d_LGA": "Central Coast", "Comments": "blue metal", "Easting": 317729.21, "Northing": 6302839.25, "Latitude": "33\u00c2\u00b0 23.898' S", "Longitude": "151\u00c2\u00b0 2.407' E", "VERDATE": "2025-12-05"}, "geometry": {"coordinates": [151.04012099999966, -33.39830377999988, 0.0], "type": "Point", "geometries": null}}, {"type": "Feature", "properties": {"ModifiedDa": "2016-04-06", "SAPEquipID": 300221057, "AssetName": "BBQ - Gas - 01", "d_SubtypeC": "BBQ/Fireplace", "d_AssetTyp": "With Roof", "d_AssetMat": "Steel Stainless", "d_Branch": "Greater Sydney", "d_LGA": "Northern Beaches", "Comments": null, "Easting": 333721.1, "Northing": 6261940.49, "Latitude": "33\u00c2\u00b0 46.176' S", "Longitude": "151\u00c2\u00b0 12.263' E", "VERDATE": "2025-12-05"}, "geometry": {"coordinates": [151.20437500000025, -33.76960683333323, 0.0], "type": "Point", "geometries": null}}, {"type": "Feature", "properties": {"ModifiedDa": "2016-04-06", "SAPEquipID": 300221060, "AssetName": "BBQ - Wood - 01", "d_SubtypeC": "BBQ/Fireplace", "d_AssetTyp": "No Roof", "d_AssetMat": null, "d_Branch": "Greater Sydney", "d_LGA": "Northern Beaches", "Comments": null, "Easting": 341506.68, "Northing": 6280344.24, "Latitude": "33\u00c2\u00b0 36.293' S", "Longitude": "151\u00c2\u00b0 17.502' E", "VERDATE": "2025-12-05"}, "geometry": {"coordinates": [151.29170333333366, -33.604884999999854, 0.0], "type": "Point", "geometries": null}}, {"type": "Feature", "properties": {"ModifiedDa": "2016-04-06", "SAPEquipID": 300221065, "AssetName": "BBQ - Wood - 03", "d_SubtypeC": "BBQ/Fireplace", "d_AssetTyp": "No Roof", "d_AssetMat": null, "d_Branch": "Greater Sydney", "d_LGA": "Northern Beaches", "Comments": null, "Easting": 341510.14, "Northing": 6280460.64, "Latitude": "33\u00c2\u00b0 36.23' S", "Longitude": "151\u00c2\u00b0 17.506' E", "VERDATE": "2025-12-05"}, "geometry": {"coordinates": [151.29176128000051, -33.60383611333327, 0.0], "type": "Point", "geometries": null}}, {"type": "Feature", "properties": {"ModifiedDa": "2016-04-06", "SAPEquipID": 300221103, "AssetName": "BBQ - Wood - 08", "d_SubtypeC": "BBQ/Fireplace", "d_AssetTyp": "No Roof", "d_AssetMat": "Steel", "d_Branch": "Greater Sydney", "d_LGA": "Northern Beaches", "Comments": null, "Easting": 333680.67, "Northing": 6261952.3, "Latitude": "33\u00c2\u00b0 46.17' S", "Longitude": "151\u00c2\u00b0 12.236' E", "VERDATE": "2025-12-05"}, "geometry": {"coordinates": [151.20394083333372, -33.769493999999895, 0.0], "type": "Point", "geometries": null}}, {"type": "Feature", "properties": {"ModifiedDa": "2016-04-06", "SAPEquipID": 300221179, "AssetName": "FCT - Boat Ramp", "d_SubtypeC": "Fish Cleaning Table", "d_AssetTyp": "Not Applicable", "d_AssetMat": "Not Applicable", "d_Branch": "Greater Sydney", "d_LGA": "Northern Beaches", "Comments": null, "Easting": 334088.55, "Northing": 6261309.43, "Latitude": "33\u00c2\u00b0 46.521' S", "Longitude": "151\u00c2\u00b0 12.493' E", "VERDATE": "2025-12-05"}, "geometry": {"coordinates": [151.20822283333382, -33.77535333333327, 0.0], "type": "Point", "geometries": null}}, {"type": "Feature", "properties": {"ModifiedDa": "2016-04-06", "SAPEquipID": 300221181, "AssetName": "Picnic Table - Timber - 01", "d_SubtypeC": "Picnic Table", "d_AssetTyp": "No Roof", "d_AssetMat": "Timber", "d_Branch": "Greater Sydney", "d_LGA": "Northern Beaches", "Comments": null, "Easting": 336350.52, "Northing": 6261100.84, "Latitude": "33\u00c2\u00b0 46.655' S", "Longitude": "151\u00c2\u00b0 13.956' E", "VERDATE": "2025-12-05"}, "geometry": {"coordinates": [151.23260236000078, -33.77758597333326, 0.0], "type": "Point", "geometries": null}}, {"type": "Feature", "properties": {"ModifiedDa": "2016-04-06", "SAPEquipID": 300221183, "AssetName": "Picnic Table - Timber - 03", "d_SubtypeC": "Picnic Table", "d_AssetTyp": "No Roof", "d_AssetMat": "Timber", "d_Branch": "Greater Sydney", "d_LGA": "Northern Beaches", "Comments": null, "Easting": 338416.15, "Northing": 6277830.33, "Latitude": "33\u00c2\u00b0 37.625' S", "Longitude": "151\u00c2\u00b0 15.477' E", "VERDATE": "2025-12-05"}, "geometry": {"coordinates": [151.2579497200005, -33.6270843333333, 0.0], "type": "Point", "geometries": null}}, {"type": "Feature", "properties": {"ModifiedDa": "2016-04-06", "SAPEquipID": 300221185, "AssetName": "Picnic Table - Timber - 08", "d_SubtypeC": "Picnic Table", "d_AssetTyp": "No Roof", "d_AssetMat": "Timber", "d_Branch": "Greater Sydney", "d_LGA": "Northern Beaches", "Comments": null, "Easting": 342222.69, "Northing": 6283298.01, "Latitude": "33\u00c2\u00b0 34.702' S", "Longitude": "151\u00c2\u00b0 17.996' E", "VERDATE": "2025-12-05"}, "geometry": {"coordinates": [151.29994033333367, -33.57836149999997, 0.0], "type": "Point", "geometries": null}}, {"type": "Feature", "properties": {"ModifiedDa": "2016-04-06", "SAPEquipID": 300221187, "AssetName": "Picnic Table - Timber - 27", "d_SubtypeC": "Picnic Table", "d_AssetTyp": "No Roof", "d_AssetMat": "Timber", "d_Branch": "Greater Sydney", "d_LGA": "Northern Beaches", "Comments": null, "Easting": 333702.56, "Northing": 6261889.06, "Latitude": "33\u00c2\u00b0 46.204' S", "Longitude": "151\u00c2\u00b0 12.25' E", "VERDATE": "2025-12-05"}, "geometry": {"coordinates": [151.2041651666675, -33.770067499999925, 0.0], "type": "Point", "geometries": null}}, {"type": "Feature", "properties": {"ModifiedDa": "2012-04-30", "SAPEquipID": 300221607, "AssetName": "Picnic Table - Combined Seat - 03", "d_SubtypeC": "Picnic Table", "d_AssetTyp": "No Roof", "d_AssetMat": "Timber", "d_Branch": "Greater Sydney", "d_LGA": "Camden", "Comments": "1750mm sq combination seat and table", "Easting": 291981.73, "Northing": 6228444.95, "Latitude": "34\u00c2\u00b0 3.846' S", "Longitude": "150\u00c2\u00b0 44.758' E", "VERDATE": "2025-12-05"}, "geometry": {"coordinates": [150.7459721568357, -34.064092594929946, 0.0], "type": "Point", "geometries": null}}, {"type": "Feature", "properties": {"ModifiedDa": "2012-02-01", "SAPEquipID": 300221610, "AssetName": "Picnic Table - Bellbird VA - 03", "d_SubtypeC": "Picnic Table", "d_AssetTyp": "Unknown", "d_AssetMat": "Timber", "d_Branch": "Greater Sydney", "d_LGA": "Liverpool", "Comments": null, "Easting": 306473.81, "Northing": 6241165.69, "Latitude": "33\u00c2\u00b0 57.133' S", "Longitude": "150\u00c2\u00b0 54.344' E", "VERDATE": "2025-12-05"}, "geometry": {"coordinates": [150.90572636080572, -33.95222162599879, 0.0], "type": "Point", "geometries": null}}, {"type": "Feature", "properties": {"ModifiedDa": "2010-08-06", "SAPEquipID": 300221686, "AssetName": "Picnic Table - 03", "d_SubtypeC": "Picnic Table", "d_AssetTyp": "Unknown", "d_AssetMat": "Timber", "d_Branch": "Greater Sydney", "d_LGA": "Liverpool", "Comments": null, "Easting": 281153.87, "Northing": 6242809.63, "Latitude": "33\u00c2\u00b0 55.947' S", "Longitude": "150\u00c2\u00b0 37.94' E", "VERDATE": "2025-12-05"}, "geometry": {"coordinates": [150.63232633333382, -33.932442613333194, 0.0], "type": "Point", "geometries": null}}, {"type": "Feature", "properties": {"ModifiedDa": "2012-09-27", "SAPEquipID": 300221700, "AssetName": "Seat - 02", "d_SubtypeC": "Seat", "d_AssetTyp": "Without Pad", "d_AssetMat": "Timber", "d_Branch": "Greater Sydney", "d_LGA": "Blacktown", "Comments": null, "Easting": 306494.63, "Northing": 6271373.66, "Latitude": "33\u00c2\u00b0 40.797' S", "Longitude": "150\u00c2\u00b0 54.755' E", "VERDATE": "2025-12-05"}, "geometry": {"coordinates": [150.91257872666642, -33.679955979999875, 0.0], "type": "Point", "geometries": null}}, {"type": "Feature", "properties": {"ModifiedDa": "2010-08-06", "SAPEquipID": 300221702, "AssetName": "Seat - 14", "d_SubtypeC": "Seat", "d_AssetTyp": "With Pad", "d_AssetMat": "Timber", "d_Branch": "Greater Sydney", "d_LGA": "Blacktown", "Comments": null, "Easting": 306363.69, "Northing": 6271314.35, "Latitude": "33\u00c2\u00b0 40.828' S", "Longitude": "150\u00c2\u00b0 54.669' E", "VERDATE": "2025-12-05"}, "geometry": {"coordinates": [150.91115405333278, -33.680466719999856, 0.0], "type": "Point", "geometries": null}}, {"type": "Feature", "properties": {"ModifiedDa": "2010-08-06", "SAPEquipID": 300221704, "AssetName": "Seat - 12", "d_SubtypeC": "Seat", "d_AssetTyp": "With Pad", "d_AssetMat": "Timber", "d_Branch": "Greater Sydney", "d_LGA": "Blacktown", "Comments": null, "Easting": 306362.26, "Northing": 6271294.54, "Latitude": "33\u00c2\u00b0 40.839' S", "Longitude": "150\u00c2\u00b0 54.668' E", "VERDATE": "2025-12-05"}, "geometry": {"coordinates": [150.91113433333294, -33.680644999999856, 0.0], "type": "Point", "geometries": null}}, {"type": "Feature", "properties": {"ModifiedDa": "2012-09-27", "SAPEquipID": 300221705, "AssetName": "Seat - 10", "d_SubtypeC": "Seat", "d_AssetTyp": "With Pad", "d_AssetMat": "Timber", "d_Branch": "Greater Sydney", "d_LGA": "Blacktown", "Comments": null, "Easting": 306353.57, "Northing": 6271302.14, "Latitude": "33\u00c2\u00b0 40.834' S", "Longitude": "150\u00c2\u00b0 54.663' E", "VERDATE": "2025-12-05"}, "geometry": {"coordinates": [150.91104228737822, -33.68057494078107, 0.0], "type": "Point", "geometries": null}}, {"type": "Feature", "properties": {"ModifiedDa": "2010-08-06", "SAPEquipID": 300221707, "AssetName": "Seat - 08", "d_SubtypeC": "Seat", "d_AssetTyp": "With Pad", "d_AssetMat": "Timber", "d_Branch": "Greater Sydney", "d_LGA": "Blacktown", "Comments": null, "Easting": 306341.65, "Northing": 6271317.24, "Latitude": "33\u00c2\u00b0 40.826' S", "Longitude": "150\u00c2\u00b0 54.655' E", "VERDATE": "2025-12-05"}, "geometry": {"coordinates": [150.91091711333274, -33.680436666666424, 0.0], "type": "Point", "geometries": null}}, {"type": "Feature", "properties": {"ModifiedDa": "2010-08-06", "SAPEquipID": 300221709, "AssetName": "Seat - 06", "d_SubtypeC": "Seat", "d_AssetTyp": "With Pad", "d_AssetMat": "Timber", "d_Branch": "Greater Sydney", "d_LGA": "Blacktown", "Comments": null, "Easting": 306319.7, "Northing": 6271310.45, "Latitude": "33\u00c2\u00b0 40.83' S", "Longitude": "150\u00c2\u00b0 54.641' E", "VERDATE": "2025-12-05"}, "geometry": {"coordinates": [150.9106789466664, -33.68049383333329, 0.0], "type": "Point", "geometries": null}}, {"type": "Feature", "properties": {"ModifiedDa": "2012-09-27", "SAPEquipID": 300221711, "AssetName": "Seat - 04", "d_SubtypeC": "Seat", "d_AssetTyp": "Without Pad", "d_AssetMat": "Timber", "d_Branch": "Greater Sydney", "d_LGA": "Blacktown", "Comments": null, "Easting": 306346.66, "Northing": 6271324.94, "Latitude": "33\u00c2\u00b0 40.822' S", "Longitude": "150\u00c2\u00b0 54.658' E", "VERDATE": "2025-12-05"}, "geometry": {"coordinates": [150.91097277819767, -33.68036814017512, 0.0], "type": "Point", "geometries": null}}, {"type": "Feature", "properties": {"ModifiedDa": "2012-09-27", "SAPEquipID": 300221713, "AssetName": "Seat - 02", "d_SubtypeC": "Seat", "d_AssetTyp": "Without Pad", "d_AssetMat": "Timber", "d_Branch": "Greater Sydney", "d_LGA": "Blacktown", "Comments": null, "Easting": 306328.61, "Northing": 6271355.48, "Latitude": "33\u00c2\u00b0 40.805' S", "Longitude": "150\u00c2\u00b0 54.647' E", "VERDATE": "2025-12-05"}, "geometry": {"coordinates": [150.91078484477293, -33.68008957062341, 0.0], "type": "Point", "geometries": null}}, {"type": "Feature", "properties": {"ModifiedDa": "2024-03-04", "SAPEquipID": 300221948, "AssetName": "Picnic table 2 - with Shelter", "d_SubtypeC": "Picnic Table", "d_AssetTyp": "With Roof", "d_AssetMat": "Timber", "d_Branch": "Greater Sydney", "d_LGA": "Sutherland", "Comments": null, "Easting": 320498.26, "Northing": 6227743.42, "Latitude": "34\u00c2\u00b0 4.542' S", "Longitude": "151\u00c2\u00b0 3.279' E", "VERDATE": "2025-12-05"}, "geometry": {"coordinates": [151.05465600000002, -34.075694, 0.0], "type": "Point", "geometries": null}}, {"type": "Feature", "properties": {"ModifiedDa": "2019-03-15", "SAPEquipID": 300222063, "AssetName": "Seat - Gazebo - 01", "d_SubtypeC": "Seat", "d_AssetTyp": "Unknown", "d_AssetMat": "Unknown", "d_Branch": "Greater Sydney", "d_LGA": "Unincorporated", "Comments": null, "Easting": 338823.78, "Northing": 6252189.95, "Latitude": "33\u00c2\u00b0 51.498' S", "Longitude": "151\u00c2\u00b0 15.46' E", "VERDATE": "2025-12-05"}, "geometry": {"coordinates": [151.2576738866669, -33.85829738666655, 0.0], "type": "Point", "geometries": null}}, {"type": "Feature", "properties": {"ModifiedDa": "2016-04-06", "SAPEquipID": 300222199, "AssetName": "Picnic Table - 08", "d_SubtypeC": "Picnic Table", "d_AssetTyp": "No Roof", "d_AssetMat": "Timber", "d_Branch": "Greater Sydney", "d_LGA": "Woollahra", "Comments": null, "Easting": 339714.34, "Northing": 6252995.35, "Latitude": "33\u00c2\u00b0 51.07' S", "Longitude": "151\u00c2\u00b0 16.047' E", "VERDATE": "2025-12-05"}, "geometry": {"coordinates": [151.2674436133335, -33.85117233333318, 0.0], "type": "Point", "geometries": null}}, {"type": "Feature", "properties": {"ModifiedDa": "2016-04-06", "SAPEquipID": 300222202, "AssetName": "Picnic Table - 06", "d_SubtypeC": "Picnic Table", "d_AssetTyp": "No Roof", "d_AssetMat": "Timber", "d_Branch": "Greater Sydney", "d_LGA": "Woollahra", "Comments": null, "Easting": 339742.36, "Northing": 6252996.83, "Latitude": "33\u00c2\u00b0 51.07' S", "Longitude": "151\u00c2\u00b0 16.065' E", "VERDATE": "2025-12-05"}, "geometry": {"coordinates": [151.26774666666688, -33.85116327999981, 0.0], "type": "Point", "geometries": null}}, {"type": "Feature", "properties": {"ModifiedDa": "2016-04-06", "SAPEquipID": 300222206, "AssetName": "Picnic Table - 01", "d_SubtypeC": "Picnic Table", "d_AssetTyp": "No Roof", "d_AssetMat": "Timber", "d_Branch": "Greater Sydney", "d_LGA": "Woollahra", "Comments": null, "Easting": 339750.19, "Northing": 6253009.96, "Latitude": "33\u00c2\u00b0 51.063' S", "Longitude": "151\u00c2\u00b0 16.07' E", "VERDATE": "2025-12-05"}, "geometry": {"coordinates": [151.26783361333344, -33.85104611333321, 0.0], "type": "Point", "geometries": null}}, {"type": "Feature", "properties": {"ModifiedDa": "2016-04-06", "SAPEquipID": 300222209, "AssetName": "Picnic Table - 03", "d_SubtypeC": "Picnic Table", "d_AssetTyp": "No Roof", "d_AssetMat": "Timber", "d_Branch": "Greater Sydney", "d_LGA": "Woollahra", "Comments": null, "Easting": 339774.18, "Northing": 6253002.1, "Latitude": "33\u00c2\u00b0 51.067' S", "Longitude": "151\u00c2\u00b0 16.085' E", "VERDATE": "2025-12-05"}, "geometry": {"coordinates": [151.26809144666697, -33.85112061333325, 0.0], "type": "Point", "geometries": null}}, {"type": "Feature", "properties": {"ModifiedDa": "2022-03-04", "SAPEquipID": 300224171, "AssetName": "BBQ - Wheeny Ck CA - 06", "d_SubtypeC": "BBQ/Fireplace", "d_AssetTyp": "No Roof", "d_AssetMat": "Steel", "d_Branch": "Blue Mountains", "d_LGA": "Hawkesbury", "Comments": "Lyrebird Camping Area", "Easting": 287855.7, "Northing": 6295870.29, "Latitude": "33\u00c2\u00b0 27.337' S", "Longitude": "150\u00c2\u00b0 43.048' E", "VERDATE": "2025-12-05"}, "geometry": {"coordinates": [150.71746622000012, -33.45562466666661, 0.0], "type": "Point", "geometries": null}}, {"type": "Feature", "properties": {"ModifiedDa": "2010-07-26", "SAPEquipID": 300224364, "AssetName": "Picnic table 5 Sth Currawong", "d_SubtypeC": "Picnic Table", "d_AssetTyp": "No Roof", "d_AssetMat": "Timber", "d_Branch": "Greater Sydney", "d_LGA": "Sutherland", "Comments": "CURRAWONG FLAT STH", "Easting": 320564.99, "Northing": 6227611.73, "Latitude": "34\u00c2\u00b0 4.614' S", "Longitude": "151\u00c2\u00b0 3.321' E", "VERDATE": "2025-12-05"}, "geometry": {"coordinates": [151.05535161333353, -34.0768924999993, 0.0], "type": "Point", "geometries": null}}, {"type": "Feature", "properties": {"ModifiedDa": "2011-12-09", "SAPEquipID": 300224397, "AssetName": "Picnic Table - Opp boat shed - 01", "d_SubtypeC": "Picnic Table", "d_AssetTyp": "No Roof", "d_AssetMat": "Timber", "d_Branch": "Greater Sydney", "d_LGA": "Sutherland", "Comments": null, "Easting": 320598.45, "Northing": 6227845.75, "Latitude": "34\u00c2\u00b0 4.487' S", "Longitude": "151\u00c2\u00b0 3.346' E", "VERDATE": "2025-12-05"}, "geometry": {"coordinates": [151.055762295132, -34.07478881579817, 0.0], "type": "Point", "geometries": null}}, {"type": "Feature", "properties": {"ModifiedDa": "2011-12-09", "SAPEquipID": 300224404, "AssetName": "BBQ - 02", "d_SubtypeC": "BBQ/Fireplace", "d_AssetTyp": "No Roof", "d_AssetMat": "Brick", "d_Branch": "Greater Sydney", "d_LGA": "Sutherland", "Comments": null, "Easting": 320627.88, "Northing": 6227764.18, "Latitude": "34\u00c2\u00b0 4.532' S", "Longitude": "151\u00c2\u00b0 3.364' E", "VERDATE": "2025-12-05"}, "geometry": {"coordinates": [151.0560643139853, -34.07552910409947, 0.0], "type": "Point", "geometries": null}}, {"type": "Feature", "properties": {"ModifiedDa": "2011-12-09", "SAPEquipID": 300224409, "AssetName": "Picnic Table - VPA - 01", "d_SubtypeC": "Picnic Table", "d_AssetTyp": "No Roof", "d_AssetMat": "Timber", "d_Branch": "Greater Sydney", "d_LGA": "Sutherland", "Comments": null, "Easting": 321041.16, "Northing": 6228346.95, "Latitude": "34\u00c2\u00b0 4.221' S", "Longitude": "151\u00c2\u00b0 3.64' E", "VERDATE": "2025-12-05"}, "geometry": {"coordinates": [151.06066068312055, -34.07034703692864, 0.0], "type": "Point", "geometries": null}}, {"type": "Feature", "properties": {"ModifiedDa": "2010-07-26", "SAPEquipID": 300224516, "AssetName": "Picnic Table  10 Picnic area", "d_SubtypeC": "Picnic Table", "d_AssetTyp": "No Roof", "d_AssetMat": "Timber", "d_Branch": "Greater Sydney", "d_LGA": "Sutherland", "Comments": "Picnic Table  10 Picnic area", "Easting": 328344.47, "Northing": 6227070.46, "Latitude": "34\u00c2\u00b0 4.985' S", "Longitude": "151\u00c2\u00b0 8.371' E", "VERDATE": "2025-12-05"}, "geometry": {"coordinates": [151.13951602666702, -34.08307666666599, 0.0], "type": "Point", "geometries": null}}, {"type": "Feature", "properties": {"ModifiedDa": "2010-07-26", "SAPEquipID": 300224522, "AssetName": "Picnic Table  2 Picnic area", "d_SubtypeC": "Picnic Table", "d_AssetTyp": "No Roof", "d_AssetMat": "Timber Treated", "d_Branch": "Greater Sydney", "d_LGA": "Sutherland", "Comments": "Picnic Table  2 Picnic area", "Easting": 328509.67, "Northing": 6227218.83, "Latitude": "34\u00c2\u00b0 4.906' S", "Longitude": "151\u00c2\u00b0 8.48' E", "VERDATE": "2025-12-05"}, "geometry": {"coordinates": [151.1413349466667, -34.081766333332666, 0.0], "type": "Point", "geometries": null}}, {"type": "Feature", "properties": {"ModifiedDa": "2011-08-08", "SAPEquipID": 300224537, "AssetName": "Picnic Table - Bungoona Picnic Area - 02", "d_SubtypeC": "Picnic Table", "d_AssetTyp": "No Roof", "d_AssetMat": "Steel", "d_Branch": "Greater Sydney", "d_LGA": "Sutherland", "Comments": null, "Easting": 320776.67, "Northing": 6229188.38, "Latitude": "34\u00c2\u00b0 3.763' S", "Longitude": "151\u00c2\u00b0 3.478' E", "VERDATE": "2025-12-05"}, "geometry": {"coordinates": [151.05796899999973, -34.062717446665886, 0.0], "type": "Point", "geometries": null}}, {"type": "Feature", "properties": {"ModifiedDa": "2021-02-26", "SAPEquipID": 300225144, "AssetName": "Bin - dua carpk recylcing", "d_SubtypeC": "Bin", "d_AssetTyp": "Recycle", "d_AssetMat": "Not Applicable", "d_Branch": "Hunter Central Coast", "d_LGA": "Central Coast", "Comments": null, "Easting": 348982.04, "Northing": 6288952.59, "Latitude": "33\u00c2\u00b0 31.702' S", "Longitude": "151\u00c2\u00b0 22.422' E", "VERDATE": "2025-12-05"}, "geometry": {"coordinates": [151.37370233859724, -33.52835922101394, 0.0], "type": "Point", "geometries": null}}, {"type": "Feature", "properties": {"ModifiedDa": "2021-02-26", "SAPEquipID": 300225149, "AssetName": "Bin - vpa10 recylcing", "d_SubtypeC": "Bin", "d_AssetTyp": "Recycle", "d_AssetMat": "Not Applicable", "d_Branch": "Hunter Central Coast", "d_LGA": "Central Coast", "Comments": "<Null>", "Easting": 348934.36, "Northing": 6288978.77, "Latitude": "33\u00c2\u00b0 31.687' S", "Longitude": "151\u00c2\u00b0 22.392' E", "VERDATE": "2025-12-05"}, "geometry": {"coordinates": [151.37319352113457, -33.52811645502902, 0.0], "type": "Point", "geometries": null}}, {"type": "Feature", "properties": {"ModifiedDa": "2021-02-26", "SAPEquipID": 300225155, "AssetName": "Bin - vpa11 recylcing", "d_SubtypeC": "Bin", "d_AssetTyp": "Recycle", "d_AssetMat": "Not Applicable", "d_Branch": "Hunter Central Coast", "d_LGA": "Central Coast", "Comments": null, "Easting": 348965.83, "Northing": 6288975.83, "Latitude": "33\u00c2\u00b0 31.689' S", "Longitude": "151\u00c2\u00b0 22.412' E", "VERDATE": "2025-12-05"}, "geometry": {"coordinates": [151.37353180352727, -33.52814736646394, 0.0], "type": "Point", "geometries": null}}, {"type": "Feature", "properties": {"ModifiedDa": "2023-11-29", "SAPEquipID": 300225539, "AssetName": "BBQ - Mill Ck CA - 01", "d_SubtypeC": "BBQ/Fireplace", "d_AssetTyp": "No Roof", "d_AssetMat": "Concrete", "d_Branch": "Blue Mountains", "d_LGA": "Central Coast", "Comments": "site 1", "Easting": 317940.24, "Northing": 6302586.59, "Latitude": "33\u00c2\u00b0 24.037' S", "Longitude": "151\u00c2\u00b0 2.54' E", "VERDATE": "2025-12-05"}, "geometry": {"coordinates": [151.0423378900001, -33.40061715999997, 0.0], "type": "Point", "geometries": null}}, {"type": "Feature", "properties": {"ModifiedDa": "2011-08-08", "SAPEquipID": 300226588, "AssetName": "Picnic Table - Bungoona Picnic Area - 03", "d_SubtypeC": "Picnic Table", "d_AssetTyp": "No Roof", "d_AssetMat": "Steel", "d_Branch": "Greater Sydney", "d_LGA": "Sutherland", "Comments": null, "Easting": 320787.95, "Northing": 6229190.91, "Latitude": "34\u00c2\u00b0 3.762' S", "Longitude": "151\u00c2\u00b0 3.486' E", "VERDATE": "2025-12-05"}, "geometry": {"coordinates": [151.05809171999977, -34.06269655333267, 0.0], "type": "Point", "geometries": null}}, {"type": "Feature", "properties": {"ModifiedDa": "2011-08-08", "SAPEquipID": 300226594, "AssetName": "Seat - Bungoona Walking Track - 03", "d_SubtypeC": "Seat", "d_AssetTyp": "With Pad", "d_AssetMat": "Timber", "d_Branch": "Greater Sydney", "d_LGA": "Sutherland", "Comments": null, "Easting": 321033.47, "Northing": 6229267.55, "Latitude": "34\u00c2\u00b0 3.723' S", "Longitude": "151\u00c2\u00b0 3.646' E", "VERDATE": "2025-12-05"}, "geometry": {"coordinates": [151.06076655333356, -34.062047719999214, 0.0], "type": "Point", "geometries": null}}, {"type": "Feature", "properties": {"ModifiedDa": "2011-12-09", "SAPEquipID": 300226601, "AssetName": "WRS - near shelter", "d_SubtypeC": "Waste/Recycling Stn", "d_AssetTyp": "Not Applicable", "d_AssetMat": "Not Applicable", "d_Branch": "Greater Sydney", "d_LGA": "Sutherland", "Comments": null, "Easting": 320972.1, "Northing": 6228369.08, "Latitude": "34\u00c2\u00b0 4.208' S", "Longitude": "151\u00c2\u00b0 3.595' E", "VERDATE": "2025-12-05"}, "geometry": {"coordinates": [151.0599172799998, -34.07013571999926, 0.0], "type": "Point", "geometries": null}}, {"type": "Feature", "properties": {"ModifiedDa": "2011-12-09", "SAPEquipID": 300226608, "AssetName": "Picnic Table - BBQ - 02", "d_SubtypeC": "Picnic Table", "d_AssetTyp": "No Roof", "d_AssetMat": "Timber", "d_Branch": "Greater Sydney", "d_LGA": "Sutherland", "Comments": null, "Easting": 320948.6, "Northing": 6228379.81, "Latitude": "34\u00c2\u00b0 4.202' S", "Longitude": "151\u00c2\u00b0 3.58' E", "VERDATE": "2025-12-05"}, "geometry": {"coordinates": [151.05966493333324, -34.07003499999928, 0.0], "type": "Point", "geometries": null}}, {"type": "Feature", "properties": {"ModifiedDa": "2011-12-09", "SAPEquipID": 300226614, "AssetName": "Picnic Table - West - 02", "d_SubtypeC": "Picnic Table", "d_AssetTyp": "No Roof", "d_AssetMat": "Timber", "d_Branch": "Greater Sydney", "d_LGA": "Sutherland", "Comments": null, "Easting": 320921.45, "Northing": 6228425.77, "Latitude": "34\u00c2\u00b0 4.177' S", "Longitude": "151\u00c2\u00b0 3.563' E", "VERDATE": "2025-12-05"}, "geometry": {"coordinates": [151.0593802780595, -34.06961608841681, 0.0], "type": "Point", "geometries": null}}, {"type": "Feature", "properties": {"ModifiedDa": "2012-09-27", "SAPEquipID": 300226620, "AssetName": "Seat - 05", "d_SubtypeC": "Seat", "d_AssetTyp": "With Pad", "d_AssetMat": "Timber", "d_Branch": "Greater Sydney", "d_LGA": "Blacktown", "Comments": null, "Easting": 306341.05, "Northing": 6271324.93, "Latitude": "33\u00c2\u00b0 40.822' S", "Longitude": "150\u00c2\u00b0 54.655' E", "VERDATE": "2025-12-05"}, "geometry": {"coordinates": [150.91091233543182, -33.680367276707216, 0.0], "type": "Point", "geometries": null}}, {"type": "Feature", "properties": {"ModifiedDa": "2011-12-09", "SAPEquipID": 300226621, "AssetName": "BBQ - 03", "d_SubtypeC": "BBQ/Fireplace", "d_AssetTyp": "No Roof", "d_AssetMat": "Brick", "d_Branch": "Greater Sydney", "d_LGA": "Sutherland", "Comments": null, "Easting": 320621.31, "Northing": 6227758.6, "Latitude": "34\u00c2\u00b0 4.535' S", "Longitude": "151\u00c2\u00b0 3.36' E", "VERDATE": "2025-12-05"}, "geometry": {"coordinates": [151.0559919335077, -34.07557832282441, 0.0], "type": "Point", "geometries": null}}, {"type": "Feature", "properties": {"ModifiedDa": "2010-08-06", "SAPEquipID": 300226627, "AssetName": "Picnic Table - 04", "d_SubtypeC": "Picnic Table", "d_AssetTyp": "Unknown", "d_AssetMat": "Timber", "d_Branch": "Greater Sydney", "d_LGA": "Liverpool", "Comments": null, "Easting": 281177.79, "Northing": 6242849.99, "Latitude": "33\u00c2\u00b0 55.925' S", "Longitude": "150\u00c2\u00b0 37.956' E", "VERDATE": "2025-12-05"}, "geometry": {"coordinates": [150.63259500000015, -33.93208388666642, 0.0], "type": "Point", "geometries": null}}, {"type": "Feature", "properties": {"ModifiedDa": "2016-04-06", "SAPEquipID": 300226633, "AssetName": "Picnic Table - 04", "d_SubtypeC": "Picnic Table", "d_AssetTyp": "No Roof", "d_AssetMat": "Timber", "d_Branch": "Greater Sydney", "d_LGA": "Woollahra", "Comments": null, "Easting": 339751.7, "Northing": 6252950.39, "Latitude": "33\u00c2\u00b0 51.095' S", "Longitude": "151\u00c2\u00b0 16.07' E", "VERDATE": "2025-12-05"}, "geometry": {"coordinates": [151.2678391133337, -33.85158333333317, 0.0], "type": "Point", "geometries": null}}, {"type": "Feature", "properties": {"ModifiedDa": "2012-04-30", "SAPEquipID": 300226640, "AssetName": "Picnic Table - Combined Seat - 02", "d_SubtypeC": "Picnic Table", "d_AssetTyp": "No Roof", "d_AssetMat": "Timber", "d_Branch": "Greater Sydney", "d_LGA": "Camden", "Comments": "1750mm sq combination seat and table", "Easting": 291995.66, "Northing": 6228460.78, "Latitude": "34\u00c2\u00b0 3.837' S", "Longitude": "150\u00c2\u00b0 44.768' E", "VERDATE": "2025-12-05"}, "geometry": {"coordinates": [150.7461267966204, -34.063952741419484, 0.0], "type": "Point", "geometries": null}}, {"type": "Feature", "properties": {"ModifiedDa": "2018-06-04", "SAPEquipID": 300226933, "AssetName": "Playground Equip - Kangaroo", "d_SubtypeC": "Playground Equipment", "d_AssetTyp": "Not Applicable", "d_AssetMat": "Not Applicable", "d_Branch": "Greater Sydney", "d_LGA": "Ryde", "Comments": null, "Easting": 328085.47, "Northing": 6259779.76, "Latitude": "33\u00c2\u00b0 47.291' S", "Longitude": "151\u00c2\u00b0 8.587' E", "VERDATE": "2025-12-05"}, "geometry": {"coordinates": [151.14312363086822, -33.78818441201014, 0.0], "type": "Point", "geometries": null}}, {"type": "Feature", "properties": {"ModifiedDa": "2016-04-06", "SAPEquipID": 300228674, "AssetName": "Seat - Reef Beach Stairway", "d_SubtypeC": "Seat", "d_AssetTyp": "Without Pad", "d_AssetMat": "Timber", "d_Branch": "Greater Sydney", "d_LGA": "Northern Beaches", "Comments": null, "Easting": 340259.25, "Northing": 6257798.81, "Latitude": "33\u00c2\u00b0 48.477' S", "Longitude": "151\u00c2\u00b0 16.452' E", "VERDATE": "2025-12-05"}, "geometry": {"coordinates": [151.27420194666706, -33.80795149999989, 0.0], "type": "Point", "geometries": null}}, {"type": "Feature", "properties": {"ModifiedDa": "2018-06-04", "SAPEquipID": 300230269, "AssetName": "WRS - nr site 214", "d_SubtypeC": "Waste/Recycling Stn", "d_AssetTyp": "Not Applicable", "d_AssetMat": "Not Applicable", "d_Branch": "Greater Sydney", "d_LGA": "Ryde", "Comments": "on concrete slab", "Easting": 328182.06, "Northing": 6259713.83, "Latitude": "33\u00c2\u00b0 47.328' S", "Longitude": "151\u00c2\u00b0 8.649' E", "VERDATE": "2025-12-05"}, "geometry": {"coordinates": [151.1441536215318, -33.78879441469451, 0.0], "type": "Point", "geometries": null}}, {"type": "Feature", "properties": {"ModifiedDa": "2011-12-09", "SAPEquipID": 300230289, "AssetName": "Picnic Table - Comm Pavilion - 15", "d_SubtypeC": "Picnic Table", "d_AssetTyp": "No Roof", "d_AssetMat": "Timber", "d_Branch": "Greater Sydney", "d_LGA": "Sutherland", "Comments": null, "Easting": 320620.17, "Northing": 6227762.14, "Latitude": "34\u00c2\u00b0 4.533' S", "Longitude": "151\u00c2\u00b0 3.359' E", "VERDATE": "2025-12-05"}, "geometry": {"coordinates": [151.05598038029336, -34.07554622492512, 0.0], "type": "Point", "geometries": null}}, {"type": "Feature", "properties": {"ModifiedDa": "2011-12-09", "SAPEquipID": 300230299, "AssetName": "Picnic Table - Comm Pavilion - 07", "d_SubtypeC": "Picnic Table", "d_AssetTyp": "No Roof", "d_AssetMat": "Timber", "d_Branch": "Greater Sydney", "d_LGA": "Sutherland", "Comments": null, "Easting": 320623.03, "Northing": 6227770.5, "Latitude": "34\u00c2\u00b0 4.528' S", "Longitude": "151\u00c2\u00b0 3.361' E", "VERDATE": "2025-12-05"}, "geometry": {"coordinates": [151.0560130630746, -34.075471305934286, 0.0], "type": "Point", "geometries": null}}, {"type": "Feature", "properties": {"ModifiedDa": "2011-12-09", "SAPEquipID": 300230308, "AssetName": "Picnic Table - Comm Pavilion - 19", "d_SubtypeC": "Picnic Table", "d_AssetTyp": "No Roof", "d_AssetMat": "Timber", "d_Branch": "Greater Sydney", "d_LGA": "Sutherland", "Comments": null, "Easting": 320635.77, "Northing": 6227776.49, "Latitude": "34\u00c2\u00b0 4.525' S", "Longitude": "151\u00c2\u00b0 3.369' E", "VERDATE": "2025-12-05"}, "geometry": {"coordinates": [151.05615234200377, -34.07541951629639, 0.0], "type": "Point", "geometries": null}}, {"type": "Feature", "properties": {"ModifiedDa": "2011-12-09", "SAPEquipID": 300230342, "AssetName": "Picnic Table - Comm Pavilion - 11", "d_SubtypeC": "Picnic Table", "d_AssetTyp": "No Roof", "d_AssetMat": "Timber", "d_Branch": "Greater Sydney", "d_LGA": "Sutherland", "Comments": null, "Easting": 320606.84, "Northing": 6227750.34, "Latitude": "34\u00c2\u00b0 4.539' S", "Longitude": "151\u00c2\u00b0 3.35' E", "VERDATE": "2025-12-05"}, "geometry": {"coordinates": [151.05583355918395, -34.07565030701289, 0.0], "type": "Point", "geometries": null}}, {"type": "Feature", "properties": {"ModifiedDa": "2011-12-07", "SAPEquipID": 300230447, "AssetName": "Seat - Tram Platform - 04", "d_SubtypeC": "Seat", "d_AssetTyp": "Without Pad", "d_AssetMat": "Timber", "d_Branch": "Greater Sydney", "d_LGA": "Sutherland", "Comments": null, "Easting": 320665.79, "Northing": 6229195.46, "Latitude": "34\u00c2\u00b0 3.758' S", "Longitude": "151\u00c2\u00b0 3.406' E", "VERDATE": "2025-12-05"}, "geometry": {"coordinates": [151.05676964271208, -34.062634596544626, 0.0], "type": "Point", "geometries": null}}, {"type": "Feature", "properties": {"ModifiedDa": "2011-12-09", "SAPEquipID": 300230465, "AssetName": "Picnic Table - Comm Pavilion - 03", "d_SubtypeC": "Picnic Table", "d_AssetTyp": "No Roof", "d_AssetMat": "Timber", "d_Branch": "Greater Sydney", "d_LGA": "Sutherland", "Comments": null, "Easting": 320611.62, "Northing": 6227760.25, "Latitude": "34\u00c2\u00b0 4.534' S", "Longitude": "151\u00c2\u00b0 3.353' E", "VERDATE": "2025-12-05"}, "geometry": {"coordinates": [151.05588736006996, -34.07556181209765, 0.0], "type": "Point", "geometries": null}}, {"type": "Feature", "properties": {"ModifiedDa": "2018-06-04", "SAPEquipID": 300231046, "AssetName": "Picnic Table - Treated Timber - mobile", "d_SubtypeC": "Picnic Table", "d_AssetTyp": "No Roof", "d_AssetMat": "Timber Treated", "d_Branch": "Greater Sydney", "d_LGA": "Ryde", "Comments": null, "Easting": 328073.12, "Northing": 6259817.11, "Latitude": "33\u00c2\u00b0 47.271' S", "Longitude": "151\u00c2\u00b0 8.58' E", "VERDATE": "2025-12-05"}, "geometry": {"coordinates": [151.14299757822607, -33.78784567067163, 0.0], "type": "Point", "geometries": null}}, {"type": "Feature", "properties": {"ModifiedDa": "2018-06-04", "SAPEquipID": 300231140, "AssetName": "BBQ - under shelter nr pool - 02", "d_SubtypeC": "BBQ/Fireplace", "d_AssetTyp": "With Roof", "d_AssetMat": null, "d_Branch": "Greater Sydney", "d_LGA": "Ryde", "Comments": null, "Easting": 328113.52, "Northing": 6259607.35, "Latitude": "33\u00c2\u00b0 47.385' S", "Longitude": "151\u00c2\u00b0 8.604' E", "VERDATE": "2025-12-05"}, "geometry": {"coordinates": [151.1433929130111, -33.78974312987799, 0.0], "type": "Point", "geometries": null}}, {"type": "Feature", "properties": {"ModifiedDa": "2012-06-28", "SAPEquipID": 300231147, "AssetName": "Picnic Table - 06", "d_SubtypeC": "Picnic Table", "d_AssetTyp": "No Roof", "d_AssetMat": null, "d_Branch": "Greater Sydney", "d_LGA": "Canterbury-Bankstown", "Comments": null, "Easting": 315376.55, "Northing": 6238144.82, "Latitude": "33\u00c2\u00b0 58.863' S", "Longitude": "151\u00c2\u00b0 0.083' E", "VERDATE": "2025-12-05"}, "geometry": {"coordinates": [151.00137902629058, -33.98105133115945, 0.0], "type": "Point", "geometries": null}}, {"type": "Feature", "properties": {"ModifiedDa": "2018-06-04", "SAPEquipID": 300231149, "AssetName": "Picnic Table on pavers nr cabin L11", "d_SubtypeC": "Picnic Table", "d_AssetTyp": "No Roof", "d_AssetMat": "Timber", "d_Branch": "Greater Sydney", "d_LGA": "Ryde", "Comments": null, "Easting": 328170.08, "Northing": 6259604.24, "Latitude": "33\u00c2\u00b0 47.387' S", "Longitude": "151\u00c2\u00b0 8.64' E", "VERDATE": "2025-12-05"}, "geometry": {"coordinates": [151.1440028975444, -33.78978040656, 0.0], "type": "Point", "geometries": null}}, {"type": "Feature", "properties": {"ModifiedDa": "2010-08-06", "SAPEquipID": 300231592, "AssetName": "Picnic Table - 08", "d_SubtypeC": "Picnic Table", "d_AssetTyp": "No Roof", "d_AssetMat": "Timber", "d_Branch": "Greater Sydney", "d_LGA": "Liverpool", "Comments": null, "Easting": 281217.22, "Northing": 6242820.94, "Latitude": "33\u00c2\u00b0 55.941' S", "Longitude": "150\u00c2\u00b0 37.981' E", "VERDATE": "2025-12-05"}, "geometry": {"coordinates": [150.63301400000034, -33.932353886666476, 0.0], "type": "Point", "geometries": null}}, {"type": "Feature", "properties": {"ModifiedDa": "2018-06-04", "SAPEquipID": 300231936, "AssetName": "WRS - west of amenity A4", "d_SubtypeC": "Waste/Recycling Stn", "d_AssetTyp": "Not Applicable", "d_AssetMat": "Not Applicable", "d_Branch": "Greater Sydney", "d_LGA": "Ryde", "Comments": "on concrete pad", "Easting": 328205.27, "Northing": 6259313.14, "Latitude": "33\u00c2\u00b0 47.545' S", "Longitude": "151\u00c2\u00b0 8.66' E", "VERDATE": "2025-12-05"}, "geometry": {"coordinates": [151.14432627037274, -33.792410170346216, 0.0], "type": "Point", "geometries": null}}, {"type": "Feature", "properties": {"ModifiedDa": "2018-11-26", "SAPEquipID": 300232430, "AssetName": "Picnic Table - Comm Flat DUA - 17", "d_SubtypeC": "Picnic Table", "d_AssetTyp": "No Roof", "d_AssetMat": "Timber", "d_Branch": "Greater Sydney", "d_LGA": "Sutherland", "Comments": "Commemoration Flat Day Use Area picnic table 18", "Easting": 335882.84, "Northing": 6235983.84, "Latitude": "34\u00c2\u00b0 0.236' S", "Longitude": "151\u00c2\u00b0 13.372' E", "VERDATE": "2025-12-05"}, "geometry": {"coordinates": [151.22286255333347, -34.003936779999265, 0.0], "type": "Point", "geometries": null}}, {"type": "Feature", "properties": {"ModifiedDa": "2018-11-26", "SAPEquipID": 300232483, "AssetName": "Picnic Table - Comm Flat DUA - 04", "d_SubtypeC": "Picnic Table", "d_AssetTyp": "No Roof", "d_AssetMat": "Timber", "d_Branch": "Greater Sydney", "d_LGA": "Sutherland", "Comments": "commeration flat day use area picnic  4", "Easting": 335852.89, "Northing": 6236052.32, "Latitude": "34\u00c2\u00b0 0.199' S", "Longitude": "151\u00c2\u00b0 13.353' E", "VERDATE": "2025-12-05"}, "geometry": {"coordinates": [151.2225511666668, -34.00331483333264, 0.0], "type": "Point", "geometries": null}}, {"type": "Feature", "properties": {"ModifiedDa": "2012-06-28", "SAPEquipID": 300232620, "AssetName": "Picnic Table - 05", "d_SubtypeC": "Picnic Table", "d_AssetTyp": "No Roof", "d_AssetMat": null, "d_Branch": "Greater Sydney", "d_LGA": "Canterbury-Bankstown", "Comments": null, "Easting": 315407.36, "Northing": 6238218.79, "Latitude": "33\u00c2\u00b0 58.823' S", "Longitude": "151\u00c2\u00b0 0.104' E", "VERDATE": "2025-12-05"}, "geometry": {"coordinates": [151.00172797128573, -33.98038995866881, 0.0], "type": "Point", "geometries": null}}, {"type": "Feature", "properties": {"ModifiedDa": "2010-08-06", "SAPEquipID": 300233081, "AssetName": "Picnic Table - 09", "d_SubtypeC": "Picnic Table", "d_AssetTyp": "No Roof", "d_AssetMat": "Timber", "d_Branch": "Greater Sydney", "d_LGA": "Liverpool", "Comments": null, "Easting": 281236.48, "Northing": 6242830.55, "Latitude": "33\u00c2\u00b0 55.936' S", "Longitude": "150\u00c2\u00b0 37.993' E", "VERDATE": "2025-12-05"}, "geometry": {"coordinates": [150.63322461333394, -33.932271279999895, 0.0], "type": "Point", "geometries": null}}, {"type": "Feature", "properties": {"ModifiedDa": "2010-08-06", "SAPEquipID": 300233091, "AssetName": "Picnic Table - 07", "d_SubtypeC": "Picnic Table", "d_AssetTyp": "No Roof", "d_AssetMat": "Timber", "d_Branch": "Greater Sydney", "d_LGA": "Liverpool", "Comments": null, "Easting": 281243.22, "Northing": 6242799.78, "Latitude": "33\u00c2\u00b0 55.953' S", "Longitude": "150\u00c2\u00b0 37.997' E", "VERDATE": "2025-12-05"}, "geometry": {"coordinates": [150.63328978000027, -33.93254994666654, 0.0], "type": "Point", "geometries": null}}, {"type": "Feature", "properties": {"ModifiedDa": "2010-08-06", "SAPEquipID": 300233100, "AssetName": "Picnic Table - 05", "d_SubtypeC": "Picnic Table", "d_AssetTyp": "No Roof", "d_AssetMat": "Timber", "d_Branch": "Greater Sydney", "d_LGA": "Liverpool", "Comments": null, "Easting": 281257.12, "Northing": 6242821.32, "Latitude": "33\u00c2\u00b0 55.942' S", "Longitude": "150\u00c2\u00b0 38.007' E", "VERDATE": "2025-12-05"}, "geometry": {"coordinates": [150.63344550000056, -33.93235877999996, 0.0], "type": "Point", "geometries": null}}, {"type": "Feature", "properties": {"ModifiedDa": "2012-09-28", "SAPEquipID": 300233126, "AssetName": "Picnic Table - Ironbark DUA", "d_SubtypeC": "Picnic Table", "d_AssetTyp": "No Roof", "d_AssetMat": "Timber", "d_Branch": "Greater Sydney", "d_LGA": "Blacktown", "Comments": null, "Easting": 306020.45, "Northing": 6271248.59, "Latitude": "33\u00c2\u00b0 40.86' S", "Longitude": "150\u00c2\u00b0 54.446' E", "VERDATE": "2025-12-05"}, "geometry": {"coordinates": [150.9074391472118, -33.680996788437255, 0.0], "type": "Point", "geometries": null}}, {"type": "Feature", "properties": {"ModifiedDa": "2012-09-28", "SAPEquipID": 300233152, "AssetName": "Seat - 03", "d_SubtypeC": "Seat", "d_AssetTyp": "With Pad", "d_AssetMat": "Timber", "d_Branch": "Greater Sydney", "d_LGA": "Blacktown", "Comments": null, "Easting": 305943.88, "Northing": 6271441.57, "Latitude": "33\u00c2\u00b0 40.755' S", "Longitude": "150\u00c2\u00b0 54.399' E", "VERDATE": "2025-12-05"}, "geometry": {"coordinates": [150.90665588666627, -33.679243446666476, 0.0], "type": "Point", "geometries": null}}, {"type": "Feature", "properties": {"ModifiedDa": "2010-08-06", "SAPEquipID": 300233251, "AssetName": "Bin - 17", "d_SubtypeC": "Bin", "d_AssetTyp": "Garbage", "d_AssetMat": "Not Applicable", "d_Branch": "Greater Sydney", "d_LGA": "Liverpool", "Comments": "gal steel garbage bin on steel post", "Easting": 281580.42, "Northing": 6242914.77, "Latitude": "33\u00c2\u00b0 55.895' S", "Longitude": "150\u00c2\u00b0 38.218' E", "VERDATE": "2025-12-05"}, "geometry": {"coordinates": [150.636963886667, -33.93158377999987, 0.0], "type": "Point", "geometries": null}}, {"type": "Feature", "properties": {"ModifiedDa": "2012-02-01", "SAPEquipID": 300234309, "AssetName": "Picnic Table - Bellbird VA - 02", "d_SubtypeC": "Picnic Table", "d_AssetTyp": "Unknown", "d_AssetMat": "Timber", "d_Branch": "Greater Sydney", "d_LGA": "Liverpool", "Comments": null, "Easting": 306468.78, "Northing": 6241147.39, "Latitude": "33\u00c2\u00b0 57.143' S", "Longitude": "150\u00c2\u00b0 54.34' E", "VERDATE": "2025-12-05"}, "geometry": {"coordinates": [150.90566785724036, -33.95238569034558, 0.0], "type": "Point", "geometries": null}}, {"type": "Feature", "properties": {"ModifiedDa": "2016-04-06", "SAPEquipID": 300234318, "AssetName": "Picnic Table - 09", "d_SubtypeC": "Picnic Table", "d_AssetTyp": "No Roof", "d_AssetMat": "Timber", "d_Branch": "Greater Sydney", "d_LGA": "Woollahra", "Comments": null, "Easting": 339708.72, "Northing": 6253005.09, "Latitude": "33\u00c2\u00b0 51.065' S", "Longitude": "151\u00c2\u00b0 16.043' E", "VERDATE": "2025-12-05"}, "geometry": {"coordinates": [151.2673847200001, -33.851083666666625, 0.0], "type": "Point", "geometries": null}}, {"type": "Feature", "properties": {"ModifiedDa": "2016-04-06", "SAPEquipID": 300234326, "AssetName": "Picnic Table - 05", "d_SubtypeC": "Picnic Table", "d_AssetTyp": "No Roof", "d_AssetMat": "Timber", "d_Branch": "Greater Sydney", "d_LGA": "Woollahra", "Comments": null, "Easting": 339741.88, "Northing": 6253002.47, "Latitude": "33\u00c2\u00b0 51.067' S", "Longitude": "151\u00c2\u00b0 16.065' E", "VERDATE": "2025-12-05"}, "geometry": {"coordinates": [151.2677425000004, -33.851112386666614, 0.0], "type": "Point", "geometries": null}}, {"type": "Feature", "properties": {"ModifiedDa": "2010-08-06", "SAPEquipID": 300234335, "AssetName": "Picnic Table - 02", "d_SubtypeC": "Picnic Table", "d_AssetTyp": "Unknown", "d_AssetMat": "Timber", "d_Branch": "Greater Sydney", "d_LGA": "Liverpool", "Comments": null, "Easting": 281166.72, "Northing": 6242803.88, "Latitude": "33\u00c2\u00b0 55.95' S", "Longitude": "150\u00c2\u00b0 37.948' E", "VERDATE": "2025-12-05"}, "geometry": {"coordinates": [150.63246383333365, -33.93249711333317, 0.0], "type": "Point", "geometries": null}}, {"type": "Feature", "properties": {"ModifiedDa": "2012-09-27", "SAPEquipID": 300234362, "AssetName": "Seat - 03", "d_SubtypeC": "Seat", "d_AssetTyp": "Without Pad", "d_AssetMat": "Timber", "d_Branch": "Greater Sydney", "d_LGA": "Blacktown", "Comments": null, "Easting": 306453.0, "Northing": 6271432.15, "Latitude": "33\u00c2\u00b0 40.765' S", "Longitude": "150\u00c2\u00b0 54.729' E", "VERDATE": "2025-12-05"}, "geometry": {"coordinates": [150.9121426533327, -33.67942123333319, 0.0], "type": "Point", "geometries": null}}, {"type": "Feature", "properties": {"ModifiedDa": "2010-08-06", "SAPEquipID": 300234371, "AssetName": "Seat - 13", "d_SubtypeC": "Seat", "d_AssetTyp": "With Pad", "d_AssetMat": "Timber", "d_Branch": "Greater Sydney", "d_LGA": "Blacktown", "Comments": null, "Easting": 306335.76, "Northing": 6271290.93, "Latitude": "33\u00c2\u00b0 40.84' S", "Longitude": "150\u00c2\u00b0 54.651' E", "VERDATE": "2025-12-05"}, "geometry": {"coordinates": [150.9108478333327, -33.68067271999985, 0.0], "type": "Point", "geometries": null}}, {"type": "Feature", "properties": {"ModifiedDa": "2010-08-06", "SAPEquipID": 300234389, "AssetName": "Seat - 09", "d_SubtypeC": "Seat", "d_AssetTyp": "With Pad", "d_AssetMat": "Timber", "d_Branch": "Greater Sydney", "d_LGA": "Blacktown", "Comments": null, "Easting": 306334.05, "Northing": 6271305.78, "Latitude": "33\u00c2\u00b0 40.832' S", "Longitude": "150\u00c2\u00b0 54.65' E", "VERDATE": "2025-12-05"}, "geometry": {"coordinates": [150.91083266666624, -33.68053855333318, 0.0], "type": "Point", "geometries": null}}, {"type": "Feature", "properties": {"ModifiedDa": "2010-08-06", "SAPEquipID": 300234398, "AssetName": "Seat - 07", "d_SubtypeC": "Seat", "d_AssetTyp": "Without Pad", "d_AssetMat": "Timber", "d_Branch": "Greater Sydney", "d_LGA": "Blacktown", "Comments": null, "Easting": 306313.33, "Northing": 6271305.93, "Latitude": "33\u00c2\u00b0 40.832' S", "Longitude": "150\u00c2\u00b0 54.637' E", "VERDATE": "2025-12-05"}, "geometry": {"coordinates": [150.91060927999933, -33.68053344666663, 0.0], "type": "Point", "geometries": null}}, {"type": "Feature", "properties": {"ModifiedDa": "2012-09-27", "SAPEquipID": 300234415, "AssetName": "Seat - 03", "d_SubtypeC": "Seat", "d_AssetTyp": "Without Pad", "d_AssetMat": "Timber", "d_Branch": "Greater Sydney", "d_LGA": "Blacktown", "Comments": null, "Easting": 306309.27, "Northing": 6271375.52, "Latitude": "33\u00c2\u00b0 40.794' S", "Longitude": "150\u00c2\u00b0 54.635' E", "VERDATE": "2025-12-05"}, "geometry": {"coordinates": [150.91058067309461, -33.67990547005928, 0.0], "type": "Point", "geometries": null}}, {"type": "Feature", "properties": {"ModifiedDa": "2012-09-28", "SAPEquipID": 300234423, "AssetName": "Seat - 04", "d_SubtypeC": "Seat", "d_AssetTyp": "Without Pad", "d_AssetMat": "Timber", "d_Branch": "Greater Sydney", "d_LGA": "Blacktown", "Comments": null, "Easting": 305954.0, "Northing": 6271431.26, "Latitude": "33\u00c2\u00b0 40.76' S", "Longitude": "150\u00c2\u00b0 54.406' E", "VERDATE": "2025-12-05"}, "geometry": {"coordinates": [150.90676267353808, -33.67933821405359, 0.0], "type": "Point", "geometries": null}}, {"type": "Feature", "properties": {"ModifiedDa": "2021-02-26", "SAPEquipID": 300237720, "AssetName": "Bin - vpa11 garbage", "d_SubtypeC": "Bin", "d_AssetTyp": "Garbage", "d_AssetMat": "Not Applicable", "d_Branch": "Hunter Central Coast", "d_LGA": "Central Coast", "Comments": null, "Easting": 348966.26, "Northing": 6288977.06, "Latitude": "33\u00c2\u00b0 31.688' S", "Longitude": "151\u00c2\u00b0 22.412' E", "VERDATE": "2025-12-05"}, "geometry": {"coordinates": [151.37353664779005, -33.5281363814355, 0.0], "type": "Point", "geometries": null}}, {"type": "Feature", "properties": {"ModifiedDa": "2012-10-12", "SAPEquipID": 300238458, "AssetName": "Seat - VC - 06", "d_SubtypeC": "Seat", "d_AssetTyp": "With Pad", "d_AssetMat": "Timber", "d_Branch": "Greater Sydney", "d_LGA": "Sutherland", "Comments": "outside office -sout west side going up to Ladies Toilets", "Easting": 335752.61, "Northing": 6235876.71, "Latitude": "34\u00c2\u00b0 0.293' S", "Longitude": "151\u00c2\u00b0 13.286' E", "VERDATE": "2025-12-05"}, "geometry": {"coordinates": [151.22143278000033, -34.00488216666599, 0.0], "type": "Point", "geometries": null}}, {"type": "Feature", "properties": {"ModifiedDa": "2012-10-12", "SAPEquipID": 300238467, "AssetName": "Seat - VC - 02", "d_SubtypeC": "Seat", "d_AssetTyp": "With Pad", "d_AssetMat": "Unknown", "d_Branch": "Greater Sydney", "d_LGA": "Sutherland", "Comments": "outside office -sout west side going up to Ladies Toilets", "Easting": 335754.12, "Northing": 6235865.41, "Latitude": "34\u00c2\u00b0 0.299' S", "Longitude": "151\u00c2\u00b0 13.287' E", "VERDATE": "2025-12-05"}, "geometry": {"coordinates": [151.2214469999999, -34.004984219999244, 0.0], "type": "Point", "geometries": null}}, {"type": "Feature", "properties": {"ModifiedDa": "2018-11-26", "SAPEquipID": 300238485, "AssetName": "Picnic Table - Comm Flat DUA - 22", "d_SubtypeC": "Picnic Table", "d_AssetTyp": "No Roof", "d_AssetMat": "Unknown", "d_Branch": "Greater Sydney", "d_LGA": "Sutherland", "Comments": "Commemoration Flat Day Use Area picnic table 23", "Easting": 335798.23, "Northing": 6236025.74, "Latitude": "34\u00c2\u00b0 0.213' S", "Longitude": "151\u00c2\u00b0 13.317' E", "VERDATE": "2025-12-05"}, "geometry": {"coordinates": [151.22195455333383, -34.003545833332566, 0.0], "type": "Point", "geometries": null}}, {"type": "Feature", "properties": {"ModifiedDa": "2018-11-26", "SAPEquipID": 300238494, "AssetName": "Picnic Table - Comm Flat DUA - 19", "d_SubtypeC": "Picnic Table", "d_AssetTyp": "No Roof", "d_AssetMat": "Timber", "d_Branch": "Greater Sydney", "d_LGA": "Sutherland", "Comments": "Commemoration Flat Day Use Area table 20", "Easting": 335782.63, "Northing": 6236156.16, "Latitude": "34\u00c2\u00b0 0.142' S", "Longitude": "151\u00c2\u00b0 13.309' E", "VERDATE": "2025-12-05"}, "geometry": {"coordinates": [151.22181016666696, -34.00236771999937, 0.0], "type": "Point", "geometries": null}}, {"type": "Feature", "properties": {"ModifiedDa": "2018-11-26", "SAPEquipID": 300238503, "AssetName": "Picnic Table - Comm Flat DUA - 16", "d_SubtypeC": "Picnic Table", "d_AssetTyp": "No Roof", "d_AssetMat": "Timber", "d_Branch": "Greater Sydney", "d_LGA": "Sutherland", "Comments": "commeration flat day use area picnic  table  16", "Easting": 335791.32, "Northing": 6235960.41, "Latitude": "34\u00c2\u00b0 0.248' S", "Longitude": "151\u00c2\u00b0 13.312' E", "VERDATE": "2025-12-05"}, "geometry": {"coordinates": [151.22186753468043, -34.00413364854728, 0.0], "type": "Point", "geometries": null}}, {"type": "Feature", "properties": {"ModifiedDa": "2018-11-26", "SAPEquipID": 300238512, "AssetName": "Picnic Table - Comm Flat DUA - 12", "d_SubtypeC": "Picnic Table", "d_AssetTyp": "No Roof", "d_AssetMat": "Timber", "d_Branch": "Greater Sydney", "d_LGA": "Sutherland", "Comments": "commeration flat day use area picnic  table  12", "Easting": 335811.62, "Northing": 6235981.14, "Latitude": "34\u00c2\u00b0 0.237' S", "Longitude": "151\u00c2\u00b0 13.325' E", "VERDATE": "2025-12-05"}, "geometry": {"coordinates": [151.22209116666693, -34.00394999999929, 0.0], "type": "Point", "geometries": null}}, {"type": "Feature", "properties": {"ModifiedDa": "2018-11-26", "SAPEquipID": 300238520, "AssetName": "Picnic Table - Comm Flat DUA - 06", "d_SubtypeC": "Picnic Table", "d_AssetTyp": "No Roof", "d_AssetMat": "Timber", "d_Branch": "Greater Sydney", "d_LGA": "Sutherland", "Comments": "commeration flat day use area picnic  6", "Easting": 335893.84, "Northing": 6236069.57, "Latitude": "34\u00c2\u00b0 0.19' S", "Longitude": "151\u00c2\u00b0 13.38' E", "VERDATE": "2025-12-05"}, "geometry": {"coordinates": [151.22299766666697, -34.00316571999923, 0.0], "type": "Point", "geometries": null}}, {"type": "Feature", "properties": {"ModifiedDa": "2024-03-04", "SAPEquipID": 300238529, "AssetName": "BBQ - Comm Flat DUA - 02", "d_SubtypeC": "BBQ/Fireplace", "d_AssetTyp": "With Roof", "d_AssetMat": "Steel Stainless", "d_Branch": "Greater Sydney", "d_LGA": "Sutherland", "Comments": null, "Easting": 335867.93, "Northing": 6236036.71, "Latitude": "34\u00c2\u00b0 0.207' S", "Longitude": "151\u00c2\u00b0 13.363' E", "VERDATE": "2025-12-05"}, "geometry": {"coordinates": [151.222711, -34.003457899999944, 0.0], "type": "Point", "geometries": null}}, {"type": "Feature", "properties": {"ModifiedDa": "2010-07-26", "SAPEquipID": 300238991, "AssetName": "Picnic table  7", "d_SubtypeC": "Picnic Table", "d_AssetTyp": "No Roof", "d_AssetMat": "Timber", "d_Branch": "Greater Sydney", "d_LGA": "Sutherland", "Comments": null, "Easting": 320585.76, "Northing": 6227563.95, "Latitude": "34\u00c2\u00b0 4.64' S", "Longitude": "151\u00c2\u00b0 3.334' E", "VERDATE": "2025-12-05"}, "geometry": {"coordinates": [151.05556683333361, -34.07732671999935, 0.0], "type": "Point", "geometries": null}}, {"type": "Feature", "properties": {"ModifiedDa": "2010-07-26", "SAPEquipID": 300239110, "AssetName": "Picnic Table  8 Picnic area", "d_SubtypeC": "Picnic Table", "d_AssetTyp": "No Roof", "d_AssetMat": "Timber", "d_Branch": "Greater Sydney", "d_LGA": "Sutherland", "Comments": "Picnic Table  8 Picnic area", "Easting": 328499.38, "Northing": 6227128.21, "Latitude": "34\u00c2\u00b0 4.955' S", "Longitude": "151\u00c2\u00b0 8.472' E", "VERDATE": "2025-12-05"}, "geometry": {"coordinates": [151.14120566666668, -34.08258149999921, 0.0], "type": "Point", "geometries": null}}, {"type": "Feature", "properties": {"ModifiedDa": "2010-07-26", "SAPEquipID": 300239118, "AssetName": "Picnic Table  4 Picnic area", "d_SubtypeC": "Picnic Table", "d_AssetTyp": "No Roof", "d_AssetMat": "Timber", "d_Branch": "Greater Sydney", "d_LGA": "Sutherland", "Comments": "Picnic Table  4 Picnic area", "Easting": 328516.28, "Northing": 6227196.51, "Latitude": "34\u00c2\u00b0 4.918' S", "Longitude": "151\u00c2\u00b0 8.484' E", "VERDATE": "2025-12-05"}, "geometry": {"coordinates": [151.14140216666658, -34.081968613332435, 0.0], "type": "Point", "geometries": null}}, {"type": "Feature", "properties": {"ModifiedDa": "2024-12-06", "SAPEquipID": 300239126, "AssetName": "Picnic Table - Wattamolla Middle - 05", "d_SubtypeC": "Picnic Table", "d_AssetTyp": "With Roof", "d_AssetMat": "Timber Treated", "d_Branch": "Greater Sydney", "d_LGA": "Sutherland", "Comments": null, "Easting": 326092.78, "Northing": 6220925.53, "Latitude": "34\u00c2\u00b0 8.286' S", "Longitude": "151\u00c2\u00b0 6.834' E", "VERDATE": "2025-12-05"}, "geometry": {"coordinates": [151.11389333333352, -34.13809433333256, 0.0], "type": "Point", "geometries": null}}, {"type": "Feature", "properties": {"ModifiedDa": "2010-07-26", "SAPEquipID": 300239160, "AssetName": "WRS 2 CURRAWONG FLAT  STH", "d_SubtypeC": "Waste/Recycling Stn", "d_AssetTyp": "Not Applicable", "d_AssetMat": "Not Applicable", "d_Branch": "Greater Sydney", "d_LGA": "Sutherland", "Comments": null, "Easting": 320564.73, "Northing": 6227599.61, "Latitude": "34\u00c2\u00b0 4.62' S", "Longitude": "151\u00c2\u00b0 3.321' E", "VERDATE": "2025-12-05"}, "geometry": {"coordinates": [151.05534633333332, -34.0770017199992, 0.0], "type": "Point", "geometries": null}}, {"type": "Feature", "properties": {"ModifiedDa": "2010-07-26", "SAPEquipID": 300239169, "AssetName": "WRS 3 cwong flat  sth", "d_SubtypeC": "Waste/Recycling Stn", "d_AssetTyp": "Not Applicable", "d_AssetMat": "Not Applicable", "d_Branch": "Greater Sydney", "d_LGA": "Sutherland", "Comments": null, "Easting": 320574.18, "Northing": 6227538.25, "Latitude": "34\u00c2\u00b0 4.653' S", "Longitude": "151\u00c2\u00b0 3.326' E", "VERDATE": "2025-12-05"}, "geometry": {"coordinates": [151.0554360533331, -34.077556386666004, 0.0], "type": "Point", "geometries": null}}, {"type": "Feature", "properties": {"ModifiedDa": "2022-03-04", "SAPEquipID": 300239350, "AssetName": "BBQ - Ingar CA - 04", "d_SubtypeC": "BBQ/Fireplace", "d_AssetTyp": "No Roof", "d_AssetMat": "Steel", "d_Branch": "Blue Mountains", "d_LGA": "Blue Mountains", "Comments": null, "Easting": 265080.34, "Northing": 6260361.77, "Latitude": "33\u00c2\u00b0 46.25' S", "Longitude": "150\u00c2\u00b0 27.795' E", "VERDATE": "2025-12-05"}, "geometry": {"coordinates": [150.4632552219324, -33.770827772503196, 0.0], "type": "Point", "geometries": null}}, {"type": "Feature", "properties": {"ModifiedDa": "2022-03-04", "SAPEquipID": 300239359, "AssetName": "BBQ - Ingar CA - 02", "d_SubtypeC": "BBQ/Fireplace", "d_AssetTyp": "No Roof", "d_AssetMat": "Steel", "d_Branch": "Blue Mountains", "d_LGA": "Blue Mountains", "Comments": null, "Easting": 265130.72, "Northing": 6260343.36, "Latitude": "33\u00c2\u00b0 46.26' S", "Longitude": "150\u00c2\u00b0 27.828' E", "VERDATE": "2025-12-05"}, "geometry": {"coordinates": [150.46379388666196, -33.7710048333322, 0.0], "type": "Point", "geometries": null}}, {"type": "Feature", "properties": {"ModifiedDa": "2011-12-09", "SAPEquipID": 300239760, "AssetName": "Picnic Table - Comm Pavilion - 17", "d_SubtypeC": "Picnic Table", "d_AssetTyp": "No Roof", "d_AssetMat": "Timber", "d_Branch": "Greater Sydney", "d_LGA": "Sutherland", "Comments": null, "Easting": 320626.2, "Northing": 6227767.22, "Latitude": "34\u00c2\u00b0 4.53' S", "Longitude": "151\u00c2\u00b0 3.363' E", "VERDATE": "2025-12-05"}, "geometry": {"coordinates": [151.05604675148027, -34.075501474655425, 0.0], "type": "Point", "geometries": null}}, {"type": "Feature", "properties": {"ModifiedDa": "2019-03-15", "SAPEquipID": 300241574, "AssetName": "Picnic Table", "d_SubtypeC": "Picnic Table", "d_AssetTyp": "No Roof", "d_AssetMat": "Timber", "d_Branch": "Greater Sydney", "d_LGA": "Unincorporated", "Comments": null, "Easting": 337287.55, "Northing": 6251653.59, "Latitude": "33\u00c2\u00b0 51.774' S", "Longitude": "151\u00c2\u00b0 14.458' E", "VERDATE": "2025-12-05"}, "geometry": {"coordinates": [151.24097472000074, -33.86289677999986, 0.0], "type": "Point", "geometries": null}}, {"type": "Feature", "properties": {"ModifiedDa": "2018-06-04", "SAPEquipID": 300241589, "AssetName": "WRS - sth of amenity A3", "d_SubtypeC": "Waste/Recycling Stn", "d_AssetTyp": "Not Applicable", "d_AssetMat": "Not Applicable", "d_Branch": "Greater Sydney", "d_LGA": "Ryde", "Comments": "on concrete slab", "Easting": 328169.29, "Northing": 6259502.0, "Latitude": "33\u00c2\u00b0 47.442' S", "Longitude": "151\u00c2\u00b0 8.638' E", "VERDATE": "2025-12-05"}, "geometry": {"coordinates": [151.14397455124356, -33.79070185517696, 0.0], "type": "Point", "geometries": null}}, {"type": "Feature", "properties": {"ModifiedDa": "2018-11-26", "SAPEquipID": 300242170, "AssetName": "Picnic Table - Comm Flat DUA - 24", "d_SubtypeC": "Picnic Table", "d_AssetTyp": "No Roof", "d_AssetMat": "Timber", "d_Branch": "Greater Sydney", "d_LGA": "Sutherland", "Comments": "Commemoration Flat Day Use Area picnic table 25", "Easting": 335732.59, "Northing": 6235945.5, "Latitude": "34\u00c2\u00b0 0.256' S", "Longitude": "151\u00c2\u00b0 13.274' E", "VERDATE": "2025-12-05"}, "geometry": {"coordinates": [151.22122900000033, -34.00425888666592, 0.0], "type": "Point", "geometries": null}}, {"type": "Feature", "properties": {"ModifiedDa": "2012-10-12", "SAPEquipID": 300242416, "AssetName": "Seat - VC - 04", "d_SubtypeC": "Seat", "d_AssetTyp": "With Pad", "d_AssetMat": "Timber", "d_Branch": "Greater Sydney", "d_LGA": "Sutherland", "Comments": "outside office -sout west side going up to Ladies Toilets", "Easting": 335755.23, "Northing": 6235870.89, "Latitude": "34\u00c2\u00b0 0.296' S", "Longitude": "151\u00c2\u00b0 13.288' E", "VERDATE": "2025-12-05"}, "geometry": {"coordinates": [151.22146005333377, -34.00493505333259, 0.0], "type": "Point", "geometries": null}}, {"type": "Feature", "properties": {"ModifiedDa": "2012-05-09", "SAPEquipID": 300242425, "AssetName": "Picnic Table - adj Toilet Block 2 - 03", "d_SubtypeC": "Picnic Table", "d_AssetTyp": "No Roof", "d_AssetMat": "Steel Stainless", "d_Branch": "Greater Sydney", "d_LGA": "Canterbury-Bankstown", "Comments": null, "Easting": 316840.73, "Northing": 6238449.77, "Latitude": "33\u00c2\u00b0 58.714' S", "Longitude": "151\u00c2\u00b0 1.037' E", "VERDATE": "2025-12-05"}, "geometry": {"coordinates": [151.0172848333334, -33.97855899999939, 0.0], "type": "Point", "geometries": null}}, {"type": "Feature", "properties": {"ModifiedDa": "2018-11-26", "SAPEquipID": 300242435, "AssetName": "Picnic Table - Comm Flat DUA - 21", "d_SubtypeC": "Picnic Table", "d_AssetTyp": "No Roof", "d_AssetMat": "Timber", "d_Branch": "Greater Sydney", "d_LGA": "Sutherland", "Comments": "Commemoration Flat Day Use Area table 22", "Easting": 335724.38, "Northing": 6236119.77, "Latitude": "34\u00c2\u00b0 0.161' S", "Longitude": "151\u00c2\u00b0 13.27' E", "VERDATE": "2025-12-05"}, "geometry": {"coordinates": [151.22117294666702, -34.002686666665966, 0.0], "type": "Point", "geometries": null}}, {"type": "Feature", "properties": {"ModifiedDa": "2018-11-26", "SAPEquipID": 300242444, "AssetName": "Picnic Table - Comm Flat DUA - 14", "d_SubtypeC": "Picnic Table", "d_AssetTyp": "No Roof", "d_AssetMat": "Timber", "d_Branch": "Greater Sydney", "d_LGA": "Sutherland", "Comments": "commeration flat day use area picnic  table  14", "Easting": 335808.19, "Northing": 6235961.56, "Latitude": "34\u00c2\u00b0 0.248' S", "Longitude": "151\u00c2\u00b0 13.323' E", "VERDATE": "2025-12-05"}, "geometry": {"coordinates": [151.22205028000008, -34.00412599999936, 0.0], "type": "Point", "geometries": null}}, {"type": "Feature", "properties": {"ModifiedDa": "2018-11-26", "SAPEquipID": 300242463, "AssetName": "Picnic Table - Comm Flat DUA - 08", "d_SubtypeC": "Picnic Table", "d_AssetTyp": "No Roof", "d_AssetMat": "Timber", "d_Branch": "Greater Sydney", "d_LGA": "Sutherland", "Comments": "commeration flat day use area picnic table 8", "Easting": 335841.0, "Northing": 6236019.45, "Latitude": "34\u00c2\u00b0 0.217' S", "Longitude": "151\u00c2\u00b0 13.345' E", "VERDATE": "2025-12-05"}, "geometry": {"coordinates": [151.22241633333363, -34.00360921999925, 0.0], "type": "Point", "geometries": null}}, {"type": "Feature", "properties": {"ModifiedDa": "2012-09-27", "SAPEquipID": 300242855, "AssetName": "Seat - 11", "d_SubtypeC": "Seat", "d_AssetTyp": "With Pad", "d_AssetMat": "Timber", "d_Branch": "Greater Sydney", "d_LGA": "Blacktown", "Comments": null, "Easting": 306356.08, "Northing": 6271320.49, "Latitude": "33\u00c2\u00b0 40.825' S", "Longitude": "150\u00c2\u00b0 54.664' E", "VERDATE": "2025-12-05"}, "geometry": {"coordinates": [150.91107337222945, -33.680410018377245, 0.0], "type": "Point", "geometries": null}}, {"type": "Feature", "properties": {"ModifiedDa": "2016-04-06", "SAPEquipID": 300243022, "AssetName": "Picnic Table - 07", "d_SubtypeC": "Picnic Table", "d_AssetTyp": "No Roof", "d_AssetMat": "Timber", "d_Branch": "Greater Sydney", "d_LGA": "Woollahra", "Comments": null, "Easting": 339729.86, "Northing": 6252994.36, "Latitude": "33\u00c2\u00b0 51.071' S", "Longitude": "151\u00c2\u00b0 16.057' E", "VERDATE": "2025-12-05"}, "geometry": {"coordinates": [151.26761116666717, -33.85118366666637, 0.0], "type": "Point", "geometries": null}}, {"type": "Feature", "properties": {"ModifiedDa": "2012-09-28", "SAPEquipID": 300243031, "AssetName": "Seat - 02", "d_SubtypeC": "Seat", "d_AssetTyp": "With Pad", "d_AssetMat": "Timber", "d_Branch": "Greater Sydney", "d_LGA": "Blacktown", "Comments": null, "Easting": 305934.56, "Northing": 6271443.54, "Latitude": "33\u00c2\u00b0 40.753' S", "Longitude": "150\u00c2\u00b0 54.393' E", "VERDATE": "2025-12-05"}, "geometry": {"coordinates": [150.90655583333285, -33.67922399999998, 0.0], "type": "Point", "geometries": null}}, {"type": "Feature", "properties": {"ModifiedDa": "2011-12-09", "SAPEquipID": 300243093, "AssetName": "Picnic Table - Comm Pavilion - 09", "d_SubtypeC": "Picnic Table", "d_AssetTyp": "No Roof", "d_AssetMat": "Timber", "d_Branch": "Greater Sydney", "d_LGA": "Sutherland", "Comments": null, "Easting": 320633.12, "Northing": 6227779.23, "Latitude": "34\u00c2\u00b0 4.524' S", "Longitude": "151\u00c2\u00b0 3.367' E", "VERDATE": "2025-12-05"}, "geometry": {"coordinates": [151.05612418453063, -34.075394375695396, 0.0], "type": "Point", "geometries": null}}, {"type": "Feature", "properties": {"ModifiedDa": "2011-12-07", "SAPEquipID": 300243137, "AssetName": "Picnic Table - Willow Tree Pavilion - 02", "d_SubtypeC": "Picnic Table", "d_AssetTyp": "Unknown", "d_AssetMat": "Timber", "d_Branch": "Greater Sydney", "d_LGA": "Sutherland", "Comments": null, "Easting": 320501.5, "Northing": 6227338.79, "Latitude": "34\u00c2\u00b0 4.761' S", "Longitude": "151\u00c2\u00b0 3.276' E", "VERDATE": "2025-12-05"}, "geometry": {"coordinates": [151.0546076709851, -34.07934175465226, 0.0], "type": "Point", "geometries": null}}, {"type": "Feature", "properties": {"ModifiedDa": "2011-12-09", "SAPEquipID": 300244330, "AssetName": "BBQ - 04", "d_SubtypeC": "BBQ/Fireplace", "d_AssetTyp": "No Roof", "d_AssetMat": "Brick", "d_Branch": "Greater Sydney", "d_LGA": "Sutherland", "Comments": null, "Easting": 320616.63, "Northing": 6227754.9, "Latitude": "34\u00c2\u00b0 4.537' S", "Longitude": "151\u00c2\u00b0 3.356' E", "VERDATE": "2025-12-05"}, "geometry": {"coordinates": [151.05594054336848, -34.07561089403947, 0.0], "type": "Point", "geometries": null}}, {"type": "Feature", "properties": {"ModifiedDa": "2018-06-04", "SAPEquipID": 300244762, "AssetName": "Playground Equip - Seats on springs", "d_SubtypeC": "Playground Equipment", "d_AssetTyp": "Not Applicable", "d_AssetMat": "Not Applicable", "d_Branch": "Greater Sydney", "d_LGA": "Ryde", "Comments": null, "Easting": 328081.03, "Northing": 6259788.33, "Latitude": "33\u00c2\u00b0 47.286' S", "Longitude": "151\u00c2\u00b0 8.585' E", "VERDATE": "2025-12-05"}, "geometry": {"coordinates": [151.14307737946547, -33.788106417019435, 0.0], "type": "Point", "geometries": null}}, {"type": "Feature", "properties": {"ModifiedDa": "2018-06-04", "SAPEquipID": 300244771, "AssetName": "Playground Equip - Echidna", "d_SubtypeC": "Playground Equipment", "d_AssetTyp": "Not Applicable", "d_AssetMat": "Not Applicable", "d_Branch": "Greater Sydney", "d_LGA": "Ryde", "Comments": null, "Easting": 328080.19, "Northing": 6259790.48, "Latitude": "33\u00c2\u00b0 47.285' S", "Longitude": "151\u00c2\u00b0 8.584' E", "VERDATE": "2025-12-05"}, "geometry": {"coordinates": [151.14306865627032, -33.78808688593085, 0.0], "type": "Point", "geometries": null}}, {"type": "Feature", "properties": {"ModifiedDa": "2018-06-04", "SAPEquipID": 300244780, "AssetName": "WRS - nr Site 162", "d_SubtypeC": "Waste/Recycling Stn", "d_AssetTyp": "Not Applicable", "d_AssetMat": "Not Applicable", "d_Branch": "Greater Sydney", "d_LGA": "Ryde", "Comments": "on concrete slab", "Easting": 328145.41, "Northing": 6259779.68, "Latitude": "33\u00c2\u00b0 47.292' S", "Longitude": "151\u00c2\u00b0 8.626' E", "VERDATE": "2025-12-05"}, "geometry": {"coordinates": [151.14377078000086, -33.78819483333325, 0.0], "type": "Point", "geometries": null}}, {"type": "Feature", "properties": {"ModifiedDa": "2018-06-04", "SAPEquipID": 300244789, "AssetName": "WRS - near Site 168", "d_SubtypeC": "Waste/Recycling Stn", "d_AssetTyp": "Not Applicable", "d_AssetMat": "Not Applicable", "d_Branch": "Greater Sydney", "d_LGA": "Ryde", "Comments": null, "Easting": 328121.26, "Northing": 6259731.55, "Latitude": "33\u00c2\u00b0 47.317' S", "Longitude": "151\u00c2\u00b0 8.61' E", "VERDATE": "2025-12-05"}, "geometry": {"coordinates": [151.14350068266015, -33.788624820397956, 0.0], "type": "Point", "geometries": null}}, {"type": "Feature", "properties": {"ModifiedDa": "2018-06-04", "SAPEquipID": 300244974, "AssetName": "Picnic Table - Treated Tmbr -sth of pool", "d_SubtypeC": "Picnic Table", "d_AssetTyp": "No Roof", "d_AssetMat": "Timber Treated", "d_Branch": "Greater Sydney", "d_LGA": "Ryde", "Comments": null, "Easting": 328125.14, "Northing": 6259610.61, "Latitude": "33\u00c2\u00b0 47.383' S", "Longitude": "151\u00c2\u00b0 8.611' E", "VERDATE": "2025-12-05"}, "geometry": {"coordinates": [151.14351894410777, -33.789715672608736, 0.0], "type": "Point", "geometries": null}}, {"type": "Feature", "properties": {"ModifiedDa": "2018-06-04", "SAPEquipID": 300244983, "AssetName": "WRS - nth of amenity A3", "d_SubtypeC": "Waste/Recycling Stn", "d_AssetTyp": "Not Applicable", "d_AssetMat": "Not Applicable", "d_Branch": "Greater Sydney", "d_LGA": "Ryde", "Comments": "on concrete slab", "Easting": 328172.44, "Northing": 6259543.73, "Latitude": "33\u00c2\u00b0 47.42' S", "Longitude": "151\u00c2\u00b0 8.641' E", "VERDATE": "2025-12-05"}, "geometry": {"coordinates": [151.1440166108307, -33.79032621106444, 0.0], "type": "Point", "geometries": null}}, {"type": "Feature", "properties": {"ModifiedDa": "2011-12-09", "SAPEquipID": 300244988, "AssetName": "picnic Table 4", "d_SubtypeC": "Picnic Table", "d_AssetTyp": "No Roof", "d_AssetMat": "Timber", "d_Branch": "Greater Sydney", "d_LGA": "Sutherland", "Comments": "picnic Table 4 ironbark", "Easting": 320612.89, "Northing": 6227854.97, "Latitude": "34\u00c2\u00b0 4.482' S", "Longitude": "151\u00c2\u00b0 3.355' E", "VERDATE": "2025-12-05"}, "geometry": {"coordinates": [151.05592062742733, -34.0747082359693, 0.0], "type": "Point", "geometries": null}}, {"type": "Feature", "properties": {"ModifiedDa": "2010-07-26", "SAPEquipID": 300244997, "AssetName": "picnic Table 6", "d_SubtypeC": "Picnic Table", "d_AssetTyp": "No Roof", "d_AssetMat": "Timber", "d_Branch": "Greater Sydney", "d_LGA": "Sutherland", "Comments": "picnic Table 6 ironbark", "Easting": 320681.61, "Northing": 6227879.38, "Latitude": "34\u00c2\u00b0 4.47' S", "Longitude": "151\u00c2\u00b0 3.4' E", "VERDATE": "2025-12-05"}, "geometry": {"coordinates": [151.0566699999997, -34.07449999999932, 0.0], "type": "Point", "geometries": null}}, {"type": "Feature", "properties": {"ModifiedDa": "2010-07-26", "SAPEquipID": 300245005, "AssetName": "Picnic table 3", "d_SubtypeC": "Picnic Table", "d_AssetTyp": "No Roof", "d_AssetMat": "Timber", "d_Branch": "Greater Sydney", "d_LGA": "Sutherland", "Comments": null, "Easting": 320520.99, "Northing": 6227714.11, "Latitude": "34\u00c2\u00b0 4.558' S", "Longitude": "151\u00c2\u00b0 3.294' E", "VERDATE": "2025-12-05"}, "geometry": {"coordinates": [151.0548961666667, -34.07596211333248, 0.0], "type": "Point", "geometries": null}}, {"type": "Feature", "properties": {"ModifiedDa": "2010-07-26", "SAPEquipID": 300245014, "AssetName": "Picinic table 4", "d_SubtypeC": "Picnic Table", "d_AssetTyp": "No Roof", "d_AssetMat": "Timber", "d_Branch": "Greater Sydney", "d_LGA": "Sutherland", "Comments": "CURRAWONG FLAT", "Easting": 320535.7, "Northing": 6227651.11, "Latitude": "34\u00c2\u00b0 4.592' S", "Longitude": "151\u00c2\u00b0 3.303' E", "VERDATE": "2025-12-05"}, "geometry": {"coordinates": [151.05504255333358, -34.07653249999919, 0.0], "type": "Point", "geometries": null}}, {"type": "Feature", "properties": {"ModifiedDa": "2010-07-26", "SAPEquipID": 300245024, "AssetName": "Picnic table  6", "d_SubtypeC": "Picnic Table", "d_AssetTyp": "No Roof", "d_AssetMat": "Timber", "d_Branch": "Greater Sydney", "d_LGA": "Sutherland", "Comments": null, "Easting": 320584.04, "Northing": 6227579.52, "Latitude": "34\u00c2\u00b0 4.631' S", "Longitude": "151\u00c2\u00b0 3.333' E", "VERDATE": "2025-12-05"}, "geometry": {"coordinates": [151.05555138666637, -34.077186113332516, 0.0], "type": "Point", "geometries": null}}, {"type": "Feature", "properties": {"ModifiedDa": "2010-07-26", "SAPEquipID": 300245033, "AssetName": "Picnic table 8 Sth currawong", "d_SubtypeC": "Picnic Table", "d_AssetTyp": "No Roof", "d_AssetMat": "Timber", "d_Branch": "Greater Sydney", "d_LGA": "Sutherland", "Comments": null, "Easting": 320583.51, "Northing": 6227535.79, "Latitude": "34\u00c2\u00b0 4.655' S", "Longitude": "151\u00c2\u00b0 3.332' E", "VERDATE": "2025-12-05"}, "geometry": {"coordinates": [151.05553661333306, -34.0775801133326, 0.0], "type": "Point", "geometries": null}}, {"type": "Feature", "properties": {"ModifiedDa": "2011-08-02", "SAPEquipID": 300245050, "AssetName": "Table - Garie Day Use Area East - 03", "d_SubtypeC": "Picnic Table", "d_AssetTyp": "No Roof", "d_AssetMat": "Unknown", "d_Branch": "Greater Sydney", "d_LGA": "Sutherland", "Comments": null, "Easting": 321818.29, "Northing": 6217288.62, "Latitude": "34\u00c2\u00b0 10.209' S", "Longitude": "151\u00c2\u00b0 4.009' E", "VERDATE": "2025-12-05"}, "geometry": {"coordinates": [151.06681031041398, -34.17015496267021, 0.0], "type": "Point", "geometries": null}}, {"type": "Feature", "properties": {"ModifiedDa": "2024-12-06", "SAPEquipID": 300245067, "AssetName": "Picnic Table - Wattamolla Upper - 09", "d_SubtypeC": "Picnic Table", "d_AssetTyp": "No Roof", "d_AssetMat": "Unknown", "d_Branch": "Greater Sydney", "d_LGA": "Sutherland", "Comments": null, "Easting": 326199.24, "Northing": 6220862.56, "Latitude": "34\u00c2\u00b0 8.321' S", "Longitude": "151\u00c2\u00b0 6.902' E", "VERDATE": "2025-12-05"}, "geometry": {"coordinates": [151.11503481743227, -34.138679664847814, 0.0], "type": "Point", "geometries": null}}, {"type": "Feature", "properties": {"ModifiedDa": "2010-07-26", "SAPEquipID": 300245076, "AssetName": "BBQ 2 Picnic area", "d_SubtypeC": "BBQ/Fireplace", "d_AssetTyp": "With Roof", "d_AssetMat": "Steel Stainless", "d_Branch": "Greater Sydney", "d_LGA": "Sutherland", "Comments": "BBQ 2 Picnic area", "Easting": 328441.12, "Northing": 6227118.39, "Latitude": "34\u00c2\u00b0 4.96' S", "Longitude": "151\u00c2\u00b0 8.434' E", "VERDATE": "2025-12-05"}, "geometry": {"coordinates": [151.1405725533332, -34.0826604466659, 0.0], "type": "Point", "geometries": null}}, {"type": "Feature", "properties": {"ModifiedDa": "2010-07-26", "SAPEquipID": 300245093, "AssetName": "Picnic Table  3 Picnic area", "d_SubtypeC": "Picnic Table", "d_AssetTyp": "No Roof", "d_AssetMat": "Timber Treated", "d_Branch": "Greater Sydney", "d_LGA": "Sutherland", "Comments": "Picnic Table  3 Picnic area", "Easting": 328511.15, "Northing": 6227216.0, "Latitude": "34\u00c2\u00b0 4.908' S", "Longitude": "151\u00c2\u00b0 8.481' E", "VERDATE": "2025-12-05"}, "geometry": {"coordinates": [151.14135050000027, -34.08179205333266, 0.0], "type": "Point", "geometries": null}}, {"type": "Feature", "properties": {"ModifiedDa": "2010-07-26", "SAPEquipID": 300245250, "AssetName": "Picnic Table  5 Picnic area", "d_SubtypeC": "Picnic Table", "d_AssetTyp": "No Roof", "d_AssetMat": "Timber", "d_Branch": "Greater Sydney", "d_LGA": "Sutherland", "Comments": "Picnic Table  5 Picnic area", "Easting": 328498.4, "Northing": 6227172.5, "Latitude": "34\u00c2\u00b0 4.931' S", "Longitude": "151\u00c2\u00b0 8.472' E", "VERDATE": "2025-12-05"}, "geometry": {"coordinates": [151.14120379333372, -34.08218212666594, 0.0], "type": "Point", "geometries": null}}, {"type": "Feature", "properties": {"ModifiedDa": "2010-07-26", "SAPEquipID": 300245259, "AssetName": "Picnic Table  9 Picnic area", "d_SubtypeC": "Picnic Table", "d_AssetTyp": "No Roof", "d_AssetMat": "Timber", "d_Branch": "Greater Sydney", "d_LGA": "Sutherland", "Comments": "Picnic Table  9 Picnic area", "Easting": 328470.87, "Northing": 6227123.49, "Latitude": "34\u00c2\u00b0 4.957' S", "Longitude": "151\u00c2\u00b0 8.454' E", "VERDATE": "2025-12-05"}, "geometry": {"coordinates": [151.1408958666666, -34.08261931999931, 0.0], "type": "Point", "geometries": null}}, {"type": "Feature", "properties": {"ModifiedDa": "2010-07-26", "SAPEquipID": 300245389, "AssetName": "Picnic Table  7 Picnic area", "d_SubtypeC": "Picnic Table", "d_AssetTyp": "No Roof", "d_AssetMat": "Timber", "d_Branch": "Greater Sydney", "d_LGA": "Sutherland", "Comments": "Picnic Table  7 Picnic area", "Easting": 328552.41, "Northing": 6227130.69, "Latitude": "34\u00c2\u00b0 4.954' S", "Longitude": "151\u00c2\u00b0 8.507' E", "VERDATE": "2025-12-05"}, "geometry": {"coordinates": [151.14178068666718, -34.08256781999921, 0.0], "type": "Point", "geometries": null}}, {"type": "Feature", "properties": {"ModifiedDa": "2010-07-26", "SAPEquipID": 300245416, "AssetName": "Picnic Table  11 Picnic area south", "d_SubtypeC": "Picnic Table", "d_AssetTyp": "No Roof", "d_AssetMat": "Timber", "d_Branch": "Greater Sydney", "d_LGA": "Sutherland", "Comments": "Picnic Table  11 Picnic area", "Easting": 328319.98, "Northing": 6227061.22, "Latitude": "34\u00c2\u00b0 4.989' S", "Longitude": "151\u00c2\u00b0 8.355' E", "VERDATE": "2025-12-05"}, "geometry": {"coordinates": [151.13924891333363, -34.083155873332544, 0.0], "type": "Point", "geometries": null}}, {"type": "Feature", "properties": {"ModifiedDa": "2010-07-26", "SAPEquipID": 300245425, "AssetName": "SEAT 2 WALUMARRA TRACK", "d_SubtypeC": "Seat", "d_AssetTyp": "Without Pad", "d_AssetMat": "Timber", "d_Branch": "Greater Sydney", "d_LGA": "Sutherland", "Comments": null, "Easting": 318721.41, "Northing": 6219774.23, "Latitude": "34\u00c2\u00b0 8.833' S", "Longitude": "151\u00c2\u00b0 2.025' E", "VERDATE": "2025-12-05"}, "geometry": {"coordinates": [151.0337473333334, -34.147217499999215, 0.0], "type": "Point", "geometries": null}}, {"type": "Feature", "properties": {"ModifiedDa": "2011-12-09", "SAPEquipID": 300245683, "AssetName": "Picnic Table - West - 01", "d_SubtypeC": "Picnic Table", "d_AssetTyp": "No Roof", "d_AssetMat": "Timber", "d_Branch": "Greater Sydney", "d_LGA": "Sutherland", "Comments": null, "Easting": 320903.0, "Northing": 6228426.17, "Latitude": "34\u00c2\u00b0 4.177' S", "Longitude": "151\u00c2\u00b0 3.551' E", "VERDATE": "2025-12-05"}, "geometry": {"coordinates": [151.0591805540547, -34.0696093428827, 0.0], "type": "Point", "geometries": null}}, {"type": "Feature", "properties": {"ModifiedDa": "2010-07-26", "SAPEquipID": 300245701, "AssetName": "Shelter BBQ 3 picnic area", "d_SubtypeC": "BBQ/Fireplace", "d_AssetTyp": "With Roof", "d_AssetMat": "Steel Stainless", "d_Branch": "Greater Sydney", "d_LGA": "Sutherland", "Comments": "BBQ 3 picnic area", "Easting": 328329.56, "Northing": 6227067.6, "Latitude": "34\u00c2\u00b0 4.986' S", "Longitude": "151\u00c2\u00b0 8.361' E", "VERDATE": "2025-12-05"}, "geometry": {"coordinates": [151.1393539999999, -34.083099999999206, 0.0], "type": "Point", "geometries": null}}, {"type": "Feature", "properties": {"ModifiedDa": "2018-06-04", "SAPEquipID": 300246030, "AssetName": "Picnic Table - east Camp Kitchen - fixed", "d_SubtypeC": "Picnic Table", "d_AssetTyp": "With Roof", "d_AssetMat": "Timber", "d_Branch": "Greater Sydney", "d_LGA": "Ryde", "Comments": "in camp kitchen", "Easting": 328239.38, "Northing": 6259495.28, "Latitude": "33\u00c2\u00b0 47.446' S", "Longitude": "151\u00c2\u00b0 8.684' E", "VERDATE": "2025-12-05"}, "geometry": {"coordinates": [151.14472989870126, -33.79077381248243, 0.0], "type": "Point", "geometries": null}}, {"type": "Feature", "properties": {"ModifiedDa": "2018-06-04", "SAPEquipID": 300246039, "AssetName": "Seat - Plastic - 02 - deck chairs - pool", "d_SubtypeC": "Seat", "d_AssetTyp": "Without Pad", "d_AssetMat": "Plastic", "d_Branch": "Greater Sydney", "d_LGA": "Ryde", "Comments": "12 moveable plastic chairs", "Easting": 328126.02, "Northing": 6259634.14, "Latitude": "33\u00c2\u00b0 47.37' S", "Longitude": "151\u00c2\u00b0 8.612' E", "VERDATE": "2025-12-05"}, "geometry": {"coordinates": [151.14353306617716, -33.78950368862593, 0.0], "type": "Point", "geometries": null}}, {"type": "Feature", "properties": {"ModifiedDa": "2018-06-04", "SAPEquipID": 300246048, "AssetName": "Swimming Pool - Childrens Pool", "d_SubtypeC": "Swimming Pool", "d_AssetTyp": "Not Applicable", "d_AssetMat": "Not Applicable", "d_Branch": "Greater Sydney", "d_LGA": "Ryde", "Comments": "Shallow childrens pool", "Easting": 328116.1, "Northing": 6259627.28, "Latitude": "33\u00c2\u00b0 47.374' S", "Longitude": "151\u00c2\u00b0 8.605' E", "VERDATE": "2025-12-05"}, "geometry": {"coordinates": [151.14342465077686, -33.78956387401388, 0.0], "type": "Point", "geometries": null}}, {"type": "Feature", "properties": {"ModifiedDa": "2010-08-06", "SAPEquipID": 300246098, "AssetName": "Picnic Table - 10", "d_SubtypeC": "Picnic Table", "d_AssetTyp": "No Roof", "d_AssetMat": "Timber", "d_Branch": "Greater Sydney", "d_LGA": "Liverpool", "Comments": null, "Easting": 281244.14, "Northing": 6242859.02, "Latitude": "33\u00c2\u00b0 55.921' S", "Longitude": "150\u00c2\u00b0 37.999' E", "VERDATE": "2025-12-05"}, "geometry": {"coordinates": [150.633314553334, -33.932016333333195, 0.0], "type": "Point", "geometries": null}}, {"type": "Feature", "properties": {"ModifiedDa": "2010-08-06", "SAPEquipID": 300246116, "AssetName": "Picnic Table - 06", "d_SubtypeC": "Picnic Table", "d_AssetTyp": "No Roof", "d_AssetMat": "Timber", "d_Branch": "Greater Sydney", "d_LGA": "Liverpool", "Comments": null, "Easting": 281241.91, "Northing": 6242815.54, "Latitude": "33\u00c2\u00b0 55.944' S", "Longitude": "150\u00c2\u00b0 37.997' E", "VERDATE": "2025-12-05"}, "geometry": {"coordinates": [150.63327961333346, -33.93240766666656, 0.0], "type": "Point", "geometries": null}}, {"type": "Feature", "properties": {"ModifiedDa": "2012-05-09", "SAPEquipID": 300246177, "AssetName": "Picnic Table - adj Toilet Block 2 - 02", "d_SubtypeC": "Picnic Table", "d_AssetTyp": "No Roof", "d_AssetMat": "Steel Stainless", "d_Branch": "Greater Sydney", "d_LGA": "Canterbury-Bankstown", "Comments": null, "Easting": 316843.71, "Northing": 6238462.56, "Latitude": "33\u00c2\u00b0 58.707' S", "Longitude": "151\u00c2\u00b0 1.039' E", "VERDATE": "2025-12-05"}, "geometry": {"coordinates": [151.01731977999975, -33.97844427999934, 0.0], "type": "Point", "geometries": null}}, {"type": "Feature", "properties": {"ModifiedDa": "2012-05-09", "SAPEquipID": 300246186, "AssetName": "Picnic Table - adj Toilet Block 2 - 04", "d_SubtypeC": "Picnic Table", "d_AssetTyp": "No Roof", "d_AssetMat": "Steel Stainless", "d_Branch": "Greater Sydney", "d_LGA": "Canterbury-Bankstown", "Comments": null, "Easting": 316832.63, "Northing": 6238452.21, "Latitude": "33\u00c2\u00b0 58.712' S", "Longitude": "151\u00c2\u00b0 1.032' E", "VERDATE": "2025-12-05"}, "geometry": {"coordinates": [151.01719766666645, -33.97853561333267, 0.0], "type": "Point", "geometries": null}}, {"type": "Feature", "properties": {"ModifiedDa": "2012-05-11", "SAPEquipID": 300246194, "AssetName": "Picnic Table - 03", "d_SubtypeC": "Picnic Table", "d_AssetTyp": "No Roof", "d_AssetMat": "Timber", "d_Branch": "Greater Sydney", "d_LGA": "Canterbury-Bankstown", "Comments": "fitzzpatrick pk", "Easting": 315340.13, "Northing": 6238087.23, "Latitude": "33\u00c2\u00b0 58.894' S", "Longitude": "151\u00c2\u00b0 0.058' E", "VERDATE": "2025-12-05"}, "geometry": {"coordinates": [151.0009728333332, -33.98156399999925, 0.0], "type": "Point", "geometries": null}}, {"type": "Feature", "properties": {"ModifiedDa": "2012-10-12", "SAPEquipID": 300246203, "AssetName": "Seat - VC - 03", "d_SubtypeC": "Seat", "d_AssetTyp": "With Pad", "d_AssetMat": "Timber", "d_Branch": "Greater Sydney", "d_LGA": "Sutherland", "Comments": "outside office -sout west side going up to Ladies Toilets", "Easting": 335755.8, "Northing": 6235866.13, "Latitude": "34\u00c2\u00b0 0.299' S", "Longitude": "151\u00c2\u00b0 13.288' E", "VERDATE": "2025-12-05"}, "geometry": {"coordinates": [151.2214653333333, -34.004977999999255, 0.0], "type": "Point", "geometries": null}}, {"type": "Feature", "properties": {"ModifiedDa": "2012-10-12", "SAPEquipID": 300246210, "AssetName": "Seat - VC - 05", "d_SubtypeC": "Seat", "d_AssetTyp": "With Pad", "d_AssetMat": "Timber", "d_Branch": "Greater Sydney", "d_LGA": "Sutherland", "Comments": "outside office -sout west side going up to Ladies Toilets", "Easting": 335756.53, "Northing": 6235872.82, "Latitude": "34\u00c2\u00b0 0.295' S", "Longitude": "151\u00c2\u00b0 13.288' E", "VERDATE": "2025-12-05"}, "geometry": {"coordinates": [151.22147444666723, -34.00491783333257, 0.0], "type": "Point", "geometries": null}}, {"type": "Feature", "properties": {"ModifiedDa": "2012-10-12", "SAPEquipID": 300246294, "AssetName": "Seat - VC - 07", "d_SubtypeC": "Seat", "d_AssetTyp": "With Pad", "d_AssetMat": "Timber", "d_Branch": "Greater Sydney", "d_LGA": "Sutherland", "Comments": "outside shop", "Easting": 335762.76, "Northing": 6235860.98, "Latitude": "34\u00c2\u00b0 0.302' S", "Longitude": "151\u00c2\u00b0 13.292' E", "VERDATE": "2025-12-05"}, "geometry": {"coordinates": [151.2215396666669, -34.0050255533327, 0.0], "type": "Point", "geometries": null}}, {"type": "Feature", "properties": {"ModifiedDa": "2012-05-11", "SAPEquipID": 300246312, "AssetName": "Picnic Table - Near Entrance - 02", "d_SubtypeC": "Picnic Table", "d_AssetTyp": "No Roof", "d_AssetMat": "Timber", "d_Branch": "Greater Sydney", "d_LGA": "Canterbury-Bankstown", "Comments": "near Entrance", "Easting": 315274.7, "Northing": 6238016.48, "Latitude": "33\u00c2\u00b0 58.931' S", "Longitude": "151\u00c2\u00b0 0.015' E", "VERDATE": "2025-12-05"}, "geometry": {"coordinates": [151.0002499999996, -33.98219021999938, 0.0], "type": "Point", "geometries": null}}, {"type": "Feature", "properties": {"ModifiedDa": "2018-11-26", "SAPEquipID": 300246321, "AssetName": "Picnic Table - Comm Flat DUA - 25", "d_SubtypeC": "Picnic Table", "d_AssetTyp": "No Roof", "d_AssetMat": "Timber", "d_Branch": "Greater Sydney", "d_LGA": "Sutherland", "Comments": "Commemoration Flat Day Use Area picnic table 26", "Easting": 335715.62, "Northing": 6235927.8, "Latitude": "34\u00c2\u00b0 0.265' S", "Longitude": "151\u00c2\u00b0 13.263' E", "VERDATE": "2025-12-05"}, "geometry": {"coordinates": [151.2210419466668, -34.0044158333327, 0.0], "type": "Point", "geometries": null}}, {"type": "Feature", "properties": {"ModifiedDa": "2018-11-26", "SAPEquipID": 300246329, "AssetName": "Picnic Table - Comm Flat DUA - 05", "d_SubtypeC": "Picnic Table", "d_AssetTyp": "No Roof", "d_AssetMat": "Timber", "d_Branch": "Greater Sydney", "d_LGA": "Sutherland", "Comments": "commeration flat day use area picnic  5", "Easting": 335867.38, "Northing": 6236078.08, "Latitude": "34\u00c2\u00b0 0.185' S", "Longitude": "151\u00c2\u00b0 13.363' E", "VERDATE": "2025-12-05"}, "geometry": {"coordinates": [151.22271288666684, -34.00308483333271, 0.0], "type": "Point", "geometries": null}}, {"type": "Feature", "properties": {"ModifiedDa": "2018-11-26", "SAPEquipID": 300246355, "AssetName": "Picnic Table - Comm Flat DUA - 07", "d_SubtypeC": "Picnic Table", "d_AssetTyp": "No Roof", "d_AssetMat": "Timber", "d_Branch": "Greater Sydney", "d_LGA": "Sutherland", "Comments": "commeration flat day use area picnic table 7", "Easting": 335835.74, "Northing": 6236028.59, "Latitude": "34\u00c2\u00b0 0.212' S", "Longitude": "151\u00c2\u00b0 13.342' E", "VERDATE": "2025-12-05"}, "geometry": {"coordinates": [151.22236105977288, -34.00352601153122, 0.0], "type": "Point", "geometries": null}}, {"type": "Feature", "properties": {"ModifiedDa": "2018-11-26", "SAPEquipID": 300246379, "AssetName": "Picnic Table - Comm Flat DUA - 09", "d_SubtypeC": "Picnic Table", "d_AssetTyp": "No Roof", "d_AssetMat": "Timber", "d_Branch": "Greater Sydney", "d_LGA": "Sutherland", "Comments": "commeration flat day use area picnic table 9", "Easting": 335847.46, "Northing": 6236027.96, "Latitude": "34\u00c2\u00b0 0.212' S", "Longitude": "151\u00c2\u00b0 13.349' E", "VERDATE": "2025-12-05"}, "geometry": {"coordinates": [151.2224877905578, -34.003533572174604, 0.0], "type": "Point", "geometries": null}}, {"type": "Feature", "properties": {"ModifiedDa": "2012-02-01", "SAPEquipID": 300246380, "AssetName": "Picnic Table - Bellbird VA - 04", "d_SubtypeC": "Picnic Table", "d_AssetTyp": "No Roof", "d_AssetMat": "Timber", "d_Branch": "Greater Sydney", "d_LGA": "Liverpool", "Comments": null, "Easting": 306457.46, "Northing": 6241189.42, "Latitude": "33\u00c2\u00b0 57.12' S", "Longitude": "150\u00c2\u00b0 54.333' E", "VERDATE": "2025-12-05"}, "geometry": {"coordinates": [150.90555466555907, -33.952004781261394, 0.0], "type": "Point", "geometries": null}}, {"type": "Feature", "properties": {"ModifiedDa": "2018-11-26", "SAPEquipID": 300246387, "AssetName": "Picnic Table - Comm Flat DUA - 10", "d_SubtypeC": "Picnic Table", "d_AssetTyp": "No Roof", "d_AssetMat": "Timber", "d_Branch": "Greater Sydney", "d_LGA": "Sutherland", "Comments": "commeration flat day use area picnic table 10", "Easting": 335818.61, "Northing": 6235994.34, "Latitude": "34\u00c2\u00b0 0.23' S", "Longitude": "151\u00c2\u00b0 13.33' E", "VERDATE": "2025-12-05"}, "geometry": {"coordinates": [151.22216928000046, -34.0038320533327, 0.0], "type": "Point", "geometries": null}}, {"type": "Feature", "properties": {"ModifiedDa": "2018-11-26", "SAPEquipID": 300246405, "AssetName": "Picnic Table - Comm Flat DUA - 11", "d_SubtypeC": "Picnic Table", "d_AssetTyp": "No Roof", "d_AssetMat": "Timber", "d_Branch": "Greater Sydney", "d_LGA": "Sutherland", "Comments": "commeration flat day use area picnic  table  11", "Easting": 335799.51, "Northing": 6236023.51, "Latitude": "34\u00c2\u00b0 0.214' S", "Longitude": "151\u00c2\u00b0 13.318' E", "VERDATE": "2025-12-05"}, "geometry": {"coordinates": [151.22196794666684, -34.003566166665905, 0.0], "type": "Point", "geometries": null}}, {"type": "Feature", "properties": {"ModifiedDa": "2018-11-26", "SAPEquipID": 300246414, "AssetName": "Picnic Table - Comm Flat DUA - 15", "d_SubtypeC": "Picnic Table", "d_AssetTyp": "No Roof", "d_AssetMat": "Timber", "d_Branch": "Greater Sydney", "d_LGA": "Sutherland", "Comments": "commeration flat day use area picnic  table  15", "Easting": 335818.01, "Northing": 6235961.07, "Latitude": "34\u00c2\u00b0 0.248' S", "Longitude": "151\u00c2\u00b0 13.329' E", "VERDATE": "2025-12-05"}, "geometry": {"coordinates": [151.22215651704323, -34.004131907689725, 0.0], "type": "Point", "geometries": null}}, {"type": "Feature", "properties": {"ModifiedDa": "2012-10-12", "SAPEquipID": 300246444, "AssetName": "BBQ - Comm Flat DUA - 04", "d_SubtypeC": "BBQ/Fireplace", "d_AssetTyp": "With Roof", "d_AssetMat": "Steel Stainless", "d_Branch": "Greater Sydney", "d_LGA": "Sutherland", "Comments": "commeration flat day use area BBQ !", "Easting": 335810.07, "Northing": 6235962.38, "Latitude": "34\u00c2\u00b0 0.247' S", "Longitude": "151\u00c2\u00b0 13.324' E", "VERDATE": "2025-12-05"}, "geometry": {"coordinates": [151.22207077980602, -34.0041188512576, 0.0], "type": "Point", "geometries": null}}, {"type": "Feature", "properties": {"ModifiedDa": "2018-11-26", "SAPEquipID": 300246454, "AssetName": "Picnic Table - Comm Flat DUA - 18", "d_SubtypeC": "Picnic Table", "d_AssetTyp": "No Roof", "d_AssetMat": "Timber", "d_Branch": "Greater Sydney", "d_LGA": "Sutherland", "Comments": "Commemoration Flat Day Use Area picnic table 19", "Easting": 335878.56, "Northing": 6235969.8, "Latitude": "34\u00c2\u00b0 0.244' S", "Longitude": "151\u00c2\u00b0 13.369' E", "VERDATE": "2025-12-05"}, "geometry": {"coordinates": [151.22281350000014, -34.00406271999918, 0.0], "type": "Point", "geometries": null}}, {"type": "Feature", "properties": {"ModifiedDa": "2018-11-26", "SAPEquipID": 300246463, "AssetName": "Picnic Table - Comm Flat DUA - 20", "d_SubtypeC": "Picnic Table", "d_AssetTyp": "No Roof", "d_AssetMat": "Timber", "d_Branch": "Greater Sydney", "d_LGA": "Sutherland", "Comments": "Commemoration Flat Day Use Area table 21", "Easting": 335778.47, "Northing": 6236152.08, "Latitude": "34\u00c2\u00b0 0.144' S", "Longitude": "151\u00c2\u00b0 13.306' E", "VERDATE": "2025-12-05"}, "geometry": {"coordinates": [151.22176444666707, -34.002403886666, 0.0], "type": "Point", "geometries": null}}, {"type": "Feature", "properties": {"ModifiedDa": "2018-11-26", "SAPEquipID": 300246481, "AssetName": "Picnic Table - Comm Flat DUA - 23", "d_SubtypeC": "Picnic Table", "d_AssetTyp": "No Roof", "d_AssetMat": "Timber", "d_Branch": "Greater Sydney", "d_LGA": "Sutherland", "Comments": "Commemoration Flat Day Use Area picnic table 24", "Easting": 335734.4, "Northing": 6235964.67, "Latitude": "34\u00c2\u00b0 0.245' S", "Longitude": "151\u00c2\u00b0 13.275' E", "VERDATE": "2025-12-05"}, "geometry": {"coordinates": [151.22125216666677, -34.00408633333262, 0.0], "type": "Point", "geometries": null}}, {"type": "Feature", "properties": {"ModifiedDa": "2018-11-26", "SAPEquipID": 300246489, "AssetName": "Picnic Table - Comm Flat DUA - 13", "d_SubtypeC": "Picnic Table", "d_AssetTyp": "No Roof", "d_AssetMat": "Unknown", "d_Branch": "Greater Sydney", "d_LGA": "Sutherland", "Comments": "commeration flat day use area picnic  table  13", "Easting": 335806.93, "Northing": 6235966.08, "Latitude": "34\u00c2\u00b0 0.245' S", "Longitude": "151\u00c2\u00b0 13.322' E", "VERDATE": "2025-12-05"}, "geometry": {"coordinates": [151.22203750000006, -34.00408499999935, 0.0], "type": "Point", "geometries": null}}, {"type": "Feature", "properties": {"ModifiedDa": "2018-11-26", "SAPEquipID": 300246729, "AssetName": "Picnic Table - Comm Flat DUA - 03", "d_SubtypeC": "Picnic Table", "d_AssetTyp": "No Roof", "d_AssetMat": "Timber", "d_Branch": "Greater Sydney", "d_LGA": "Sutherland", "Comments": "commeration flat day use area picnic  3", "Easting": 335862.24, "Northing": 6236051.78, "Latitude": "34\u00c2\u00b0 0.199' S", "Longitude": "151\u00c2\u00b0 13.359' E", "VERDATE": "2025-12-05"}, "geometry": {"coordinates": [151.22265228000015, -34.00332111333262, 0.0], "type": "Point", "geometries": null}}, {"type": "Feature", "properties": {"ModifiedDa": "2019-03-15", "SAPEquipID": 300246983, "AssetName": "Seat - Lower Lawn  - 01", "d_SubtypeC": "Seat", "d_AssetTyp": "Without Pad", "d_AssetMat": "Timber", "d_Branch": "Greater Sydney", "d_LGA": "Unincorporated", "Comments": null, "Easting": 337338.86, "Northing": 6251601.29, "Latitude": "33\u00c2\u00b0 51.803' S", "Longitude": "151\u00c2\u00b0 14.491' E", "VERDATE": "2025-12-05"}, "geometry": {"coordinates": [151.24151955333366, -33.86337616666657, 0.0], "type": "Point", "geometries": null}}, {"type": "Feature", "properties": {"ModifiedDa": "2022-06-01", "SAPEquipID": 300247422, "AssetName": "Bin - Ingar CA", "d_SubtypeC": "Bin", "d_AssetTyp": "Firewood", "d_AssetMat": "Not Applicable", "d_Branch": "Blue Mountains", "d_LGA": "Blue Mountains", "Comments": "wood bin", "Easting": 265118.4, "Northing": 6260351.73, "Latitude": "33\u00c2\u00b0 46.256' S", "Longitude": "150\u00c2\u00b0 27.82' E", "VERDATE": "2025-12-05"}, "geometry": {"coordinates": [150.4636631666625, -33.77092666666556, 0.0], "type": "Point", "geometries": null}}, {"type": "Feature", "properties": {"ModifiedDa": "2022-03-04", "SAPEquipID": 300247431, "AssetName": "BBQ - Ingar CA - 03", "d_SubtypeC": "BBQ/Fireplace", "d_AssetTyp": "No Roof", "d_AssetMat": "Steel", "d_Branch": "Blue Mountains", "d_LGA": "Blue Mountains", "Comments": null, "Easting": 265105.15, "Northing": 6260363.13, "Latitude": "33\u00c2\u00b0 46.249' S", "Longitude": "150\u00c2\u00b0 27.811' E", "VERDATE": "2025-12-05"}, "geometry": {"coordinates": [150.46352327999512, -33.77082105333227, 0.0], "type": "Point", "geometries": null}}, {"type": "Feature", "properties": {"ModifiedDa": "2018-11-26", "SAPEquipID": 300247439, "AssetName": "Picnic Table - Comm Flat DUA - 02", "d_SubtypeC": "Picnic Table", "d_AssetTyp": "No Roof", "d_AssetMat": "Timber", "d_Branch": "Greater Sydney", "d_LGA": "Sutherland", "Comments": "commeration flat day use area picnic 2", "Easting": 335860.73, "Northing": 6236031.44, "Latitude": "34\u00c2\u00b0 0.21' S", "Longitude": "151\u00c2\u00b0 13.358' E", "VERDATE": "2025-12-05"}, "geometry": {"coordinates": [151.22263216666693, -34.00350427999916, 0.0], "type": "Point", "geometries": null}}, {"type": "Feature", "properties": {"ModifiedDa": "2010-07-26", "SAPEquipID": 300247559, "AssetName": "picnic Table 7", "d_SubtypeC": "Picnic Table", "d_AssetTyp": "No Roof", "d_AssetMat": "Unknown", "d_Branch": "Greater Sydney", "d_LGA": "Sutherland", "Comments": "picnic Table 7 ironbark", "Easting": 320691.67, "Northing": 6227876.24, "Latitude": "34\u00c2\u00b0 4.472' S", "Longitude": "151\u00c2\u00b0 3.407' E", "VERDATE": "2025-12-05"}, "geometry": {"coordinates": [151.0567783333331, -34.07452999999924, 0.0], "type": "Point", "geometries": null}}, {"type": "Feature", "properties": {"ModifiedDa": "2010-07-26", "SAPEquipID": 300247676, "AssetName": "Picnic Table  6 Picnic area", "d_SubtypeC": "Picnic Table", "d_AssetTyp": "No Roof", "d_AssetMat": "Timber", "d_Branch": "Greater Sydney", "d_LGA": "Sutherland", "Comments": "Picnic Table  6 Picnic area", "Easting": 328497.34, "Northing": 6227169.57, "Latitude": "34\u00c2\u00b0 4.932' S", "Longitude": "151\u00c2\u00b0 8.472' E", "VERDATE": "2025-12-05"}, "geometry": {"coordinates": [151.14119166666694, -34.082208333332574, 0.0], "type": "Point", "geometries": null}}, {"type": "Feature", "properties": {"ModifiedDa": "2011-08-08", "SAPEquipID": 300247684, "AssetName": "Seat - Bungoona Walking Track - 02", "d_SubtypeC": "Seat", "d_AssetTyp": "With Pad", "d_AssetMat": "Timber", "d_Branch": "Greater Sydney", "d_LGA": "Sutherland", "Comments": null, "Easting": 320954.07, "Northing": 6229263.03, "Latitude": "34\u00c2\u00b0 3.724' S", "Longitude": "151\u00c2\u00b0 3.594' E", "VERDATE": "2025-12-05"}, "geometry": {"coordinates": [151.0599056666664, -34.062074886665926, 0.0], "type": "Point", "geometries": null}}, {"type": "Feature", "properties": {"ModifiedDa": "2011-08-02", "SAPEquipID": 300247728, "AssetName": "Table - Garie Day Use Area SW - 02", "d_SubtypeC": "Picnic Table", "d_AssetTyp": "No Roof", "d_AssetMat": "Timber Treated", "d_Branch": "Greater Sydney", "d_LGA": "Sutherland", "Comments": null, "Easting": 321797.52, "Northing": 6217291.69, "Latitude": "34\u00c2\u00b0 10.207' S", "Longitude": "151\u00c2\u00b0 3.995' E", "VERDATE": "2025-12-05"}, "geometry": {"coordinates": [151.06658565161433, -34.17012373596447, 0.0], "type": "Point", "geometries": null}}, {"type": "Feature", "properties": {"ModifiedDa": "2022-03-04", "SAPEquipID": 300248116, "AssetName": "BBQ - Wheeny Ck CA - 04", "d_SubtypeC": "BBQ/Fireplace", "d_AssetTyp": "No Roof", "d_AssetMat": "Steel", "d_Branch": "Blue Mountains", "d_LGA": "Hawkesbury", "Comments": "Cheesetree Campsite", "Easting": 288011.86, "Northing": 6295825.03, "Latitude": "33\u00c2\u00b0 27.364' S", "Longitude": "150\u00c2\u00b0 43.148' E", "VERDATE": "2025-12-05"}, "geometry": {"coordinates": [150.71913455333402, -33.45606349999974, 0.0], "type": "Point", "geometries": null}}, {"type": "Feature", "properties": {"ModifiedDa": "2018-04-24", "SAPEquipID": 300248159, "AssetName": "Seat - 01", "d_SubtypeC": "Seat", "d_AssetTyp": "Without Pad", "d_AssetMat": "Timber Treated", "d_Branch": "Greater Sydney", "d_LGA": "Sutherland", "Comments": null, "Easting": 320724.42, "Northing": 6229004.2, "Latitude": "34\u00c2\u00b0 3.862' S", "Longitude": "151\u00c2\u00b0 3.442' E", "VERDATE": "2025-12-05"}, "geometry": {"coordinates": [151.05736519171853, -34.06436863572753, 0.0], "type": "Point", "geometries": null}}, {"type": "Feature", "properties": {"ModifiedDa": "2011-12-07", "SAPEquipID": 300248668, "AssetName": "Seat - Tram Platform - 03", "d_SubtypeC": "Seat", "d_AssetTyp": "Without Pad", "d_AssetMat": "Timber", "d_Branch": "Greater Sydney", "d_LGA": "Sutherland", "Comments": null, "Easting": 320667.3, "Northing": 6229189.1, "Latitude": "34\u00c2\u00b0 3.762' S", "Longitude": "151\u00c2\u00b0 3.407' E", "VERDATE": "2025-12-05"}, "geometry": {"coordinates": [151.05678467269024, -34.06269221146084, 0.0], "type": "Point", "geometries": null}}, {"type": "Feature", "properties": {"ModifiedDa": "2011-12-09", "SAPEquipID": 300248777, "AssetName": "Picnic Table - Comm Pavilion - 20", "d_SubtypeC": "Picnic Table", "d_AssetTyp": "No Roof", "d_AssetMat": "Timber", "d_Branch": "Greater Sydney", "d_LGA": "Sutherland", "Comments": null, "Easting": 320632.5, "Northing": 6227773.14, "Latitude": "34\u00c2\u00b0 4.527' S", "Longitude": "151\u00c2\u00b0 3.367' E", "VERDATE": "2025-12-05"}, "geometry": {"coordinates": [151.0561161395384, -34.07544918220549, 0.0], "type": "Point", "geometries": null}}, {"type": "Feature", "properties": {"ModifiedDa": "2011-12-09", "SAPEquipID": 300248785, "AssetName": "Picnic Table - Comm Pavilion - 18", "d_SubtypeC": "Picnic Table", "d_AssetTyp": "No Roof", "d_AssetMat": "Timber", "d_Branch": "Greater Sydney", "d_LGA": "Sutherland", "Comments": null, "Easting": 320629.35, "Northing": 6227770.07, "Latitude": "34\u00c2\u00b0 4.529' S", "Longitude": "151\u00c2\u00b0 3.365' E", "VERDATE": "2025-12-05"}, "geometry": {"coordinates": [151.05608144550922, -34.07547633405454, 0.0], "type": "Point", "geometries": null}}, {"type": "Feature", "properties": {"ModifiedDa": "2011-12-09", "SAPEquipID": 300248799, "AssetName": "Picnic Table - Comm Pavilion - 16", "d_SubtypeC": "Picnic Table", "d_AssetTyp": "No Roof", "d_AssetMat": "Timber", "d_Branch": "Greater Sydney", "d_LGA": "Sutherland", "Comments": null, "Easting": 320623.33, "Northing": 6227764.48, "Latitude": "34\u00c2\u00b0 4.532' S", "Longitude": "151\u00c2\u00b0 3.361' E", "VERDATE": "2025-12-05"}, "geometry": {"coordinates": [151.0560150743229, -34.07552560963245, 0.0], "type": "Point", "geometries": null}}, {"type": "Feature", "properties": {"ModifiedDa": "2011-12-09", "SAPEquipID": 300248806, "AssetName": "Picnic Table - Comm Pavilion - 14", "d_SubtypeC": "Picnic Table", "d_AssetTyp": "No Roof", "d_AssetMat": "Timber", "d_Branch": "Greater Sydney", "d_LGA": "Sutherland", "Comments": null, "Easting": 320617.06, "Northing": 6227759.51, "Latitude": "34\u00c2\u00b0 4.534' S", "Longitude": "151\u00c2\u00b0 3.357' E", "VERDATE": "2025-12-05"}, "geometry": {"coordinates": [151.05594618907617, -34.07556935427789, 0.0], "type": "Point", "geometries": null}}, {"type": "Feature", "properties": {"ModifiedDa": "2011-12-09", "SAPEquipID": 300248910, "AssetName": "Picnic Table - Comm Pavilion - 12", "d_SubtypeC": "Picnic Table", "d_AssetTyp": "No Roof", "d_AssetMat": "Timber", "d_Branch": "Greater Sydney", "d_LGA": "Sutherland", "Comments": null, "Easting": 320609.95, "Northing": 6227753.02, "Latitude": "34\u00c2\u00b0 4.538' S", "Longitude": "151\u00c2\u00b0 3.352' E", "VERDATE": "2025-12-05"}, "geometry": {"coordinates": [151.05586775040126, -34.075626674848195, 0.0], "type": "Point", "geometries": null}}, {"type": "Feature", "properties": {"ModifiedDa": "2011-12-09", "SAPEquipID": 300248997, "AssetName": "Picnic Table - Comm Pavilion - 10", "d_SubtypeC": "Picnic Table", "d_AssetTyp": "No Roof", "d_AssetMat": "Timber", "d_Branch": "Greater Sydney", "d_LGA": "Sutherland", "Comments": null, "Easting": 320629.24, "Northing": 6227775.81, "Latitude": "34\u00c2\u00b0 4.525' S", "Longitude": "151\u00c2\u00b0 3.365' E", "VERDATE": "2025-12-05"}, "geometry": {"coordinates": [151.05608144550922, -34.075424544416535, 0.0], "type": "Point", "geometries": null}}, {"type": "Feature", "properties": {"ModifiedDa": "2011-12-09", "SAPEquipID": 300249005, "AssetName": "Picnic Table - Comm Pavilion - 08", "d_SubtypeC": "Picnic Table", "d_AssetTyp": "No Roof", "d_AssetMat": "Timber", "d_Branch": "Greater Sydney", "d_LGA": "Sutherland", "Comments": null, "Easting": 320626.37, "Northing": 6227773.24, "Latitude": "34\u00c2\u00b0 4.527' S", "Longitude": "151\u00c2\u00b0 3.363' E", "VERDATE": "2025-12-05"}, "geometry": {"coordinates": [151.05604976835195, -34.07544717095743, 0.0], "type": "Point", "geometries": null}}, {"type": "Feature", "properties": {"ModifiedDa": "2011-12-09", "SAPEquipID": 300249013, "AssetName": "Picnic Table - Comm Pavilion - 06", "d_SubtypeC": "Picnic Table", "d_AssetTyp": "No Roof", "d_AssetMat": "Timber", "d_Branch": "Greater Sydney", "d_LGA": "Sutherland", "Comments": null, "Easting": 320620.33, "Northing": 6227768.5, "Latitude": "34\u00c2\u00b0 4.529' S", "Longitude": "151\u00c2\u00b0 3.359' E", "VERDATE": "2025-12-05"}, "geometry": {"coordinates": [151.0559833971654, -34.075488904354984, 0.0], "type": "Point", "geometries": null}}, {"type": "Feature", "properties": {"ModifiedDa": "2011-12-07", "SAPEquipID": 300249146, "AssetName": "Picnic Table - Willow Tree Pavilion - 03", "d_SubtypeC": "Picnic Table", "d_AssetTyp": "Unknown", "d_AssetMat": "Timber", "d_Branch": "Greater Sydney", "d_LGA": "Sutherland", "Comments": null, "Easting": 320498.79, "Northing": 6227337.09, "Latitude": "34\u00c2\u00b0 4.761' S", "Longitude": "151\u00c2\u00b0 3.275' E", "VERDATE": "2025-12-05"}, "geometry": {"coordinates": [151.054577942705, -34.07935661879213, 0.0], "type": "Point", "geometries": null}}, {"type": "Feature", "properties": {"ModifiedDa": "2011-12-07", "SAPEquipID": 300249154, "AssetName": "Seat - Tram Platform - 05", "d_SubtypeC": "Seat", "d_AssetTyp": "Without Pad", "d_AssetMat": "Timber", "d_Branch": "Greater Sydney", "d_LGA": "Sutherland", "Comments": null, "Easting": 320660.33, "Northing": 6229205.39, "Latitude": "34\u00c2\u00b0 3.753' S", "Longitude": "151\u00c2\u00b0 3.403' E", "VERDATE": "2025-12-05"}, "geometry": {"coordinates": [151.05671249761156, -34.062544228504294, 0.0], "type": "Point", "geometries": null}}, {"type": "Feature", "properties": {"ModifiedDa": "2011-12-09", "SAPEquipID": 300249193, "AssetName": "Picnic Table - Comm Pavilion - 04", "d_SubtypeC": "Picnic Table", "d_AssetTyp": "No Roof", "d_AssetMat": "Timber", "d_Branch": "Greater Sydney", "d_LGA": "Sutherland", "Comments": null, "Easting": 320614.83, "Northing": 6227762.54, "Latitude": "34\u00c2\u00b0 4.533' S", "Longitude": "151\u00c2\u00b0 3.355' E", "VERDATE": "2025-12-05"}, "geometry": {"coordinates": [151.05592255691113, -34.075541699616906, 0.0], "type": "Point", "geometries": null}}, {"type": "Feature", "properties": {"ModifiedDa": "2011-12-09", "SAPEquipID": 300249199, "AssetName": "Picnic Table - Comm Pavilion - 02", "d_SubtypeC": "Picnic Table", "d_AssetTyp": "No Roof", "d_AssetMat": "Timber", "d_Branch": "Greater Sydney", "d_LGA": "Sutherland", "Comments": null, "Easting": 320607.37, "Northing": 6227756.54, "Latitude": "34\u00c2\u00b0 4.536' S", "Longitude": "151\u00c2\u00b0 3.35' E", "VERDATE": "2025-12-05"}, "geometry": {"coordinates": [151.0558405985521, -34.07559449487894, 0.0], "type": "Point", "geometries": null}}, {"type": "Feature", "properties": {"ModifiedDa": "2011-12-09", "SAPEquipID": 300249207, "AssetName": "BBQ - Reids Flat - 02", "d_SubtypeC": "BBQ/Fireplace", "d_AssetTyp": "With Roof", "d_AssetMat": "Steel", "d_Branch": "Greater Sydney", "d_LGA": "Sutherland", "Comments": null, "Easting": 320960.46, "Northing": 6228376.15, "Latitude": "34\u00c2\u00b0 4.204' S", "Longitude": "151\u00c2\u00b0 3.588' E", "VERDATE": "2025-12-05"}, "geometry": {"coordinates": [151.0597925699998, -34.070070010505674, 0.0], "type": "Point", "geometries": null}}, {"type": "Feature", "properties": {"ModifiedDa": "2022-03-04", "SAPEquipID": 300249624, "AssetName": "BBQ - Wheeny Ck CA - 07", "d_SubtypeC": "BBQ/Fireplace", "d_AssetTyp": "No Roof", "d_AssetMat": "Steel", "d_Branch": "Blue Mountains", "d_LGA": "Hawkesbury", "Comments": "Concrete pad", "Easting": 288212.41, "Northing": 6295732.21, "Latitude": "33\u00c2\u00b0 27.416' S", "Longitude": "150\u00c2\u00b0 43.276' E", "VERDATE": "2025-12-05"}, "geometry": {"coordinates": [150.721268946667, -33.456939719999866, 0.0], "type": "Point", "geometries": null}}, {"type": "Feature", "properties": {"ModifiedDa": "2022-03-04", "SAPEquipID": 300249632, "AssetName": "BBQ - Wheeny Ck CA - 03", "d_SubtypeC": "BBQ/Fireplace", "d_AssetTyp": "No Roof", "d_AssetMat": "Steel", "d_Branch": "Blue Mountains", "d_LGA": "Hawkesbury", "Comments": "Cheesetree Campsite", "Easting": 288010.5, "Northing": 6295832.43, "Latitude": "33\u00c2\u00b0 27.36' S", "Longitude": "150\u00c2\u00b0 43.147' E", "VERDATE": "2025-12-05"}, "geometry": {"coordinates": [150.71912172000032, -33.4559964999998, 0.0], "type": "Point", "geometries": null}}, {"type": "Feature", "properties": {"ModifiedDa": "2011-12-09", "SAPEquipID": 300251236, "AssetName": "picnic Table 2", "d_SubtypeC": "Picnic Table", "d_AssetTyp": "No Roof", "d_AssetMat": "Timber", "d_Branch": "Greater Sydney", "d_LGA": "Sutherland", "Comments": "table 2 ironbark", "Easting": 320575.89, "Northing": 6227824.15, "Latitude": "34\u00c2\u00b0 4.499' S", "Longitude": "151\u00c2\u00b0 3.331' E", "VERDATE": "2025-12-05"}, "geometry": {"coordinates": [151.05551348723964, -34.07497966276128, 0.0], "type": "Point", "geometries": null}}, {"type": "Feature", "properties": {"ModifiedDa": "2011-12-09", "SAPEquipID": 300251305, "AssetName": "Picnic Table - BBQ - 01", "d_SubtypeC": "Picnic Table", "d_AssetTyp": "No Roof", "d_AssetMat": "Timber", "d_Branch": "Greater Sydney", "d_LGA": "Sutherland", "Comments": null, "Easting": 320967.89, "Northing": 6228390.69, "Latitude": "34\u00c2\u00b0 4.196' S", "Longitude": "151\u00c2\u00b0 3.593' E", "VERDATE": "2025-12-05"}, "geometry": {"coordinates": [151.05987604673498, -34.06994024485857, 0.0], "type": "Point", "geometries": null}}, {"type": "Feature", "properties": {"ModifiedDa": "2011-08-08", "SAPEquipID": 300251313, "AssetName": "Seat - Bungoona Walking Track - 05", "d_SubtypeC": "Seat", "d_AssetTyp": "With Pad", "d_AssetMat": "Timber", "d_Branch": "Greater Sydney", "d_LGA": "Sutherland", "Comments": null, "Easting": 321089.73, "Northing": 6229240.3, "Latitude": "34\u00c2\u00b0 3.738' S", "Longitude": "151\u00c2\u00b0 3.682' E", "VERDATE": "2025-12-05"}, "geometry": {"coordinates": [151.06137027999978, -34.062302999999304, 0.0], "type": "Point", "geometries": null}}, {"type": "Feature", "properties": {"ModifiedDa": "2011-08-08", "SAPEquipID": 300251321, "AssetName": "Picnic Table - Bungoona Picnic Area - 04", "d_SubtypeC": "Picnic Table", "d_AssetTyp": "No Roof", "d_AssetMat": "Steel", "d_Branch": "Greater Sydney", "d_LGA": "Sutherland", "Comments": null, "Easting": 320792.6, "Northing": 6229196.4, "Latitude": "34\u00c2\u00b0 3.759' S", "Longitude": "151\u00c2\u00b0 3.489' E", "VERDATE": "2025-12-05"}, "geometry": {"coordinates": [151.05814316666658, -34.06264783333256, 0.0], "type": "Point", "geometries": null}}, {"type": "Feature", "properties": {"ModifiedDa": "2011-12-09", "SAPEquipID": 300251337, "AssetName": "Picnic Table - Bus Stop Flat - South", "d_SubtypeC": "Picnic Table", "d_AssetTyp": "No Roof", "d_AssetMat": "Timber Treated", "d_Branch": "Greater Sydney", "d_LGA": "Sutherland", "Comments": null, "Easting": 320713.98, "Northing": 6228090.39, "Latitude": "34\u00c2\u00b0 4.356' S", "Longitude": "151\u00c2\u00b0 3.424' E", "VERDATE": "2025-12-05"}, "geometry": {"coordinates": [151.05706409759443, -34.07260353965535, 0.0], "type": "Point", "geometries": null}}, {"type": "Feature", "properties": {"ModifiedDa": "2023-11-22", "SAPEquipID": 300252459, "AssetName": "Picnic table 3 - with Shelter", "d_SubtypeC": "Picnic Table", "d_AssetTyp": "With Roof", "d_AssetMat": "Timber", "d_Branch": "Greater Sydney", "d_LGA": "Sutherland", "Comments": null, "Easting": 320508.39, "Northing": 6227715.88, "Latitude": "34\u00c2\u00b0 4.557' S", "Longitude": "151\u00c2\u00b0 3.286' E", "VERDATE": "2025-12-05"}, "geometry": {"coordinates": [151.05476, -34.07594399999999, 0.0], "type": "Point", "geometries": null}}, {"type": "Feature", "properties": {"ModifiedDa": "2024-03-04", "SAPEquipID": 300252806, "AssetName": "Playground Equip - Wooden Maze", "d_SubtypeC": "Playground Equipment", "d_AssetTyp": "Not Applicable", "d_AssetMat": "Not Applicable", "d_Branch": "Greater Sydney", "d_LGA": "Blacktown", "Comments": null, "Easting": 306343.02, "Northing": 6271299.48, "Latitude": "33\u00c2\u00b0 40.836' S", "Longitude": "150\u00c2\u00b0 54.656' E", "VERDATE": "2025-12-05"}, "geometry": {"coordinates": [150.91092800000013, -33.68059699999998, 0.0], "type": "Point", "geometries": null}}, {"type": "Feature", "properties": {"ModifiedDa": "2011-12-09", "SAPEquipID": 300254077, "AssetName": "Picnic Table - Bus Stop Flat - Middle", "d_SubtypeC": "Picnic Table", "d_AssetTyp": "No Roof", "d_AssetMat": "Timber Treated", "d_Branch": "Greater Sydney", "d_LGA": "Sutherland", "Comments": null, "Easting": 320754.12, "Northing": 6228112.37, "Latitude": "34\u00c2\u00b0 4.345' S", "Longitude": "151\u00c2\u00b0 3.45' E", "VERDATE": "2025-12-05"}, "geometry": {"coordinates": [151.05750342492138, -34.072412350911236, 0.0], "type": "Point", "geometries": null}}, {"type": "Feature", "properties": {"ModifiedDa": "2011-12-07", "SAPEquipID": 300255415, "AssetName": "Seat - Tram Platform - 02", "d_SubtypeC": "Seat", "d_AssetTyp": "Without Pad", "d_AssetMat": "Timber", "d_Branch": "Greater Sydney", "d_LGA": "Sutherland", "Comments": null, "Easting": 320656.98, "Northing": 6229208.69, "Latitude": "34\u00c2\u00b0 3.751' S", "Longitude": "151\u00c2\u00b0 3.401' E", "VERDATE": "2025-12-05"}, "geometry": {"coordinates": [151.056676957847, -34.06251385572034, 0.0], "type": "Point", "geometries": null}}, {"type": "Feature", "properties": {"ModifiedDa": "2011-12-09", "SAPEquipID": 300255448, "AssetName": "Picnic Table - Comm Pavilion - 13", "d_SubtypeC": "Picnic Table", "d_AssetTyp": "No Roof", "d_AssetMat": "Timber", "d_Branch": "Greater Sydney", "d_LGA": "Sutherland", "Comments": null, "Easting": 320613.78, "Northing": 6227756.66, "Latitude": "34\u00c2\u00b0 4.536' S", "Longitude": "151\u00c2\u00b0 3.355' E", "VERDATE": "2025-12-05"}, "geometry": {"coordinates": [151.0559099866108, -34.07559449487894, 0.0], "type": "Point", "geometries": null}}, {"type": "Feature", "properties": {"ModifiedDa": "2011-12-09", "SAPEquipID": 300255493, "AssetName": "Picnic Table - Comm Pavilion - 05", "d_SubtypeC": "Picnic Table", "d_AssetTyp": "No Roof", "d_AssetMat": "Timber", "d_Branch": "Greater Sydney", "d_LGA": "Sutherland", "Comments": null, "Easting": 320617.56, "Northing": 6227765.43, "Latitude": "34\u00c2\u00b0 4.531' S", "Longitude": "151\u00c2\u00b0 3.357' E", "VERDATE": "2025-12-05"}, "geometry": {"coordinates": [151.05595272563232, -34.075516056203924, 0.0], "type": "Point", "geometries": null}}, {"type": "Feature", "properties": {"ModifiedDa": "2018-06-04", "SAPEquipID": 300255726, "AssetName": "Playground Equip - Cubby house", "d_SubtypeC": "Playground Equipment", "d_AssetTyp": "Not Applicable", "d_AssetMat": "Not Applicable", "d_Branch": "Greater Sydney", "d_LGA": "Ryde", "Comments": null, "Easting": 328083.5, "Northing": 6259784.0, "Latitude": "33\u00c2\u00b0 47.289' S", "Longitude": "151\u00c2\u00b0 8.586' E", "VERDATE": "2025-12-05"}, "geometry": {"coordinates": [151.14310318116702, -33.78814588265027, 0.0], "type": "Point", "geometries": null}}, {"type": "Feature", "properties": {"ModifiedDa": "2018-06-04", "SAPEquipID": 300255766, "AssetName": "Playground Equip - Kangaroo", "d_SubtypeC": "Playground Equipment", "d_AssetTyp": "Not Applicable", "d_AssetMat": "Not Applicable", "d_Branch": "Greater Sydney", "d_LGA": "Ryde", "Comments": null, "Easting": 328082.7, "Northing": 6259792.25, "Latitude": "33\u00c2\u00b0 47.284' S", "Longitude": "151\u00c2\u00b0 8.586' E", "VERDATE": "2025-12-05"}, "geometry": {"coordinates": [151.14309619340133, -33.78807135072486, 0.0], "type": "Point", "geometries": null}}, {"type": "Feature", "properties": {"ModifiedDa": "2018-06-04", "SAPEquipID": 300255880, "AssetName": "Picnic Table - Timber - mobile", "d_SubtypeC": "Picnic Table", "d_AssetTyp": "No Roof", "d_AssetMat": "Timber", "d_Branch": "Greater Sydney", "d_LGA": "Ryde", "Comments": "Picnic table currently nr playground", "Easting": 328094.99, "Northing": 6259766.79, "Latitude": "33\u00c2\u00b0 47.298' S", "Longitude": "151\u00c2\u00b0 8.593' E", "VERDATE": "2025-12-05"}, "geometry": {"coordinates": [151.14322386642527, -33.788302843843724, 0.0], "type": "Point", "geometries": null}}, {"type": "Feature", "properties": {"ModifiedDa": "2018-06-04", "SAPEquipID": 300256119, "AssetName": "WRS - ne of nth camp kitchen", "d_SubtypeC": "Waste/Recycling Stn", "d_AssetTyp": "Not Applicable", "d_AssetMat": "Not Applicable", "d_Branch": "Greater Sydney", "d_LGA": "Ryde", "Comments": "on concrete slab", "Easting": 328095.85, "Northing": 6259823.47, "Latitude": "33\u00c2\u00b0 47.268' S", "Longitude": "151\u00c2\u00b0 8.595' E", "VERDATE": "2025-12-05"}, "geometry": {"coordinates": [151.14324422634456, -33.787792053655835, 0.0], "type": "Point", "geometries": null}}, {"type": "Feature", "properties": {"ModifiedDa": "2018-06-04", "SAPEquipID": 300256229, "AssetName": "WRS - on traffic island nr site 9", "d_SubtypeC": "Waste/Recycling Stn", "d_AssetTyp": "Not Applicable", "d_AssetMat": "Not Applicable", "d_Branch": "Greater Sydney", "d_LGA": "Ryde", "Comments": "on pavers", "Easting": 328184.46, "Northing": 6259424.93, "Latitude": "33\u00c2\u00b0 47.484' S", "Longitude": "151\u00c2\u00b0 8.647' E", "VERDATE": "2025-12-05"}, "geometry": {"coordinates": [151.1441233509271, -33.791399100069555, 0.0], "type": "Point", "geometries": null}}, {"type": "Feature", "properties": {"ModifiedDa": "2018-06-04", "SAPEquipID": 300256240, "AssetName": "Playground Equip - See-saw", "d_SubtypeC": "Playground Equipment", "d_AssetTyp": "Not Applicable", "d_AssetMat": "Not Applicable", "d_Branch": "Greater Sydney", "d_LGA": "Ryde", "Comments": null, "Easting": 328089.18, "Northing": 6259785.51, "Latitude": "33\u00c2\u00b0 47.288' S", "Longitude": "151\u00c2\u00b0 8.59' E", "VERDATE": "2025-12-05"}, "geometry": {"coordinates": [151.14316478261708, -33.78813319324911, 0.0], "type": "Point", "geometries": null}}, {"type": "Feature", "properties": {"ModifiedDa": "2018-06-04", "SAPEquipID": 300256248, "AssetName": "WRS - nr site 174", "d_SubtypeC": "Waste/Recycling Stn", "d_AssetTyp": "Not Applicable", "d_AssetMat": "Not Applicable", "d_Branch": "Greater Sydney", "d_LGA": "Ryde", "Comments": "on concrete slab", "Easting": 328081.31, "Northing": 6259744.36, "Latitude": "33\u00c2\u00b0 47.31' S", "Longitude": "151\u00c2\u00b0 8.584' E", "VERDATE": "2025-12-05"}, "geometry": {"coordinates": [151.14307178028128, -33.78850283806787, 0.0], "type": "Point", "geometries": null}}, {"type": "Feature", "properties": {"ModifiedDa": "2018-06-04", "SAPEquipID": 300256563, "AssetName": "WRS - opp cabin L9", "d_SubtypeC": "Waste/Recycling Stn", "d_AssetTyp": "Not Applicable", "d_AssetMat": "Not Applicable", "d_Branch": "Greater Sydney", "d_LGA": "Ryde", "Comments": "on concrete slab", "Easting": 328170.92, "Northing": 6259573.16, "Latitude": "33\u00c2\u00b0 47.404' S", "Longitude": "151\u00c2\u00b0 8.64' E", "VERDATE": "2025-12-05"}, "geometry": {"coordinates": [151.14400599834028, -33.79006065826246, 0.0], "type": "Point", "geometries": null}}, {"type": "Feature", "properties": {"ModifiedDa": "2018-06-04", "SAPEquipID": 300256602, "AssetName": "WRS - nr sth camp kitchen", "d_SubtypeC": "Waste/Recycling Stn", "d_AssetTyp": "Not Applicable", "d_AssetMat": "Not Applicable", "d_Branch": "Greater Sydney", "d_LGA": "Ryde", "Comments": "on paved area", "Easting": 328237.77, "Northing": 6259491.01, "Latitude": "33\u00c2\u00b0 47.449' S", "Longitude": "151\u00c2\u00b0 8.683' E", "VERDATE": "2025-12-05"}, "geometry": {"coordinates": [151.14471175435187, -33.79081208245378, 0.0], "type": "Point", "geometries": null}}, {"type": "Feature", "properties": {"ModifiedDa": "2012-06-28", "SAPEquipID": 300256983, "AssetName": "Picnic Table - 07", "d_SubtypeC": "Picnic Table", "d_AssetTyp": "No Roof", "d_AssetMat": null, "d_Branch": "Greater Sydney", "d_LGA": "Canterbury-Bankstown", "Comments": null, "Easting": 315329.2, "Northing": 6238072.77, "Latitude": "33\u00c2\u00b0 58.902' S", "Longitude": "151\u00c2\u00b0 0.051' E", "VERDATE": "2025-12-05"}, "geometry": {"coordinates": [151.00085155129796, -33.981692416150395, 0.0], "type": "Point", "geometries": null}}, {"type": "Feature", "properties": {"ModifiedDa": "2023-11-29", "SAPEquipID": 300257584, "AssetName": "BBQ - Mill Ck CA - 08", "d_SubtypeC": "BBQ/Fireplace", "d_AssetTyp": "No Roof", "d_AssetMat": "Concrete", "d_Branch": "Blue Mountains", "d_LGA": "Central Coast", "Comments": "site 8", "Easting": 317983.49, "Northing": 6302545.43, "Latitude": "33\u00c2\u00b0 24.06' S", "Longitude": "151\u00c2\u00b0 2.568' E", "VERDATE": "2025-12-05"}, "geometry": {"coordinates": [151.04279439000004, -33.400995559999956, 0.0], "type": "Point", "geometries": null}}, {"type": "Feature", "properties": {"ModifiedDa": "2023-11-29", "SAPEquipID": 300257632, "AssetName": "BBQ - Mill Ck CA - 06", "d_SubtypeC": "BBQ/Fireplace", "d_AssetTyp": "No Roof", "d_AssetMat": "Concrete", "d_Branch": "Blue Mountains", "d_LGA": "Central Coast", "Comments": "site 6", "Easting": 317961.67, "Northing": 6302544.62, "Latitude": "33\u00c2\u00b0 24.06' S", "Longitude": "151\u00c2\u00b0 2.554' E", "VERDATE": "2025-12-05"}, "geometry": {"coordinates": [151.04255979000004, -33.40099915999997, 0.0], "type": "Point", "geometries": null}}, {"type": "Feature", "properties": {"ModifiedDa": "2023-11-29", "SAPEquipID": 300257714, "AssetName": "BBQ - Mill Ck CA - 02", "d_SubtypeC": "BBQ/Fireplace", "d_AssetTyp": "No Roof", "d_AssetMat": "Concrete", "d_Branch": "Blue Mountains", "d_LGA": "Central Coast", "Comments": "site 2", "Easting": 317936.44, "Northing": 6302578.45, "Latitude": "33\u00c2\u00b0 24.041' S", "Longitude": "151\u00c2\u00b0 2.538' E", "VERDATE": "2025-12-05"}, "geometry": {"coordinates": [151.04229539000016, -33.40068985999994, 0.0], "type": "Point", "geometries": null}}, {"type": "Feature", "properties": {"ModifiedDa": "2012-10-12", "SAPEquipID": 300258386, "AssetName": "BBQ - Comm Flat DUA - 03", "d_SubtypeC": "BBQ/Fireplace", "d_AssetTyp": "With Roof", "d_AssetMat": "Steel Stainless", "d_Branch": "Greater Sydney", "d_LGA": "Sutherland", "Comments": "commeration flat day use area BBQ 3", "Easting": 335813.82, "Northing": 6235989.34, "Latitude": "34\u00c2\u00b0 0.233' S", "Longitude": "151\u00c2\u00b0 13.327' E", "VERDATE": "2025-12-05"}, "geometry": {"coordinates": [151.2221164773183, -34.00387643683598, 0.0], "type": "Point", "geometries": null}}, {"type": "Feature", "properties": {"ModifiedDa": "2010-07-26", "SAPEquipID": 300258564, "AssetName": "Seat 3 Walamarra Track", "d_SubtypeC": "Seat", "d_AssetTyp": "Without Pad", "d_AssetMat": "Timber", "d_Branch": "Greater Sydney", "d_LGA": "Sutherland", "Comments": null, "Easting": 318893.47, "Northing": 6219531.04, "Latitude": "34\u00c2\u00b0 8.966' S", "Longitude": "151\u00c2\u00b0 2.134' E", "VERDATE": "2025-12-05"}, "geometry": {"coordinates": [151.03556188666641, -34.14943938666596, 0.0], "type": "Point", "geometries": null}}, {"type": "Feature", "properties": {"ModifiedDa": "2012-05-11", "SAPEquipID": 300259615, "AssetName": "Picnic Table - North - 04", "d_SubtypeC": "Picnic Table", "d_AssetTyp": "No Roof", "d_AssetMat": "Aluminium", "d_Branch": "Greater Sydney", "d_LGA": "Canterbury-Bankstown", "Comments": "beside river", "Easting": 315437.17, "Northing": 6238266.8, "Latitude": "33\u00c2\u00b0 58.798' S", "Longitude": "151\u00c2\u00b0 0.124' E", "VERDATE": "2025-12-05"}, "geometry": {"coordinates": [151.00206061333336, -33.97996249999926, 0.0], "type": "Point", "geometries": null}}, {"type": "Feature", "properties": {"ModifiedDa": "2021-02-26", "SAPEquipID": 300262725, "AssetName": "Bin - dua carpk garbage", "d_SubtypeC": "Bin", "d_AssetTyp": "Garbage", "d_AssetMat": "Not Applicable", "d_Branch": "Hunter Central Coast", "d_LGA": "Central Coast", "Comments": null, "Easting": 348982.02, "Northing": 6288953.38, "Latitude": "33\u00c2\u00b0 31.701' S", "Longitude": "151\u00c2\u00b0 22.422' E", "VERDATE": "2025-12-05"}, "geometry": {"coordinates": [151.37370222644074, -33.52835210542577, 0.0], "type": "Point", "geometries": null}}, {"type": "Feature", "properties": {"ModifiedDa": "2018-04-24", "SAPEquipID": 300264846, "AssetName": "Seat - 02", "d_SubtypeC": "Seat", "d_AssetTyp": "Without Pad", "d_AssetMat": "Timber Treated", "d_Branch": "Greater Sydney", "d_LGA": "Sutherland", "Comments": null, "Easting": 320735.79, "Northing": 6228980.8, "Latitude": "34\u00c2\u00b0 3.875' S", "Longitude": "151\u00c2\u00b0 3.449' E", "VERDATE": "2025-12-05"}, "geometry": {"coordinates": [151.05748356198797, -34.06458147457755, 0.0], "type": "Point", "geometries": null}}, {"type": "Feature", "properties": {"ModifiedDa": "2025-01-13", "SAPEquipID": 300269774, "AssetName": "PE - Fish Net Climber", "d_SubtypeC": "Playground Equipment", "d_AssetTyp": "Not Applicable", "d_AssetMat": "Not Applicable", "d_Branch": "Greater Sydney", "d_LGA": "Hornsby", "Comments": null, "Easting": 329255.97, "Northing": 6273811.71, "Latitude": "33\u00c2\u00b0 39.713' S", "Longitude": "151\u00c2\u00b0 9.508' E", "VERDATE": "2025-12-05"}, "geometry": {"coordinates": [151.1584650000001, -33.66188099999994, 0.0], "type": "Point", "geometries": null}}, {"type": "Feature", "properties": {"ModifiedDa": "2025-01-13", "SAPEquipID": 300269775, "AssetName": "PE - Spaghetti Swing", "d_SubtypeC": "Playground Equipment", "d_AssetTyp": "Not Applicable", "d_AssetMat": "Not Applicable", "d_Branch": "Greater Sydney", "d_LGA": "Hornsby", "Comments": null, "Easting": 329255.67, "Northing": 6273807.82, "Latitude": "33\u00c2\u00b0 39.715' S", "Longitude": "151\u00c2\u00b0 9.508' E", "VERDATE": "2025-12-05"}, "geometry": {"coordinates": [151.1584610000001, -33.66191600000002, 0.0], "type": "Point", "geometries": null}}, {"type": "Feature", "properties": {"ModifiedDa": "2025-01-13", "SAPEquipID": 300269776, "AssetName": "PE - Platypus Parkour", "d_SubtypeC": "Playground Equipment", "d_AssetTyp": "Not Applicable", "d_AssetMat": "Not Applicable", "d_Branch": "Greater Sydney", "d_LGA": "Hornsby", "Comments": null, "Easting": 329244.31, "Northing": 6273810.17, "Latitude": "33\u00c2\u00b0 39.714' S", "Longitude": "151\u00c2\u00b0 9.5' E", "VERDATE": "2025-12-05"}, "geometry": {"coordinates": [151.15833900000007, -33.661892999999964, 0.0], "type": "Point", "geometries": null}}, {"type": "Feature", "properties": {"ModifiedDa": "2025-01-13", "SAPEquipID": 300269777, "AssetName": "PE - Crab Parkour", "d_SubtypeC": "Playground Equipment", "d_AssetTyp": "Not Applicable", "d_AssetMat": "Not Applicable", "d_Branch": "Greater Sydney", "d_LGA": "Hornsby", "Comments": null, "Easting": 329246.83, "Northing": 6273825.08, "Latitude": "33\u00c2\u00b0 39.706' S", "Longitude": "151\u00c2\u00b0 9.502' E", "VERDATE": "2025-12-05"}, "geometry": {"coordinates": [151.1583690000001, -33.66175899999996, 0.0], "type": "Point", "geometries": null}}, {"type": "Feature", "properties": {"ModifiedDa": "2025-01-13", "SAPEquipID": 300269778, "AssetName": "PE - Platypus Egg Parkour", "d_SubtypeC": "Playground Equipment", "d_AssetTyp": "Not Applicable", "d_AssetMat": "Not Applicable", "d_Branch": "Greater Sydney", "d_LGA": "Hornsby", "Comments": null, "Easting": 329240.13, "Northing": 6273805.66, "Latitude": "33\u00c2\u00b0 39.716' S", "Longitude": "151\u00c2\u00b0 9.498' E", "VERDATE": "2025-12-05"}, "geometry": {"coordinates": [151.15829300000007, -33.661932999999976, 0.0], "type": "Point", "geometries": null}}, {"type": "Feature", "properties": {"ModifiedDa": "2025-01-13", "SAPEquipID": 300269780, "AssetName": "PE - Mangrove Parkour", "d_SubtypeC": "Playground Equipment", "d_AssetTyp": "Not Applicable", "d_AssetMat": "Not Applicable", "d_Branch": "Greater Sydney", "d_LGA": "Hornsby", "Comments": null, "Easting": 329245.4, "Northing": 6273816.95, "Latitude": "33\u00c2\u00b0 39.71' S", "Longitude": "151\u00c2\u00b0 9.501' E", "VERDATE": "2025-12-05"}, "geometry": {"coordinates": [151.15835200000015, -33.661832000000004, 0.0], "type": "Point", "geometries": null}}, {"type": "Feature", "properties": {"ModifiedDa": "2025-01-13", "SAPEquipID": 300269781, "AssetName": "PE - Tunnels", "d_SubtypeC": "Playground Equipment", "d_AssetTyp": "Not Applicable", "d_AssetMat": "Not Applicable", "d_Branch": "Greater Sydney", "d_LGA": "Hornsby", "Comments": null, "Easting": 329258.64, "Northing": 6273823.51, "Latitude": "33\u00c2\u00b0 39.706' S", "Longitude": "151\u00c2\u00b0 9.51' E", "VERDATE": "2025-12-05"}, "geometry": {"coordinates": [151.15849600000013, -33.66177499999998, 0.0], "type": "Point", "geometries": null}}, {"type": "Feature", "properties": {"ModifiedDa": "2025-01-13", "SAPEquipID": 300269782, "AssetName": "PE - Hexagon Shelter", "d_SubtypeC": "Playground Equipment", "d_AssetTyp": "Not Applicable", "d_AssetMat": "Not Applicable", "d_Branch": "Greater Sydney", "d_LGA": "Hornsby", "Comments": null, "Easting": 329252.17, "Northing": 6273837.93, "Latitude": "33\u00c2\u00b0 39.699' S", "Longitude": "151\u00c2\u00b0 9.506' E", "VERDATE": "2025-12-05"}, "geometry": {"coordinates": [151.15842900000007, -33.66164399999997, 0.0], "type": "Point", "geometries": null}}, {"type": "Feature", "properties": {"ModifiedDa": "2025-01-13", "SAPEquipID": 300269784, "AssetName": "PE - Fungi Poles", "d_SubtypeC": "Playground Equipment", "d_AssetTyp": "Not Applicable", "d_AssetMat": "Not Applicable", "d_Branch": "Greater Sydney", "d_LGA": "Hornsby", "Comments": null, "Easting": 329255.93, "Northing": 6273829.68, "Latitude": "33\u00c2\u00b0 39.703' S", "Longitude": "151\u00c2\u00b0 9.508' E", "VERDATE": "2025-12-05"}, "geometry": {"coordinates": [151.15846799999997, -33.66171899999995, 0.0], "type": "Point", "geometries": null}}, {"type": "Feature", "properties": {"ModifiedDa": "2025-01-13", "SAPEquipID": 300269785, "AssetName": "PE - Swings", "d_SubtypeC": "Playground Equipment", "d_AssetTyp": "Not Applicable", "d_AssetMat": "Not Applicable", "d_Branch": "Greater Sydney", "d_LGA": "Hornsby", "Comments": null, "Easting": 329262.94, "Northing": 6273832.02, "Latitude": "33\u00c2\u00b0 39.702' S", "Longitude": "151\u00c2\u00b0 9.513' E", "VERDATE": "2025-12-05"}, "geometry": {"coordinates": [151.158544, -33.661699, 0.0], "type": "Point", "geometries": null}}, {"type": "Feature", "properties": {"ModifiedDa": "2025-01-13", "SAPEquipID": 300269786, "AssetName": "PE - Mound slide with tunnel", "d_SubtypeC": "Playground Equipment", "d_AssetTyp": "Not Applicable", "d_AssetMat": "Not Applicable", "d_Branch": "Greater Sydney", "d_LGA": "Hornsby", "Comments": null, "Easting": 329262.84, "Northing": 6273847.99, "Latitude": "33\u00c2\u00b0 39.693' S", "Longitude": "151\u00c2\u00b0 9.513' E", "VERDATE": "2025-12-05"}, "geometry": {"coordinates": [151.158546, -33.661554999999964, 0.0], "type": "Point", "geometries": null}}, {"type": "Feature", "properties": {"ModifiedDa": "2025-01-13", "SAPEquipID": 300269787, "AssetName": "PE - Stepping logs", "d_SubtypeC": "Playground Equipment", "d_AssetTyp": "Not Applicable", "d_AssetMat": "Not Applicable", "d_Branch": "Greater Sydney", "d_LGA": "Hornsby", "Comments": null, "Easting": 329267.4, "Northing": 6273841.97, "Latitude": "33\u00c2\u00b0 39.697' S", "Longitude": "151\u00c2\u00b0 9.516' E", "VERDATE": "2025-12-05"}, "geometry": {"coordinates": [151.1585940000001, -33.661609999999996, 0.0], "type": "Point", "geometries": null}}, {"type": "Feature", "properties": {"ModifiedDa": "2025-01-13", "SAPEquipID": 300269788, "AssetName": "PE - Timber Balance Beams", "d_SubtypeC": "Playground Equipment", "d_AssetTyp": "Not Applicable", "d_AssetMat": "Not Applicable", "d_Branch": "Greater Sydney", "d_LGA": "Hornsby", "Comments": null, "Easting": 329256.29, "Northing": 6273846.1, "Latitude": "33\u00c2\u00b0 39.694' S", "Longitude": "151\u00c2\u00b0 9.508' E", "VERDATE": "2025-12-05"}, "geometry": {"coordinates": [151.15847499999995, -33.66157099999998, 0.0], "type": "Point", "geometries": null}}, {"type": "Feature", "properties": {"ModifiedDa": "2025-01-13", "SAPEquipID": 300269807, "AssetName": "PE - Ships wheel", "d_SubtypeC": "Playground Equipment", "d_AssetTyp": "Not Applicable", "d_AssetMat": "Not Applicable", "d_Branch": "Greater Sydney", "d_LGA": "Hornsby", "Comments": null, "Easting": 329264.18, "Northing": 6273819.84, "Latitude": "33\u00c2\u00b0 39.709' S", "Longitude": "151\u00c2\u00b0 9.513' E", "VERDATE": "2025-12-05"}, "geometry": {"coordinates": [151.15855499999998, -33.66180899999995, 0.0], "type": "Point", "geometries": null}}, {"type": "Feature", "properties": {"ModifiedDa": "2025-03-31", "SAPEquipID": 300315655, "AssetName": "BBQ - 1 Somersby Falls 02", "d_SubtypeC": "BBQ/Fireplace", "d_AssetTyp": "No Roof", "d_AssetMat": "Steel Stainless", "d_Branch": "Hunter Central Coast", "d_LGA": "Central Coast", "Comments": null, "Easting": 339154.03, "Northing": 6302883.04, "Latitude": "33\u00c2\u00b0 24.08' S", "Longitude": "151\u00c2\u00b0 16.224' E", "VERDATE": "2025-12-05"}, "geometry": {"coordinates": [151.27040321683216, -33.401333439558925, 0.0], "type": "Point", "geometries": null}}, {"type": "Feature", "properties": {"ModifiedDa": "2025-03-31", "SAPEquipID": 300315657, "AssetName": "BBQ - 1 Somersby Falls 01", "d_SubtypeC": "BBQ/Fireplace", "d_AssetTyp": "No Roof", "d_AssetMat": "Steel Stainless", "d_Branch": "Hunter Central Coast", "d_LGA": "Central Coast", "Comments": null, "Easting": 339153.24, "Northing": 6302884.23, "Latitude": "33\u00c2\u00b0 24.079' S", "Longitude": "151\u00c2\u00b0 16.224' E", "VERDATE": "2025-12-05"}, "geometry": {"coordinates": [151.2703949269951, -33.40132258050289, 0.0], "type": "Point", "geometries": null}}, {"type": "Feature", "properties": {"ModifiedDa": "2025-03-31", "SAPEquipID": 300315659, "AssetName": "BBQ - 2 Somersby Falls 01", "d_SubtypeC": "BBQ/Fireplace", "d_AssetTyp": "No Roof", "d_AssetMat": "Steel Stainless", "d_Branch": "Hunter Central Coast", "d_LGA": "Central Coast", "Comments": null, "Easting": 339148.92, "Northing": 6302874.45, "Latitude": "33\u00c2\u00b0 24.085' S", "Longitude": "151\u00c2\u00b0 16.221' E", "VERDATE": "2025-12-05"}, "geometry": {"coordinates": [151.27034676596918, -33.401410097795406, 0.0], "type": "Point", "geometries": null}}, {"type": "Feature", "properties": {"ModifiedDa": "2025-03-31", "SAPEquipID": 300315661, "AssetName": "BBQ - 2 Somersby Falls 02", "d_SubtypeC": "BBQ/Fireplace", "d_AssetTyp": "No Roof", "d_AssetMat": "Steel Stainless", "d_Branch": "Hunter Central Coast", "d_LGA": "Central Coast", "Comments": null, "Easting": 339149.91, "Northing": 6302872.5, "Latitude": "33\u00c2\u00b0 24.086' S", "Longitude": "151\u00c2\u00b0 16.221' E", "VERDATE": "2025-12-05"}, "geometry": {"coordinates": [151.2703569673131, -33.40142785536176, 0.0], "type": "Point", "geometries": null}}, {"type": "Feature", "properties": {"ModifiedDa": "2025-03-31", "SAPEquipID": 300315673, "AssetName": "Gas Enclosure - Somersby Amenity", "d_SubtypeC": "Gas Enclosure", "d_AssetTyp": "Not Applicable", "d_AssetMat": "Not Applicable", "d_Branch": "Hunter Central Coast", "d_LGA": "Central Coast", "Comments": null, "Easting": 339168.78, "Northing": 6302913.76, "Latitude": "33\u00c2\u00b0 24.064' S", "Longitude": "151\u00c2\u00b0 16.234' E", "VERDATE": "2025-12-05"}, "geometry": {"coordinates": [151.27056717267521, -33.40105872981047, 0.0], "type": "Point", "geometries": null}}, {"type": "Feature", "properties": {"ModifiedDa": "2025-03-31", "SAPEquipID": 300315675, "AssetName": "Picnic Table Seat - Top Falls PA 01", "d_SubtypeC": "Picnic Table", "d_AssetTyp": "No Roof", "d_AssetMat": "Timber", "d_Branch": "Hunter Central Coast", "d_LGA": "Central Coast", "Comments": null, "Easting": 339149.64, "Northing": 6302941.37, "Latitude": "33\u00c2\u00b0 24.048' S", "Longitude": "151\u00c2\u00b0 16.222' E", "VERDATE": "2025-12-05"}, "geometry": {"coordinates": [151.27036642478288, -33.4008068789617, 0.0], "type": "Point", "geometries": null}}, {"type": "Feature", "properties": {"ModifiedDa": "2025-03-31", "SAPEquipID": 300315677, "AssetName": "Picnic Table Seat - Top Falls PA 02", "d_SubtypeC": "Picnic Table", "d_AssetTyp": "No Roof", "d_AssetMat": "Timber", "d_Branch": "Hunter Central Coast", "d_LGA": "Central Coast", "Comments": null, "Easting": 339143.11, "Northing": 6302936.06, "Latitude": "33\u00c2\u00b0 24.051' S", "Longitude": "151\u00c2\u00b0 16.218' E", "VERDATE": "2025-12-05"}, "geometry": {"coordinates": [151.27029530928598, -33.40085379458054, 0.0], "type": "Point", "geometries": null}}, {"type": "Feature", "properties": {"ModifiedDa": "2025-03-31", "SAPEquipID": 300315679, "AssetName": "Picnic Table - Somersby Ampitheatre 01", "d_SubtypeC": "Picnic Table", "d_AssetTyp": "No Roof", "d_AssetMat": "Steel", "d_Branch": "Hunter Central Coast", "d_LGA": "Central Coast", "Comments": null, "Easting": 339113.82, "Northing": 6302868.83, "Latitude": "33\u00c2\u00b0 24.087' S", "Longitude": "151\u00c2\u00b0 16.198' E", "VERDATE": "2025-12-05"}, "geometry": {"coordinates": [151.26996844350083, -33.40145548230339, 0.0], "type": "Point", "geometries": null}}, {"type": "Feature", "properties": {"ModifiedDa": "2025-03-31", "SAPEquipID": 300315681, "AssetName": "Picnic Table - Somersby Ampitheatre 02", "d_SubtypeC": "Picnic Table", "d_AssetTyp": "No Roof", "d_AssetMat": "Steel", "d_Branch": "Hunter Central Coast", "d_LGA": "Central Coast", "Comments": null, "Easting": 339111.21, "Northing": 6302876.03, "Latitude": "33\u00c2\u00b0 24.083' S", "Longitude": "151\u00c2\u00b0 16.196' E", "VERDATE": "2025-12-05"}, "geometry": {"coordinates": [151.26994161681353, -33.40139024743041, 0.0], "type": "Point", "geometries": null}}, {"type": "Feature", "properties": {"ModifiedDa": "2025-03-31", "SAPEquipID": 300315683, "AssetName": "Picnic Table - BBQ1", "d_SubtypeC": "Picnic Table", "d_AssetTyp": "No Roof", "d_AssetMat": "Steel", "d_Branch": "Hunter Central Coast", "d_LGA": "Central Coast", "Comments": "timber top", "Easting": 339151.9, "Northing": 6302880.65, "Latitude": "33\u00c2\u00b0 24.081' S", "Longitude": "151\u00c2\u00b0 16.223' E", "VERDATE": "2025-12-05"}, "geometry": {"coordinates": [151.27037984234505, -33.40135468654472, 0.0], "type": "Point", "geometries": null}}, {"type": "Feature", "properties": {"ModifiedDa": "2025-03-31", "SAPEquipID": 300315685, "AssetName": "Picnic Table - BBQ2", "d_SubtypeC": "Picnic Table", "d_AssetTyp": "No Roof", "d_AssetMat": "Steel", "d_Branch": "Hunter Central Coast", "d_LGA": "Central Coast", "Comments": "timber tops", "Easting": 339148.51, "Northing": 6302869.88, "Latitude": "33\u00c2\u00b0 24.087' S", "Longitude": "151\u00c2\u00b0 16.22' E", "VERDATE": "2025-12-05"}, "geometry": {"coordinates": [151.27034151526846, -33.40145126481508, 0.0], "type": "Point", "geometries": null}}, {"type": "Feature", "properties": {"ModifiedDa": "2025-03-31", "SAPEquipID": 300315687, "AssetName": "Picnic Table - Crk Walk 01", "d_SubtypeC": "Picnic Table", "d_AssetTyp": "No Roof", "d_AssetMat": "Steel", "d_Branch": "Hunter Central Coast", "d_LGA": "Central Coast", "Comments": "timber tops", "Easting": 339144.37, "Northing": 6302855.79, "Latitude": "33\u00c2\u00b0 24.095' S", "Longitude": "151\u00c2\u00b0 16.218' E", "VERDATE": "2025-12-05"}, "geometry": {"coordinates": [151.27029451277463, -33.40157765635951, 0.0], "type": "Point", "geometries": null}}, {"type": "Feature", "properties": {"ModifiedDa": "2025-03-31", "SAPEquipID": 300315689, "AssetName": "Picnic Table - Crk Walk 02", "d_SubtypeC": "Picnic Table", "d_AssetTyp": "No Roof", "d_AssetMat": "Steel", "d_Branch": "Hunter Central Coast", "d_LGA": "Central Coast", "Comments": "timber tops", "Easting": 339142.8, "Northing": 6302845.68, "Latitude": "33\u00c2\u00b0 24.1' S", "Longitude": "151\u00c2\u00b0 16.217' E", "VERDATE": "2025-12-05"}, "geometry": {"coordinates": [151.27027581248876, -33.401668590841496, 0.0], "type": "Point", "geometries": null}}, {"type": "Feature", "properties": {"ModifiedDa": "2025-03-31", "SAPEquipID": 300315691, "AssetName": "Picnic Table - Crk Walk 03", "d_SubtypeC": "Picnic Table", "d_AssetTyp": "No Roof", "d_AssetMat": "Steel", "d_Branch": "Hunter Central Coast", "d_LGA": "Central Coast", "Comments": "timber tops", "Easting": 339138.37, "Northing": 6302836.17, "Latitude": "33\u00c2\u00b0 24.105' S", "Longitude": "151\u00c2\u00b0 16.214' E", "VERDATE": "2025-12-05"}, "geometry": {"coordinates": [151.27022650489073, -33.401753658307825, 0.0], "type": "Point", "geometries": null}}, {"type": "Feature", "properties": {"ModifiedDa": "2025-03-31", "SAPEquipID": 300315693, "AssetName": "Picnic Table - Crk Walk 04", "d_SubtypeC": "Picnic Table", "d_AssetTyp": "No Roof", "d_AssetMat": "Steel", "d_Branch": "Hunter Central Coast", "d_LGA": "Central Coast", "Comments": "timber tops", "Easting": 339131.74, "Northing": 6302826.09, "Latitude": "33\u00c2\u00b0 24.111' S", "Longitude": "151\u00c2\u00b0 16.209' E", "VERDATE": "2025-12-05"}, "geometry": {"coordinates": [151.27015337618047, -33.401843547461965, 0.0], "type": "Point", "geometries": null}}, {"type": "Feature", "properties": {"ModifiedDa": "2025-03-31", "SAPEquipID": 300315695, "AssetName": "Picnic Table - Crk Walk 06", "d_SubtypeC": "Picnic Table", "d_AssetTyp": "No Roof", "d_AssetMat": "Steel", "d_Branch": "Hunter Central Coast", "d_LGA": "Central Coast", "Comments": "timber tops", "Easting": 339128.46, "Northing": 6302845.68, "Latitude": "33\u00c2\u00b0 24.1' S", "Longitude": "151\u00c2\u00b0 16.207' E", "VERDATE": "2025-12-05"}, "geometry": {"coordinates": [151.27012164369353, -33.40166639869318, 0.0], "type": "Point", "geometries": null}}, {"type": "Feature", "properties": {"ModifiedDa": "2025-03-31", "SAPEquipID": 300315697, "AssetName": "Picnic Table - Crk Walk 05", "d_SubtypeC": "Picnic Table", "d_AssetTyp": "No Roof", "d_AssetMat": "Steel", "d_Branch": "Hunter Central Coast", "d_LGA": "Central Coast", "Comments": "timber tops", "Easting": 339122.63, "Northing": 6302832.73, "Latitude": "33\u00c2\u00b0 24.107' S", "Longitude": "151\u00c2\u00b0 16.203' E", "VERDATE": "2025-12-05"}, "geometry": {"coordinates": [151.2700567297877, -33.40178230958634, 0.0], "type": "Point", "geometries": null}}, {"type": "Feature", "properties": {"ModifiedDa": "2025-03-31", "SAPEquipID": 300315699, "AssetName": "Waste/Recycling Stn - Somersby Falls", "d_SubtypeC": "Waste/Recycling Stn", "d_AssetTyp": "Not Applicable", "d_AssetMat": "Not Applicable", "d_Branch": "Hunter Central Coast", "d_LGA": "Central Coast", "Comments": "3 waste, 3 recycling", "Easting": 339156.32, "Northing": 6302905.38, "Latitude": "33\u00c2\u00b0 24.068' S", "Longitude": "151\u00c2\u00b0 16.226' E", "VERDATE": "2025-12-05"}, "geometry": {"coordinates": [151.2704317476531, -33.40113238642613, 0.0], "type": "Point", "geometries": null}}, {"type": "Feature", "properties": {"ModifiedDa": "2025-06-05", "SAPEquipID": 300316465, "AssetName": "Seat - Architectural Feature", "d_SubtypeC": "Seat", "d_AssetTyp": "Without Pad", "d_AssetMat": "Stone", "d_Branch": "Greater Sydney", "d_LGA": "Northern Beaches", "Comments": null, "Easting": 342540.52, "Northing": 6256148.86, "Latitude": "33\u00c2\u00b0 49.39' S", "Longitude": "151\u00c2\u00b0 17.913' E", "VERDATE": "2025-12-05"}, "geometry": {"coordinates": [151.29854403967852, -33.823168460697445, 0.0], "type": "Point", "geometries": null}}, {"type": "Feature", "properties": {"ModifiedDa": "2025-06-05", "SAPEquipID": 300316466, "AssetName": "Seat - Architectural Feature", "d_SubtypeC": "Seat", "d_AssetTyp": "Without Pad", "d_AssetMat": "Stone", "d_Branch": "Greater Sydney", "d_LGA": "Northern Beaches", "Comments": null, "Easting": 342742.8, "Northing": 6256288.08, "Latitude": "33\u00c2\u00b0 49.317' S", "Longitude": "151\u00c2\u00b0 18.045' E", "VERDATE": "2025-12-05"}, "geometry": {"coordinates": [151.30075376140337, -33.82194347563916, 0.0], "type": "Point", "geometries": null}}, {"type": "Feature", "properties": {"ModifiedDa": "2025-06-05", "SAPEquipID": 300316467, "AssetName": "Seat - Carpark 01 01\r\n", "d_SubtypeC": "Seat", "d_AssetTyp": "Unknown", "d_AssetMat": "Stone", "d_Branch": "Greater Sydney", "d_LGA": "Northern Beaches", "Comments": null, "Easting": 342309.71, "Northing": 6256665.91, "Latitude": "33\u00c2\u00b0 49.108' S", "Longitude": "151\u00c2\u00b0 17.769' E", "VERDATE": "2025-12-05"}, "geometry": {"coordinates": [151.296143452372, -33.81847276049325, 0.0], "type": "Point", "geometries": null}}, {"type": "Feature", "properties": {"ModifiedDa": "2025-06-05", "SAPEquipID": 300316468, "AssetName": "Seat - Carpark 01 02", "d_SubtypeC": "Seat", "d_AssetTyp": "Unknown", "d_AssetMat": "Stone", "d_Branch": "Greater Sydney", "d_LGA": "Northern Beaches", "Comments": null, "Easting": 342315.06, "Northing": 6256658.26, "Latitude": "33\u00c2\u00b0 49.113' S", "Longitude": "151\u00c2\u00b0 17.772' E", "VERDATE": "2025-12-05"}, "geometry": {"coordinates": [151.29619982978227, -33.818542503237495, 0.0], "type": "Point", "geometries": null}}, {"type": "Feature", "properties": {"ModifiedDa": "2025-06-05", "SAPEquipID": 300316469, "AssetName": "Seat - Carpark 01 03", "d_SubtypeC": "Seat", "d_AssetTyp": "Unknown", "d_AssetMat": "Timber", "d_Branch": "Greater Sydney", "d_LGA": "Northern Beaches", "Comments": null, "Easting": 342324.32, "Northing": 6256642.53, "Latitude": "33\u00c2\u00b0 49.121' S", "Longitude": "151\u00c2\u00b0 17.778' E", "VERDATE": "2025-12-05"}, "geometry": {"coordinates": [151.2962970322135, -33.81868563381744, 0.0], "type": "Point", "geometries": null}}, {"type": "Feature", "properties": {"ModifiedDa": "2025-06-05", "SAPEquipID": 300316470, "AssetName": "Seat - Carpark 01 04", "d_SubtypeC": "Seat", "d_AssetTyp": "Unknown", "d_AssetMat": "Stone", "d_Branch": "Greater Sydney", "d_LGA": "Northern Beaches", "Comments": null, "Easting": 342333.87, "Northing": 6256633.05, "Latitude": "33\u00c2\u00b0 49.126' S", "Longitude": "151\u00c2\u00b0 17.784' E", "VERDATE": "2025-12-05"}, "geometry": {"coordinates": [151.29639850985484, -33.818772556842305, 0.0], "type": "Point", "geometries": null}}, {"type": "Feature", "properties": {"ModifiedDa": "2025-05-08", "SAPEquipID": 300316471, "AssetName": "Seat - Carpark 01 05", "d_SubtypeC": "Seat", "d_AssetTyp": "Unknown", "d_AssetMat": "Timber", "d_Branch": "Greater Sydney", "d_LGA": "Northern Beaches", "Comments": null, "Easting": 342343.45, "Northing": 6256622.54, "Latitude": "33\u00c2\u00b0 49.132' S", "Longitude": "151\u00c2\u00b0 17.79' E", "VERDATE": "2025-12-05"}, "geometry": {"coordinates": [151.2965000713856, -33.81886870472431, 0.0], "type": "Point", "geometries": null}}, {"type": "Feature", "properties": {"ModifiedDa": "2025-05-08", "SAPEquipID": 300316472, "AssetName": "Seat - Carpark 01 06", "d_SubtypeC": "Seat", "d_AssetTyp": "Unknown", "d_AssetMat": "Stone", "d_Branch": "Greater Sydney", "d_LGA": "Northern Beaches", "Comments": null, "Easting": 342351.89, "Northing": 6256613.87, "Latitude": "33\u00c2\u00b0 49.137' S", "Longitude": "151\u00c2\u00b0 17.795' E", "VERDATE": "2025-12-05"}, "geometry": {"coordinates": [151.29658965614567, -33.81894820378301, 0.0], "type": "Point", "geometries": null}}, {"type": "Feature", "properties": {"ModifiedDa": "2025-05-08", "SAPEquipID": 300316473, "AssetName": "Seat - Carpark 01 07", "d_SubtypeC": "Seat", "d_AssetTyp": "Unknown", "d_AssetMat": "Timber", "d_Branch": "Greater Sydney", "d_LGA": "Northern Beaches", "Comments": null, "Easting": 342370.47, "Northing": 6256602.79, "Latitude": "33\u00c2\u00b0 49.143' S", "Longitude": "151\u00c2\u00b0 17.807' E", "VERDATE": "2025-12-05"}, "geometry": {"coordinates": [151.29678840379245, -33.81905084062737, 0.0], "type": "Point", "geometries": null}}, {"type": "Feature", "properties": {"ModifiedDa": "2025-05-08", "SAPEquipID": 300316474, "AssetName": "Seat - Carpark 01 08", "d_SubtypeC": "Seat", "d_AssetTyp": "Unknown", "d_AssetMat": "Stone", "d_Branch": "Greater Sydney", "d_LGA": "Northern Beaches", "Comments": null, "Easting": 342379.87, "Northing": 6256592.55, "Latitude": "33\u00c2\u00b0 49.149' S", "Longitude": "151\u00c2\u00b0 17.813' E", "VERDATE": "2025-12-05"}, "geometry": {"coordinates": [151.29688807425396, -33.81914457832346, 0.0], "type": "Point", "geometries": null}}, {"type": "Feature", "properties": {"ModifiedDa": "2025-05-08", "SAPEquipID": 300316475, "AssetName": "Seat - Carpark 01 09", "d_SubtypeC": "Seat", "d_AssetTyp": "Unknown", "d_AssetMat": "Stone", "d_Branch": "Greater Sydney", "d_LGA": "Northern Beaches", "Comments": null, "Easting": 342400.41, "Northing": 6256569.72, "Latitude": "33\u00c2\u00b0 49.161' S", "Longitude": "151\u00c2\u00b0 17.826' E", "VERDATE": "2025-12-05"}, "geometry": {"coordinates": [151.29710580675044, -33.819353411671614, 0.0], "type": "Point", "geometries": null}}, {"type": "Feature", "properties": {"ModifiedDa": "2025-05-08", "SAPEquipID": 300316476, "AssetName": "Seat - Bus Stop North Fort", "d_SubtypeC": "Seat", "d_AssetTyp": "Unknown", "d_AssetMat": "Timber", "d_Branch": "Greater Sydney", "d_LGA": "Northern Beaches", "Comments": null, "Easting": 342203.25, "Northing": 6256677.76, "Latitude": "33\u00c2\u00b0 49.101' S", "Longitude": "151\u00c2\u00b0 17.7' E", "VERDATE": "2025-12-05"}, "geometry": {"coordinates": [151.29499561478735, -33.81834996026856, 0.0], "type": "Point", "geometries": null}}, {"type": "Feature", "properties": {"ModifiedDa": "2025-05-08", "SAPEquipID": 300316477, "AssetName": "Bin - Carpark 01", "d_SubtypeC": "Bin", "d_AssetTyp": "Other", "d_AssetMat": "Not Applicable", "d_Branch": "Greater Sydney", "d_LGA": "Northern Beaches", "Comments": null, "Easting": 342320.55, "Northing": 6256663.06, "Latitude": "33\u00c2\u00b0 49.11' S", "Longitude": "151\u00c2\u00b0 17.776' E", "VERDATE": "2025-12-05"}, "geometry": {"coordinates": [151.29626000000007, -33.81849999999997, 0.0], "type": "Point", "geometries": null}}, {"type": "Feature", "properties": {"ModifiedDa": "2025-05-08", "SAPEquipID": 300316478, "AssetName": "PUF Station - Carpark 01", "d_SubtypeC": "Fee Collection Station - Unmanned", "d_AssetTyp": "Ticket Machine", "d_AssetMat": "Not Applicable", "d_Branch": "Greater Sydney", "d_LGA": "Northern Beaches", "Comments": null, "Easting": 342320.18, "Northing": 6256651.97, "Latitude": "33\u00c2\u00b0 49.116' S", "Longitude": "151\u00c2\u00b0 17.775' E", "VERDATE": "2025-12-05"}, "geometry": {"coordinates": [151.2962540000001, -33.8186, 0.0], "type": "Point", "geometries": null}}, {"type": "Feature", "properties": {"ModifiedDa": "2025-05-08", "SAPEquipID": 300316479, "AssetName": "Cycle Rack - Carpark 01 West", "d_SubtypeC": "Cycle Rack", "d_AssetTyp": "Not Applicable", "d_AssetMat": "Not Applicable", "d_Branch": "Greater Sydney", "d_LGA": "Northern Beaches", "Comments": null, "Easting": 342318.74, "Northing": 6256658.5, "Latitude": "33\u00c2\u00b0 49.112' S", "Longitude": "151\u00c2\u00b0 17.774' E", "VERDATE": "2025-12-05"}, "geometry": {"coordinates": [151.29623957885906, -33.81854083670606, 0.0], "type": "Point", "geometries": null}}, {"type": "Feature", "properties": {"ModifiedDa": "2025-05-08", "SAPEquipID": 300316480, "AssetName": "Cycle Rack - Carpark 01 East", "d_SubtypeC": "Cycle Rack", "d_AssetTyp": "Not Applicable", "d_AssetMat": "Not Applicable", "d_Branch": "Greater Sydney", "d_LGA": "Northern Beaches", "Comments": null, "Easting": 342362.79, "Northing": 6256612.34, "Latitude": "33\u00c2\u00b0 49.138' S", "Longitude": "151\u00c2\u00b0 17.802' E", "VERDATE": "2025-12-05"}, "geometry": {"coordinates": [151.29670715583495, -33.81896356706187, 0.0], "type": "Point", "geometries": null}}, {"type": "Feature", "properties": {"ModifiedDa": "2025-05-13", "SAPEquipID": 300316605, "AssetName": "Seat - West Head Round Stone", "d_SubtypeC": "Seat", "d_AssetTyp": "Without Pad", "d_AssetMat": "Stone", "d_Branch": "Greater Sydney", "d_LGA": "Northern Beaches", "Comments": null, "Easting": 343063.08, "Northing": 6283242.83, "Latitude": "33\u00c2\u00b0 34.739' S", "Longitude": "151\u00c2\u00b0 18.539' E", "VERDATE": "2025-12-05"}, "geometry": {"coordinates": [151.30898240228146, -33.578983090130805, 0.0], "type": "Point", "geometries": null}}, {"type": "Feature", "properties": {"ModifiedDa": "2025-07-17", "SAPEquipID": 300316757, "AssetName": "BBQ - Bonnie Vale Campground 01", "d_SubtypeC": "BBQ/Fireplace", "d_AssetTyp": "With Roof", "d_AssetMat": "Unknown", "d_Branch": "Greater Sydney", "d_LGA": "Sutherland", "Comments": null, "Easting": 328208.24, "Northing": 6227038.29, "Latitude": "34\u00c2\u00b0 5.001' S", "Longitude": "151\u00c2\u00b0 8.282' E", "VERDATE": "2025-12-05"}, "geometry": {"coordinates": [151.13803386665165, -34.08334422586984, 0.0], "type": "Point", "geometries": null}}, {"type": "Feature", "properties": {"ModifiedDa": "2025-07-17", "SAPEquipID": 300316758, "AssetName": "BBQ - Bonnie Vale Campground 02", "d_SubtypeC": "BBQ/Fireplace", "d_AssetTyp": "With Roof", "d_AssetMat": "Unknown", "d_Branch": "Greater Sydney", "d_LGA": "Sutherland", "Comments": null, "Easting": 328148.91, "Northing": 6227041.68, "Latitude": "34\u00c2\u00b0 4.998' S", "Longitude": "151\u00c2\u00b0 8.244' E", "VERDATE": "2025-12-05"}, "geometry": {"coordinates": [151.13739174609998, -34.083303967528025, 0.0], "type": "Point", "geometries": null}}, {"type": "Feature", "properties": {"ModifiedDa": "2025-07-17", "SAPEquipID": 300316759, "AssetName": "BBQ - Bonnie Vale Campground 03", "d_SubtypeC": "BBQ/Fireplace", "d_AssetTyp": "With Roof", "d_AssetMat": "Unknown", "d_Branch": "Greater Sydney", "d_LGA": "Sutherland", "Comments": null, "Easting": 328024.69, "Northing": 6227016.41, "Latitude": "34\u00c2\u00b0 5.011' S", "Longitude": "151\u00c2\u00b0 8.162' E", "VERDATE": "2025-12-05"}, "geometry": {"coordinates": [151.13604107873243, -34.08351129798831, 0.0], "type": "Point", "geometries": null}}, {"type": "Feature", "properties": {"ModifiedDa": "2025-07-17", "SAPEquipID": 300316760, "AssetName": "Picnic Table - Campground East", "d_SubtypeC": "Picnic Table", "d_AssetTyp": "No Roof", "d_AssetMat": "Timber Treated", "d_Branch": "Greater Sydney", "d_LGA": "Sutherland", "Comments": null, "Easting": 328236.75, "Northing": 6227062.87, "Latitude": "34\u00c2\u00b0 4.988' S", "Longitude": "151\u00c2\u00b0 8.301' E", "VERDATE": "2025-12-05"}, "geometry": {"coordinates": [151.13834754971094, -34.08312738632611, 0.0], "type": "Point", "geometries": null}}, {"type": "Feature", "properties": {"ModifiedDa": "2025-07-17", "SAPEquipID": 300316761, "AssetName": "Picnic Table - Campground North", "d_SubtypeC": "Picnic Table", "d_AssetTyp": "No Roof", "d_AssetMat": "Timber Treated", "d_Branch": "Greater Sydney", "d_LGA": "Sutherland", "Comments": null, "Easting": 328004.54, "Northing": 6227070.59, "Latitude": "34\u00c2\u00b0 4.981' S", "Longitude": "151\u00c2\u00b0 8.15' E", "VERDATE": "2025-12-05"}, "geometry": {"coordinates": [151.13583346515975, -34.08301961686669, 0.0], "type": "Point", "geometries": null}}, {"type": "Feature", "properties": {"ModifiedDa": "2025-07-17", "SAPEquipID": 300316762, "AssetName": "Picnic Table - Campground South", "d_SubtypeC": "Picnic Table", "d_AssetTyp": "No Roof", "d_AssetMat": "Timber Treated", "d_Branch": "Greater Sydney", "d_LGA": "Sutherland", "Comments": null, "Easting": 328021.06, "Northing": 6227032.27, "Latitude": "34\u00c2\u00b0 5.002' S", "Longitude": "151\u00c2\u00b0 8.16' E", "VERDATE": "2025-12-05"}, "geometry": {"coordinates": [151.13600483139544, -34.0833677881933, 0.0], "type": "Point", "geometries": null}}, {"type": "Feature", "properties": {"ModifiedDa": "2025-10-02", "SAPEquipID": 300322735, "AssetName": "Fee Station - Burragorang Lookout CP -01", "d_SubtypeC": "Fee Collection Station - Unmanned", "d_AssetTyp": "Ticket Machine", "d_AssetMat": "Not Applicable", "d_Branch": "Blue Mountains", "d_LGA": "Wollondilly", "Comments": null, "Easting": 263319.76, "Northing": 6227223.49, "Latitude": "34\u00c2\u00b0 4.141' S", "Longitude": "150\u00c2\u00b0 26.119' E", "VERDATE": "2025-12-05"}, "geometry": {"coordinates": [150.4353238736985, -34.069011777843684, 0.0], "type": "Point", "geometries": null}}]}